culture,name,weight,lo,hi
anglo,Abbate,1.05754e-05,0,103
anglo,Abbey,2.02316e-05,103,299
anglo,Abbott,0.000207184,299,2298
anglo,Abdallah,1.61892e-05,2298,2455
anglo,Abdo,8.90191e-06,2455,2542
anglo,Abel,7.25353e-05,2542,3242
anglo,Abell,2.8831e-05,3242,3521
anglo,Abercrombie,2.52954e-05,3521,3766
anglo,Aberhart,0.000281162,3766,6478
anglo,Abernathy,6.46233e-05,6478,7102
anglo,Abernethy,1.02651e-05,7102,7202
anglo,Able,9.49511e-06,7202,7295
anglo,Ables,1.96816e-05,7295,7486
anglo,Abner,2.19091e-05,7486,7698
anglo,Abrahamson,1.94381e-05,7698,7886
anglo,Abramowitz,8.94513e-06,7886,7973
anglo,Abrams,0.00010031,7973,8941
anglo,Abramson,1.91513e-05,8941,9127
anglo,Absher,1.33843e-05,9127,9257
anglo,Abshire,1.87702e-05,9257,9439
anglo,Achison,2.46754e-05,9439,9678
anglo,Acker,4.13236e-05,9678,10077
anglo,Ackerman,9.97871e-05,10077,11040
anglo,Ackerson,1.28225e-05,11040,11165
anglo,Ackley,2.79e-05,11165,11435
anglo,Acord,1.36593e-05,11435,11568
anglo,Acree,1.77528e-05,11568,11740
anglo,Acton,1.92181e-05,11740,11926
anglo,Acuff,9.65618e-06,11926,12020
anglo,Adair,7.34938e-05,12020,12730
anglo,Adamo,1.43271e-05,12730,12869
anglo,Adams,0.00329944,12869,44685
anglo,Adamson,6.48787e-05,44685,45312
anglo,Adcock,4.94948e-05,45312,45790
anglo,Addington,1.95166e-05,45790,45979
anglo,Addis,1.40404e-05,45979,46115
anglo,Addy,1.03397e-05,46115,46216
anglo,Adelman,1.62285e-05,46216,46373
anglo,Adkins,0.000289131,46373,49162
anglo,Adkinson,8.92156e-06,49162,49249
anglo,Adkison,1.25554e-05,49249,49371
anglo,Agan,9.45583e-06,49371,49463
anglo,Agnew,5.33382e-05,49463,49978
anglo,Ahearn,3.00308e-05,49978,50269
anglo,Ahearne,2.29358e-05,50269,50491
anglo,Ahern,4.35437e-05,50491,50912
anglo,Aherne,1.43176e-05,50912,51051
anglo,Ahlers,1.11608e-05,51051,51160
anglo,Aho,1.5211e-05,51160,51308
anglo,Ahrens,3.99997e-05,51308,51695
anglo,Aiello,3.50695e-05,51695,52034
anglo,Ainsboro,1.64854e-05,52034,52194
anglo,Ainsworth,3.59416e-05,52194,52542
anglo,Aitken,0.000356815,52542,55984
anglo,Aker,1.33882e-05,55984,56114
anglo,Akers,9.9351e-05,56114,57073
anglo,Akin,3.3887e-05,57073,57401
anglo,Albanese,2.51697e-05,57401,57645
anglo,Albaugh,1.21547e-05,57645,57763
anglo,Albee,9.66011e-06,57763,57857
anglo,Alberts,2.44704e-05,57857,58094
anglo,Albertson,3.90608e-05,58094,58472
anglo,Albin,1.67864e-05,58472,58635
anglo,Albrecht,6.90664e-05,58635,59302
anglo,Albright,9.89542e-05,59302,60257
anglo,Albritton,2.64661e-05,60257,60513
anglo,Alcorn,3.09721e-05,60513,60813
anglo,Alden,2.25808e-05,60813,61032
anglo,Alder,1.52621e-05,61032,61180
anglo,Alderman,3.97522e-05,61180,61564
anglo,Alderson,2.40815e-05,61564,61797
anglo,Aldrich,6.87836e-05,61797,62461
anglo,Aldridge,0.000406796,62461,66385
anglo,Alessi,1.32468e-05,66385,66514
anglo,Alexander,0.00134274,66514,79462
anglo,Alfano,1.85581e-05,79462,79642
anglo,Alger,2.47729e-05,79642,79882
anglo,Alkire,1.04026e-05,79882,79983
anglo,Allan,0.00078467,79983,87550
anglo,Alldredge,1.00412e-05,87550,87648
anglo,Allee,1.04851e-05,87648,87750
anglo,Alleman,1.69631e-05,87750,87915
anglo,Allen,0.00339927,87915,120693
anglo,Allender,9.23583e-06,120693,120783
anglo,Allerby,0.000316307,120783,123834
anglo,Alley,5.62675e-05,123834,124378
anglo,Allgood,2.04673e-05,124378,124576
anglo,Allis,2.11458e-05,124576,124781
anglo,Allison,0.000207034,124781,126778
anglo,Allman,3.13374e-05,126778,127081
anglo,Allmon,1.13926e-05,127081,127192
anglo,Allred,7.27788e-05,127192,127895
anglo,Almond,2.82378e-05,127895,128168
anglo,Alpert,1.274e-05,128168,128292
anglo,Alsup,1.34197e-05,128292,128422
anglo,Alt,2.32015e-05,128422,128647
anglo,Alter,1.5046e-05,128647,128793
anglo,Althoff,1.00097e-05,128793,128891
anglo,Altieri,1.36789e-05,128891,129024
anglo,Altizer,9.95081e-06,129024,129121
anglo,Altman,6.46155e-05,129121,129745
anglo,Alton,1.79335e-05,129745,129919
anglo,Alve,0.000328022,129919,133083
anglo,Alverson,1.35768e-05,133083,133215
anglo,Alvey,2.05066e-05,133215,133414
anglo,Alvis,1.54625e-05,133414,133564
anglo,Ambrose,6.74833e-05,133564,134216
anglo,Amburgey,1.19858e-05,134216,134333
anglo,Ament,9.15334e-06,134333,134422
anglo,Ames,8.79388e-05,134422,135271
anglo,Amick,1.97445e-05,135271,135462
anglo,Amico,8.81549e-06,135462,135548
anglo,Ammerman,1.21036e-05,135548,135666
anglo,Ammon,1.06108e-05,135666,135769
anglo,Ammons,3.49791e-05,135769,136107
anglo,Amoroso,1.37418e-05,136107,136240
anglo,Amstutz,9.47547e-06,136240,136332
anglo,Amundson,2.59043e-05,136332,136583
anglo,Andersen,0.000142014,136583,137953
anglo,Anderson,0.00770855,137953,212284
anglo,Anderton,1.32075e-05,212284,212412
anglo,Andes,9.52654e-06,212412,212505
anglo,Andreas,1.09761e-05,212505,212612
anglo,Andreasen,1.16401e-05,212612,212725
anglo,Andresen,1.43861e-05,212725,212865
anglo,Andress,1.23e-05,212865,212985
anglo,Andrew,0.000639826,212985,219156
anglo,Andrews,0.000537136,219156,224336
anglo,Andrus,4.00586e-05,224336,224723
anglo,Angell,3.03474e-05,224723,225017
anglo,Angelo,3.03592e-05,225017,225311
anglo,Angle,2.23648e-05,225311,225528
anglo,Anglin,4.08404e-05,225528,225923
anglo,Angus,2.88466e-05,225923,226202
anglo,Annis,1.74503e-05,226202,226371
anglo,Annsboro,1.3896e-05,226371,226506
anglo,Ansboro,1.25188e-05,226506,226628
anglo,Ansley,1.42014e-05,226628,226766
anglo,Anson,1.60242e-05,226766,226922
anglo,Anzalone,1.41071e-05,226922,227059
anglo,Apgar,8.92548e-06,227059,227146
anglo,Appel,3.11842e-05,227146,227448
anglo,Apple,2.7295e-05,227448,227712
anglo,Appleby,2.18266e-05,227712,227923
anglo,Applegate,4.62067e-05,227923,228370
anglo,Appleton,2.19523e-05,228370,228583
anglo,Arbogast,2.20976e-05,228583,228797
anglo,Arbuckle,1.72578e-05,228797,228964
anglo,Archambault,1.72499e-05,228964,229131
anglo,Archer,0.000137296,229131,230456
anglo,Archibald,3.28381e-05,230456,230774
anglo,Arcuri,9.22798e-06,230774,230864
anglo,Ard,2.67411e-05,230864,231123
anglo,Ardoin,1.55371e-05,231123,231274
anglo,Arends,1.16754e-05,231274,231388
anglo,Arendt,1.03947e-05,231388,231489
anglo,Argo,1.49596e-05,231489,231634
anglo,Arledge,9.94689e-06,231634,231731
anglo,Armbruster,2.09977e-05,231731,231934
anglo,Armentrout,1.60164e-05,231934,232089
anglo,Armes,1.16479e-05,232089,232202
anglo,Armistead,9.93117e-06,232202,232299
anglo,Armitage,1.59614e-05,232299,232454
anglo,Arms,1.51403e-05,232454,232601
anglo,Armstrong,0.00109284,232601,243140
anglo,Arndt,5.51204e-05,243140,243672
anglo,Arneson,1.83263e-05,243672,243850
anglo,Arnett,6.48158e-05,243850,244476
anglo,Arnette,9.99403e-06,244476,244573
anglo,Arney,1.33764e-05,244573,244703
anglo,Arnold,0.000861944,244703,253015
anglo,Arnone,1.11883e-05,253015,253124
anglo,Arnott,0.000313997,253124,256153
anglo,Aron,9.64439e-06,256153,256247
anglo,Aronson,2.06127e-05,256247,256447
anglo,Arp,1.33607e-05,256447,256577
anglo,Arrowood,1.83892e-05,256577,256755
anglo,Arruda,1.78038e-05,256755,256928
anglo,Arsenault,3.44134e-05,256928,257261
anglo,Arthur,0.000110398,257261,258327
anglo,Arthurs,3.7101e-05,258327,258686
anglo,Artz,1.10547e-05,258686,258794
anglo,Arvin,9.2594e-06,258794,258884
anglo,Asay,8.7487e-06,258884,258969
anglo,Asbury,3.34784e-05,258969,259293
anglo,Ash,8.26157e-05,259293,260091
anglo,Ashbaugh,1.21233e-05,260091,260209
anglo,Ashburn,1.61539e-05,260209,260366
anglo,Ashby,6.86775e-05,260366,261029
anglo,Ashcraft,3.91158e-05,261029,261407
anglo,Ashe,4.73269e-05,261407,261864
anglo,Asher,5.25276e-05,261864,262371
anglo,Ashley,0.000151242,262371,263830
anglo,Ashlock,1.12472e-05,263830,263939
anglo,Ashman,2.88836e-05,263939,264219
anglo,Ashmore,2.41797e-05,264219,264453
anglo,Ashton,4.81748e-05,264453,264919
anglo,Ashworth,3.97404e-05,264919,265303
anglo,Askins,1.40207e-05,265303,265439
anglo,Aston,1.54664e-05,265439,265589
anglo,Atchison,4.36622e-05,265589,266011
anglo,Atchley,2.43054e-05,266011,266246
anglo,Atherton,2.54015e-05,266246,266492
anglo,Athey,1.30779e-05,266492,266619
anglo,Atkin,9.24369e-06,266619,266709
anglo,Atkins,0.000219624,266709,268828
anglo,Atkinson,0.000912421,268828,277627
anglo,Attaway,1.38832e-05,277627,277762
anglo,Atwell,3.38713e-05,277762,278090
anglo,Atwood,6.7224e-05,278090,278739
anglo,Aubin,1.34864e-05,278739,278870
anglo,Aubrey,1.8672e-05,278870,279051
anglo,Aubuchon,1.09211e-05,279051,279157
anglo,Aucoin,1.95991e-05,279157,279347
anglo,Audette,1.04262e-05,279347,279449
anglo,Auer,1.40561e-05,279449,279586
anglo,Auerbach,1.16597e-05,279586,279699
anglo,Auld,1.09919e-05,279699,279806
anglo,Ault,2.94989e-05,279806,280091
anglo,Aultman,1.05872e-05,280091,280194
anglo,Auman,1.13965e-05,280194,280305
anglo,Austin,0.000470261,280305,284840
anglo,Auten,1.06344e-05,284840,284944
anglo,Autrey,1.64092e-05,284944,285103
anglo,Autry,3.41934e-05,285103,285434
anglo,Averett,1.36082e-05,285434,285566
anglo,Averill,1.38636e-05,285566,285701
anglo,Avery,0.000588884,285701,291380
anglo,Awad,2.13944e-05,291380,291587
anglo,Axtell,1.12394e-05,291587,291696
anglo,Aycock,2.13002e-05,291696,291902
anglo,Ayer,1.34157e-05,291902,292032
anglo,Ayers,0.000155658,292032,293534
anglo,Aylward,1.62931e-05,293534,293692
anglo,Ayotte,1.2854e-05,293692,293817
anglo,Ayoub,1.19465e-05,293817,293933
anglo,Ayres,4.37592e-05,293933,294356
anglo,Azar,1.32193e-05,294356,294484
anglo,Babb,5.02608e-05,294484,294970
anglo,Babbitt,2.08995e-05,294970,295173
anglo,Babcock,8.64892e-05,295173,296008
anglo,Baber,2.15044e-05,296008,296216
anglo,Babich,9.23583e-06,296216,296306
anglo,Babin,2.52443e-05,296306,296550
anglo,Bachman,5.1294e-05,296550,297046
anglo,Back,3.44213e-05,297046,297379
anglo,Backes,9.51083e-06,297379,297472
anglo,Backman,1.26104e-05,297472,297595
anglo,Backstrom,9.56582e-06,297595,297688
anglo,Backus,2.77507e-05,297688,297957
anglo,Bacon,0.000117304,297957,299089
anglo,Bade,9.77011e-06,299089,299184
anglo,Bader,3.61301e-05,299184,299533
anglo,Badger,3.13767e-05,299533,299837
anglo,Badgett,1.15183e-05,299837,299949
anglo,Baer,6.51615e-05,299949,300578
anglo,Baggett,4.99584e-05,300578,301061
anglo,Bagley,6.80568e-05,301061,301718
anglo,Bagwell,4.05575e-05,301718,302110
anglo,Baier,2.05773e-05,302110,302309
anglo,Bail,5.87581e-05,302309,302877
anglo,Bailes,1.24847e-05,302877,302998
anglo,Bailey,0.00269647,302998,329000
anglo,Baily,1.02729e-05,329000,329100
anglo,Bain,6.82415e-05,329100,329759
anglo,Bainbridge,1.30582e-05,329759,329886
anglo,Bair,4.61202e-05,329886,330332
anglo,Baird,0.000440993,330332,334585
anglo,Baisden,1.22175e-05,334585,334704
anglo,Baker,0.00324305,334704,365976
anglo,Bakke,1.38164e-05,365976,366110
anglo,Bakken,1.65192e-05,366110,366270
anglo,Balch,1.75681e-05,366270,366440
anglo,Balcom,1.04183e-05,366440,366541
anglo,Baldick,0.000328022,366541,369705
anglo,Baldridge,2.35551e-05,369705,369933
anglo,Baldwin,0.000734141,369933,377013
anglo,Bale,4.40925e-05,377013,377439
anglo,Balentine,1.19111e-05,377439,377555
anglo,Bales,5.23508e-05,377555,378061
anglo,Ball,0.000868695,378061,386438
anglo,Ballance,1.03004e-05,386438,386538
anglo,Ballantyne,9.46761e-06,386538,386630
anglo,Ballard,0.000242092,386630,388965
anglo,Ballenger,1.94695e-05,388965,389154
anglo,Ballentine,1.68492e-05,389154,389317
anglo,Ballew,3.0866e-05,389317,389616
anglo,Ballinger,3.26299e-05,389616,389932
anglo,Ballou,2.27851e-05,389932,390153
anglo,Balmer,1.25868e-05,390153,390275
anglo,Balog,1.04694e-05,390275,390377
anglo,Balogh,1.35454e-05,390377,390509
anglo,Balser,9.0237e-06,390509,390597
anglo,Balzer,1.12708e-05,390597,390707
anglo,Banas,1.17579e-05,390707,390821
anglo,Bancroft,2.12295e-05,390821,391027
anglo,Bandeville,4.62126e-05,391027,391474
anglo,Bandy,3.37141e-05,391474,391800
anglo,Bane,2.19641e-05,391800,392013
anglo,Baney,1.00294e-05,392013,392111
anglo,Banfield,9.8526e-06,392111,392207
anglo,Bangert,9.54618e-06,392207,392300
anglo,Bangs,9.78189e-06,392300,392395
anglo,Banister,1.23393e-05,392395,392515
anglo,Bank,9.3144e-06,392515,392606
anglo,Banker,1.65035e-05,392606,392766
anglo,Banks,0.000756411,392766,400061
anglo,Bann,1.30826e-05,400061,400188
anglo,Banning,1.35139e-05,400188,400319
anglo,Bannon,3.87623e-05,400319,400694
anglo,Banta,2.32998e-05,400694,400920
anglo,Banville,2.07445e-05,400920,401121
anglo,Barakat,8.96084e-06,401121,401208
anglo,Baran,2.6085e-05,401208,401461
anglo,Barbato,9.57368e-06,401461,401554
anglo,Barbee,4.50596e-05,401554,401989
anglo,Barber,0.000309752,401989,404977
anglo,Barbour,5.67703e-05,404977,405525
anglo,Barclay,4.54445e-05,405525,405964
anglo,Barcus,9.53047e-06,405964,406057
anglo,Bard,2.33862e-05,406057,406283
anglo,Barden,2.26083e-05,406283,406502
anglo,Bardwell,1.15733e-05,406502,406615
anglo,Bare,2.86425e-05,406615,406892
anglo,Barefoot,1.64603e-05,406892,407052
anglo,Barger,5.62714e-05,407052,407596
anglo,Barham,2.46158e-05,407596,407834
anglo,Barker,0.000775872,407834,415316
anglo,Barkley,5.12705e-05,415316,415811
anglo,Barley,1.86367e-05,415811,415992
anglo,Barlow,0.000130956,415992,417256
anglo,Barna,1.38125e-05,417256,417390
anglo,Barnard,8.00072e-05,417390,418162
anglo,Barnes,0.00197334,418162,437191
anglo,Barnett,0.00111267,437191,447921
anglo,Barnette,3.33134e-05,447921,448243
anglo,Barneville,1.75229e-05,448243,448413
anglo,Barney,6.44426e-05,448413,449035
anglo,Barnhardt,1.00137e-05,449035,449133
anglo,Barnhart,7.91862e-05,449133,449898
anglo,Barnhill,3.55134e-05,449898,450241
anglo,Barnum,2.39244e-05,450241,450473
anglo,Barone,5.01194e-05,450473,450957
anglo,Barr,0.000630252,450957,457035
anglo,Barrett,0.00108105,457035,467460
anglo,Barrette,1.16636e-05,467460,467573
anglo,Barrick,2.00784e-05,467573,467768
anglo,Barrier,1.17933e-05,467768,467883
anglo,Barringer,2.73579e-05,467883,468148
anglo,Barrington,1.90256e-05,468148,468332
anglo,Barrnette,1.14156e-05,468332,468443
anglo,Barron,1.53407e-05,468443,468592
anglo,Barrows,3.0536e-05,468592,468887
anglo,Barry,0.000198444,468887,470801
anglo,Bart,9.8801e-06,470801,470897
anglo,Barta,1.83774e-05,470897,471075
anglo,Bartel,2.18737e-05,471075,471287
anglo,Bartell,1.8566e-05,471287,471467
anglo,Bartelt,8.85477e-06,471467,471553
anglo,Barter,9.09441e-06,471553,471642
anglo,Barthel,1.42211e-05,471642,471780
anglo,Bartholomew,6.02588e-05,471780,472362
anglo,Bartlett,0.000874375,472362,480794
anglo,Bartley,7.87478e-05,480794,481554
anglo,Barto,1.63974e-05,481554,481713
anglo,Barton,0.000268051,481713,484299
anglo,Bartos,1.08072e-05,484299,484404
anglo,Bartram,1.07247e-05,484404,484508
anglo,Bartsch,9.35369e-06,484508,484599
anglo,Bartz,2.27105e-05,484599,484819
anglo,Barwick,1.51168e-05,484819,484966
anglo,Bary,0.000304592,484966,487904
anglo,Bascom,9.22798e-06,487904,487994
anglo,Bash,1.32154e-05,487994,488122
anglo,Basham,3.45941e-05,488122,488457
anglo,Bashaw,1.14083e-05,488457,488568
anglo,Basil,9.20833e-06,488568,488658
anglo,Basile,3.05753e-05,488658,488954
anglo,Basinger,1.63856e-05,488954,489113
anglo,Basler,1.19347e-05,489113,489229
anglo,Bassett,0.000385055,489229,492943
anglo,Bast,1.00372e-05,492943,493041
anglo,Bastian,2.73697e-05,493041,493306
anglo,Batchelar,0.000292877,493306,496131
anglo,Batchelder,1.77449e-05,496131,496303
anglo,Batchelor,3.69944e-05,496303,496661
anglo,Bateman,7.46449e-05,496661,497382
anglo,Bates,0.000390149,497382,501145
anglo,Batey,1.29561e-05,501145,501271
anglo,Batson,3.51637e-05,501271,501611
anglo,Batt,1.42289e-05,501611,501749
anglo,Batten,3.03121e-05,501749,502042
anglo,Battista,1.62482e-05,502042,502200
anglo,Batton,1.14436e-05,502200,502311
anglo,Baty,1.33214e-05,502311,502440
anglo,Baucom,1.84481e-05,502440,502619
anglo,Bauder,9.16905e-06,502619,502708
anglo,Baugh,4.92748e-05,502708,503184
anglo,Baugher,1.38636e-05,503184,503319
anglo,Baughman,5.59021e-05,503319,503859
anglo,Baughn,9.03155e-06,503859,503947
anglo,Bauman,6.93021e-05,503947,504616
anglo,Baumgardner,2.30876e-05,504616,504840
anglo,Baumgart,9.69939e-06,504840,504935
anglo,Baumgarten,9.60511e-06,504935,505029
anglo,Baumgartner,4.49731e-05,505029,505464
anglo,Baur,1.22843e-05,505464,505583
anglo,Baxley,2.69179e-05,505583,505844
anglo,Baxter,0.000661505,505844,512224
anglo,Bay,2.49458e-05,512224,512466
anglo,Bayer,4.14218e-05,512466,512866
anglo,Bayles,1.16361e-05,512866,512979
anglo,Bayless,2.42426e-05,512979,513214
anglo,Bayne,2.24551e-05,513214,513432
anglo,Bays,2.58808e-05,513432,513683
anglo,Baysinger,8.74477e-06,513683,513768
anglo,Beach,0.00012126,513768,514938
anglo,Beachy,2.00431e-05,514938,515132
anglo,Beadle,1.57335e-05,515132,515285
anglo,Beagle,1.19936e-05,515285,515402
anglo,Beakey,2.73347e-05,515402,515667
anglo,Beal,0.000132299,515667,516944
anglo,Beale,0.000114853,516944,518052
anglo,Beall,3.61498e-05,518052,518402
anglo,Beals,2.75779e-05,518402,518669
anglo,Beam,5.48886e-05,518669,519199
anglo,Beaman,2.34923e-05,519199,519427
anglo,Beamer,1.56392e-05,519427,519579
anglo,Bean,0.000147597,519579,521003
anglo,Beane,2.02002e-05,521003,521199
anglo,Bear,3.24177e-05,521199,521513
anglo,Beard,0.000517402,521513,526503
anglo,Bearden,5.30304e-05,526503,527015
anglo,Beardsley,2.73029e-05,527015,527279
anglo,Beason,2.12687e-05,527279,527485
anglo,Beasty,2.35956e-05,527485,527714
anglo,Beaton,1.75288e-05,527714,527884
anglo,Beattie,0.000574621,527884,533426
anglo,Beatty,0.000113918,533426,534525
anglo,Beaty,5.05555e-05,534525,535013
anglo,Beaudoin,2.57786e-05,535013,535263
anglo,Beaudry,1.68649e-05,535263,535427
anglo,Beaulieu,4.2015e-05,535427,535833
anglo,Beaumont,1.91631e-05,535833,536019
anglo,Beaupre,9.77403e-06,536019,536114
anglo,Beauregard,1.99488e-05,536114,536307
anglo,Beauvais,1.03279e-05,536307,536408
anglo,Beaver,8.50121e-05,536408,537229
anglo,Beavers,6.10131e-05,537229,537818
anglo,Becher,9.80546e-06,537818,537914
anglo,Bechtel,2.67647e-05,537914,538173
anglo,Bechtold,1.45353e-05,538173,538314
anglo,Beck,0.000368436,538314,541868
anglo,Beckett,4.62106e-05,541868,542315
anglo,Beckham,3.91276e-05,542315,542693
anglo,Beckley,2.13277e-05,542693,542900
anglo,Beckman,5.91038e-05,542900,543471
anglo,Beckner,2.16694e-05,543471,543681
anglo,Beckwith,4.66545e-05,543681,544132
anglo,Bedard,2.37515e-05,544132,544362
anglo,Bedell,2.35276e-05,544362,544590
anglo,Bednar,1.63071e-05,544590,544748
anglo,Bednarz,9.67189e-06,544748,544842
anglo,Bedwell,1.67981e-05,544842,545005
anglo,Beebe,5.8326e-05,545005,545568
anglo,Beech,1.63424e-05,545568,545727
anglo,Beecher,2.26083e-05,545727,545946
anglo,Beeler,3.10428e-05,545946,546246
anglo,Beeman,2.58415e-05,546246,546496
anglo,Beene,1.40679e-05,546496,546633
anglo,Beers,4.33821e-05,546633,547052
anglo,Beery,1.34393e-05,547052,547183
anglo,Beesley,1.16126e-05,547183,547296
anglo,Beeson,2.73107e-05,547296,547560
anglo,Beggan,1.32217e-05,547560,547688
anglo,Beggs,2.93905e-05,547688,547972
anglo,Begin,1.03869e-05,547972,548073
anglo,Begley,4.47468e-05,548073,548505
anglo,Behan,2.31991e-05,548505,548730
anglo,Behling,1.08622e-05,548730,548836
anglo,Behm,1.75838e-05,548836,549007
anglo,Behnke,2.28794e-05,549007,549229
anglo,Behr,1.49085e-05,549229,549374
anglo,Behrens,4.13432e-05,549374,549774
anglo,Beiler,2.57276e-05,549774,550023
anglo,Beirn,4.16458e-05,550023,550426
anglo,Beirne,1.20771e-05,550426,550543
anglo,Belanger,5.07637e-05,550543,551033
anglo,Belcher,0.000111258,551033,552107
anglo,Belden,1.8071e-05,552107,552282
anglo,Belew,1.21233e-05,552282,552400
anglo,Belford,9.87225e-06,552400,552496
anglo,Belisle,1.46218e-05,552496,552638
anglo,Belk,2.70514e-05,552638,552900
anglo,Belknap,1.28461e-05,552900,553025
anglo,Bell,0.00279271,553025,579955
anglo,Beller,1.11844e-05,579955,580064
anglo,Bellew,1.07601e-05,580064,580169
anglo,Bellis,1.0324e-05,580169,580270
anglo,Bellman,8.85084e-06,580270,580356
anglo,Bellows,1.41464e-05,580356,580493
anglo,Belt,3.4323e-05,580493,580825
anglo,Belton,1.44476e-05,580825,580965
anglo,Beltz,1.80827e-05,580965,581140
anglo,Bemis,1.85502e-05,581140,581320
anglo,Bench,1.19151e-05,581320,581436
anglo,Benda,1.00647e-05,581436,581534
anglo,Benedetto,1.32586e-05,581534,581663
anglo,Benedict,6.69254e-05,581663,582309
anglo,Benefield,2.35865e-05,582309,582537
anglo,Benes,9.18476e-06,582537,582627
anglo,Benfield,2.01845e-05,582627,582823
anglo,Benge,1.96227e-05,582823,583013
anglo,Bengtson,1.23158e-05,583013,583133
anglo,Benham,1.94656e-05,583133,583322
anglo,Benner,4.56174e-05,583322,583763
anglo,Bennet,2.74321e-05,583763,584029
anglo,Bennett,0.000991889,584029,593594
anglo,Benning,1.41307e-05,593594,593731
anglo,Bennington,1.25475e-05,593731,593853
anglo,Benson,0.000338167,593853,597115
anglo,Bentley,0.000157897,597115,598639
anglo,Bentz,2.32683e-05,598639,598864
anglo,Benz,2.23569e-05,598864,599081
anglo,Berard,1.40718e-05,599081,599218
anglo,Berardi,1.31761e-05,599218,599346
anglo,Berens,1.35611e-05,599346,599478
anglo,Beres,1.12983e-05,599478,599588
anglo,Beresford,3.6915e-05,599588,599945
anglo,Berge,1.35297e-05,599945,600076
anglo,Bergen,2.38615e-05,600076,600307
anglo,Bergeron,7.88562e-05,600307,601068
anglo,Bergeson,1.02022e-05,601068,601167
anglo,Berggren,9.95867e-06,601167,601264
anglo,Bergin,4.18948e-05,601264,601669
anglo,Berglund,2.0322e-05,601669,601866
anglo,Bergman,7.01075e-05,601866,602543
anglo,Bergquist,1.53682e-05,602543,602692
anglo,Bergstrom,3.49948e-05,602692,603030
anglo,Beringer,9.28298e-06,603030,603121
anglo,Berk,1.47475e-05,603121,603264
anglo,Berkahn,0.000281162,603264,605976
anglo,Berke,1.07404e-05,605976,606081
anglo,Berkey,1.38086e-05,606081,606215
anglo,Berkowitz,2.74993e-05,606215,606481
anglo,Berlin,2.94753e-05,606481,606766
anglo,Berman,6.29537e-05,606766,607374
anglo,Bermingham,2.88846e-05,607374,607654
anglo,Berminghim,1.58161e-05,607654,607808
anglo,Bernard,0.000178142,607808,609527
anglo,Berndt,2.3889e-05,609527,609758
anglo,Berner,1.89588e-05,609758,609942
anglo,Berney,2.91839e-05,609942,610224
anglo,Bernhard,1.46728e-05,610224,610366
anglo,Bernhardt,2.84932e-05,610366,610642
anglo,Bernie,6.30444e-05,610642,611251
anglo,Berning,1.1369e-05,611251,611362
anglo,Berns,1.23315e-05,611362,611482
anglo,Berrier,1.00058e-05,611482,611579
anglo,Berry,0.00125009,611579,623634
anglo,Berryhill,2.25219e-05,623634,623852
anglo,Berryman,2.95303e-05,623852,624138
anglo,Berthiaume,1.10547e-05,624138,624246
anglo,Bertram,3.28774e-05,624246,624564
anglo,Bertsch,1.50539e-05,624564,624710
anglo,Berube,2.3834e-05,624710,624941
anglo,Bessette,1.75563e-05,624941,625111
anglo,Best,0.000535577,625111,630276
anglo,Bethke,9.22798e-06,630276,630366
anglo,Bettis,2.32998e-05,630366,630592
anglo,Betz,3.97561e-05,630592,630976
anglo,Bevan,1.61617e-05,630976,631133
anglo,Bever,9.71904e-06,631133,631228
anglo,Beveridge,1.21586e-05,631228,631346
anglo,Bevins,1.69788e-05,631346,631511
anglo,Bevis,1.01512e-05,631511,631610
anglo,Bewley,1.15733e-05,631610,631723
anglo,Bible,1.84638e-05,631723,631902
anglo,Bice,2.68747e-05,631902,632162
anglo,Bickel,2.76368e-05,632162,632429
anglo,Bickford,3.03592e-05,632429,632723
anglo,Bickley,1.05008e-05,632723,632825
anglo,Bicknell,1.33136e-05,632825,632954
anglo,Biddle,3.62166e-05,632954,633304
anglo,Bidwell,1.83342e-05,633304,633482
anglo,Bieber,1.68964e-05,633482,633646
anglo,Biehl,1.1369e-05,633646,633757
anglo,Biel,9.26726e-06,633757,633847
anglo,Bier,9.11405e-06,633847,633936
anglo,Bierman,1.98938e-05,633936,634129
anglo,Biesty,1.37122e-05,634129,634262
anglo,Bigelow,4.57667e-05,634262,634704
anglo,Bigger,9.09048e-06,634704,634793
anglo,Biggerstaff,1.19229e-05,634793,634909
anglo,Biggs,8.89445e-05,634909,635768
anglo,Bigham,2.17048e-05,635768,635978
anglo,Bigler,1.5765e-05,635978,636131
anglo,Bigley,1.00058e-05,636131,636228
anglo,Bilbrey,1.51443e-05,636228,636375
anglo,Biles,1.28775e-05,636375,636500
anglo,Bill,2.06088e-05,636500,636700
anglo,Biller,1.18954e-05,636700,636816
anglo,Billings,8.85988e-05,636816,637671
anglo,Billington,1.44489e-05,637671,637811
anglo,Billman,1.26418e-05,637811,637934
anglo,Bills,3.94851e-05,637934,638316
anglo,Bilodeau,1.74974e-05,638316,638486
anglo,Bilyeu,1.21429e-05,638486,638604
anglo,Binder,3.81847e-05,638604,638973
anglo,Bingaman,1.28697e-05,638973,639098
anglo,Bingham,0.000101908,639098,640082
anglo,Binkley,2.81239e-05,640082,640354
anglo,Biondo,1.07562e-05,640354,640459
anglo,Birch,4.77741e-05,640459,640921
anglo,Birchfield,1.51325e-05,640921,641068
anglo,Bird,0.000803316,641068,648815
anglo,Birdsall,1.21586e-05,648815,648933
anglo,Birdwell,1.70456e-05,648933,649098
anglo,Birge,9.89974e-06,649098,649194
anglo,Birk,1.25436e-05,649194,649316
anglo,Birmingham,4.12931e-05,649316,649715
anglo,Biro,8.8037e-06,649715,649801
anglo,Birt,1.01237e-05,649801,649900
anglo,Bisbee,8.9137e-06,649900,649987
anglo,Bischoff,2.70947e-05,649987,650249
anglo,Bish,1.373e-05,650249,650382
anglo,Bishell,0.000421743,650382,654450
anglo,Bishop,0.00106883,654450,664757
anglo,Bissell,1.97956e-05,664757,664949
anglo,Bissett,9.2319e-06,664949,665039
anglo,Bissonnette,9.72296e-06,665039,665134
anglo,Bitner,1.47435e-05,665134,665277
anglo,Bitter,1.02847e-05,665277,665377
anglo,Bittinger,1.07679e-05,665377,665482
anglo,Bittle,1.29011e-05,665482,665607
anglo,Bittner,3.59966e-05,665607,665955
anglo,Bixby,1.60517e-05,665955,666111
anglo,Bixler,2.36533e-05,666111,666340
anglo,Bjork,1.30307e-05,666340,666467
anglo,Bjorklund,9.96653e-06,666467,666564
anglo,Black,0.00161717,666564,682159
anglo,Blackburn,0.000153591,682159,683641
anglo,Blackford,1.75838e-05,683641,683812
anglo,Blackledge,9.04727e-06,683812,683900
anglo,Blackmore,1.43782e-05,683900,684040
anglo,Blackstock,1.21193e-05,684040,684158
anglo,Blackstone,1.43743e-05,684158,684298
anglo,Blackwelder,1.02062e-05,684298,684397
anglo,Blackwell,0.000501633,684397,689235
anglo,Blackwood,3.30266e-05,689235,689554
anglo,Blades,1.7906e-05,689554,689728
anglo,Blagg,9.11798e-06,689728,689817
anglo,Blaha,1.25868e-05,689817,689939
anglo,Blain,1.87152e-05,689939,690120
anglo,Blaine,2.53426e-05,690120,690365
anglo,Blair,0.000728266,690365,697388
anglo,Blais,2.2463e-05,697388,697606
anglo,Blaisdell,1.51325e-05,697606,697753
anglo,Blake,0.000735432,697753,704845
anglo,Blakeley,1.14201e-05,704845,704956
anglo,Blakeman,1.32782e-05,704956,705085
anglo,Blakeslee,1.39893e-05,705085,705221
anglo,Blakley,2.31701e-05,705221,705445
anglo,Blalock,4.51499e-05,705445,705881
anglo,Blanch,1.89966e-05,705881,706065
anglo,Blanche,1.32909e-05,706065,706194
anglo,Blanchette,2.53465e-05,706194,706439
anglo,Blandford,9.71511e-06,706439,706534
anglo,Blaney,1.51403e-05,706534,706681
anglo,Blank,5.12665e-05,706681,707176
anglo,Blankenship,0.000172185,707176,708837
anglo,Blanton,9.48883e-05,708837,709753
anglo,Blaser,1.15143e-05,709753,709865
anglo,Blasingame,8.79192e-06,709865,709951
anglo,Blatt,1.57925e-05,709951,710104
anglo,Blau,1.16479e-05,710104,710217
anglo,Blaylock,3.93161e-05,710217,710597
anglo,Blazer,1.09015e-05,710597,710703
anglo,Bledsoe,7.2716e-05,710703,711405
anglo,Blessing,2.06755e-05,711405,711605
anglo,Blevins,0.000150181,711605,713054
anglo,Blick,0.000316307,713054,716105
anglo,Bliss,5.73085e-05,716105,716659
anglo,Blizzard,1.74935e-05,716659,716829
anglo,Block,8.53146e-05,716829,717653
anglo,Blodgett,2.81161e-05,717653,717925
anglo,Blomquist,1.35336e-05,717925,718056
anglo,Blood,2.26673e-05,718056,718276
anglo,Bloodworth,1.65703e-05,718276,718437
anglo,Bloom,9.46015e-05,718437,719350
anglo,Bloomer,1.66214e-05,719350,719511
anglo,Bloomfield,2.3288e-05,719511,719737
anglo,Bloomquist,1.06108e-05,719737,719840
anglo,Bloss,9.84082e-06,719840,719936
anglo,Blosser,1.63699e-05,719936,720095
anglo,Blough,1.18326e-05,720095,720210
anglo,Blouin,9.71904e-06,720210,720305
anglo,Blowers,9.53833e-06,720305,720398
anglo,Bluhm,1.03319e-05,720398,720499
anglo,Blum,6.85832e-05,720499,721161
anglo,Blume,2.28873e-05,721161,721383
anglo,Blumenthal,1.44293e-05,721383,721523
anglo,Bly,1.8947e-05,721523,721707
anglo,Blythe,3.12196e-05,721707,722009
anglo,Board,1.55017e-05,722009,722159
anglo,Boardman,2.33273e-05,722159,722385
anglo,Boatman,2.3174e-05,722385,722609
anglo,Boatright,2.22312e-05,722609,722824
anglo,Boaz,1.24022e-05,722824,722945
anglo,Bober,8.76049e-06,722945,723030
anglo,Bock,5.25708e-05,723030,723538
anglo,Boddy,8.71728e-06,723538,723623
anglo,Bode,2.28794e-05,723623,723845
anglo,Boden,1.7462e-05,723845,724014
anglo,Bodie,1.03712e-05,724014,724115
anglo,Bodine,1.98073e-05,724115,724307
anglo,Bodkin,1.99503e-05,724307,724500
anglo,Bodnar,2.16144e-05,724500,724709
anglo,Bodner,8.93334e-06,724709,724796
anglo,Boe,1.51246e-05,724796,724943
anglo,Boehm,4.21525e-05,724943,725350
anglo,Boehme,9.18476e-06,725350,725440
anglo,Boehmer,1.04615e-05,725440,725542
anglo,Boerner,9.73475e-06,725542,725637
anglo,Boes,9.9901e-06,725637,725734
anglo,Boese,1.06658e-05,725734,725838
anglo,Boettcher,2.61597e-05,725838,726091
anglo,Bogan,5.56299e-05,726091,726628
anglo,Bogard,1.52228e-05,726628,726776
anglo,Bogart,2.52208e-05,726776,727020
anglo,Boger,1.59142e-05,727020,727174
anglo,Boggess,1.8401e-05,727174,727352
anglo,Boggs,0.000109526,727352,728409
anglo,Bogle,2.29855e-05,728409,728632
anglo,Bogner,9.29869e-06,728632,728723
anglo,Bogue,1.38321e-05,728723,728857
anglo,Bohan,2.05286e-05,728857,729056
anglo,Bohannon,3.79608e-05,729056,729423
anglo,Bohl,1.22765e-05,729423,729542
anglo,Bohm,9.53047e-06,729542,729635
anglo,Bohn,3.64248e-05,729635,729987
anglo,Bohrer,1.15222e-05,729987,730099
anglo,Boice,1.18679e-05,730099,730214
anglo,Boisvert,1.89392e-05,730214,730398
anglo,Boivin,8.89798e-06,730398,730485
anglo,Boland,5.87164e-05,730485,731052
anglo,Bolding,1.40679e-05,731052,731189
anglo,Boldt,1.78274e-05,731189,731362
anglo,Bolduc,2.12177e-05,731362,731568
anglo,Bolen,3.66251e-05,731568,731922
anglo,Boles,8.58729e-05,731922,732751
anglo,Boley,1.96031e-05,732751,732941
anglo,Bolger,3.29365e-05,732941,733260
anglo,Bolick,1.43193e-05,733260,733399
anglo,Bolin,5.09208e-05,733399,733891
anglo,Boling,2.98446e-05,733891,734180
anglo,Bolinger,1.88763e-05,734180,734363
anglo,Boll,1.13651e-05,734363,734474
anglo,Boller,9.11405e-06,734474,734563
anglo,Bolles,9.51868e-06,734563,734656
anglo,Bollinger,4.88112e-05,734656,735128
anglo,Bollman,1.22175e-05,735128,735247
anglo,Bolt,2.94792e-05,735247,735532
anglo,Bolte,1.03279e-05,735532,735633
anglo,Bolton,0.000128913,735633,736877
anglo,Boltz,1.31604e-05,736877,737005
anglo,Bolyard,1.27086e-05,737005,737129
anglo,Boman,1.10979e-05,737129,737237
anglo,Bomar,1.36986e-05,737237,737370
anglo,Bonar,2.51507e-05,737370,737614
anglo,Bond,0.000550273,737614,742921
anglo,Bondurant,9.97831e-06,742921,743018
anglo,Bone,4.20032e-05,743018,743424
anglo,Boner,1.47352e-05,743424,743567
anglo,Bones,1.201e-05,743567,743684
anglo,Bonham,2.68393e-05,743684,743944
anglo,Boniface,0.000292877,743944,746769
anglo,Bonin,1.58474e-05,746769,746923
anglo,Bonk,1.0709e-05,746923,747027
anglo,Bonn,8.90191e-06,747027,747114
anglo,Bonnell,1.83381e-05,747114,747292
anglo,Bonner,0.000155126,747292,748789
anglo,Bonnett,1.58042e-05,748789,748942
anglo,Bonnette,1.05912e-05,748942,749045
anglo,Bonney,1.76428e-05,749045,749216
anglo,Bono,2.07109e-05,749216,749417
anglo,Bontrager,3.34195e-05,749417,749740
anglo,Booher,2.71064e-05,749740,750002
anglo,Book,2.49694e-05,750002,750244
anglo,Booker,0.000339738,750244,753521
anglo,Bookout,8.93727e-06,753521,753608
anglo,Boomer,9.30262e-06,753608,753699
anglo,Boon,0.000316307,753699,756750
anglo,Boos,1.39932e-05,756750,756886
anglo,Booth,0.000568957,756886,762373
anglo,Boothe,3.40048e-05,762373,762702
anglo,Boots,1.21272e-05,762702,762820
anglo,Bopp,1.13572e-05,762820,762931
anglo,Borchardt,1.62482e-05,762931,763089
anglo,Borchers,1.13179e-05,763089,763199
anglo,Borchert,1.07287e-05,763199,763303
anglo,Bordelon,2.61008e-05,763303,763556
anglo,Borden,6.08913e-05,763556,764144
anglo,Border,9.01584e-06,764144,764232
anglo,Borders,3.55644e-05,764232,764576
anglo,Boreland,1.43952e-05,764576,764716
anglo,Boren,3.01392e-05,764716,765008
anglo,Borg,1.90256e-05,765008,765192
anglo,Borger,9.68761e-06,765192,765286
anglo,Boring,2.2573e-05,765286,765505
anglo,Boris,1.09211e-05,765505,765611
anglo,Bork,1.35454e-05,765611,765743
anglo,Borland,2.70692e-05,765743,766005
anglo,Born,2.65997e-05,766005,766262
anglo,Borne,1.21272e-05,766262,766380
anglo,Borntrager,9.2594e-06,766380,766470
anglo,Borntreger,8.76442e-06,766470,766556
anglo,Borst,1.59024e-05,766556,766710
anglo,Bortz,1.09919e-05,766710,766817
anglo,Bosco,1.76703e-05,766817,766988
anglo,Bosley,2.83478e-05,766988,767262
anglo,Boss,3.35059e-05,767262,767586
anglo,Bosse,1.58553e-05,767586,767740
anglo,Bost,2.25258e-05,767740,767958
anglo,Bostwick,1.7686e-05,767958,768130
anglo,Boswell,8.85477e-05,768130,768985
anglo,Bosworth,2.06638e-05,768985,769185
anglo,Botelho,1.8566e-05,769185,769365
anglo,Botham,0.000292877,769365,772190
anglo,Bothwell,8.98834e-06,772190,772278
anglo,Botkin,1.02769e-05,772278,772378
anglo,Bott,2.36847e-05,772378,772607
anglo,Bottoms,1.71163e-05,772607,772773
anglo,Botts,1.80003e-05,772773,772948
anglo,Bouchard,5.16751e-05,772948,773447
anglo,Boudreau,3.96893e-05,773447,773831
anglo,Boudreaux,6.27612e-05,773831,774437
anglo,Boughton,1.27007e-05,774437,774560
anglo,Boulton,9.48333e-06,774560,774652
anglo,Bounds,3.12706e-05,774652,774955
anglo,Bourassa,1.13376e-05,774955,775065
anglo,Bourg,1.07837e-05,775065,775170
anglo,Bourke,2.15386e-05,775170,775379
anglo,Bourland,9.34976e-06,775379,775470
anglo,Bourne,3.64169e-05,775470,775822
anglo,Bourque,3.52502e-05,775822,776163
anglo,Bouton,9.66011e-06,776163,776257
anglo,Boutwell,1.82831e-05,776257,776434
anglo,Bove,1.51128e-05,776434,776581
anglo,Bovee,1.0819e-05,776581,776686
anglo,Bowater,0.000316307,776686,779737
anglo,Bowden,0.000424506,779737,783831
anglo,Bowe,3.96432e-05,783831,784214
anglo,Bowen,0.000323593,784214,787335
anglo,Bower,8.4246e-05,787335,788148
anglo,Bowerman,1.45432e-05,788148,788289
anglo,Bowers,0.000259291,788289,790790
anglo,Bowersox,9.84082e-06,790790,790886
anglo,Bowes,1.95127e-05,790886,791075
anglo,Bowker,1.56353e-05,791075,791227
anglo,Bowler,5.00882e-05,791227,791711
anglo,Bowles,0.000105218,791711,792727
anglo,Bowlin,2.72557e-05,792727,792991
anglo,Bowling,0.000105134,792991,794006
anglo,Bowman,0.000412517,794006,797985
anglo,Bowser,5.65032e-05,797985,798531
anglo,Bowyer,1.62128e-05,798531,798688
anglo,Box,3.96697e-05,798688,799072
anglo,Boyce,0.00117744,799072,810427
anglo,Boyd,0.00124723,810427,822454
anglo,Boyden,9.06298e-06,822454,822542
anglo,Boyett,1.75406e-05,822542,822712
anglo,Boyette,1.97681e-05,822712,822904
anglo,Boyko,8.92156e-06,822904,822991
anglo,Boylan,3.80823e-05,822991,823359
anglo,Boyle,0.000537819,823359,828546
anglo,Boyles,4.3826e-05,828546,828970
anglo,Boynton,2.74325e-05,828970,829236
anglo,Boyse,1.64697e-05,829236,829396
anglo,Bozarth,1.38714e-05,829396,829531
anglo,Braaten,1.13179e-05,829531,829641
anglo,Brace,1.94184e-05,829641,829829
anglo,Brack,1.40954e-05,829829,829966
anglo,Bracken,3.24688e-05,829966,830280
anglo,Brackett,4.33192e-05,830280,830699
anglo,Brackin,9.97831e-06,830699,830796
anglo,Bradberry,1.35375e-05,830796,830928
anglo,Bradburn,9.91939e-06,830928,831025
anglo,Bradbury,3.21035e-05,831025,831336
anglo,Bradden,1.30359e-05,831336,831463
anglo,Braddock,1.92731e-05,831463,831650
anglo,Braden,5.3439e-05,831650,832166
anglo,Bradfield,1.68453e-05,832166,832329
anglo,Bradley,0.00117682,832329,843677
anglo,Bradshaw,0.000166822,843677,845287
anglo,Brady,0.000309279,845287,848270
anglo,Braga,1.33647e-05,848270,848400
anglo,Bragg,8.61671e-05,848400,849232
anglo,Brainard,1.56825e-05,849232,849384
anglo,Brake,2.44351e-05,849384,849621
anglo,Braley,1.54153e-05,849621,849771
anglo,Braman,9.97439e-06,849771,849868
anglo,Bramble,1.12158e-05,849868,849977
anglo,Bramlett,2.1583e-05,849977,850186
anglo,Brammer,1.89745e-05,850186,850370
anglo,Branam,9.62868e-06,850370,850464
anglo,Branaola,3.65684e-05,850464,850818
anglo,Branco,1.09879e-05,850818,850925
anglo,Brand,7.51713e-05,850925,851651
anglo,Brandenburg,3.78076e-05,851651,852017
anglo,Brandes,1.22843e-05,852017,852136
anglo,Branham,5.44957e-05,852136,852662
anglo,Brann,1.70888e-05,852662,852828
anglo,Brannan,2.9275e-05,852828,853111
anglo,Brannelly,1.4474e-05,853111,853252
anglo,Brannen,1.61107e-05,853252,853408
anglo,Brannon,6.33898e-05,853408,854020
anglo,Branscum,1.01669e-05,854020,854119
anglo,Branson,4.55192e-05,854119,854559
anglo,Branstetter,1.13847e-05,854559,854670
anglo,Brant,4.27653e-05,854670,855083
anglo,Brantner,1.00844e-05,855083,855181
anglo,Branton,1.10272e-05,855181,855288
anglo,Branum,1.13061e-05,855288,855398
anglo,Brashear,1.81574e-05,855398,855574
anglo,Brasher,2.60615e-05,855574,855826
anglo,Brass,1.03122e-05,855826,855926
anglo,Brassil,1.33779e-05,855926,856056
anglo,Bratcher,3.65387e-05,856056,856409
anglo,Bratton,3.65348e-05,856409,856762
anglo,Brauer,1.92731e-05,856762,856949
anglo,Braun,0.000135497,856949,858257
anglo,Brawley,1.64721e-05,858257,858417
anglo,Brawner,1.80749e-05,858417,858592
anglo,Bray,0.000149796,858592,860037
anglo,Brayton,9.35762e-06,860037,860128
anglo,Brazell,1.51953e-05,860128,860276
anglo,Brazier,1.27282e-05,860276,860400
anglo,Brazil,2.09898e-05,860400,860603
anglo,Breault,1.45353e-05,860603,860744
anglo,Breaux,4.99112e-05,860744,861226
anglo,Breazeale,9.28298e-06,861226,861317
anglo,Brecht,8.99227e-06,861317,861405
anglo,Breckenridge,1.9442e-05,861405,861593
anglo,Bree,1.83486e-05,861593,861771
anglo,Breed,9.84475e-06,861771,861867
anglo,Breeden,4.47649e-05,861867,862300
anglo,Breeding,2.10487e-05,862300,862504
anglo,Breedlove,3.56509e-05,862504,862849
anglo,Breen,9.87739e-05,862849,863802
anglo,Breese,1.22961e-05,863802,863922
anglo,Breeze,8.95298e-06,863922,864009
anglo,Breheny,1.65642e-05,864009,864170
anglo,Brehm,2.07502e-05,864170,864371
anglo,Brekke,9.07477e-06,864371,864459
anglo,Bremer,2.64504e-05,864459,864715
anglo,Brendel,8.92941e-06,864715,864802
anglo,Breneman,9.89974e-06,864802,864898
anglo,Brennan,0.000255201,864898,867360
anglo,Brenneman,2.21134e-05,867360,867574
anglo,Brenner,6.33034e-05,867574,868185
anglo,Breshears,1.07837e-05,868185,868290
anglo,Breslin,3.7887e-05,868290,868656
anglo,Bresnahan,1.43232e-05,868656,868795
anglo,Bresnehan,1.24745e-05,868795,868916
anglo,Bressler,1.5541e-05,868916,869067
anglo,Brett,4.32488e-05,869067,869485
anglo,Bretz,1.45078e-05,869485,869626
anglo,Breuer,1.6256e-05,869626,869784
anglo,Brewer,0.000405882,869784,873699
anglo,Brewster,7.68566e-05,873699,874441
anglo,Brey,9.13762e-06,874441,874530
anglo,Brian,1.65546e-05,874530,874691
anglo,Brick,2.50726e-05,874691,874934
anglo,Bricker,3.06106e-05,874934,875230
anglo,Brickey,1.33922e-05,875230,875360
anglo,Brickman,8.76049e-06,875360,875445
anglo,Brickner,1.02887e-05,875445,875545
anglo,Bridge,3.60481e-05,875545,875894
anglo,Bridgeman,1.73796e-05,875894,876063
anglo,Bridgers,9.41654e-06,876063,876155
anglo,Bridgman,9.81332e-06,876155,876251
anglo,Bridson,1.56864e-05,876251,876403
anglo,Bridwell,1.2465e-05,876403,876524
anglo,Brien,2.58011e-05,876524,876774
anglo,Briggs,0.000229454,876774,878988
anglo,Brigham,2.54761e-05,878988,879235
anglo,Bright,0.000693068,879235,885919
anglo,Brightwell,9.54618e-06,885919,886012
anglo,Brigman,1.44528e-05,886012,886152
anglo,Briley,2.21134e-05,886152,886366
anglo,Brill,3.62009e-05,886366,886716
anglo,Brindle,9.23583e-06,886716,886806
anglo,Brindley,9.86439e-06,886806,886902
anglo,Brinegar,8.83906e-06,886902,886988
anglo,Briner,9.01584e-06,886988,887076
anglo,Brink,4.70709e-05,887076,887531
anglo,Brinker,2.25337e-05,887531,887749
anglo,Brinkerhoff,1.28854e-05,887749,887874
anglo,Brinkman,4.09818e-05,887874,888270
anglo,Brinton,8.72906e-06,888270,888355
anglo,Briody,2.62914e-05,888355,888610
anglo,Brislane,1.52968e-05,888610,888758
anglo,Brister,2.4054e-05,888758,888991
anglo,Bristol,3.02256e-05,888991,889283
anglo,Bristow,2.87682e-05,889283,889561
anglo,Britt,0.000123645,889561,890754
anglo,Brittain,3.40638e-05,890754,891083
anglo,Britten,1.09958e-05,891083,891190
anglo,Brittingham,1.44921e-05,891190,891331
anglo,Britton,0.000114083,891331,892432
anglo,Broach,9.07084e-06,892432,892520
anglo,Broadbent,1.41621e-05,892520,892658
anglo,Broadhead,9.75046e-06,892658,892753
anglo,Broadwater,1.44057e-05,892753,892893
anglo,Brock,0.000241086,892893,895219
anglo,Brockett,1.22215e-05,895219,895338
anglo,Brockman,4.40146e-05,895338,895763
anglo,Brockway,1.89667e-05,895763,895947
anglo,Broderick,5.86482e-05,895947,896514
anglo,Brodeur,1.59221e-05,896514,896669
anglo,Brody,4.80801e-05,896669,897134
anglo,Brogan,4.24023e-05,897134,897544
anglo,Brogdon,1.70731e-05,897544,897710
anglo,Brokaw,1.384e-05,897710,897844
anglo,Bromley,2.19051e-05,897844,898056
anglo,Bronson,4.41128e-05,898056,898482
anglo,Brook,1.80985e-05,898482,898658
anglo,Brooke,1.97484e-05,898658,898849
anglo,Brooker,1.95599e-05,898849,899039
anglo,Brookes,8.74085e-06,899039,899124
anglo,Brooks,0.00173842,899124,915888
anglo,Brookshire,2.14966e-05,915888,916096
anglo,Broome,3.98072e-05,916096,916481
anglo,Brophy,3.71435e-05,916481,916840
anglo,Brosnan,2.3279e-05,916840,917065
anglo,Bross,9.3694e-06,917065,917156
anglo,Brothers,4.56449e-05,917156,917597
anglo,Brotherton,1.99802e-05,917597,917791
anglo,Brough,1.31407e-05,917791,917919
anglo,Broughan,0.000316307,917919,920970
anglo,Brouillette,1.16715e-05,920970,921084
anglo,Brousseau,1.04576e-05,921084,921186
anglo,Brower,5.87306e-05,921186,921753
anglo,Brown,0.00976567,921753,1015920
anglo,Browne,0.000509097,1015920,1020830
anglo,Brownell,2.76761e-05,1020830,1021098
anglo,Brownfield,1.59771e-05,1021098,1021253
anglo,Browning,0.000170217,1021253,1022895
anglo,Broy,1.29025e-05,1022895,1023020
anglo,Broyles,3.84244e-05,1023020,1023392
anglo,Brubaker,4.7998e-05,1023392,1023856
anglo,Bruce,0.000549593,1023856,1029156
anglo,Bruck,1.01669e-05,1029156,1029255
anglo,Brucker,1.01237e-05,1029255,1029354
anglo,Bruckner,1.04733e-05,1029354,1029456
anglo,Bruen,3.09888e-05,1029456,1029756
anglo,Brugger,9.44797e-06,1029756,1029848
anglo,Bruhn,1.11097e-05,1029848,1029956
anglo,Brumbaugh,2.0047e-05,1029956,1030150
anglo,Brumley,2.768e-05,1030150,1030418
anglo,Brummer,1.08465e-05,1030418,1030524
anglo,Brummett,2.2353e-05,1030524,1030741
anglo,Brundage,1.7906e-05,1030741,1030915
anglo,Brune,1.12826e-05,1030915,1031025
anglo,Brunelle,1.84167e-05,1031025,1031204
anglo,Bruner,6.24548e-05,1031204,1031807
anglo,Brunette,1.35886e-05,1031807,1031939
anglo,Bruning,1.16479e-05,1031939,1032052
anglo,Brunk,1.55607e-05,1032052,1032203
anglo,Brunner,6.12566e-05,1032203,1032795
anglo,Bruns,4.38339e-05,1032795,1033219
anglo,Brush,2.62815e-05,1033219,1033473
anglo,Brust,1.16911e-05,1033473,1033587
anglo,Bruton,3.81019e-05,1033587,1033955
anglo,Bryan,0.00029597,1033955,1036810
anglo,Bryant,0.00162422,1036810,1052473
anglo,Bryce,1.87977e-05,1052473,1052655
anglo,Bryner,9.30655e-06,1052655,1052746
anglo,Bryson,8.45212e-05,1052746,1053562
anglo,Bucci,2.0648e-05,1053562,1053762
anglo,Buchan,1.15301e-05,1053762,1053874
anglo,Buchanan,0.000999875,1053874,1063516
anglo,Bucher,2.91375e-05,1063516,1063798
anglo,Buchman,1.02965e-05,1063798,1063898
anglo,Buck,0.000167506,1063898,1065514
anglo,Buckingham,3.1797e-05,1065514,1065822
anglo,Buckland,1.34314e-05,1065822,1065953
anglo,Buckler,1.54232e-05,1065953,1066103
anglo,Buckles,1.81613e-05,1066103,1066279
anglo,Buckley,0.000482109,1066279,1070929
anglo,Buckman,2.30523e-05,1070929,1071152
anglo,Buckmaster,9.60904e-06,1071152,1071246
anglo,Buckwalter,9.3969e-06,1071246,1071338
anglo,Budd,3.15299e-05,1071338,1071643
anglo,Budde,1.14318e-05,1071643,1071754
anglo,Buehler,2.4879e-05,1071754,1071995
anglo,Buell,2.56215e-05,1071995,1072243
anglo,Buettner,1.41503e-05,1072243,1072380
anglo,Buff,1.00726e-05,1072380,1072478
anglo,Buffington,3.4327e-05,1072478,1072810
anglo,Bugg,1.33882e-05,1072810,1072940
anglo,Buhl,9.8801e-06,1072940,1073036
anglo,Buhler,1.2359e-05,1073036,1073156
anglo,Buhr,9.63261e-06,1073156,1073250
anglo,Buick,0.000292877,1073250,1076075
anglo,Bulger,1.35532e-05,1076075,1076207
anglo,Bull,0.000432349,1076207,1080377
anglo,Bullard,9.33208e-05,1080377,1081278
anglo,Bullen,1.02337e-05,1081278,1081378
anglo,Buller,1.69199e-05,1081378,1081542
anglo,Bullington,1.57728e-05,1081542,1081695
anglo,Bullis,1.22725e-05,1081695,1081814
anglo,Bumgardner,1.6751e-05,1081814,1081977
anglo,Bumgarner,2.45372e-05,1081977,1082215
anglo,Bump,1.06383e-05,1082215,1082319
anglo,Bumpus,1.15851e-05,1082319,1082432
anglo,Bunce,1.62089e-05,1082432,1082589
anglo,Bunch,8.6886e-05,1082589,1083428
anglo,Bundy,4.7397e-05,1083428,1083886
anglo,Bunker,2.97817e-05,1083886,1084174
anglo,Bunn,4.39203e-05,1084174,1084598
anglo,Bunnell,2.49654e-05,1084598,1084840
anglo,Bunting,3.42759e-05,1084840,1085171
anglo,Buono,1.16361e-05,1085171,1085284
anglo,Burbank,2.05852e-05,1085284,1085483
anglo,Burch,0.000142482,1085483,1086858
anglo,Burcham,2.16537e-05,1086858,1087068
anglo,Burchard,1.02337e-05,1087068,1087168
anglo,Burchell,1.17226e-05,1087168,1087282
anglo,Burchett,3.2677e-05,1087282,1087598
anglo,Burchfield,2.5975e-05,1087598,1087849
anglo,Burchill,1.12181e-05,1087849,1087958
anglo,Burd,2.43644e-05,1087958,1088194
anglo,Burdett,1.51953e-05,1088194,1088342
anglo,Burdette,4.43289e-05,1088342,1088770
anglo,Burdick,5.53168e-05,1088770,1089304
anglo,Burdine,1.4936e-05,1089304,1089449
anglo,Burford,1.92691e-05,1089449,1089636
anglo,Burg,1.93241e-05,1089636,1089823
anglo,Burgan,9.39297e-06,1089823,1089915
anglo,Burge,4.07147e-05,1089915,1090309
anglo,Burger,7.65266e-05,1090309,1091048
anglo,Burgess,0.00085276,1091048,1099272
anglo,Burgett,2.12098e-05,1099272,1099478
anglo,Burgin,2.14219e-05,1099478,1099686
anglo,Burk,6.08913e-05,1099686,1100274
anglo,Burkart,1.20054e-05,1100274,1100391
anglo,Burke,0.000799668,1100391,1108103
anglo,Burket,8.8312e-06,1108103,1108189
anglo,Burkett,7.60905e-05,1108189,1108924
anglo,Burkey,1.71046e-05,1108924,1109090
anglo,Burkhalter,2.07502e-05,1109090,1109291
anglo,Burkhardt,3.42052e-05,1109291,1109622
anglo,Burkhart,6.49219e-05,1109622,1110249
anglo,Burkhead,9.78975e-06,1110249,1110344
anglo,Burkholder,4.53031e-05,1110344,1110782
anglo,Burleigh,1.21979e-05,1110782,1110901
anglo,Burleson,5.17615e-05,1110901,1111401
anglo,Burlingame,1.53092e-05,1111401,1111550
anglo,Burman,1.25161e-05,1111550,1111672
anglo,Burmeister,1.7847e-05,1111672,1111845
anglo,Burnell,1.60871e-05,1111845,1112001
anglo,Burner,8.77227e-06,1112001,1112087
anglo,Burnes,9.75832e-06,1112087,1112182
anglo,Burnett,0.000531693,1112182,1117310
anglo,Burnette,6.56722e-05,1117310,1117944
anglo,Burnham,6.19716e-05,1117944,1118543
anglo,Burns,0.00144792,1118543,1132506
anglo,Burr,0.000342851,1132506,1135813
anglo,Burrell,0.000436001,1135813,1140018
anglo,Burress,1.82752e-05,1140018,1140195
anglo,Burris,0.000105126,1140195,1141210
anglo,Burrow,2.96167e-05,1141210,1141497
anglo,Burrows,6.81786e-05,1141497,1142155
anglo,Burson,1.99645e-05,1142155,1142349
anglo,Burt,0.000443744,1142349,1146629
anglo,Burton,0.00124377,1146629,1158623
anglo,Bury,1.0984e-05,1158623,1158730
anglo,Busby,6.18891e-05,1158730,1159328
anglo,Busch,6.81747e-05,1159328,1159986
anglo,Bush,0.000775236,1159986,1167462
anglo,Bushey,2.14337e-05,1167462,1167670
anglo,Bushman,1.95677e-05,1167670,1167860
anglo,Bushnell,2.03338e-05,1167860,1168057
anglo,Bushong,1.05833e-05,1168057,1168160
anglo,Buskirk,1.10272e-05,1168160,1168267
anglo,Buss,3.60516e-05,1168267,1168616
anglo,Bussard,1.09447e-05,1168616,1168723
anglo,Busse,2.09937e-05,1168723,1168926
anglo,Bussell,1.69121e-05,1168926,1169090
anglo,Buster,1.26143e-05,1169090,1169213
anglo,Butcher,0.000488581,1169213,1173925
anglo,Butera,1.16479e-05,1173925,1174038
anglo,Butler,0.00158069,1174038,1189281
anglo,Butterfield,4.50517e-05,1189281,1189716
anglo,Butters,1.18836e-05,1189716,1189832
anglo,Butterworth,1.71871e-05,1189832,1189999
anglo,Buttimer,1.48141e-05,1189999,1190143
anglo,Buttimore,1.36362e-05,1190143,1190275
anglo,Button,2.88389e-05,1190275,1190554
anglo,Butz,1.65781e-05,1190554,1190715
anglo,Buxton,3.11331e-05,1190715,1191016
anglo,Buzzard,1.29129e-05,1191016,1191142
anglo,Buzzell,9.35762e-06,1191142,1191233
anglo,Byars,2.6254e-05,1191233,1191487
anglo,Bybee,1.8126e-05,1191487,1191663
anglo,Bye,1.34472e-05,1191663,1191794
anglo,Byer,1.26654e-05,1191794,1191917
anglo,Byerly,2.22391e-05,1191917,1192132
anglo,Byers,0.000126395,1192132,1193352
anglo,Byington,1.36043e-05,1193352,1193484
anglo,Byler,5.19737e-05,1193484,1193986
anglo,Byram,1.02258e-05,1193986,1194086
anglo,Byrne,0.000199447,1194086,1196010
anglo,Byrnes,6.24232e-05,1196010,1196613
anglo,Byron,2.59672e-05,1196613,1196864
anglo,Byrum,2.21448e-05,1196864,1197079
anglo,Cabe,9.97046e-06,1197079,1197176
anglo,Cable,3.74972e-05,1197176,1197539
anglo,Caddell,1.49989e-05,1197539,1197685
anglo,Cadden,1.8392e-05,1197685,1197863
anglo,Caddow,1.24172e-05,1197863,1197984
anglo,Cadle,1.02808e-05,1197984,1198084
anglo,Cadogan,1.66523e-05,1198084,1198246
anglo,Cadwell,1.18208e-05,1198246,1198361
anglo,Cady,3.56862e-05,1198361,1198706
anglo,Cafferkey,4.00962e-05,1198706,1199094
anglo,Cafferky,2.78862e-05,1199094,1199364
anglo,Cafferty,2.13809e-05,1199364,1199571
anglo,Caffrey,2.75625e-05,1199571,1199838
anglo,Caggiano,9.35762e-06,1199838,1199929
anglo,Cagle,6.93257e-05,1199929,1200598
anglo,Cagney,1.73561e-05,1200598,1200766
anglo,Cahalane,1.49934e-05,1200766,1200912
anglo,Cahill,9.31249e-05,1200912,1201811
anglo,Cahillane,1.5247e-05,1201811,1201959
anglo,Cahir,1.21485e-05,1201959,1202077
anglo,Cahoon,1.90492e-05,1202077,1202262
anglo,Cain,0.000239432,1202262,1204572
anglo,Caine,4.55339e-05,1204572,1205012
anglo,Cairn,1.74389e-05,1205012,1205181
anglo,Cairns,0.000315334,1205181,1208223
anglo,Calabrese,3.37809e-05,1208223,1208550
anglo,Calabro,1.252e-05,1208550,1208672
anglo,Calder,1.93084e-05,1208672,1208859
anglo,Caldwell,0.000784987,1208859,1216429
anglo,Cale,1.25986e-05,1216429,1216551
anglo,Calkins,3.59298e-05,1216551,1216898
anglo,Call,6.01999e-05,1216898,1217479
anglo,Callaghan,4.15956e-05,1217479,1217881
anglo,Callahan,0.000198482,1217881,1219796
anglo,Callan,5.15656e-05,1219796,1220294
anglo,Callanan,6.75225e-05,1220294,1220946
anglo,Callaway,5.42875e-05,1220946,1221470
anglo,Callen,1.25318e-05,1221470,1221592
anglo,Calligan,3.47487e-05,1221592,1221928
anglo,Callihan,1.22647e-05,1221928,1222047
anglo,Callinan,1.13054e-05,1222047,1222157
anglo,Callis,1.52307e-05,1222157,1222305
anglo,Callison,1.36475e-05,1222305,1222438
anglo,Cally,1.42717e-05,1222438,1222577
anglo,Calton,9.64832e-06,1222577,1222671
anglo,Calvert,6.92157e-05,1222671,1223339
anglo,Calvey,2.11623e-05,1223339,1223544
anglo,Camden,1.274e-05,1223544,1223668
anglo,Cameron,0.00196256,1223668,1242593
anglo,Cammack,9.16905e-06,1242593,1242682
anglo,Camp,0.000116884,1242682,1243810
anglo,Campagna,1.81652e-05,1243810,1243986
anglo,Campbell,0.00378968,1243986,1280529
anglo,Campion,1.41975e-05,1280529,1280667
anglo,Canaday,1.36318e-05,1280667,1280799
anglo,Canale,9.41261e-06,1280799,1280891
anglo,Canavan,4.18938e-05,1280891,1281296
anglo,Candler,9.37333e-06,1281296,1281387
anglo,Cane,1.02337e-05,1281387,1281487
anglo,Canfield,4.54131e-05,1281487,1281926
anglo,Cann,1.52817e-05,1281926,1282074
anglo,Cannan,1.43382e-05,1282074,1282213
anglo,Cannella,9.13369e-06,1282213,1282302
anglo,Canniffe,1.19618e-05,1282302,1282418
anglo,Canning,3.42573e-05,1282418,1282749
anglo,Cannon,0.000292808,1282749,1285573
anglo,Canny,1.35877e-05,1285573,1285705
anglo,Canter,2.54447e-05,1285705,1285951
anglo,Canterbury,1.74778e-05,1285951,1286121
anglo,Cantrell,0.000138541,1286121,1287458
anglo,Cantwell,3.84994e-05,1287458,1287830
anglo,Cape,1.02494e-05,1287830,1287930
anglo,Caplan,1.57571e-05,1287930,1288083
anglo,Caplinger,9.7976e-06,1288083,1288178
anglo,Caplis,1.18614e-05,1288178,1288293
anglo,Capobianco,1.24925e-05,1288293,1288414
anglo,Capozzi,9.02762e-06,1288414,1288502
anglo,Cappello,1.16715e-05,1288502,1288616
anglo,Capples,1.51186e-05,1288616,1288763
anglo,Capps,7.14746e-05,1288763,1289453
anglo,Capra,9.23976e-06,1289453,1289543
anglo,Capua,1.21049e-05,1289543,1289661
anglo,Capuano,1.07287e-05,1289661,1289765
anglo,Caputo,4.02943e-05,1289765,1290155
anglo,Caraway,2.56018e-05,1290155,1290403
anglo,Carbaugh,1.25082e-05,1290403,1290525
anglo,Carberry,1.05912e-05,1290525,1290628
anglo,Carbery,4.69182e-05,1290628,1291081
anglo,Carbone,4.16064e-05,1291081,1291483
anglo,Card,3.82712e-05,1291483,1291853
anglo,Carden,3.35806e-05,1291853,1292178
anglo,Carder,2.17205e-05,1292178,1292388
anglo,Cardillo,1.18443e-05,1292388,1292503
anglo,Cardin,1.24807e-05,1292503,1292624
anglo,Cardinal,1.79924e-05,1292624,1292798
anglo,Cardinale,1.33922e-05,1292798,1292928
anglo,Cardone,1.18718e-05,1292928,1293043
anglo,Cardwell,4.63206e-05,1293043,1293491
anglo,Carew,9.4519e-06,1293491,1293583
anglo,Carey,0.000236433,1293583,1295864
anglo,Cargile,9.25155e-06,1295864,1295954
anglo,Cargill,1.77724e-05,1295954,1296126
anglo,Carl,4.59199e-05,1296126,1296570
anglo,Carle,1.33961e-05,1296570,1296700
anglo,Carleton,2.92122e-05,1296700,1296983
anglo,Carley,3.85374e-05,1296983,1297356
anglo,Carlile,1.8617e-05,1297356,1297537
anglo,Carlin,2.06669e-05,1297537,1297737
anglo,Carlino,1.0379e-05,1297737,1297838
anglo,Carlisle,8.00033e-05,1297838,1298610
anglo,Carlock,1.21743e-05,1298610,1298728
anglo,Carlsen,1.70613e-05,1298728,1298894
anglo,Carlson,0.000473585,1298894,1303462
anglo,Carlton,8.32914e-05,1303462,1304266
anglo,Carlucci,1.14161e-05,1304266,1304377
anglo,Carlyle,1.36554e-05,1304377,1304510
anglo,Carmack,2.2188e-05,1304510,1304725
anglo,Carman,4.43996e-05,1304725,1305154
anglo,Carmichael,7.7108e-05,1305154,1305899
anglo,Carmody,4.03885e-05,1305899,1306289
anglo,Carnahan,2.9165e-05,1306289,1306571
anglo,Carnell,1.08819e-05,1306571,1306677
anglo,Carnes,5.69117e-05,1306677,1307227
anglo,Carnevale,1.21822e-05,1307227,1307345
anglo,Carney,0.000141161,1307345,1308707
anglo,Carolan,2.10211e-05,1308707,1308911
anglo,Carollo,9.17691e-06,1308911,1309000
anglo,Carothers,2.1528e-05,1309000,1309209
anglo,Carpenter,0.000838323,1309209,1317294
anglo,Carper,2.35787e-05,1317294,1317522
anglo,Carr,0.00124434,1317522,1329522
anglo,Carragher,1.63999e-05,1329522,1329681
anglo,Carreiro,1.20604e-05,1329681,1329798
anglo,Carrell,1.99056e-05,1329798,1329991
anglo,Carrick,1.54585e-05,1329991,1330141
anglo,Carrico,2.22862e-05,1330141,1330357
anglo,Carrier,5.25511e-05,1330357,1330865
anglo,Carriere,1.17383e-05,1330865,1330979
anglo,Carrig,1.51428e-05,1330979,1331126
anglo,Carrigan,3.92912e-05,1331126,1331506
anglo,Carrigy,2.51898e-05,1331506,1331750
anglo,Carrol,9.06298e-06,1331750,1331838
anglo,Carroll,0.000909671,1331838,1340610
anglo,Carron,8.81549e-06,1340610,1340696
anglo,Carruth,1.51403e-05,1340696,1340843
anglo,Carry,1.43022e-05,1340843,1340982
anglo,Carson,0.000692024,1340982,1347656
anglo,Carstens,1.25318e-05,1347656,1347778
anglo,Carstensen,8.89406e-06,1347778,1347865
anglo,Carte,9.00405e-06,1347865,1347953
anglo,Cartee,1.2465e-05,1347953,1348074
anglo,Carter,0.00299952,1348074,1376998
anglo,Carthy,1.71497e-05,1376998,1377164
anglo,Cartier,1.12865e-05,1377164,1377274
anglo,Carton,2.77359e-05,1377274,1377542
anglo,Cartwright,8.70392e-05,1377542,1378382
anglo,Carty,5.49684e-05,1378382,1378913
anglo,Carver,0.000127341,1378913,1380142
anglo,Carville,1.35572e-05,1380142,1380274
anglo,Cary,4.5201e-05,1380274,1380711
anglo,Cascio,1.32272e-05,1380711,1380840
anglo,Case,0.000154464,1380840,1382330
anglo,Casey,0.000776996,1382330,1389823
anglo,Cash,0.000115796,1389823,1390941
anglo,Cashen,1.25949e-05,1390941,1391063
anglo,Cashion,9.67582e-06,1391063,1391157
anglo,Cashman,3.88729e-05,1391157,1391533
anglo,Caskey,2.3559e-05,1391533,1391761
anglo,Casper,4.85205e-05,1391761,1392230
anglo,Cass,2.97817e-05,1392230,1392518
anglo,Cassady,1.77528e-05,1392518,1392690
anglo,Cassel,1.9057e-05,1392690,1392875
anglo,Cassell,2.98053e-05,1392875,1393163
anglo,Cassen,1.75606e-05,1393163,1393333
anglo,Casserley,6.68687e-05,1393333,1393979
anglo,Casserly,2.39717e-05,1393979,1394211
anglo,Cassidy,0.00012186,1394211,1395387
anglo,Cassin,1.48311e-05,1395387,1395531
anglo,Cassity,8.7487e-06,1395531,1395616
anglo,Castaldo,8.72906e-06,1395616,1395701
anglo,Casteel,3.3282e-05,1395701,1396023
anglo,Caster,1.26025e-05,1396023,1396146
anglo,Castle,8.06672e-05,1396146,1396925
anglo,Castleberry,3.22527e-05,1396925,1397237
anglo,Castleman,1.18836e-05,1397237,1397353
anglo,Casto,3.25434e-05,1397353,1397668
anglo,Caswell,3.86051e-05,1397668,1398041
anglo,Cataldo,1.8507e-05,1398041,1398220
anglo,Catania,1.34039e-05,1398220,1398350
anglo,Catanzaro,1.12001e-05,1398350,1398459
anglo,Cate,1.95913e-05,1398459,1398649
anglo,Cater,1.54232e-05,1398649,1398799
anglo,Cates,7.14589e-05,1398799,1399489
anglo,Cathcart,1.85267e-05,1399489,1399669
anglo,Catlett,2.06559e-05,1399669,1399869
anglo,Catlin,1.89784e-05,1399869,1400053
anglo,Caton,2.14769e-05,1400053,1400261
anglo,Catron,2.5539e-05,1400261,1400508
anglo,Cattigan,2.57676e-05,1400508,1400757
anglo,Caudill,7.39417e-05,1400757,1401471
anglo,Caudle,3.20838e-05,1401471,1401781
anglo,Caulder,9.44011e-06,1401781,1401873
anglo,Cauley,6.93583e-05,1401873,1402543
anglo,Caulfield,2.72554e-05,1402543,1402807
anglo,Causey,4.47335e-05,1402807,1403239
anglo,Cavalier,1.2905e-05,1403239,1403364
anglo,Cavaliere,1.12944e-05,1403364,1403474
anglo,Cavallaro,1.37221e-05,1403474,1403607
anglo,Cavanagh,2.88395e-05,1403607,1403886
anglo,Cavanaugh,6.90507e-05,1403886,1404553
anglo,Cave,3.29559e-05,1404553,1404872
anglo,Cavender,1.7521e-05,1404872,1405042
anglo,Cavin,1.29915e-05,1405042,1405168
anglo,Caviness,1.35768e-05,1405168,1405300
anglo,Cawley,3.27831e-05,1405300,1405617
anglo,Cawthon,1.04929e-05,1405617,1405719
anglo,Caylor,1.20368e-05,1405719,1405836
anglo,Cayton,9.4794e-06,1405836,1405928
anglo,Caywood,9.31833e-06,1405928,1406019
anglo,Cecil,4.69099e-05,1406019,1406472
anglo,Center,1.16401e-05,1406472,1406585
anglo,Cerny,1.26772e-05,1406585,1406708
anglo,Cerrone,8.89798e-06,1406708,1406795
anglo,Cessna,9.45583e-06,1406795,1406887
anglo,Chabot,1.48771e-05,1406887,1407031
anglo,Chadwell,1.45157e-05,1407031,1407172
anglo,Chadwick,6.44858e-05,1407172,1407795
anglo,Chaffee,2.3779e-05,1407795,1408025
anglo,Chaffin,3.84283e-05,1408025,1408397
anglo,Chafin,1.43114e-05,1408397,1408536
anglo,Chalfant,9.24369e-06,1408536,1408626
anglo,Chalk,1.25632e-05,1408626,1408748
anglo,Chamberlain,0.000112853,1408748,1409837
anglo,Chamberlin,3.88801e-05,1409837,1410213
anglo,Chambers,0.00072461,1410213,1417201
anglo,Chamblee,1.28186e-05,1417201,1417326
anglo,Chambless,1.13219e-05,1417326,1417436
anglo,Champagne,4.7232e-05,1417436,1417892
anglo,Champion,6.88543e-05,1417892,1418557
anglo,Champlin,1.60439e-05,1418557,1418713
anglo,Chance,5.60043e-05,1418713,1419254
anglo,Chancellor,1.62914e-05,1419254,1419412
anglo,Chancey,1.61499e-05,1419412,1419569
anglo,Chandler,0.000814829,1419569,1427427
anglo,Chaney,0.000130429,1427427,1428686
anglo,Channell,1.30347e-05,1428686,1428813
anglo,Chapel,9.00798e-06,1428813,1428901
anglo,Chapin,3.99722e-05,1428901,1429287
anglo,Chaplin,2.55861e-05,1429287,1429535
anglo,Chapman,0.00132266,1429535,1442290
anglo,Chappell,9.28455e-05,1442290,1443186
anglo,Chaput,9.01977e-06,1443186,1443274
anglo,Charbonneau,1.81377e-05,1443274,1443450
anglo,Charette,1.61892e-05,1443450,1443607
anglo,Charles,0.000269308,1443607,1446205
anglo,Charlton,4.1465e-05,1446205,1446606
anglo,Charron,1.66606e-05,1446606,1446768
anglo,Chase,0.00020617,1446768,1448757
anglo,Chasse,1.03947e-05,1448757,1448858
anglo,Chastain,5.36433e-05,1448858,1449376
anglo,Chasteen,1.49478e-05,1449376,1449521
anglo,Chatfield,1.20093e-05,1449521,1449638
anglo,Chatham,1.59732e-05,1449638,1449793
anglo,Chatterton,9.09834e-06,1449793,1449882
anglo,Cheek,6.29341e-05,1449882,1450490
anglo,Cheeseman,9.02762e-06,1450490,1450578
anglo,Cheever,8.70942e-06,1450578,1450663
anglo,Cheney,5.33211e-05,1450663,1451178
anglo,Chenoweth,1.83577e-05,1451178,1451356
anglo,Cheshire,1.2245e-05,1451356,1451475
anglo,Chesley,1.15143e-05,1451475,1451587
anglo,Chesney,1.76428e-05,1451587,1451758
anglo,Chesnut,1.32075e-05,1451758,1451886
anglo,Chesser,2.22941e-05,1451886,1452102
anglo,Chewning,9.79368e-06,1452102,1452197
anglo,Chick,1.77449e-05,1452197,1452369
anglo,Chidester,1.17029e-05,1452369,1452483
anglo,Child,2.05734e-05,1452483,1452682
anglo,Childers,0.000120093,1452682,1453841
anglo,Childress,9.79643e-05,1453841,1454787
anglo,Chilson,1.23354e-05,1454787,1454907
anglo,Chilton,2.4604e-05,1454907,1455145
anglo,Ching,0.000292877,1455145,1457970
anglo,Chipman,1.92456e-05,1457970,1458157
anglo,Chitwood,2.53818e-05,1458157,1458403
anglo,Choate,4.46746e-05,1458403,1458835
anglo,Chouinard,1.32075e-05,1458835,1458963
anglo,Chrisman,2.61125e-05,1458963,1459216
anglo,Christ,2.85246e-05,1459216,1459492
anglo,Christen,1.49793e-05,1459492,1459637
anglo,Christensen,0.000295197,1459637,1462484
anglo,Christenson,4.20621e-05,1462484,1462891
anglo,Christiano,9.24762e-06,1462891,1462981
anglo,Christiansen,0.00049772,1462981,1467781
anglo,Christianson,4.69491e-05,1467781,1468235
anglo,Christie,0.000366265,1468235,1471768
anglo,Christman,4.70906e-05,1471768,1472223
anglo,Christner,1.35179e-05,1472223,1472354
anglo,Christofferson,8.71335e-06,1472354,1472439
anglo,Christopher,0.000127299,1472439,1473667
anglo,Christopherson,2.40226e-05,1473667,1473900
anglo,Christy,5.40165e-05,1473900,1474422
anglo,Chronister,1.25907e-05,1474422,1474544
anglo,Chubb,1.02297e-05,1474544,1474644
anglo,Chumley,1.18718e-05,1474644,1474759
anglo,Chupp,1.13651e-05,1474759,1474870
anglo,Church,0.000141708,1474870,1476237
anglo,Churchill,4.80648e-05,1476237,1476701
anglo,Churchwell,1.08347e-05,1476701,1476806
anglo,Ciccone,1.50775e-05,1476806,1476952
anglo,Cicero,1.33529e-05,1476952,1477082
anglo,Cimino,1.92377e-05,1477082,1477268
anglo,Cioffi,1.15379e-05,1477268,1477380
anglo,Cirillo,1.45039e-05,1477380,1477521
anglo,Cisco,1.19504e-05,1477521,1477637
anglo,Clack,1.37693e-05,1477637,1477771
anglo,Clafferty,1.29974e-05,1477771,1477897
anglo,Claffey,1.48942e-05,1477897,1478042
anglo,Clair,3.6052e-05,1478042,1478391
anglo,Clancy,6.11902e-05,1478391,1478982
anglo,Clapp,3.41345e-05,1478982,1479312
anglo,Clapper,1.94224e-05,1479312,1479500
anglo,Clare,3.08425e-05,1479500,1479798
anglo,Claridge,0.000304592,1479798,1482736
anglo,Clark,0.00221047,1482736,1504051
anglo,Clarke,0.00146301,1504051,1518159
anglo,Clarkson,3.53719e-05,1518159,1518501
anglo,Clary,4.37592e-05,1518501,1518924
anglo,Classon,1.16819e-05,1518924,1519038
anglo,Claus,1.44332e-05,1519038,1519178
anglo,Clausen,3.4987e-05,1519178,1519516
anglo,Clauson,9.2319e-06,1519516,1519606
anglo,Claussen,1.35807e-05,1519606,1519738
anglo,Clavin,1.80025e-05,1519738,1519913
anglo,Clawson,4.17636e-05,1519913,1520317
anglo,Claxton,2.27301e-05,1520317,1520537
anglo,Claypool,1.7191e-05,1520537,1520704
anglo,Clayton,0.000222501,1520704,1522850
anglo,Clear,2.55179e-05,1522850,1523097
anglo,Cleary,0.000113325,1523097,1524191
anglo,Cleaver,1.77135e-05,1524191,1524363
anglo,Clegg,3.16045e-05,1524363,1524669
anglo,Cleghorn,8.78799e-06,1524669,1524755
anglo,Cleland,1.61696e-05,1524755,1524912
anglo,Clem,3.18481e-05,1524912,1525220
anglo,Clemens,5.59061e-05,1525220,1525760
anglo,Clements,0.000185521,1525760,1527550
anglo,Clemmer,1.35297e-05,1527550,1527681
anglo,Clenaghan,1.16569e-05,1527681,1527794
anglo,Clendenin,9.09441e-06,1527794,1527883
anglo,Clerkin,1.95859e-05,1527883,1528073
anglo,Clery,1.29101e-05,1528073,1528198
anglo,Clevenger,4.8823e-05,1528198,1528670
anglo,Click,2.44194e-05,1528670,1528906
anglo,Cliff,9.40869e-06,1528906,1528998
anglo,Clifford,0.000621603,1528998,1534993
anglo,Clift,1.67196e-05,1534993,1535155
anglo,Clifton,9.72611e-05,1535155,1536094
anglo,Cline,0.000197437,1536094,1537999
anglo,Clinten,2.12792e-05,1537999,1538205
anglo,Clinton,9.29004e-05,1538205,1539102
anglo,Clodfelter,9.33012e-06,1539102,1539193
anglo,Clogherty,1.40436e-05,1539193,1539329
anglo,Cloherty,1.52905e-05,1539329,1539477
anglo,Clohessey,3.13056e-05,1539477,1539780
anglo,Clohessy,1.91054e-05,1539780,1539965
anglo,Cloney,1.71321e-05,1539965,1540131
anglo,Cloninger,9.73868e-06,1540131,1540226
anglo,Clontz,1.00765e-05,1540226,1540324
anglo,Cloonan,4.58716e-05,1540324,1540767
anglo,Cloone,1.21517e-05,1540767,1540885
anglo,Clooney,1.68913e-05,1540885,1541049
anglo,Close,3.72183e-05,1541049,1541409
anglo,Clough,3.6688e-05,1541409,1541764
anglo,Clouse,3.46059e-05,1541764,1542099
anglo,Clouser,1.18168e-05,1542099,1542214
anglo,Cloutier,2.93103e-05,1542214,1542498
anglo,Clover,9.92332e-06,1542498,1542595
anglo,Clow,1.08072e-05,1542595,1542700
anglo,Clowers,1.00451e-05,1542700,1542798
anglo,Cloyd,1.36514e-05,1542798,1542931
anglo,Clubb,9.73475e-06,1542931,1543026
anglo,Cluff,1.37889e-05,1543026,1543160
anglo,Clune,1.46907e-05,1543160,1543303
anglo,Clunies-Ross,0.000304592,1543303,1546241
anglo,Clutter,1.22411e-05,1546241,1546360
anglo,Clyde,1.43703e-05,1546360,1546500
anglo,Clymer,1.30779e-05,1546500,1546627
anglo,Coady,2.89519e-05,1546627,1546907
anglo,Coakley,4.60746e-05,1546907,1547352
anglo,Coan,1.18797e-05,1547352,1547468
anglo,Coates,9.3203e-05,1547468,1548368
anglo,Coats,6.26316e-05,1548368,1548973
anglo,Coble,3.61576e-05,1548973,1549323
anglo,Coblentz,1.45903e-05,1549323,1549465
anglo,Coburn,5.39811e-05,1549465,1549987
anglo,Cochran,0.000233155,1549987,1552236
anglo,Cochrane,3.28224e-05,1552236,1552553
anglo,Cockerham,1.89745e-05,1552553,1552737
anglo,Cockrell,3.7183e-05,1552737,1553097
anglo,Cockrum,9.08262e-06,1553097,1553186
anglo,Coco,1.28225e-05,1553186,1553311
anglo,Coddington,1.52071e-05,1553311,1553459
anglo,Cody,9.02808e-05,1553459,1554331
anglo,Coe,6.60729e-05,1554331,1554969
anglo,Coelho,2.19719e-05,1554969,1555182
anglo,Coen,3.08599e-05,1555182,1555481
anglo,Cofer,1.79178e-05,1555481,1555655
anglo,Coffelt,1.16008e-05,1555655,1555768
anglo,Coffey,0.000155554,1555768,1557269
anglo,Coffin,3.26534e-05,1557269,1557585
anglo,Coffman,9.81332e-05,1557585,1558532
anglo,Cogan,3.11471e-05,1558532,1558833
anglo,Cogar,1.09054e-05,1558833,1558939
anglo,Cogburn,1.05322e-05,1558939,1559042
anglo,Cogdill,9.06298e-06,1559042,1559130
anglo,Coggins,3.03356e-05,1559130,1559424
anglo,Cogley,1.81574e-05,1559424,1559600
anglo,Cogswell,1.32939e-05,1559600,1559729
anglo,Cohalan,1.14104e-05,1559729,1559840
anglo,Cohan,9.74261e-06,1559840,1559935
anglo,Cohen,0.000372906,1559935,1563532
anglo,Cohn,3.70298e-05,1563532,1563890
anglo,Coholan,1.15156e-05,1563890,1564002
anglo,Coker,9.17219e-05,1564002,1564887
anglo,Colangelo,1.29915e-05,1564887,1565013
anglo,Colburn,3.93043e-05,1565013,1565393
anglo,Colby,4.43053e-05,1565393,1565821
anglo,Cole,0.0014627,1565821,1579926
anglo,Colegrove,1.03279e-05,1579926,1580027
anglo,Colella,1.63032e-05,1580027,1580185
anglo,Coleman,0.00176703,1580185,1597225
anglo,Coles,5.67625e-05,1597225,1597773
anglo,Coley,0.000588742,1597773,1603451
anglo,Colfer,2.06515e-05,1603451,1603651
anglo,Colgan,3.61639e-05,1603651,1604001
anglo,Colhoun,1.61367e-05,1604001,1604158
anglo,Coll,1.93159e-05,1604158,1604345
anglo,Collard,1.59221e-05,1604345,1604500
anglo,Collen,1.90689e-05,1604500,1604685
anglo,Colleneler,1.27081e-05,1604685,1604809
anglo,Colleran,2.51619e-05,1604809,1605053
anglo,Collett,3.16792e-05,1605053,1605359
anglo,Collette,1.93556e-05,1605359,1605547
anglo,Colley,4.77999e-05,1605547,1606009
anglo,Collie,1.15222e-05,1606009,1606121
anglo,Collier,0.00023273,1606121,1608366
anglo,Colligan,1.39573e-05,1608366,1608502
anglo,Collinder,2.3193e-05,1608502,1608727
anglo,Collings,1.21508e-05,1608727,1608845
anglo,Collins,0.00130761,1608845,1621455
anglo,Collinsworth,1.16361e-05,1621455,1621568
anglo,Collis,0.000574809,1621568,1627112
anglo,Collison,1.09211e-05,1627112,1627218
anglo,Collum,1.40168e-05,1627218,1627354
anglo,Colly,1.57202e-05,1627354,1627507
anglo,Colombo,2.04477e-05,1627507,1627705
anglo,Colonna,9.26726e-06,1627705,1627795
anglo,Colreavy,1.60061e-05,1627795,1627950
anglo,Colson,3.81454e-05,1627950,1628319
anglo,Colton,2.63365e-05,1628319,1628574
anglo,Colucci,1.58357e-05,1628574,1628728
anglo,Colum,1.63845e-05,1628728,1628887
anglo,Colvin,8.83867e-05,1628887,1629740
anglo,Colwell,3.98347e-05,1629740,1630125
anglo,Colyer,1.22804e-05,1630125,1630244
anglo,Comber,1.24005e-05,1630244,1630365
anglo,Combre,1.32056e-05,1630365,1630493
anglo,Combs,0.000213147,1630493,1632549
anglo,Comeau,2.20348e-05,1632549,1632762
anglo,Comeaux,2.77586e-05,1632762,1633031
anglo,Comer,0.000108922,1633031,1634082
anglo,Comerford,2.38113e-05,1634082,1634313
anglo,Comfort,1.40011e-05,1634313,1634449
anglo,Comisky,7.72134e-05,1634449,1635195
anglo,Commins,4.6386e-05,1635195,1635643
anglo,Como,9.78189e-06,1635643,1635738
anglo,Compton,0.000140757,1635738,1637096
anglo,Comstock,4.08168e-05,1637096,1637491
anglo,Comyn,1.14416e-05,1637491,1637602
anglo,Conant,2.11587e-05,1637602,1637807
anglo,Conard,1.76074e-05,1637807,1637978
anglo,Conaty,1.15992e-05,1637978,1638091
anglo,Conaway,3.24649e-05,1638091,1638405
anglo,Conboy,1.20039e-05,1638405,1638522
anglo,Concannon,2.0528e-05,1638522,1638721
anglo,Conder,1.22765e-05,1638721,1638840
anglo,Condon,7.18783e-05,1638840,1639534
anglo,Condren,1.3488e-05,1639534,1639665
anglo,Condron,1.86585e-05,1639665,1639846
anglo,Cone,3.90294e-05,1639846,1640223
anglo,Conefrey,1.35311e-05,1640223,1640354
anglo,Confer,1.43664e-05,1640354,1640494
anglo,Conforti,9.51083e-06,1640494,1640587
anglo,Congdon,1.53603e-05,1640587,1640736
anglo,Conger,2.64661e-05,1640736,1640992
anglo,Conkle,8.79192e-06,1640992,1641078
anglo,Conklin,9.36783e-05,1641078,1641982
anglo,Conlan,7.3481e-05,1641982,1642692
anglo,Conley,0.000219668,1642692,1644811
anglo,Conlin,1.73206e-05,1644811,1644979
anglo,Conlon,5.07969e-05,1644979,1645470
anglo,Conmee,1.28392e-05,1645470,1645595
anglo,Conmy,1.80332e-05,1645595,1645770
anglo,Conn,5.92767e-05,1645770,1646343
anglo,Connachton,1.25844e-05,1646343,1646465
anglo,Connaghy,4.04384e-05,1646465,1646856
anglo,Connally,9.62868e-06,1646856,1646950
anglo,Connaughton,2.33249e-05,1646950,1647176
anglo,Conneeley,2.23284e-05,1647176,1647392
anglo,Conneely,2.45194e-05,1647392,1647629
anglo,Connell,0.0001001,1647629,1648595
anglo,Connellan,2.17848e-05,1648595,1648806
anglo,Connelly,0.000108955,1648806,1649858
anglo,Conner,0.000253669,1649858,1652305
anglo,Conners,2.17166e-05,1652305,1652515
anglo,Connery,1.25257e-05,1652515,1652637
anglo,Connole,1.27841e-05,1652637,1652761
anglo,Connolly,0.000459868,1652761,1657196
anglo,Connor,0.00012969,1657196,1658448
anglo,Connors,8.94484e-05,1658448,1659312
anglo,Conole,3.63148e-05,1659312,1659663
anglo,Conover,3.4327e-05,1659663,1659995
anglo,Conrad,0.000159916,1659995,1661538
anglo,Conree,2.48881e-05,1661538,1661779
anglo,Conroy,7.7884e-05,1661779,1662531
anglo,Conry,1.43074e-05,1662531,1662670
anglo,Considine,3.08441e-05,1662670,1662968
anglo,Constable,1.22765e-05,1662968,1663087
anglo,Constantine,2.07109e-05,1663087,1663288
anglo,Converse,1.72853e-05,1663288,1663456
anglo,Convey,1.12652e-05,1663456,1663566
anglo,Conway,0.000629157,1663566,1669634
anglo,Conwell,2.66292e-05,1669634,1669892
anglo,Coogan,2.22006e-05,1669892,1670107
anglo,Cook,0.00281862,1670107,1697287
anglo,Cooke,0.000470394,1697287,1701824
anglo,Cooksey,2.64779e-05,1701824,1702080
anglo,Cooksley,0.00066776,1702080,1708520
anglo,Cookson,1.25043e-05,1708520,1708642
anglo,Cool,1.94774e-05,1708642,1708831
anglo,Coolahan,2.18757e-05,1708831,1709043
anglo,Cooley,0.000130547,1709043,1710303
anglo,Coolidge,1.16204e-05,1710303,1710416
anglo,Coombs,3.84204e-05,1710416,1710787
anglo,Coomer,1.70142e-05,1710787,1710952
anglo,Coomes,1.00294e-05,1710952,1711050
anglo,Coon,6.71651e-05,1711050,1711699
anglo,Coonan,1.32339e-05,1711699,1711828
anglo,Cooney,6.23533e-05,1711828,1712430
anglo,Coons,3.32584e-05,1712430,1712752
anglo,Cooper,0.00110308,1712752,1723389
anglo,Coots,1.42839e-05,1723389,1723528
anglo,Cope,7.23231e-05,1723528,1724226
anglo,Copenhaver,1.61578e-05,1724226,1724383
anglo,Copley,2.58022e-05,1724383,1724633
anglo,Copp,1.36279e-05,1724633,1724765
anglo,Coppock,9.62868e-06,1724765,1724859
anglo,Corbett,0.000397714,1724859,1728695
anglo,Corbin,0.000105582,1728695,1729714
anglo,Corbitt,2.35787e-05,1729714,1729942
anglo,Corcoran,8.21545e-05,1729942,1730735
anglo,Cordeiro,1.62167e-05,1730735,1730892
anglo,Cordell,3.58237e-05,1730892,1731238
anglo,Corder,2.70554e-05,1731238,1731500
anglo,Cordes,2.37083e-05,1731500,1731730
anglo,Cordle,1.29482e-05,1731730,1731856
anglo,Corduff,1.65484e-05,1731856,1732017
anglo,Corey,6.11624e-05,1732017,1732608
anglo,Corish,2.2769e-05,1732608,1732829
anglo,Cork,1.05165e-05,1732829,1732931
anglo,Corkery,1.71939e-05,1732931,1733098
anglo,Corless,7.4908e-05,1733098,1733821
anglo,Corlett,0.000292877,1733821,1736646
anglo,Corley,8.46275e-05,1736646,1737463
anglo,Corliss,1.24965e-05,1737463,1737584
anglo,Cormack,1.54427e-05,1737584,1737734
anglo,Cormican,1.70449e-05,1737734,1737899
anglo,Cormick,1.37257e-05,1737899,1738032
anglo,Cormier,6.8265e-05,1738032,1738691
anglo,Cormy,2.39237e-05,1738691,1738923
anglo,Corn,2.56451e-05,1738923,1739171
anglo,Cornelison,1.42093e-05,1739171,1739309
anglo,Cornelius,7.9198e-05,1739309,1740074
anglo,Cornell,8.469e-05,1740074,1740892
anglo,Corner,8.86263e-06,1740892,1740978
anglo,Cornett,6.18066e-05,1740978,1741575
anglo,Cornwall,9.94296e-06,1741575,1741672
anglo,Cornwell,4.78016e-05,1741672,1742134
anglo,Corr,3.08402e-05,1742134,1742432
anglo,Corrado,1.57964e-05,1742432,1742585
anglo,Correll,2.58375e-05,1742585,1742835
anglo,Corridan,4.53739e-05,1742835,1743274
anglo,Corrigan,7.65123e-05,1743274,1744013
anglo,Corriveau,1.03279e-05,1744013,1744114
anglo,Corry,3.40313e-05,1744114,1744443
anglo,Corso,1.88488e-05,1744443,1744626
anglo,Corson,2.06952e-05,1744626,1744827
anglo,Corum,1.44528e-05,1744827,1744967
anglo,Corwin,2.70554e-05,1744967,1745229
anglo,Cory,2.30955e-05,1745229,1745453
anglo,Cosentino,1.69396e-05,1745453,1745617
anglo,Cosgrave,1.32542e-05,1745617,1745746
anglo,Cosgrove,5.17243e-05,1745746,1746246
anglo,Cosner,9.41261e-06,1746246,1746338
anglo,Cosper,9.71904e-06,1746338,1746433
anglo,Cossey,9.55011e-06,1746433,1746526
anglo,Costantino,1.33097e-05,1746526,1746655
anglo,Costanza,1.23236e-05,1746655,1746775
anglo,Costanzo,2.3453e-05,1746775,1747002
anglo,Costello,0.000656529,1747002,1753334
anglo,Costelloe,6.1363e-05,1753334,1753927
anglo,Costigan,2.31382e-05,1753927,1754151
anglo,Costner,1.10704e-05,1754151,1754259
anglo,Cote,8.425e-05,1754259,1755072
anglo,Cothran,1.57335e-05,1755072,1755225
anglo,Cotner,1.05165e-05,1755225,1755327
anglo,Cotten,2.24669e-05,1755327,1755545
anglo,Cotter,6.23839e-05,1755545,1756148
anglo,Cottingham,1.65231e-05,1756148,1756308
anglo,Cottle,2.00666e-05,1756308,1756502
anglo,Cottrell,6.6509e-05,1756502,1757144
anglo,Cottrill,1.45707e-05,1757144,1757285
anglo,Couch,0.000104556,1757285,1758294
anglo,Coughlan,1.95076e-05,1758294,1758483
anglo,Coughlin,5.67035e-05,1758483,1759031
anglo,Coulson,1.95088e-05,1759031,1759220
anglo,Coulter,8.15433e-05,1759220,1760007
anglo,Counihan,1.17352e-05,1760007,1760121
anglo,Countryman,1.62796e-05,1760121,1760279
anglo,Counts,3.81572e-05,1760279,1760648
anglo,Courcey,1.77627e-05,1760648,1760820
anglo,Cournane,1.98675e-05,1760820,1761013
anglo,Cournoyer,9.80546e-06,1761013,1761109
anglo,Coursey,1.51718e-05,1761109,1761256
anglo,Courson,1.2744e-05,1761256,1761380
anglo,Court,9.93903e-06,1761380,1761477
anglo,Courtenay,1.16156e-05,1761477,1761590
anglo,Courter,1.08583e-05,1761590,1761696
anglo,Courtney,0.00013119,1761696,1762962
anglo,Courtright,1.20761e-05,1762962,1763079
anglo,Courville,1.32743e-05,1763079,1763208
anglo,Cousineau,8.79977e-06,1763208,1763294
anglo,Cousins,5.45147e-05,1763294,1763821
anglo,Coutts,0.000292877,1763821,1766646
anglo,Couture,3.34234e-05,1766646,1766969
anglo,Covell,1.23315e-05,1766969,1767089
anglo,Cover,1.45314e-05,1767089,1767230
anglo,Covert,3.28774e-05,1767230,1767548
anglo,Covey,3.30541e-05,1767548,1767868
anglo,Cowan,0.000143373,1767868,1769251
anglo,Cowart,4.56528e-05,1769251,1769692
anglo,Cowden,1.61499e-05,1769692,1769849
anglo,Cowell,2.59986e-05,1769849,1770101
anglo,Cowely,1.11642e-05,1770101,1770210
anglo,Cowen,4.01175e-05,1770210,1770598
anglo,Cowgill,1.0324e-05,1770598,1770699
anglo,Cowles,2.44154e-05,1770699,1770935
anglo,Cowley,6.50819e-05,1770935,1771564
anglo,Cox,0.00182418,1771564,1789155
anglo,Coyle,9.07089e-05,1789155,1790031
anglo,Coyne,5.72645e-05,1790031,1790584
anglo,Cozad,9.62868e-06,1790584,1790678
anglo,Crabb,2.29855e-05,1790678,1790901
anglo,Crabtree,0.000102549,1790901,1791891
anglo,Craddock,3.44605e-05,1791891,1792224
anglo,Craft,0.000123558,1792224,1793416
anglo,Crafton,1.59339e-05,1793416,1793571
anglo,Cragg,0.000351453,1793571,1796961
anglo,Crahan,1.25636e-05,1796961,1797083
anglo,Craig,0.000804585,1797083,1804842
anglo,Crain,6.93375e-05,1804842,1805512
anglo,Craine,2.22003e-05,1805512,1805727
anglo,Cram,1.43861e-05,1805727,1805867
anglo,Cramer,0.00011664,1805867,1806993
anglo,Crampsey,2.74785e-05,1806993,1807259
anglo,Crampsie,1.24474e-05,1807259,1807380
anglo,Crampton,1.09369e-05,1807380,1807486
anglo,Crandall,6.59237e-05,1807486,1808123
anglo,Crandell,1.62678e-05,1808123,1808281
anglo,Crane,0.000168598,1808281,1809908
anglo,Cranford,3.48966e-05,1809908,1810245
anglo,Crangle,1.4724e-05,1810245,1810388
anglo,Crank,1.65153e-05,1810388,1810548
anglo,Cranley,1.59138e-05,1810548,1810702
anglo,Cranly,2.29993e-05,1810702,1810925
anglo,Cranmer,9.73868e-06,1810925,1811020
anglo,Cranston,1.25711e-05,1811020,1811142
anglo,Craven,0.000512955,1811142,1816089
anglo,Cravens,2.39794e-05,1816089,1816321
anglo,Craver,1.5761e-05,1816321,1816474
anglo,Craw,0.000328022,1816474,1819638
anglo,Crawford,0.00146612,1819638,1833776
anglo,Crawley,6.26714e-05,1833776,1834381
anglo,Cray,1.06815e-05,1834381,1834485
anglo,Creager,1.2579e-05,1834485,1834607
anglo,Creamer,3.24295e-05,1834607,1834921
anglo,Crean,1.22022e-05,1834921,1835040
anglo,Creason,9.57368e-06,1835040,1835133
anglo,Creasy,1.37732e-05,1835133,1835267
anglo,Creech,5.60357e-05,1835267,1835808
anglo,Creed,3.08657e-05,1835808,1836107
anglo,Creedon,1.14996e-05,1836107,1836219
anglo,Creek,1.59182e-05,1836219,1836373
anglo,Creekmore,1.25436e-05,1836373,1836495
anglo,Creel,3.46295e-05,1836495,1836830
anglo,Cregan,1.14338e-05,1836830,1836941
anglo,Crehan,1.50466e-05,1836941,1837087
anglo,Creighton,2.86071e-05,1837087,1837364
anglo,Cremeans,1.08622e-05,1837364,1837470
anglo,Cremin,2.17488e-05,1837470,1837681
anglo,Cress,2.18619e-05,1837681,1837893
anglo,Cresswell,0.000784911,1837893,1845463
anglo,Creswell,1.00412e-05,1845463,1845561
anglo,Crews,9.51436e-05,1845561,1846479
anglo,Cribb,1.40561e-05,1846479,1846616
anglo,Cribbons,1.19798e-05,1846616,1846733
anglo,Cribbs,1.82438e-05,1846733,1846910
anglo,Crick,9.54618e-06,1846910,1847003
anglo,Crider,4.17243e-05,1847003,1847406
anglo,Crilly,2.17309e-05,1847406,1847617
anglo,Crim,1.78824e-05,1847617,1847790
anglo,Crimmins,2.49595e-05,1847790,1848032
anglo,Criner,8.72906e-06,1848032,1848117
anglo,Crinion,1.60421e-05,1848117,1848273
anglo,Cripe,1.34314e-05,1848273,1848404
anglo,Crippen,1.27361e-05,1848404,1848528
anglo,Cripps,1.14004e-05,1848528,1848639
anglo,Crisman,9.67582e-06,1848639,1848733
anglo,Crisp,5.00526e-05,1848733,1849217
anglo,Criss,1.86131e-05,1849217,1849397
anglo,Crissman,8.85084e-06,1849397,1849483
anglo,Crist,4.13196e-05,1849483,1849882
anglo,Criswell,3.17303e-05,1849882,1850189
anglo,Crites,2.89253e-05,1850189,1850469
anglo,Croad,0.000304592,1850469,1853407
anglo,Croal,1.71762e-05,1853407,1853574
anglo,Croce,1.05204e-05,1853574,1853676
anglo,Crochet,9.90367e-06,1853676,1853772
anglo,Crocker,8.00229e-05,1853772,1854545
anglo,Croft,5.12548e-05,1854545,1855040
anglo,Crohan,1.13231e-05,1855040,1855150
anglo,Crolly,2.74063e-05,1855150,1855415
anglo,Cromer,3.12392e-05,1855415,1855717
anglo,Cron,9.29476e-06,1855717,1855808
anglo,Crone,2.18227e-05,1855808,1856019
anglo,Cronelly,1.52594e-05,1856019,1856167
anglo,Cronin,0.000104667,1856167,1857177
anglo,Cronk,2.14337e-05,1857177,1857385
anglo,Cronly,1.13819e-05,1857385,1857496
anglo,Crook,5.7065e-05,1857496,1858047
anglo,Crooks,4.02432e-05,1858047,1858436
anglo,Cropper,1.44136e-05,1858436,1858576
anglo,Crosbie,3.7454e-05,1858576,1858938
anglo,Crosby,0.000176051,1858938,1860637
anglo,Cross,0.000320053,1860637,1863724
anglo,Crossan,3.77325e-05,1863724,1864089
anglo,Crossland,1.42839e-05,1864089,1864228
anglo,Crossley,2.30915e-05,1864228,1864452
anglo,Crossman,1.76663e-05,1864452,1864623
anglo,Crota,1.96918e-05,1864623,1864814
anglo,Croteau,1.77763e-05,1864814,1864986
anglo,Crothers,1.06579e-05,1864986,1865090
anglo,Crotts,9.69154e-06,1865090,1865184
anglo,Crotty,3.00609e-05,1865184,1865475
anglo,Crouch,9.39808e-05,1865475,1866382
anglo,Crouse,5.34193e-05,1866382,1866898
anglo,Crow,9.46329e-05,1866898,1867811
anglo,Crowe,0.000136787,1867811,1869131
anglo,Crowell,6.86186e-05,1869131,1869794
anglo,Crowl,1.17186e-05,1869794,1869908
anglo,Crowley,0.000137949,1869908,1871239
anglo,Crown,9.61297e-06,1871239,1871333
anglo,Crownover,9.2319e-06,1871333,1871423
anglo,Crowson,1.09408e-05,1871423,1871529
anglo,Crowther,1.52425e-05,1871529,1871677
anglo,Croy,1.57846e-05,1871677,1871830
anglo,Crozier,1.78392e-05,1871830,1872003
anglo,Crudden,2.1031e-05,1872003,1872207
anglo,Cruise,4.07982e-05,1872207,1872601
anglo,Crum,7.04925e-05,1872601,1873282
anglo,Crumb,8.92156e-06,1873282,1873369
anglo,Crumley,1.59653e-05,1873369,1873524
anglo,Crumpler,1.24375e-05,1873524,1873645
anglo,Cruse,3.38398e-05,1873645,1873972
anglo,Cryan,1.76752e-05,1873972,1874143
anglo,Cryer,1.24454e-05,1874143,1874264
anglo,Cuddihy,1.15856e-05,1874264,1874377
anglo,Cuffe,1.2536e-05,1874377,1874499
anglo,Culbert,9.55404e-06,1874499,1874592
anglo,Culbertson,4.02275e-05,1874592,1874981
anglo,Culbreth,1.15065e-05,1874981,1875093
anglo,Culhane,2.7193e-05,1875093,1875356
anglo,Cullen,0.000106343,1875356,1876382
anglo,Culler,1.31329e-05,1876382,1876510
anglo,Culley,1.38361e-05,1876510,1876644
anglo,Culligan,4.09086e-05,1876644,1877039
anglo,Cullinan,2.84858e-05,1877039,1877315
anglo,Cullinane,1.12627e-05,1877315,1877425
anglo,Cullison,1.00726e-05,1877425,1877523
anglo,Culloty,1.24239e-05,1877523,1877644
anglo,Cullum,1.74228e-05,1877644,1877813
anglo,Cully,1.84685e-05,1877813,1877992
anglo,Culp,5.13883e-05,1877992,1878489
anglo,Culpepper,3.9815e-05,1878489,1878874
anglo,Culver,6.90075e-05,1878874,1879540
anglo,Cumberland,8.77227e-06,1879540,1879626
anglo,Cumiskey,1.96784e-05,1879626,1879817
anglo,Cumisky,1.31656e-05,1879817,1879945
anglo,Cumming,0.000339993,1879945,1883224
anglo,Cummings,0.000311591,1883224,1886230
anglo,Cummins,9.54361e-05,1886230,1887151
anglo,Cummiskey,1.18064e-05,1887151,1887266
anglo,Cummisky,1.42212e-05,1887266,1887404
anglo,Cundiff,2.46826e-05,1887404,1887643
anglo,Cunnane,1.74204e-05,1887643,1887812
anglo,Cunneen,1.59918e-05,1887812,1887967
anglo,Cunningham,0.000918449,1887967,1896824
anglo,Cunny,3.55843e-05,1896824,1897168
anglo,Cupp,2.85325e-05,1897168,1897444
anglo,Curcio,1.72067e-05,1897444,1897611
anglo,Curl,2.09584e-05,1897611,1897814
anglo,Curlee,9.3144e-06,1897814,1897905
anglo,Curley,6.06465e-05,1897905,1898491
anglo,Curnane,1.61001e-05,1898491,1898647
anglo,Curneen,2.74423e-05,1898647,1898913
anglo,Curnyn,2.07757e-05,1898913,1899114
anglo,Curran,0.000180635,1899114,1900857
anglo,Current,9.95867e-06,1900857,1900954
anglo,Currey,1.04969e-05,1900954,1901056
anglo,Currie,0.00102026,1901056,1910895
anglo,Currier,4.13e-05,1910895,1911294
anglo,Currin,1.18876e-05,1911294,1911410
anglo,Curry,0.000330971,1911410,1914602
anglo,Curtin,5.00904e-05,1914602,1915086
anglo,Curtis,0.000950372,1915086,1924251
anglo,Curtiss,2.16066e-05,1924251,1924460
anglo,Cusack,3.5864e-05,1924460,1924807
anglo,Cushing,2.54565e-05,1924807,1925053
anglo,Cushman,2.90707e-05,1925053,1925334
anglo,Cusick,2.00313e-05,1925334,1925528
anglo,Custer,4.23882e-05,1925528,1925938
anglo,Cusumano,1.11019e-05,1925938,1926046
anglo,Cuthbert,1.03201e-05,1926046,1926147
anglo,Cutler,6.13666e-05,1926147,1926740
anglo,Cutlip,1.16833e-05,1926740,1926854
anglo,Cutright,1.05244e-05,1926854,1926956
anglo,Cutshall,1.03397e-05,1926956,1927057
anglo,Cutter,1.79256e-05,1927057,1927231
anglo,Cutting,1.26222e-05,1927231,1927354
anglo,Cutts,9.63261e-06,1927354,1927448
anglo,Cyr,4.64699e-05,1927448,1927897
anglo,Czarnecki,1.63581e-05,1927897,1928056
anglo,Czech,9.63654e-06,1928056,1928150
anglo,D'Arcy,1.13409e-05,1928150,1928260
anglo,Dabbs,1.7741e-05,1928260,1928432
anglo,Daggett,1.97798e-05,1928432,1928624
anglo,Dagostino,3.2952e-05,1928624,1928943
anglo,Dahl,8.48471e-05,1928943,1929762
anglo,Dahlgren,1.21625e-05,1929762,1929880
anglo,Dahlin,9.71118e-06,1929880,1929975
anglo,Dahlke,1.17854e-05,1929975,1930090
anglo,Dahlstrom,1.06265e-05,1930090,1930193
anglo,Daigle,5.53286e-05,1930193,1930727
anglo,Daiken,1.73378e-05,1930727,1930895
anglo,Dail,1.43743e-05,1930895,1931035
anglo,Dailey,0.000128536,1931035,1932275
anglo,Daily,4.42974e-05,1932275,1932703
anglo,Dake,1.28736e-05,1932703,1932828
anglo,Dale,0.000116899,1932828,1933956
anglo,Dalessandro,2.18384e-05,1933956,1934168
anglo,Dalessio,1.06304e-05,1934168,1934271
anglo,Daley,9.78228e-05,1934271,1935215
anglo,Dalrymple,2.68825e-05,1935215,1935475
anglo,Dalton,0.000673054,1935475,1941966
anglo,Daly,0.000134502,1941966,1943264
anglo,Dalziel,0.000281162,1943264,1945976
anglo,Damato,2.67293e-05,1945976,1946235
anglo,Dambrosio,1.67942e-05,1946235,1946398
anglo,Dame,1.43271e-05,1946398,1946537
anglo,Dameron,1.53878e-05,1946537,1946686
anglo,Damiano,1.1314e-05,1946686,1946796
anglo,Damico,5.14983e-05,1946796,1947294
anglo,Damm,9.91939e-06,1947294,1947391
anglo,Damon,2.96796e-05,1947391,1947678
anglo,Damore,1.31172e-05,1947678,1947805
anglo,Damron,3.28184e-05,1947805,1948122
anglo,Danaher,1.75323e-05,1948122,1948292
anglo,Dandrea,2.08602e-05,1948292,1948494
anglo,Dane,3.14735e-05,1948494,1948798
anglo,Danford,1.05754e-05,1948798,1948901
anglo,Danforth,1.66528e-05,1948901,1949063
anglo,Dangelo,3.45784e-05,1949063,1949397
anglo,Daniel,0.000330708,1949397,1952587
anglo,Daniell,1.01158e-05,1952587,1952686
anglo,Daniels,0.000587876,1952686,1958356
anglo,Danielson,5.04141e-05,1958356,1958843
anglo,Danis,1.04144e-05,1958843,1958944
anglo,Danko,1.66449e-05,1958944,1959105
anglo,Danley,1.73638e-05,1959105,1959273
anglo,Dann,1.46728e-05,1959273,1959415
anglo,Danna,1.53367e-05,1959415,1959564
anglo,Danner,4.23725e-05,1959564,1959974
anglo,Dantonio,1.0108e-05,1959974,1960072
anglo,Darcy,3.03462e-05,1960072,1960366
anglo,Dare,1.36396e-05,1960366,1960499
anglo,Dargan,3.95446e-05,1960499,1960881
anglo,Darling,7.41656e-05,1960881,1961597
anglo,Darlington,1.252e-05,1961597,1961719
anglo,Darmody,1.5942e-05,1961719,1961874
anglo,Darnell,7.03785e-05,1961874,1962554
anglo,Darr,2.62304e-05,1962554,1962808
anglo,Darrah,1.33961e-05,1962808,1962938
anglo,Darrow,2.27498e-05,1962938,1963158
anglo,Dart,1.41189e-05,1963158,1963295
anglo,Dasey,3.31762e-05,1963295,1963616
anglo,Dasher,1.25907e-05,1963616,1963738
anglo,Daugherty,0.000137445,1963738,1965064
anglo,Daum,1.23904e-05,1965064,1965184
anglo,Davenport,0.000614763,1965184,1971113
anglo,Davern,1.5417e-05,1971113,1971263
anglo,Daves,1.24258e-05,1971263,1971384
anglo,Davey,0.000663745,1971384,1977785
anglo,Davidson,0.00129863,1977785,1990308
anglo,Davie,1.33843e-05,1990308,1990438
anglo,Davies,0.00140954,1990438,2004031
anglo,Davin,1.9216e-05,2004031,2004217
anglo,Davis,0.00615739,2004217,2063591
anglo,Davison,0.000438963,2063591,2067825
anglo,Davitt,1.86246e-05,2067825,2068006
anglo,Davoren,1.26124e-05,2068006,2068129
anglo,Davy,2.6086e-05,2068129,2068382
anglo,Daw,2.68124e-05,2068382,2068642
anglo,Dawes,2.50754e-05,2068642,2068885
anglo,Dawick,0.000386598,2068885,2072614
anglo,Dawley,9.58154e-06,2072614,2072707
anglo,Dawson,0.00085344,2072707,2080937
anglo,Day,0.00138983,2080937,2094339
anglo,Dayton,3.33684e-05,2094339,2094662
anglo,Deacon,2.66163e-05,2094662,2094920
anglo,Deacy,2.23479e-05,2094920,2095136
anglo,Deady,1.17749e-05,2095136,2095251
anglo,Deal,8.00072e-05,2095251,2096023
anglo,Dean,0.000931004,2096023,2105001
anglo,Deane,3.67986e-05,2105001,2105357
anglo,Deangelis,3.06067e-05,2105357,2105653
anglo,Deangelo,3.22331e-05,2105653,2105965
anglo,Dearborn,1.12276e-05,2105965,2106074
anglo,Deardorff,1.05676e-05,2106074,2106177
anglo,Dearing,2.27616e-05,2106177,2106397
anglo,Dearman,1.58317e-05,2106397,2106551
anglo,Dearmond,8.75263e-06,2106551,2106636
anglo,Dearth,9.38512e-06,2106636,2106727
anglo,Dease,1.72654e-05,2106727,2106894
anglo,Deason,2.17598e-05,2106894,2107105
anglo,Deasy,3.28617e-05,2107105,2107423
anglo,Deatherage,1.1699e-05,2107423,2107537
anglo,Deaton,5.52029e-05,2107537,2108070
anglo,Deaver,1.85777e-05,2108070,2108250
anglo,Deboer,3.06342e-05,2108250,2108546
anglo,Debolt,1.12826e-05,2108546,2108656
anglo,Debord,1.61067e-05,2108656,2108812
anglo,Decamp,1.0218e-05,2108812,2108912
anglo,Decarlo,2.31348e-05,2108912,2109136
anglo,Decesare,9.70332e-06,2109136,2109231
anglo,Decicco,1.0764e-05,2109231,2109336
anglo,Deck,2.22666e-05,2109336,2109552
anglo,Deckard,2.36572e-05,2109552,2109781
anglo,Decker,0.000222257,2109781,2111925
anglo,Deckert,8.93334e-06,2111925,2112012
anglo,Dedrick,9.36547e-06,2112012,2112103
anglo,Dee,2.28519e-05,2112103,2112324
anglo,Deeds,1.12511e-05,2112324,2112433
anglo,Deegadan,1.28726e-05,2112433,2112558
anglo,Deegan,2.75603e-05,2112558,2112825
anglo,Deehan,1.38354e-05,2112825,2112959
anglo,Deel,1.75917e-05,2112959,2113130
anglo,Deeley,5.54717e-05,2113130,2113666
anglo,Deely,1.4538e-05,2113666,2113807
anglo,Deem,1.2799e-05,2113807,2113931
anglo,Deemer,1.0379e-05,2113931,2114032
anglo,Deen,1.75642e-05,2114032,2114202
anglo,Deeney,1.57885e-05,2114202,2114355
anglo,Deeny,1.37848e-05,2114355,2114489
anglo,Deer,1.13454e-05,2114489,2114599
anglo,Deere,1.38308e-05,2114599,2114733
anglo,Deering,2.33194e-05,2114733,2114959
anglo,Deery,2.67141e-05,2114959,2115218
anglo,Dees,4.27693e-05,2115218,2115631
anglo,Deese,2.603e-05,2115631,2115883
anglo,Deeter,9.77403e-06,2115883,2115978
anglo,Defalco,9.49511e-06,2115978,2116071
anglo,Defazio,1.15968e-05,2116071,2116184
anglo,Defelice,1.51168e-05,2116184,2116331
anglo,Defeo,1.08426e-05,2116331,2116437
anglo,Defilippo,1.16872e-05,2116437,2116551
anglo,Deford,9.14155e-06,2116551,2116640
anglo,Deforest,1.06344e-05,2116640,2116744
anglo,Defrancisco,1.03437e-05,2116744,2116845
anglo,Defranco,9.98224e-06,2116845,2116942
anglo,Degennaro,8.96084e-06,2116942,2117029
anglo,Degeorge,9.59725e-06,2117029,2117123
anglo,Degnan,1.00137e-05,2117123,2117221
anglo,Degraff,8.92941e-06,2117221,2117308
anglo,Degraw,9.5069e-06,2117308,2117401
anglo,Degroat,1.04851e-05,2117401,2117503
anglo,Degroot,2.13787e-05,2117503,2117710
anglo,Dehaan,1.25711e-05,2117710,2117832
anglo,Dehart,3.95126e-05,2117832,2118214
anglo,Dehaven,1.78038e-05,2118214,2118387
anglo,Dehn,8.92156e-06,2118387,2118474
anglo,Deigan,1.18878e-05,2118474,2118590
anglo,Deignan,1.25532e-05,2118590,2118712
anglo,Deitz,1.48653e-05,2118712,2118856
anglo,Dejong,2.4549e-05,2118856,2119094
anglo,Delahunty,1.73744e-05,2119094,2119263
anglo,Delancey,8.75656e-06,2119263,2119348
anglo,Delaney,0.000220919,2119348,2121479
anglo,Delano,2.11823e-05,2121479,2121684
anglo,Delap,1.12008e-05,2121684,2121793
anglo,Delargy,1.58717e-05,2121793,2121947
anglo,Delay,1.42053e-05,2121947,2122085
anglo,Deleo,1.38007e-05,2122085,2122219
anglo,Delisle,1.58749e-05,2122219,2122373
anglo,Delk,2.05145e-05,2122373,2122572
anglo,Dell,3.24295e-05,2122572,2122886
anglo,Dellinger,3.15849e-05,2122886,2123192
anglo,Delong,7.00996e-05,2123192,2123869
anglo,Delorenzo,1.43586e-05,2123869,2124008
anglo,Deloughrey,1.31259e-05,2124008,2124136
anglo,Deloughry,1.61809e-05,2124136,2124293
anglo,Delozier,1.15418e-05,2124293,2124405
anglo,Delp,2.01688e-05,2124405,2124600
anglo,Delph,8.75263e-06,2124600,2124685
anglo,Deluca,6.31148e-05,2124685,2125295
anglo,Delucia,1.47789e-05,2125295,2125438
anglo,Delvecchio,1.78667e-05,2125438,2125611
anglo,Demaio,1.39146e-05,2125611,2125746
anglo,Demarco,5.78703e-05,2125746,2126305
anglo,Demarest,1.14083e-05,2126305,2126416
anglo,Demaria,1.36514e-05,2126416,2126549
anglo,Demars,1.60949e-05,2126549,2126705
anglo,Demartino,1.09997e-05,2126705,2126812
anglo,Dement,1.7191e-05,2126812,2126979
anglo,Demeo,1.03397e-05,2126979,2127080
anglo,Demers,3.62401e-05,2127080,2127430
anglo,Deming,2.15359e-05,2127430,2127639
anglo,Demoss,2.12098e-05,2127639,2127845
anglo,Demott,9.86439e-06,2127845,2127941
anglo,Dempsey,0.000121197,2127941,2129111
anglo,Dempster,1.00765e-05,2129111,2129209
anglo,Demuth,1.03829e-05,2129209,2129310
anglo,Denham,3.20406e-05,2129310,2129620
anglo,Denihan,2.33471e-05,2129620,2129846
anglo,Denis,1.73196e-05,2129846,2130014
anglo,Denison,3.79499e-05,2130014,2130381
anglo,Denman,2.40933e-05,2130381,2130614
anglo,Dennehy,1.22053e-05,2130614,2130733
anglo,Dennett,9.67189e-06,2130733,2130827
anglo,Denney,5.0253e-05,2130827,2131313
anglo,Denning,4.945e-05,2131313,2131791
anglo,Dennis,0.000308314,2131791,2134765
anglo,Dennison,5.74696e-05,2134765,2135320
anglo,Denny,9.14879e-05,2135320,2136203
anglo,Densmore,1.56e-05,2136203,2136354
anglo,Denton,0.000108984,2136354,2137406
anglo,Deoliveira,1.59967e-05,2137406,2137561
anglo,Depalma,1.69867e-05,2137561,2137726
anglo,Depasquale,1.29247e-05,2137726,2137852
anglo,Depew,2.01727e-05,2137852,2138048
anglo,Depriest,1.68414e-05,2138048,2138211
anglo,Derby,2.28716e-05,2138211,2138433
anglo,Dermody,1.22629e-05,2138433,2138552
anglo,Dermott,1.74761e-05,2138552,2138722
anglo,Deroche,9.5619e-06,2138722,2138815
anglo,Derosa,3.23745e-05,2138815,2139128
anglo,Derose,1.62442e-05,2139128,2139286
anglo,Derosier,1.15458e-05,2139286,2139398
anglo,Derouen,1.14358e-05,2139398,2139509
anglo,Derr,2.92907e-05,2139509,2139792
anglo,Derrick,3.67901e-05,2139792,2140148
anglo,Derrig,3.41767e-05,2140148,2140479
anglo,Derry,1.65349e-05,2140479,2140639
anglo,Desalvo,1.15183e-05,2140639,2140751
anglo,Desantis,3.97443e-05,2140751,2141135
anglo,Desimone,3.29952e-05,2141135,2141454
anglo,Desjardins,1.70299e-05,2141454,2141619
anglo,Deskins,1.04458e-05,2141619,2141721
anglo,Desmarais,1.63817e-05,2141721,2141880
anglo,Desmond,4.06394e-05,2141880,2142273
anglo,Desousa,1.538e-05,2142273,2142422
anglo,Despain,1.55725e-05,2142422,2142573
anglo,Desrochers,9.88403e-06,2142573,2142669
anglo,Desrosiers,2.13041e-05,2142669,2142875
anglo,Destefano,2.77271e-05,2142875,2143143
anglo,Deters,9.0237e-06,2143143,2143231
anglo,Detrick,1.02022e-05,2143231,2143330
anglo,Detweiler,2.01098e-05,2143330,2143525
anglo,Detwiler,1.90492e-05,2143525,2143710
anglo,Deutsch,3.67744e-05,2143710,2144066
anglo,Devally,6.34869e-05,2144066,2144679
anglo,Devane,2.68535e-05,2144679,2144939
anglo,Devaney,3.11986e-05,2144939,2145241
anglo,Devanney,1.17465e-05,2145241,2145355
anglo,Devault,1.36554e-05,2145355,2145488
anglo,Devenney,1.23148e-05,2145488,2145608
anglo,Dever,3.58042e-05,2145608,2145954
anglo,Devereaux,1.55135e-05,2145954,2146105
anglo,Devereux,1.32746e-05,2146105,2146234
anglo,Devers,1.27204e-05,2146234,2146358
anglo,Devery,1.69251e-05,2146358,2146522
anglo,Deville,1.52307e-05,2146522,2146670
anglo,Devilly,1.32664e-05,2146670,2146799
anglo,Devin,1.62855e-05,2146799,2146957
anglo,Devine,0.000119197,2146957,2148107
anglo,Devita,9.71118e-06,2148107,2148202
anglo,Devito,3.07639e-05,2148202,2148500
anglo,Devitt,2.10415e-05,2148500,2148704
anglo,Devlin,6.33146e-05,2148704,2149316
anglo,Devoe,2.01059e-05,2149316,2149511
anglo,Devore,4.49613e-05,2149511,2149946
anglo,Devoy,1.28913e-05,2149946,2150071
anglo,Devries,5.34272e-05,2150071,2150587
anglo,Dew,2.45608e-05,2150587,2150825
anglo,Dewald,1.28657e-05,2150825,2150950
anglo,Dewar,1.11294e-05,2150950,2151058
anglo,Dewees,9.68368e-06,2151058,2151152
anglo,Deweese,2.3944e-05,2151152,2151384
anglo,Dewey,4.81198e-05,2151384,2151849
anglo,Dewitt,0.000103507,2151849,2152848
anglo,Dexter,3.96736e-05,2152848,2153232
anglo,Deyo,1.14515e-05,2153232,2153343
anglo,Deyoung,3.0481e-05,2153343,2153638
anglo,Diamond,8.48e-05,2153638,2154457
anglo,Dibble,2.30444e-05,2154457,2154680
anglo,Dibella,8.92156e-06,2154680,2154767
anglo,Dibenedetto,1.90059e-05,2154767,2154951
anglo,Dicarlo,1.6256e-05,2154951,2155109
anglo,Dice,1.33214e-05,2155109,2155238
anglo,Dicicco,1.06972e-05,2155238,2155342
anglo,Dick,0.000726525,2155342,2162349
anglo,Dicken,9.88796e-06,2162349,2162445
anglo,Dickenson,1.79728e-05,2162445,2162619
anglo,Dickey,0.000103625,2162619,2163619
anglo,Dickie,1.72564e-05,2163619,2163786
anglo,Dickinson,0.000104525,2163786,2164795
anglo,Dickman,2.28205e-05,2164795,2165016
anglo,Dickson,0.000694106,2165016,2171710
anglo,Didomenico,1.06501e-05,2171710,2171814
anglo,Didonato,1.318e-05,2171814,2171942
anglo,Diederich,9.12191e-06,2171942,2172031
anglo,Diedrich,1.43586e-05,2172031,2172170
anglo,Diehl,7.39142e-05,2172170,2172884
anglo,Diener,1.13926e-05,2172884,2172995
anglo,Dieter,1.29561e-05,2172995,2173121
anglo,Dietrich,6.24784e-05,2173121,2173724
anglo,Diffin,1.40099e-05,2173724,2173860
anglo,Diffley,1.67746e-05,2173860,2174023
anglo,Diggin,1.37665e-05,2174023,2174157
anglo,Diggins,2.08e-05,2174157,2174359
anglo,Digiacomo,1.59142e-05,2174359,2174513
anglo,Digiovanni,1.7627e-05,2174513,2174684
anglo,Digirolamo,9.4244e-06,2174684,2174776
anglo,Dignan,1.13665e-05,2174776,2174887
anglo,Digregorio,1.03358e-05,2174887,2174988
anglo,Dileo,9.95867e-06,2174988,2175085
anglo,Dill,7.15571e-05,2175085,2175776
anglo,Dillane,1.55532e-05,2175776,2175927
anglo,Diller,1.6916e-05,2175927,2176091
anglo,Dilley,2.23609e-05,2176091,2176308
anglo,Dillinger,1.10429e-05,2176308,2176415
anglo,Dillingham,1.88213e-05,2176415,2176597
anglo,Dillman,2.22351e-05,2176597,2176812
anglo,Dillon,0.000696842,2176812,2183532
anglo,Dillow,1.36082e-05,2183532,2183664
anglo,Dills,1.52346e-05,2183664,2183812
anglo,Dilorenzo,1.31368e-05,2183812,2183940
anglo,Dilts,9.09048e-06,2183940,2184029
anglo,Dimaggio,1.53682e-05,2184029,2184178
anglo,Dimarco,1.67942e-05,2184178,2184341
anglo,Dimartino,1.17579e-05,2184341,2184455
anglo,Dimatteo,9.20441e-06,2184455,2184545
anglo,Dimauro,8.92548e-06,2184545,2184632
anglo,Dimick,8.92548e-06,2184632,2184719
anglo,Dimond,8.80763e-06,2184719,2184805
anglo,Dinan,1.78814e-05,2184805,2184978
anglo,Dinardo,1.31957e-05,2184978,2185106
anglo,Dineen,2.34321e-05,2185106,2185333
anglo,Dinger,1.34118e-05,2185333,2185463
anglo,Dingman,1.95402e-05,2185463,2185652
anglo,Dingus,9.12976e-06,2185652,2185741
anglo,Dinkel,9.20048e-06,2185741,2185831
anglo,Dinneen,4.216e-05,2185831,2186239
anglo,Dinsmore,1.96738e-05,2186239,2186430
anglo,Dinwiddie,9.87617e-06,2186430,2186526
anglo,Dion,3.29795e-05,2186526,2186845
anglo,Dionne,2.66665e-05,2186845,2187103
anglo,Diorio,1.44646e-05,2187103,2187243
anglo,Dipaolo,1.09761e-05,2187243,2187350
anglo,Dipasquale,1.20211e-05,2187350,2187467
anglo,Dipietro,2.42779e-05,2187467,2187702
anglo,Dirks,1.78117e-05,2187702,2187875
anglo,Dirrane,1.36673e-05,2187875,2188008
anglo,Disalvo,1.23983e-05,2188008,2188129
anglo,Disanto,1.05637e-05,2188129,2188232
anglo,Dishman,2.00588e-05,2188232,2188426
anglo,Diskin,1.27441e-05,2188426,2188550
anglo,Disney,1.42643e-05,2188550,2188689
anglo,Distefano,2.39283e-05,2188689,2188921
anglo,Dittman,1.13611e-05,2188921,2189032
anglo,Dittmer,1.20761e-05,2189032,2189149
anglo,Ditto,1.05244e-05,2189149,2189251
anglo,Divenney,1.46137e-05,2189251,2189393
anglo,Diver,1.16129e-05,2189393,2189506
anglo,Divine,3.35744e-05,2189506,2189831
anglo,Diviney,1.20895e-05,2189831,2189949
anglo,Dix,3.82947e-05,2189949,2190319
anglo,Dixon,0.00162376,2190319,2205977
anglo,Doak,1.37418e-05,2205977,2206110
anglo,Doane,2.5539e-05,2206110,2206357
anglo,Dobbin,1.20009e-05,2206357,2206474
anglo,Dobbins,7.51113e-05,2206474,2207199
anglo,Dobbs,7.25824e-05,2207199,2207900
anglo,Dobson,0.000462885,2207900,2212364
anglo,Dockter,8.81549e-06,2212364,2212450
anglo,Dodd,0.00012073,2212450,2213615
anglo,Dodds,3.46216e-05,2213615,2213950
anglo,Dodge,8.65638e-05,2213950,2214786
anglo,Dodson,0.000147577,2214786,2216210
anglo,Doering,1.86759e-05,2216210,2216391
anglo,Doerr,2.3343e-05,2216391,2216617
anglo,Doggett,1.66764e-05,2216617,2216779
anglo,Dogherty,1.36229e-05,2216779,2216911
anglo,Doherty,0.000407633,2216911,2220843
anglo,Doiron,1.02337e-05,2220843,2220943
anglo,Dolan,0.000139857,2220943,2222293
anglo,Dolce,1.05008e-05,2222293,2222395
anglo,Dole,1.285e-05,2222395,2222520
anglo,Dolezal,9.94296e-06,2222520,2222617
anglo,Doll,3.82987e-05,2222617,2222987
anglo,Dollar,2.51972e-05,2222987,2223231
anglo,Doman,1.12001e-05,2223231,2223340
anglo,Domingue,1.50971e-05,2223340,2223487
anglo,Dominick,2.02277e-05,2223487,2223683
anglo,Donagher,1.95206e-05,2223683,2223872
anglo,Donahoe,1.36514e-05,2223872,2224005
anglo,Donahue,0.000123994,2224005,2225202
anglo,Donald,0.000552332,2225202,2230529
anglo,Donaldson,0.000677053,2230529,2237058
anglo,Donegan,3.03051e-05,2237058,2237351
anglo,Doney,1.07758e-05,2237351,2237456
anglo,Donley,2.98132e-05,2237456,2237744
anglo,Donlon,2.63802e-05,2237744,2237999
anglo,Donnan,1.34838e-05,2237999,2238130
anglo,Donnell,4.22368e-05,2238130,2238538
anglo,Donnellan,1.45649e-05,2238538,2238679
anglo,Donnelly,0.000140683,2238679,2240037
anglo,Donner,1.99095e-05,2240037,2240230
anglo,Donofrio,2.35865e-05,2240230,2240458
anglo,Donoghue,2.81007e-05,2240458,2240730
anglo,Donohoe,2.80898e-05,2240730,2241002
anglo,Donohue,7.50456e-05,2241002,2241727
anglo,Donovan,0.000184821,2241727,2243510
anglo,Doody,2.49745e-05,2243510,2243752
anglo,Dooey,1.12953e-05,2243752,2243862
anglo,Doogan,1.77922e-05,2243862,2244035
anglo,Doohan,1.89727e-05,2244035,2244219
anglo,Doolan,1.55862e-05,2244219,2244370
anglo,Dooley,0.000103994,2244370,2245374
anglo,Doolin,1.10469e-05,2245374,2245482
anglo,Doolittle,2.70789e-05,2245482,2245744
anglo,Doorty,1.26974e-05,2245744,2245867
anglo,Doran,8.4212e-05,2245867,2246680
anglo,Dorazio,9.45976e-06,2246680,2246772
anglo,Dordan,1.24575e-05,2246772,2246893
anglo,Dore,3.11427e-05,2246893,2247194
anglo,Dorfman,1.10547e-05,2247194,2247302
anglo,Dorgan,1.43227e-05,2247302,2247441
anglo,Dorman,4.61163e-05,2247441,2247887
anglo,Dorn,4.0094e-05,2247887,2248275
anglo,Dornan,3.62314e-05,2248275,2248625
anglo,Dorrian,1.12802e-05,2248625,2248735
anglo,Dorris,2.61008e-05,2248735,2248988
anglo,Dorsett,2.04595e-05,2248988,2249186
anglo,Dorton,1.09526e-05,2249186,2249293
anglo,Doss,8.39357e-05,2249293,2250103
anglo,Dossett,9.41654e-06,2250103,2250195
anglo,Doster,1.65585e-05,2250195,2250356
anglo,Doty,7.0575e-05,2250356,2251038
anglo,Doucet,2.46197e-05,2251038,2251276
anglo,Doucette,3.36788e-05,2251276,2251602
anglo,Doud,1.20447e-05,2251602,2251719
anglo,Doudigan,1.30983e-05,2251719,2251846
anglo,Dougan,1.37575e-05,2251846,2251980
anglo,Dougherty,0.000148826,2251980,2253416
anglo,Doughty,4.66702e-05,2253416,2253867
anglo,Douglas,0.00108976,2253867,2264376
anglo,Douglass,5.83849e-05,2264376,2264940
anglo,Douthit,1.03633e-05,2264940,2265041
anglo,Dove,5.71985e-05,2265041,2265594
anglo,Dover,3.82712e-05,2265594,2265964
anglo,Dow,6.07813e-05,2265964,2266551
anglo,Dowd,0.000131418,2266551,2267819
anglo,Dowden,1.50421e-05,2267819,2267965
anglo,Dowdle,9.18083e-06,2267965,2268055
anglo,Dowdy,5.29086e-05,2268055,2268566
anglo,Dowell,6.01842e-05,2268566,2269147
anglo,Dower,1.80846e-05,2269147,2269322
anglo,Dowey,1.2007e-05,2269322,2269439
anglo,Dowler,9.2869e-06,2269439,2269530
anglo,Dowley,2.41666e-05,2269530,2269764
anglo,Dowling,7.54391e-05,2269764,2270492
anglo,Downes,3.83737e-05,2270492,2270863
anglo,Downey,0.000134277,2270863,2272159
anglo,Downie,1.06854e-05,2272159,2272263
anglo,Downing,0.00014589,2272263,2273671
anglo,Downs,0.000133262,2273671,2274957
anglo,Doyle,0.0007034,2274957,2281741
anglo,Draeger,8.88227e-06,2281741,2281828
anglo,Drago,1.28657e-05,2281828,2281953
anglo,Dragon,9.72296e-06,2281953,2282048
anglo,Drake,0.000685446,2282048,2288658
anglo,Draper,9.56072e-05,2288658,2289581
anglo,Dreher,2.21723e-05,2289581,2289796
anglo,Dreiling,8.7762e-06,2289796,2289882
anglo,Drennan,3.1658e-05,2289882,2290188
anglo,Drennen,9.19262e-06,2290188,2290278
anglo,Drescher,9.95867e-06,2290278,2290375
anglo,Dresser,1.25161e-05,2290375,2290497
anglo,Dressler,1.75603e-05,2290497,2290667
anglo,Drew,0.000421214,2290667,2294730
anglo,Drews,1.45157e-05,2294730,2294871
anglo,Drexler,1.27086e-05,2294871,2294995
anglo,Dreyer,2.65211e-05,2294995,2295252
anglo,Drian,1.15721e-05,2295252,2295365
anglo,Driggers,3.00174e-05,2295365,2295655
anglo,Driscoll,0.000107077,2295655,2296688
anglo,Driskell,1.6421e-05,2296688,2296847
anglo,Driskill,1.28225e-05,2296847,2296972
anglo,Driver,6.06634e-05,2296972,2297558
anglo,Drohan,1.26441e-05,2297558,2297681
anglo,Droney,1.51549e-05,2297681,2297828
anglo,Drost,1.09133e-05,2297828,2297934
anglo,Drouin,9.50297e-06,2297934,2298027
anglo,Drown,1.69749e-05,2298027,2298192
anglo,Drucker,1.03083e-05,2298192,2298292
anglo,Drum,3.14813e-05,2298292,2298597
anglo,Drumm,2.81548e-05,2298597,2298869
anglo,Drummond,0.000563451,2298869,2304303
anglo,Drummy,2.63232e-05,2304303,2304558
anglo,Drury,4.21171e-05,2304558,2304965
anglo,Dry,9.34583e-06,2304965,2305056
anglo,Dryden,2.11273e-05,2305056,2305261
anglo,Dryer,1.18601e-05,2305261,2305376
anglo,Duane,2.53023e-05,2305376,2305621
anglo,Dubay,1.14554e-05,2305621,2305732
anglo,Dube,3.58905e-05,2305732,2306079
anglo,Dubin,1.07287e-05,2306079,2306183
anglo,Ducharme,2.27733e-05,2306183,2306404
anglo,Duck,1.77606e-05,2306404,2306576
anglo,Duckworth,4.74559e-05,2306576,2307035
anglo,Duclos,9.53833e-06,2307035,2307128
anglo,Ducote,1.26457e-05,2307128,2307251
anglo,Duda,2.37044e-05,2307251,2307481
anglo,Dudek,2.16812e-05,2307481,2307691
anglo,Duell,9.62868e-06,2307691,2307785
anglo,Duerr,1.02415e-05,2307785,2307885
anglo,Duff,8.18693e-05,2307885,2308675
anglo,Duffey,2.45569e-05,2308675,2308913
anglo,Duffield,1.57492e-05,2308913,2309066
anglo,Duffin,2.80396e-05,2309066,2309337
anglo,Duffy,0.000248642,2309337,2311736
anglo,Dufrene,1.22372e-05,2311736,2311855
anglo,Dufresne,1.81142e-05,2311855,2312031
anglo,Dugan,8.42853e-05,2312031,2312845
anglo,Dugas,2.69925e-05,2312845,2313106
anglo,Duggan,6.93015e-05,2313106,2313775
anglo,Dugger,3.60005e-05,2313775,2314123
anglo,Duggins,1.22254e-05,2314123,2314242
anglo,Duhig,1.72206e-05,2314242,2314409
anglo,Duhon,2.44469e-05,2314409,2314646
anglo,Duhy,1.46083e-05,2314646,2314788
anglo,Duignan,1.56127e-05,2314788,2314940
anglo,Duke,0.000137705,2314940,2316269
anglo,Dulaney,2.16341e-05,2316269,2316479
anglo,Duley,9.93117e-06,2316479,2316576
anglo,Dulin,1.5706e-05,2316576,2316728
anglo,Dull,1.89274e-05,2316728,2316912
anglo,Dulohery,1.35354e-05,2316912,2317044
anglo,Dumond,9.99403e-06,2317044,2317141
anglo,Dunagan,1.36121e-05,2317141,2317273
anglo,Dunaway,4.24196e-05,2317273,2317683
anglo,Duncan,0.001586,2317683,2332977
anglo,Dunford,2.77689e-05,2332977,2333246
anglo,Dungan,2.72884e-05,2333246,2333510
anglo,Dunham,8.78485e-05,2333510,2334358
anglo,Dunigan,1.45786e-05,2334358,2334500
anglo,Dunkin,1.37064e-05,2334500,2334633
anglo,Dunkle,1.30779e-05,2334633,2334760
anglo,Dunlap,0.000153458,2334760,2336241
anglo,Dunleavey,1.4964e-05,2336241,2336386
anglo,Dunleavy,2.58229e-05,2336386,2336636
anglo,Dunlop,1.66331e-05,2336636,2336797
anglo,Dunn,0.00114135,2336797,2347803
anglo,Dunne,5.36261e-05,2347803,2348321
anglo,Dunnigan,1.09447e-05,2348321,2348428
anglo,Dunning,7.26988e-05,2348428,2349130
anglo,Dunny,2.2251e-05,2349130,2349346
anglo,Dunphy,2.97551e-05,2349346,2349634
anglo,Dunton,1.23943e-05,2349634,2349755
anglo,Dunworth,1.69591e-05,2349755,2349920
anglo,Duquette,1.73992e-05,2349920,2350089
anglo,Durbin,5.75521e-05,2350089,2350645
anglo,Duren,1.5765e-05,2350645,2350798
anglo,Durfee,1.56707e-05,2350798,2350950
anglo,Durgin,9.64047e-06,2350950,2351044
anglo,Durham,0.000171419,2351044,2352698
anglo,Durkan,1.11861e-05,2352698,2352807
anglo,Durkee,1.57807e-05,2352807,2352960
anglo,Durkin,5.00565e-05,2352960,2353444
anglo,Durnan,1.22308e-05,2353444,2353563
anglo,Durnin,1.1738e-05,2353563,2353677
anglo,Durning,2.13638e-05,2353677,2353884
anglo,Durocher,1.04576e-05,2353884,2353986
anglo,Durrett,1.32036e-05,2353986,2354114
anglo,Durrihy,1.68745e-05,2354114,2354278
anglo,Durso,1.35336e-05,2354278,2354409
anglo,Durst,2.35512e-05,2354409,2354637
anglo,Dustin,1.27282e-05,2354637,2354761
anglo,Dutcher,2.20191e-05,2354761,2354974
anglo,Dutton,6.70079e-05,2354974,2355621
anglo,Duty,1.84049e-05,2355621,2355799
anglo,Duvall,7.79566e-05,2355799,2356552
anglo,Dvorak,3.05281e-05,2356552,2356847
anglo,Dwane,1.29478e-05,2356847,2356973
anglo,Dwyer,0.000120643,2356973,2358137
anglo,Dye,0.000110712,2358137,2359206
anglo,Dyer,0.000537367,2359206,2364389
anglo,Dyess,1.21075e-05,2364389,2364507
anglo,Dyke,1.97877e-05,2364507,2364699
anglo,Dykes,5.45036e-05,2364699,2365226
anglo,Dykstra,3.1086e-05,2365226,2365527
anglo,Eades,1.91316e-05,2365527,2365712
anglo,Eads,3.55762e-05,2365712,2366056
anglo,Eagan,2.17166e-05,2366056,2366266
anglo,Eager,9.05512e-06,2366266,2366354
anglo,Eagle,3.27045e-05,2366354,2366670
anglo,Eaker,8.89013e-06,2366670,2366757
anglo,Eakin,1.42525e-05,2366757,2366895
anglo,Eakins,1.2139e-05,2366895,2367013
anglo,Eames,1.06854e-05,2367013,2367117
anglo,Eanes,1.12747e-05,2367117,2367227
anglo,Earhart,1.52503e-05,2367227,2367375
anglo,Earl,0.00011756,2367375,2368510
anglo,Earle,4.64983e-05,2368510,2368959
anglo,Earles,1.08033e-05,2368959,2369064
anglo,Earley,3.98347e-05,2369064,2369449
anglo,Earls,2.41051e-05,2369449,2369682
anglo,Early,7.23823e-05,2369682,2370381
anglo,Earnest,3.13021e-05,2370381,2370684
anglo,Earp,1.51443e-05,2370684,2370831
anglo,East,4.98287e-05,2370831,2371312
anglo,Easterday,1.07169e-05,2371312,2371416
anglo,Easterly,9.65618e-06,2371416,2371510
anglo,Eastham,8.89013e-06,2371510,2371597
anglo,Eastman,6.59629e-05,2371597,2372234
anglo,Easton,4.0369e-05,2372234,2372624
anglo,Eastwood,2.06127e-05,2372624,2372824
anglo,Eaton,0.000583674,2372824,2378453
anglo,Eaves,3.10428e-05,2378453,2378753
anglo,Ebel,1.34472e-05,2378753,2378884
anglo,Ebeling,9.35762e-06,2378884,2378975
anglo,Eberhard,9.09834e-06,2378975,2379064
anglo,Eberhart,1.91002e-05,2379064,2379249
anglo,Eberle,2.33508e-05,2379249,2379475
anglo,Eberly,1.88409e-05,2379475,2379658
anglo,Ebersole,1.77999e-05,2379658,2379831
anglo,Ebner,1.36554e-05,2379831,2379964
anglo,Eby,2.66586e-05,2379964,2380222
anglo,Eccles,1.26065e-05,2380222,2380345
anglo,Eck,3.01746e-05,2380345,2380637
anglo,Eckard,1.10233e-05,2380637,2380744
anglo,Eckel,9.63654e-06,2380744,2380838
anglo,Eckenrode,9.34583e-06,2380838,2380929
anglo,Ecker,1.87467e-05,2380929,2381111
anglo,Eckert,6.78408e-05,2381111,2381766
anglo,Eckhart,1.01001e-05,2381766,2381864
anglo,Eckhoff,9.29869e-06,2381864,2381955
anglo,Eckman,1.93045e-05,2381955,2382142
anglo,Eddington,1.33882e-05,2382142,2382272
anglo,Eddins,1.5376e-05,2382272,2382421
anglo,Eddy,7.5902e-05,2382421,2383154
anglo,Edelen,9.91546e-06,2383154,2383251
anglo,Edelman,2.13237e-05,2383251,2383458
anglo,Eden,0.000474594,2383458,2388035
anglo,Edenfield,1.19268e-05,2388035,2388151
anglo,Edens,2.4003e-05,2388151,2388383
anglo,Eder,1.51128e-05,2388383,2388530
anglo,Edgar,4.67292e-05,2388530,2388982
anglo,Edge,4.53974e-05,2388982,2389421
anglo,Edgell,9.07869e-06,2389421,2389510
anglo,Edgerton,1.86209e-05,2389510,2389691
anglo,Edgington,1.20879e-05,2389691,2389809
anglo,Edinger,1.35886e-05,2389809,2389941
anglo,Edington,1.23747e-05,2389941,2390061
anglo,Edler,9.00013e-06,2390061,2390149
anglo,Edmiston,1.76585e-05,2390149,2390320
anglo,Edmonds,0.000472533,2390320,2394877
anglo,Edmondson,5.31286e-05,2394877,2395390
anglo,Edmunds,2.4164e-05,2395390,2395624
anglo,Edmundson,1.25554e-05,2395624,2395746
anglo,Edson,1.53446e-05,2395746,2395895
anglo,Edwards,0.00309832,2395895,2425772
anglo,Egan,0.000112045,2425772,2426853
anglo,Egbert,1.9992e-05,2426853,2427047
anglo,Egger,1.30975e-05,2427047,2427174
anglo,Eggers,3.11174e-05,2427174,2427475
anglo,Eggert,2.13198e-05,2427475,2427682
anglo,Eggleston,3.95086e-05,2427682,2428064
anglo,Eglinton,0.000292877,2428064,2430889
anglo,Ehlers,2.95578e-05,2430889,2431175
anglo,Ehrhardt,1.12904e-05,2431175,2431285
anglo,Ehrlich,2.36926e-05,2431285,2431514
anglo,Eichelberger,1.82556e-05,2431514,2431691
anglo,Eicher,2.3559e-05,2431691,2431919
anglo,Eichhorn,1.10979e-05,2431919,2432027
anglo,Eichler,1.26025e-05,2432027,2432150
anglo,Eid,8.71728e-06,2432150,2432235
anglo,Eide,1.38911e-05,2432235,2432370
anglo,Eidson,1.72106e-05,2432370,2432537
anglo,Eiler,1.72735e-05,2432537,2432705
anglo,Eilers,1.51128e-05,2432705,2432852
anglo,Eisele,1.26497e-05,2432852,2432975
anglo,Eisen,1.32664e-05,2432975,2433104
anglo,Eisenhauer,1.13533e-05,2433104,2433214
anglo,Eisner,1.29404e-05,2433214,2433340
anglo,Eivers,1.18819e-05,2433340,2433456
anglo,Eklund,1.59221e-05,2433456,2433611
anglo,Ekstrom,1.49085e-05,2433611,2433756
anglo,Elbert,1.31172e-05,2433756,2433883
anglo,Elder,0.000117053,2433883,2435013
anglo,Eldred,1.79924e-05,2435013,2435187
anglo,Eldredge,1.73874e-05,2435187,2435356
anglo,Eldridge,9.93864e-05,2435356,2436315
anglo,Elgin,1.19268e-05,2436315,2436431
anglo,Elia,1.35925e-05,2436431,2436563
anglo,Eliason,1.46728e-05,2436563,2436705
anglo,Elkin,1.40561e-05,2436705,2436842
anglo,Elkins,9.78268e-05,2436842,2437786
anglo,Elledge,1.6146e-05,2437786,2437943
anglo,Ellenberger,1.03201e-05,2437943,2438044
anglo,Ellenburg,8.98048e-06,2438044,2438132
anglo,Eller,4.36178e-05,2438132,2438554
anglo,Ellery,0.000410028,2438554,2442509
anglo,Ellinger,1.07522e-05,2442509,2442614
anglo,Ellingson,2.19601e-05,2442614,2442827
anglo,Elliot,4.78631e-05,2442827,2443290
anglo,Elliott,0.00130365,2443290,2455861
anglo,Ellis,0.000773448,2455861,2463320
anglo,Ellsworth,5.4264e-05,2463320,2463844
anglo,Elmer,2.40383e-05,2463844,2464077
anglo,Elmore,0.000101252,2464077,2465054
anglo,Elms,9.00405e-06,2465054,2465142
anglo,Elrod,4.26278e-05,2465142,2465554
anglo,Elson,1.22804e-05,2465554,2465673
anglo,Elston,2.27969e-05,2465673,2465894
anglo,Elswick,1.373e-05,2465894,2466027
anglo,Elton,9.63654e-06,2466027,2466121
anglo,Elwell,2.0923e-05,2466121,2466324
anglo,Elwood,6.40675e-05,2466324,2466943
anglo,Ely,5.15808e-05,2466943,2467441
anglo,Embree,9.18476e-06,2467441,2467531
anglo,Embrey,1.44607e-05,2467531,2467671
anglo,Embry,3.40795e-05,2467671,2468001
anglo,Emerick,2.4879e-05,2468001,2468242
anglo,Emerson,0.000120612,2468242,2469406
anglo,Emery,0.000101508,2469406,2470386
anglo,Emmert,1.58121e-05,2470386,2470539
anglo,Emmett,1.42171e-05,2470539,2470677
anglo,Emmons,5.30068e-05,2470677,2471189
anglo,Emond,9.21619e-06,2471189,2471279
anglo,Emory,2.21605e-05,2471279,2471494
anglo,Emrick,9.37333e-06,2471494,2471585
anglo,Enders,1.40796e-05,2471585,2471722
anglo,Endicott,1.87034e-05,2471722,2471903
anglo,Endres,2.02827e-05,2471903,2472100
anglo,Endsley,1.14004e-05,2472100,2472211
anglo,Engebretson,1.0544e-05,2472211,2472314
anglo,Engel,8.61631e-05,2472314,2473146
anglo,Engelbrecht,8.92941e-06,2473146,2473233
anglo,Engelhardt,1.93438e-05,2473233,2473421
anglo,Engelman,1.03908e-05,2473421,2473522
anglo,Engen,9.4519e-06,2473522,2473614
anglo,Enger,1.00255e-05,2473614,2473712
anglo,England,0.000117563,2473712,2474847
anglo,Engle,7.55288e-05,2474847,2475576
anglo,Englehart,1.07326e-05,2475576,2475680
anglo,Engler,2.43329e-05,2475680,2475916
anglo,Englert,1.73678e-05,2475916,2476084
anglo,English,0.000194383,2476084,2477959
anglo,Englund,1.15222e-05,2477959,2478071
anglo,Engstrom,2.44704e-05,2478071,2478308
anglo,Enloe,1.09133e-05,2478308,2478414
anglo,Enlow,1.1534e-05,2478414,2478526
anglo,Ennis,7.90935e-05,2478526,2479290
anglo,Enos,3.18088e-05,2479290,2479598
anglo,Enright,0.000339574,2479598,2482873
anglo,Ensign,1.00726e-05,2482873,2482971
anglo,Ensley,1.59299e-05,2482971,2483126
anglo,Ensminger,9.91939e-06,2483126,2483223
anglo,Ensor,9.23976e-06,2483223,2483313
anglo,Epley,1.44057e-05,2483313,2483453
anglo,Epperly,8.90584e-06,2483453,2483540
anglo,Epperson,5.06144e-05,2483540,2484029
anglo,Erb,3.55919e-05,2484029,2484373
anglo,Erdman,2.57629e-05,2484373,2484622
anglo,Ericksen,1.52307e-05,2484622,2484770
anglo,Erickson,0.000322468,2484770,2487880
anglo,Ericson,2.36258e-05,2487880,2488109
anglo,Eriksen,1.17854e-05,2488109,2488224
anglo,Erikson,1.03515e-05,2488224,2488325
anglo,Ernest,1.86406e-05,2488325,2488506
anglo,Erskine,2.06559e-05,2488506,2488706
anglo,Ervin,0.000118007,2488706,2489845
anglo,Ervine,1.30437e-05,2489845,2489972
anglo,Erwin,8.83749e-05,2489972,2490825
anglo,Esch,1.24886e-05,2490825,2490946
anglo,Esh,1.38636e-05,2490946,2491081
anglo,Eshelman,1.08269e-05,2491081,2491186
anglo,Eshleman,9.0237e-06,2491186,2491274
anglo,Eskew,1.50618e-05,2491274,2491420
anglo,Eslinger,1.03751e-05,2491420,2491521
anglo,Essary,1.01472e-05,2491521,2491620
anglo,Esser,1.68806e-05,2491620,2491784
anglo,Essex,1.5156e-05,2491784,2491931
anglo,Esson,0.000281162,2491931,2494643
anglo,Estabrook,9.9351e-06,2494643,2494740
anglo,Estep,5.51439e-05,2494740,2495273
anglo,Estes,0.000142674,2495273,2496650
anglo,Etheredge,1.01826e-05,2496650,2496749
anglo,Etheridge,4.09347e-05,2496749,2497145
anglo,Ethridge,3.09485e-05,2497145,2497444
anglo,Etter,1.97956e-05,2497444,2497636
anglo,Ettinger,9.24762e-06,2497636,2497726
anglo,Eubank,2.03141e-05,2497726,2497923
anglo,Eubanks,8.02351e-05,2497923,2498698
anglo,Eudy,1.07994e-05,2498698,2498803
anglo,Eustace,1.78218e-05,2498803,2498976
anglo,Evans,0.0032989,2498976,2530787
anglo,Eveland,1.09958e-05,2530787,2530894
anglo,Evens,1.0163e-05,2530894,2530993
anglo,Evenson,2.39165e-05,2530993,2531225
anglo,Everhart,4.00154e-05,2531225,2531612
anglo,Everitt,1.42014e-05,2531612,2531750
anglo,Everly,1.28147e-05,2531750,2531875
anglo,Eversole,2.00902e-05,2531875,2532070
anglo,Everson,3.02256e-05,2532070,2532362
anglo,Evert,9.78975e-06,2532362,2532457
anglo,Evoy,1.25671e-05,2532457,2532579
anglo,Ewald,1.78156e-05,2532579,2532752
anglo,Ewart,0.000304592,2532752,2535690
anglo,Ewers,1.06776e-05,2535690,2535794
anglo,Ewert,1.07169e-05,2535794,2535898
anglo,Ewing,0.000130873,2535898,2537161
anglo,Eyler,9.91153e-06,2537161,2537258
anglo,Eyre,9.32619e-06,2537258,2537349
anglo,Ezzell,9.02762e-06,2537349,2537437
anglo,Faber,3.94379e-05,2537437,2537818
anglo,Fabrizio,1.14711e-05,2537818,2537930
anglo,Fackler,9.54225e-06,2537930,2538023
anglo,Fadden,4.94561e-05,2538023,2538501
anglo,Fadian,1.28466e-05,2538501,2538626
anglo,Fagan,8.78819e-05,2538626,2539474
anglo,Faherty,0.000129744,2539474,2540726
anglo,Fahey,5.07369e-05,2540726,2541216
anglo,Fahy,2.24246e-05,2541216,2541433
anglo,Fain,3.1907e-05,2541433,2541742
anglo,Fair,8.45754e-05,2541742,2542559
anglo,Fairbanks,3.71869e-05,2542559,2542919
anglo,Fairchild,5.49711e-05,2542919,2543450
anglo,Faircloth,3.51755e-05,2543450,2543790
anglo,Fairfield,1.03319e-05,2543790,2543891
anglo,Fairhall,0.000328022,2543891,2547055
anglo,Fairman,9.70332e-06,2547055,2547150
anglo,Faith,1.56392e-05,2547150,2547302
anglo,Falconer,1.35375e-05,2547302,2547434
anglo,Fales,9.97439e-06,2547434,2547531
anglo,Falk,4.70591e-05,2547531,2547986
anglo,Falkner,1.21665e-05,2547986,2548104
anglo,Fall,3.14828e-05,2548104,2548409
anglo,Faller,1.21665e-05,2548409,2548527
anglo,Fallon,5.88575e-05,2548527,2549096
anglo,Falls,2.84814e-05,2549096,2549372
anglo,Falvey,1.35702e-05,2549372,2549504
anglo,Fancher,2.31308e-05,2549504,2549728
anglo,Fann,1.37457e-05,2549728,2549862
anglo,Fannin,4.268e-05,2549862,2550275
anglo,Fanning,6.73581e-05,2550275,2550925
anglo,Fannon,1.38216e-05,2550925,2551059
anglo,Farber,2.70947e-05,2551059,2551321
anglo,Farell,1.34966e-05,2551321,2551452
anglo,Fargo,8.71728e-06,2551452,2551537
anglo,Farhat,8.87441e-06,2551537,2551624
anglo,Faris,2.12177e-05,2551624,2551830
anglo,Farkas,2.63757e-05,2551830,2552085
anglo,Farland,0.000281162,2552085,2554797
anglo,Farley,0.000151356,2554797,2556257
anglo,Farlow,1.28815e-05,2556257,2556382
anglo,Farmer,0.000273488,2556382,2559020
anglo,Farnan,1.9895e-05,2559020,2559213
anglo,Farner,1.04772e-05,2559213,2559315
anglo,Farnham,1.86877e-05,2559315,2559496
anglo,Farnon,1.21737e-05,2559496,2559614
anglo,Farnsworth,4.79391e-05,2559614,2560077
anglo,Farnum,8.96084e-06,2560077,2560164
anglo,Farquhar,1.06619e-05,2560164,2560268
anglo,Farr,7.86126e-05,2560268,2561027
anglo,Farragher,1.20373e-05,2561027,2561144
anglo,Farrar,5.85028e-05,2561144,2561709
anglo,Farrell,0.000230648,2561709,2563934
anglo,Farrelly,1.40291e-05,2563934,2564070
anglo,Farren,2.73866e-05,2564070,2564335
anglo,Farrer,8.72906e-06,2564335,2564420
anglo,Farrington,3.61851e-05,2564420,2564770
anglo,Farris,0.000117371,2564770,2565903
anglo,Farrissey,1.17296e-05,2565903,2566017
anglo,Farrissy,1.30051e-05,2566017,2566143
anglo,Farry,1.63922e-05,2566143,2566302
anglo,Farthing,1.13219e-05,2566302,2566412
anglo,Farwell,1.17108e-05,2566412,2566526
anglo,Fasano,1.22058e-05,2566526,2566645
anglo,Fast,1.93634e-05,2566645,2566833
anglo,Faucett,8.93334e-06,2566833,2566920
anglo,Faucher,1.00647e-05,2566920,2567018
anglo,Faught,1.31879e-05,2567018,2567146
anglo,Faul,1.14554e-05,2567146,2567257
anglo,Faulk,4.57902e-05,2567257,2567700
anglo,Faulkner,0.000494948,2567700,2572474
anglo,Faull,1.35138e-05,2572474,2572605
anglo,Fawcett,2.50676e-05,2572605,2572848
anglo,Fay,9.82067e-05,2572848,2573796
anglo,Fazio,2.83243e-05,2573796,2574070
anglo,Fealy,1.26335e-05,2574070,2574193
anglo,Fearon,1.89133e-05,2574193,2574376
anglo,Feather,1.05047e-05,2574376,2574478
anglo,Feathers,1.2465e-05,2574478,2574599
anglo,Featherston,1.17108e-05,2574599,2574713
anglo,Feder,1.13297e-05,2574713,2574823
anglo,Fedor,1.15379e-05,2574823,2574935
anglo,Fee,4.02101e-05,2574935,2575324
anglo,Feehan,1.51916e-05,2575324,2575471
anglo,Feeley,2.95688e-05,2575471,2575757
anglo,Feely,1.19708e-05,2575757,2575873
anglo,Feeney,8.06046e-05,2575873,2576651
anglo,Feeny,1.13358e-05,2576651,2576761
anglo,Fegan,2.15537e-05,2576761,2576970
anglo,Fehan,1.51005e-05,2576970,2577117
anglo,Fehilly,1.49174e-05,2577117,2577262
anglo,Fehr,1.67824e-05,2577262,2577425
anglo,Feighery,1.49232e-05,2577425,2577570
anglo,Fein,9.29869e-06,2577570,2577661
anglo,Feist,1.48653e-05,2577661,2577805
anglo,Felban,3.27384e-05,2577805,2578122
anglo,Feldman,9.17533e-05,2578122,2579008
anglo,Felice,1.30936e-05,2579008,2579135
anglo,Felker,1.61578e-05,2579135,2579292
anglo,Fell,2.52561e-05,2579292,2579537
anglo,Feller,2.78332e-05,2579537,2579806
anglo,Fellers,9.8251e-06,2579806,2579902
anglo,Fellows,3.12235e-05,2579902,2580204
anglo,Felt,1.50068e-05,2580204,2580350
anglo,Feltman,9.3144e-06,2580350,2580441
anglo,Feltner,1.3125e-05,2580441,2580569
anglo,Felts,2.60104e-05,2580569,2580821
anglo,Felty,1.21783e-05,2580821,2580939
anglo,Fender,2.37044e-05,2580939,2581169
anglo,Fenelon,2.69847e-05,2581169,2581430
anglo,Fenighty,1.50945e-05,2581430,2581577
anglo,Fenlon,1.30398e-05,2581577,2581704
anglo,Fenn,2.0318e-05,2581704,2581901
anglo,Fennell,5.64504e-05,2581901,2582446
anglo,Fennelly,1.46796e-05,2582446,2582589
anglo,Fenner,3.01628e-05,2582589,2582881
anglo,Fennessey,0.000142971,2582881,2584261
anglo,Fenning,2.70882e-05,2584261,2584523
anglo,Fenske,1.30425e-05,2584523,2584650
anglo,Fenton,0.000388644,2584650,2588398
anglo,Fenwick,1.80592e-05,2588398,2588573
anglo,Fergus,1.45112e-05,2588573,2588714
anglo,Ferguson,0.00147585,2588714,2602946
anglo,Ferland,8.94513e-06,2602946,2603033
anglo,Fern,9.75046e-06,2603033,2603128
anglo,Ferraro,4.85362e-05,2603128,2603597
anglo,Ferree,1.18011e-05,2603597,2603712
anglo,Ferrell,0.000131282,2603712,2604979
anglo,Ferri,1.20172e-05,2604979,2605096
anglo,Ferrier,1.43546e-05,2605096,2605235
anglo,Ferris,9.98107e-05,2605235,2606198
anglo,Ferriter,1.66281e-05,2606198,2606359
anglo,Ferry,7.54812e-05,2606359,2607088
anglo,Fessler,1.30268e-05,2607088,2607215
anglo,Festa,1.03162e-05,2607215,2607315
anglo,Fetter,1.54939e-05,2607315,2607465
anglo,Fetterman,1.05872e-05,2607465,2607568
anglo,Fetters,1.7572e-05,2607568,2607738
anglo,Fetzer,1.39461e-05,2607738,2607873
anglo,Fewell,8.82727e-06,2607873,2607959
anglo,Fey,1.40954e-05,2607959,2608096
anglo,Fiala,1.12197e-05,2608096,2608205
anglo,Fick,2.08641e-05,2608205,2608407
anglo,Fidler,1.99095e-05,2608407,2608600
anglo,Fiedler,2.90825e-05,2608600,2608881
anglo,Field,0.000753759,2608881,2616150
anglo,Fielder,2.71732e-05,2616150,2616413
anglo,Fielding,3.53411e-05,2616413,2616755
anglo,Fife,2.63954e-05,2616755,2617011
anglo,Fifer,1.16715e-05,2617011,2617125
anglo,Fifield,1.06029e-05,2617125,2617228
anglo,Figueiredo,9.58154e-06,2617228,2617321
anglo,Fike,2.50401e-05,2617321,2617563
anglo,Filban,2.07914e-05,2617563,2617764
anglo,Filbin,1.36274e-05,2617764,2617896
anglo,Filer,9.56975e-06,2617896,2617989
anglo,Files,1.47082e-05,2617989,2618132
anglo,Fillmore,1.75092e-05,2618132,2618302
anglo,Finan,1.94047e-05,2618302,2618490
anglo,Finch,0.000120875,2618490,2619657
anglo,Fincham,8.71728e-06,2619657,2619742
anglo,Fincher,3.12353e-05,2619742,2620044
anglo,Finck,8.78799e-06,2620044,2620130
anglo,Findlay,0.000427742,2620130,2624255
anglo,Findley,3.73401e-05,2624255,2624616
anglo,Fine,4.5641e-05,2624616,2625057
anglo,Finegan,1.32177e-05,2625057,2625185
anglo,Finger,1.96581e-05,2625185,2625376
anglo,Fink,0.000112751,2625376,2626464
anglo,Finkel,1.20211e-05,2626464,2626581
anglo,Finlay,3.16294e-05,2626581,2626887
anglo,Finlayson,8.92941e-06,2626887,2626974
anglo,Finley,0.000147993,2626974,2628402
anglo,Finn,9.61983e-05,2628402,2629331
anglo,Finnegan,6.51843e-05,2629331,2629961
anglo,Finnell,1.24847e-05,2629961,2630082
anglo,Finneran,1.48368e-05,2630082,2630226
anglo,Finnerty,2.88774e-05,2630226,2630505
anglo,Finney,6.65444e-05,2630505,2631148
anglo,Finnucane,2.95377e-05,2631148,2631434
anglo,Finucane,2.94035e-05,2631434,2631719
anglo,Fiore,3.77369e-05,2631719,2632084
anglo,Firestone,1.75995e-05,2632084,2632255
anglo,Firth,1.24965e-05,2632255,2632376
anglo,Fisch,9.82903e-06,2632376,2632472
anglo,Fiscus,1.22018e-05,2632472,2632591
anglo,Fish,9.79132e-05,2632591,2633536
anglo,Fishel,1.23e-05,2633536,2633656
anglo,Fisher,0.00191947,2633656,2652165
anglo,Fishman,2.735e-05,2652165,2652430
anglo,Fisk,3.84165e-05,2652430,2652801
anglo,Fiske,1.6146e-05,2652801,2652958
anglo,Fitch,7.48766e-05,2652958,2653681
anglo,Fite,2.22194e-05,2653681,2653896
anglo,Fitzgerald,0.000837315,2653896,2661971
anglo,Fitzgibbon,2.08603e-05,2661971,2662173
anglo,Fitzgibbons,2.48107e-05,2662173,2662413
anglo,Fitzhugh,1.23511e-05,2662413,2662533
anglo,Fitzmartin,1.36987e-05,2662533,2662666
anglo,Fitzmaurice,2.31545e-05,2662666,2662890
anglo,Fitzpatrick,0.000174966,2662890,2664578
anglo,Fitzsimmons,5.07106e-05,2664578,2665068
anglo,Fitzsimons,1.12453e-05,2665068,2665177
anglo,Fitzwater,1.59732e-05,2665177,2665332
anglo,Fix,2.07502e-05,2665332,2665533
anglo,Flack,2.36337e-05,2665533,2665762
anglo,Flaherty,8.2087e-05,2665762,2666555
anglo,Flahive,1.28318e-05,2666555,2666680
anglo,Flake,1.69946e-05,2666680,2666845
anglo,Flanagan,0.000136573,2666845,2668163
anglo,Flanary,8.78799e-06,2668163,2668249
anglo,Flanders,3.45195e-05,2668249,2668583
anglo,Flanigan,3.00449e-05,2668583,2668874
anglo,Flannagan,2.24658e-05,2668874,2669092
anglo,Flannelly,3.53505e-05,2669092,2669434
anglo,Flannery,7.87833e-05,2669434,2670195
anglo,Flannigan,9.16905e-06,2670195,2670284
anglo,Flatley,1.62181e-05,2670284,2670441
anglo,Flatt,1.99095e-05,2670441,2670634
anglo,Flavin,1.29251e-05,2670634,2670760
anglo,Fleck,3.47748e-05,2670760,2671096
anglo,Fleener,8.83906e-06,2671096,2671182
anglo,Fleenor,1.43428e-05,2671182,2671321
anglo,Fleet,1.09486e-05,2671321,2671428
anglo,Fleetwood,1.50028e-05,2671428,2671574
anglo,Fleischer,1.56392e-05,2671574,2671726
anglo,Fleischman,1.39343e-05,2671726,2671861
anglo,Fleming,0.000896872,2671861,2680510
anglo,Flesher,1.16518e-05,2680510,2680623
anglo,Fleshman,1.02455e-05,2680623,2680723
anglo,Fletcher,0.00107608,2680723,2691100
anglo,Flick,3.0096e-05,2691100,2691391
anglo,Flickinger,1.60949e-05,2691391,2691547
anglo,Flinn,3.25127e-05,2691547,2691861
anglo,Flint,5.94103e-05,2691861,2692435
anglo,Flood,0.000477444,2692435,2697040
anglo,Flora,3.07874e-05,2697040,2697338
anglo,Flory,2.0597e-05,2697338,2697538
anglo,Flower,1.45786e-05,2697538,2697680
anglo,Flynn,0.000262914,2697680,2700216
anglo,Flynt,9.65225e-06,2700216,2700310
anglo,Foerster,1.09683e-05,2700310,2700417
anglo,Fogarty,5.58493e-05,2700417,2700957
anglo,Fogel,1.95363e-05,2700957,2701146
anglo,Fogg,2.22705e-05,2701146,2701362
anglo,Fogle,4.09897e-05,2701362,2701758
anglo,Fogleman,1.03633e-05,2701758,2701859
anglo,Folan,5.90753e-05,2701859,2702430
anglo,Foley,0.000579399,2702430,2708018
anglo,Folger,9.14548e-06,2708018,2708107
anglo,Folk,2.35551e-05,2708107,2708335
anglo,Follett,1.1589e-05,2708335,2708448
anglo,Folse,8.87834e-06,2708448,2708535
anglo,Folsom,2.98485e-05,2708535,2708824
anglo,Foltz,3.42327e-05,2708824,2709155
anglo,Fontana,3.01903e-05,2709155,2709447
anglo,Fontenot,7.87069e-05,2709447,2710207
anglo,Foody,1.63007e-05,2710207,2710365
anglo,Foor,1.22293e-05,2710365,2710484
anglo,Foot,0.000292877,2710484,2713309
anglo,Foote,0.000380833,2713309,2716982
anglo,Foran,2.66174e-05,2716982,2717240
anglo,Forbes,0.000603761,2717240,2723063
anglo,Force,1.61382e-05,2723063,2723220
anglo,Ford,0.00159436,2723220,2738595
anglo,Forde,4.03391e-05,2738595,2738985
anglo,Fordyce,1.03633e-05,2738985,2739086
anglo,Fore,2.3284e-05,2739086,2739312
anglo,Forehand,1.48457e-05,2739312,2739456
anglo,Forester,1.97877e-05,2739456,2739648
anglo,Foret,1.13179e-05,2739648,2739758
anglo,Forkin,1.23476e-05,2739758,2739878
anglo,Forman,4.67252e-05,2739878,2740330
anglo,Forrest,0.000722789,2740330,2747300
anglo,Forrester,5.45193e-05,2747300,2747827
anglo,Forshee,8.90977e-06,2747827,2747914
anglo,Forst,8.9687e-06,2747914,2748001
anglo,Forster,3.58119e-05,2748001,2748347
anglo,Forsyth,0.000349503,2748347,2751718
anglo,Forsythe,4.51342e-05,2751718,2752154
anglo,Fortenberry,2.58847e-05,2752154,2752405
anglo,Fortier,2.99899e-05,2752405,2752695
anglo,Fortin,3.46255e-05,2752695,2753030
anglo,Fortner,4.69491e-05,2753030,2753484
anglo,Fortney,1.90649e-05,2753484,2753669
anglo,Foshee,1.20604e-05,2753669,2753786
anglo,Foss,5.53679e-05,2753786,2754321
anglo,Foster,0.000894764,2754321,2762950
anglo,Foti,1.05676e-05,2762950,2763053
anglo,Foulk,9.18083e-06,2763053,2763143
anglo,Foust,4.85795e-05,2763143,2763612
anglo,Fouts,2.17834e-05,2763612,2763823
anglo,Fowler,0.00126579,2763823,2776029
anglo,Fox,0.00113364,2776029,2786961
anglo,Foy,9.56163e-05,2786961,2787884
anglo,Foyle,2.21935e-05,2787884,2788099
anglo,Frady,1.30622e-05,2788099,2788226
anglo,Fraher,2.19493e-05,2788226,2788439
anglo,Frahm,1.04654e-05,2788439,2788541
anglo,Frakes,1.30897e-05,2788541,2788668
anglo,Fraley,4.66545e-05,2788668,2789119
anglo,Frame,3.46766e-05,2789119,2789454
anglo,Frampton,1.27007e-05,2789454,2789577
anglo,France,4.68941e-05,2789577,2790030
anglo,Frances,6.39387e-05,2790030,2790648
anglo,Francis,0.00120912,2790648,2802308
anglo,Franck,1.50775e-05,2802308,2802454
anglo,Frandsen,1.08033e-05,2802454,2802559
anglo,Frank,0.000264402,2802559,2805109
anglo,Frankel,2.84932e-05,2805109,2805385
anglo,Franklin,0.000850607,2805385,2813588
anglo,Franks,0.000118463,2813588,2814731
anglo,Frantz,4.7452e-05,2814731,2815190
anglo,Franz,4.50281e-05,2815190,2815625
anglo,Franzen,2.20819e-05,2815625,2815839
anglo,Fraser,0.000101987,2815839,2816823
anglo,Frawley,2.87101e-05,2816823,2817101
anglo,Frazee,1.99488e-05,2817101,2817294
anglo,Frazer,3.04181e-05,2817294,2817588
anglo,Freaney,3.80172e-05,2817588,2817956
anglo,Frechette,1.36239e-05,2817956,2818088
anglo,Freda,8.85084e-06,2818088,2818174
anglo,Frederick,0.000162615,2818174,2819743
anglo,Fredericks,3.08306e-05,2819743,2820041
anglo,Frederickson,1.34314e-05,2820041,2820172
anglo,Fredette,1.05479e-05,2820172,2820275
anglo,Fredrick,2.69689e-05,2820275,2820536
anglo,Fredricks,1.01826e-05,2820536,2820635
anglo,Fredrickson,3.54584e-05,2820635,2820978
anglo,Free,3.89822e-05,2820978,2821355
anglo,Freed,3.74815e-05,2821355,2821717
anglo,Freedman,3.50145e-05,2821717,2822056
anglo,Freeland,3.39931e-05,2822056,2822385
anglo,Freeley,1.13029e-05,2822385,2822495
anglo,Freely,1.3794e-05,2822495,2822629
anglo,Freeman,0.00133226,2822629,2835476
anglo,Freeney,1.44687e-05,2835476,2835617
anglo,Freer,1.44214e-05,2835617,2835757
anglo,Freese,2.37555e-05,2835757,2835987
anglo,Freeth,0.000538894,2835987,2841184
anglo,Freeze,1.58042e-05,2841184,2841337
anglo,Frei,9.50297e-06,2841337,2841430
anglo,Freil,1.31338e-05,2841430,2841558
anglo,Freitag,1.85934e-05,2841558,2841738
anglo,French,0.000251387,2841738,2844163
anglo,Fresh,1.42413e-05,2844163,2844301
anglo,Freund,2.9326e-05,2844301,2844585
anglo,Frey,0.000129262,2844585,2845832
anglo,Frick,3.77015e-05,2845832,2846197
anglo,Fricke,1.98309e-05,2846197,2846389
anglo,Fridley,9.29869e-06,2846389,2846480
anglo,Fried,2.75386e-05,2846480,2846747
anglo,Friedel,9.64832e-06,2846747,2846841
anglo,Friedland,9.09441e-06,2846841,2846930
anglo,Friedlander,1.13061e-05,2846930,2847040
anglo,Friedman,0.000150751,2847040,2848495
anglo,Friedrich,2.4549e-05,2848495,2848733
anglo,Friel,3.01939e-05,2848733,2849025
anglo,Friend,6.92786e-05,2849025,2849694
anglo,Fries,3.35491e-05,2849694,2850018
anglo,Friese,9.65225e-06,2850018,2850112
anglo,Friesen,2.95107e-05,2850112,2850398
anglo,Frink,1.52739e-05,2850398,2850546
anglo,Frisbie,1.5211e-05,2850546,2850694
anglo,Frisch,1.9772e-05,2850694,2850886
anglo,Frith,1.41582e-05,2850886,2851024
anglo,Fritts,2.31112e-05,2851024,2851248
anglo,Fritz,0.000130519,2851248,2852508
anglo,Frizzell,2.29423e-05,2852508,2852730
anglo,Froehlich,1.76938e-05,2852730,2852902
anglo,Froelich,1.2139e-05,2852902,2853020
anglo,Fromm,1.21979e-05,2853020,2853139
anglo,Frost,0.000457932,2853139,2857556
anglo,Fruge,1.28304e-05,2857556,2857681
anglo,Fry,0.000149396,2857681,2859123
anglo,Frye,0.000145247,2859123,2860525
anglo,Fryer,2.95578e-05,2860525,2860811
anglo,Fryman,1.30779e-05,2860811,2860938
anglo,Fuchs,5.09051e-05,2860938,2861430
anglo,Fugate,4.07579e-05,2861430,2861824
anglo,Fuhrman,1.95049e-05,2861824,2862013
anglo,Fulbright,1.20054e-05,2862013,2862130
anglo,Fulcher,2.64975e-05,2862130,2862386
anglo,Fulford,1.61971e-05,2862386,2862543
anglo,Fulk,1.87977e-05,2862543,2862725
anglo,Fulkerson,2.51069e-05,2862725,2862968
anglo,Fulks,1.38714e-05,2862968,2863103
anglo,Fullen,9.60511e-06,2863103,2863197
anglo,Fuller,0.00122921,2863197,2875051
anglo,Fullerton,3.34588e-05,2875051,2875375
anglo,Fullmer,1.8012e-05,2875375,2875550
anglo,Fulmer,3.75955e-05,2875550,2875914
anglo,Fulton,0.000548468,2875914,2881204
anglo,Fults,1.09722e-05,2881204,2881311
anglo,Fultz,4.45567e-05,2881311,2881742
anglo,Funderburk,2.37987e-05,2881742,2881972
anglo,Funk,9.59293e-05,2881972,2882898
anglo,Funke,1.02494e-05,2882898,2882998
anglo,Funkhouser,1.56e-05,2882998,2883149
anglo,Funnell,0.000339738,2883149,2886426
anglo,Fuqua,3.26534e-05,2886426,2886742
anglo,Furey,2.38097e-05,2886742,2886973
anglo,Furlong,2.66468e-05,2886973,2887231
anglo,Furman,3.64287e-05,2887231,2887583
anglo,Furness,0.000363168,2887583,2891086
anglo,Furr,3.24492e-05,2891086,2891400
anglo,Furst,9.90367e-06,2891400,2891496
anglo,Furtado,2.14652e-05,2891496,2891704
anglo,Fusco,3.39813e-05,2891704,2892033
anglo,Fuselier,1.01472e-05,2892033,2892132
anglo,Fuson,1.2355e-05,2892132,2892252
anglo,Fussell,1.88959e-05,2892252,2892435
anglo,Futch,1.80356e-05,2892435,2892610
anglo,Fye,9.46761e-06,2892610,2892702
anglo,Fyfe,1.23115e-05,2892702,2892822
anglo,Fyffe,9.62082e-06,2892822,2892916
anglo,Gabbard,2.43762e-05,2892916,2893152
anglo,Gabbert,1.10508e-05,2893152,2893260
anglo,Gabel,2.81946e-05,2893260,2893533
anglo,Gable,3.84165e-05,2893533,2893904
anglo,Gabler,9.22012e-06,2893904,2893994
anglo,Gabrielson,9.2869e-06,2893994,2894085
anglo,Gadd,1.09722e-05,2894085,2894192
anglo,Gaddis,3.59141e-05,2894192,2894539
anglo,Gaffney,6.17984e-05,2894539,2895136
anglo,Gafford,1.0159e-05,2895136,2895235
anglo,Gage,6.52676e-05,2895235,2895865
anglo,Gagne,3.7348e-05,2895865,2896226
anglo,Gagnon,8.3315e-05,2896226,2897030
anglo,Gahan,1.23972e-05,2897030,2897151
anglo,Gailey,1.44961e-05,2897151,2897292
anglo,Gaine,1.60277e-05,2897292,2897448
anglo,Gainey,6.38976e-05,2897448,2898065
anglo,Galante,1.58632e-05,2898065,2898219
anglo,Galasso,9.91546e-06,2898219,2898316
anglo,Galbraith,3.49084e-05,2898316,2898654
anglo,Galbreath,1.99684e-05,2898654,2898848
anglo,Gale,6.23291e-05,2898848,2899450
anglo,Gall,3.79412e-05,2899450,2899817
anglo,Gallagher,0.000285978,2899817,2902576
anglo,Gallaher,6.89479e-05,2902576,2903242
anglo,Gallant,3.55566e-05,2903242,2903586
anglo,Gallaway,1.05401e-05,2903586,2903689
anglo,Galle,1.01158e-05,2903689,2903788
anglo,Gallen,1.18353e-05,2903788,2903903
anglo,Galligan,4.73764e-05,2903903,2904361
anglo,Gallimore,1.64799e-05,2904361,2904521
anglo,Gallion,1.24179e-05,2904521,2904642
anglo,Gallivan,1.43433e-05,2904642,2904781
anglo,Gallogly,2.02192e-05,2904781,2904977
anglo,Gallucci,9.15726e-06,2904977,2905066
anglo,Gallup,1.58946e-05,2905066,2905220
anglo,Galvin,7.2627e-05,2905220,2905921
anglo,Gamache,1.6036e-05,2905921,2906077
anglo,Gambill,1.66056e-05,2906077,2906238
anglo,Gamblin,8.75263e-06,2906238,2906323
anglo,Gammon,2.52011e-05,2906323,2906567
anglo,Ganley,3.51212e-05,2906567,2906907
anglo,Ganly,2.5888e-05,2906907,2907158
anglo,Gann,5.09601e-05,2907158,2907650
anglo,Gannon,8.05297e-05,2907650,2908428
anglo,Gans,9.54225e-06,2908428,2908521
anglo,Gantz,1.24807e-05,2908521,2908642
anglo,Ganz,1.07601e-05,2908642,2908747
anglo,Garavan,1.7589e-05,2908747,2908918
anglo,Garber,4.96559e-05,2908918,2909398
anglo,Gard,1.85777e-05,2909398,2909578
anglo,Garde,1.61293e-05,2909578,2909735
anglo,Gardiner,0.0011223,2909735,2920558
anglo,Gardner,0.0014517,2920558,2934557
anglo,Garety,1.55009e-05,2934557,2934707
anglo,Garey,1.08897e-05,2934707,2934813
anglo,Garfield,1.74699e-05,2934813,2934982
anglo,Gargan,2.55318e-05,2934982,2935229
anglo,Gargano,1.03437e-05,2935229,2935330
anglo,Garland,0.000147894,2935330,2936757
anglo,Garlick,1.08544e-05,2936757,2936863
anglo,Garlock,1.08701e-05,2936863,2936969
anglo,Garman,3.09721e-05,2936969,2937269
anglo,Garner,0.00029198,2937269,2940085
anglo,Garofalo,2.02395e-05,2940085,2940281
anglo,Garr,1.2414e-05,2940281,2940402
anglo,Garraghy,1.67581e-05,2940402,2940565
anglo,Garrahy,1.81157e-05,2940565,2940741
anglo,Garrard,1.31722e-05,2940741,2940869
anglo,Garren,1.33686e-05,2940869,2940999
anglo,Garretson,1.48653e-05,2940999,2941143
anglo,Garrihy,3.34999e-05,2941143,2941467
anglo,Garris,2.87407e-05,2941467,2941745
anglo,Garrison,0.000199118,2941745,2943666
anglo,Garrity,2.81121e-05,2943666,2943938
anglo,Garrow,1.08819e-05,2943938,2944044
anglo,Garry,2.49885e-05,2944044,2944286
anglo,Gartlan,1.1879e-05,2944286,2944402
anglo,Gartland,1.75041e-05,2944402,2944572
anglo,Gartman,9.12976e-06,2944572,2944661
anglo,Gartner,2.23687e-05,2944661,2944878
anglo,Garton,1.3455e-05,2944878,2945009
anglo,Garver,1.75878e-05,2945009,2945180
anglo,Garvey,6.02146e-05,2945180,2945762
anglo,Garvin,6.84851e-05,2945762,2946423
anglo,Garwood,1.42446e-05,2946423,2946561
anglo,Gasaway,9.29083e-06,2946561,2946652
anglo,Gaskill,2.19248e-05,2946652,2946864
anglo,Gaskin,0.00032053,2946864,2949956
anglo,Gaspard,2.0762e-05,2949956,2950157
anglo,Gasper,1.92416e-05,2950157,2950344
anglo,Gass,2.67843e-05,2950344,2950603
anglo,Gasser,1.18797e-05,2950603,2950719
anglo,Gast,1.81181e-05,2950719,2950895
anglo,Gately,3.36018e-05,2950895,2951220
anglo,Gates,0.000206516,2951220,2953212
anglo,Gatti,1.13454e-05,2953212,2953322
anglo,Gattis,9.87617e-06,2953322,2953418
anglo,Gaudet,1.89117e-05,2953418,2953601
anglo,Gaudette,1.25632e-05,2953601,2953723
anglo,Gauger,9.32619e-06,2953723,2953814
anglo,Gaughan,5.75691e-05,2953814,2954370
anglo,Gaul,1.82674e-05,2954370,2954547
anglo,Gault,2.49851e-05,2954547,2954789
anglo,Gaunt,1.02297e-05,2954789,2954889
anglo,Gautreaux,1.09211e-05,2954889,2954995
anglo,Gauvin,8.73299e-06,2954995,2955080
anglo,Gavaghan,1.12552e-05,2955080,2955190
anglo,Gavican,2.76247e-05,2955190,2955457
anglo,Gavigan,1.48769e-05,2955457,2955601
anglo,Gavin,6.79035e-05,2955601,2956257
anglo,Gay,0.000138963,2956257,2957598
anglo,Gaydos,9.37333e-06,2957598,2957689
anglo,Gaylor,1.32861e-05,2957689,2957818
anglo,Gaylord,2.0267e-05,2957818,2958014
anglo,Gaynard,1.12727e-05,2958014,2958124
anglo,Gaynor,4.75685e-05,2958124,2958584
anglo,Geany,1.42161e-05,2958584,2958722
anglo,Gearhart,2.96717e-05,2958722,2959009
anglo,Gearty,1.91789e-05,2959009,2959195
anglo,Geary,0.00014798,2959195,2960623
anglo,Gebhardt,1.95677e-05,2960623,2960813
anglo,Gebhart,1.32272e-05,2960813,2960942
anglo,Geddes,1.44843e-05,2960942,2961083
anglo,Gee,0.000351453,2961083,2964473
anglo,Geer,3.42445e-05,2964473,2964804
anglo,Geherty,3.54279e-05,2964804,2965147
anglo,Gehman,8.79192e-06,2965147,2965233
anglo,Gehring,2.00352e-05,2965233,2965427
anglo,Gehrke,1.6421e-05,2965427,2965586
anglo,Geib,1.14515e-05,2965586,2965697
anglo,Geier,1.51796e-05,2965697,2965844
anglo,Geiger,8.65796e-05,2965844,2966680
anglo,Geis,1.31486e-05,2966680,2966808
anglo,Geiser,1.53682e-05,2966808,2966957
anglo,Geist,2.34373e-05,2966957,2967184
anglo,Gelinas,1.00765e-05,2967184,2967282
anglo,Geller,2.67529e-05,2967282,2967541
anglo,Gelman,9.78582e-06,2967541,2967636
anglo,Gendron,1.78235e-05,2967636,2967809
anglo,Gengler,8.70942e-06,2967809,2967894
anglo,Genovese,2.02198e-05,2967894,2968090
anglo,Gentile,5.84281e-05,2968090,2968654
anglo,Gentry,0.00016903,2968654,2970285
anglo,Geoghegan,1.58369e-05,2970285,2970439
anglo,George,0.000973903,2970439,2979831
anglo,Gephart,1.01315e-05,2979831,2979930
anglo,Gerace,8.87049e-06,2979930,2980017
anglo,Geraghty,3.40515e-05,2980017,2980346
anglo,Gerarghty,1.26229e-05,2980346,2980469
anglo,Gerber,6.57312e-05,2980469,2981104
anglo,Gerdes,2.33351e-05,2981104,2981330
anglo,Gerhard,1.01512e-05,2981330,2981429
anglo,Gerhardt,1.96699e-05,2981429,2981620
anglo,Gerhart,1.69671e-05,2981620,2981785
anglo,Gerke,1.06422e-05,2981785,2981889
anglo,Gerken,1.66567e-05,2981889,2982051
anglo,Gerling,9.01191e-06,2982051,2982139
anglo,Gerry,1.10547e-05,2982139,2982247
anglo,Gerson,9.58154e-06,2982247,2982340
anglo,Gessner,1.08936e-05,2982340,2982446
anglo,Getchell,1.00215e-05,2982446,2982544
anglo,Getty,1.11647e-05,2982544,2982653
anglo,Getz,3.0261e-05,2982653,2982946
anglo,Geyer,3.12785e-05,2982946,2983249
anglo,Giardina,1.4005e-05,2983249,2983385
anglo,Gibb,0.00031835,2983385,2986456
anglo,Gibbon,1.18585e-05,2986456,2986571
anglo,Gibbons,0.00077245,2986571,2994020
anglo,Gibbs,0.000677345,2994020,3000552
anglo,Giblin,3.41474e-05,3000552,3000882
anglo,Gibney,1.14469e-05,3000882,3000993
anglo,Gibson,0.0019217,3000993,3019524
anglo,Giddings,2.06913e-05,3019524,3019725
anglo,Gideon,1.68414e-05,3019725,3019888
anglo,Giese,2.57433e-05,3019888,3020137
anglo,Giffin,1.6201e-05,3020137,3020294
anglo,Gifford,0.000474973,3020294,3024875
anglo,Giglio,1.8016e-05,3024875,3025050
anglo,Gigliotti,1.3125e-05,3025050,3025178
anglo,Giguere,9.97046e-06,3025178,3025275
anglo,Gilbane,1.21142e-05,3025275,3025393
anglo,Gilbert,0.000814706,3025393,3033250
anglo,Gilbertson,3.38673e-05,3033250,3033578
anglo,Gilbreath,1.88724e-05,3033578,3033761
anglo,Gilbride,1.31219e-05,3033761,3033889
anglo,Gilchrist,0.000554131,3033889,3039233
anglo,Gildea,2.96281e-05,3039233,3039520
anglo,Gilduff,2.11789e-05,3039520,3039725
anglo,Gile,1.04497e-05,3039725,3039827
anglo,Giles,0.000620402,3039827,3045810
anglo,Gilgunn,1.48655e-05,3045810,3045954
anglo,Gilhooly,1.33571e-05,3045954,3046084
anglo,Gill,0.00106091,3046084,3056315
anglo,Gillam,1.42721e-05,3056315,3056454
anglo,Gillan,1.88078e-05,3056454,3056636
anglo,Gilland,9.58154e-06,3056636,3056729
anglo,Gillen,6.09043e-05,3056729,3057317
anglo,Gillenwater,1.19465e-05,3057317,3057433
anglo,Gillespie,0.000510365,3057433,3062355
anglo,Gillett,2.07934e-05,3062355,3062556
anglo,Gillette,4.99859e-05,3062556,3063039
anglo,Gilley,3.89154e-05,3063039,3063415
anglo,Gillic,1.28838e-05,3063415,3063540
anglo,Gillick,1.29668e-05,3063540,3063666
anglo,Gillies,0.000339101,3063666,3066937
anglo,Gilligan,3.88268e-05,3066937,3067312
anglo,Gilliland,0.000105159,3067312,3068327
anglo,Gillis,8.64027e-05,3068327,3069161
anglo,Gillispie,1.88213e-05,3069161,3069343
anglo,Gillman,1.7026e-05,3069343,3069508
anglo,Gillooly,1.57474e-05,3069508,3069661
anglo,Gillum,1.98781e-05,3069661,3069854
anglo,Gilman,4.69295e-05,3069854,3070308
anglo,Gilmartin,2.46815e-05,3070308,3070547
anglo,Gilmer,2.6309e-05,3070547,3070802
anglo,Gilmore,0.000545053,3070802,3076059
anglo,Gilmour,1.03122e-05,3076059,3076159
anglo,Gilpin,2.38458e-05,3076159,3076390
anglo,Gilreath,1.53407e-05,3076390,3076539
anglo,Gilroy,2.69135e-05,3076539,3076800
anglo,Gilsenan,1.4652e-05,3076800,3076942
anglo,Gilson,2.85639e-05,3076942,3077218
anglo,Gilstrap,1.94616e-05,3077218,3077407
anglo,Ginevan,1.20282e-05,3077407,3077524
anglo,Ging,2.08545e-05,3077524,3077726
anglo,Gingerich,3.58159e-05,3077726,3078072
anglo,Gingras,1.0379e-05,3078072,3078173
anglo,Gingrich,1.38086e-05,3078173,3078307
anglo,Ginn,3.17735e-05,3078307,3078614
anglo,Ginnitty,2.02048e-05,3078614,3078810
anglo,Ginnity,1.56729e-05,3078810,3078962
anglo,Ginsburg,1.21508e-05,3078962,3079080
anglo,Ginter,1.49085e-05,3079080,3079225
anglo,Ginther,1.11922e-05,3079225,3079334
anglo,Ginty,1.11788e-05,3079334,3079443
anglo,Gioia,9.05512e-06,3079443,3079531
anglo,Giordano,6.50908e-05,3079531,3080160
anglo,Girouard,1.15536e-05,3080160,3080272
anglo,Giroux,1.91906e-05,3080272,3080458
anglo,Girvan,3.30493e-05,3080458,3080778
anglo,Gish,1.48025e-05,3080778,3080922
anglo,Giuliano,1.15929e-05,3080922,3081035
anglo,Giunta,9.15726e-06,3081035,3081124
anglo,Given,1.4665e-05,3081124,3081266
anglo,Givern,3.16877e-05,3081266,3081573
anglo,Gladstone,9.53047e-06,3081573,3081666
anglo,Glaser,4.02079e-05,3081666,3082055
anglo,Glasgow,3.56627e-05,3082055,3082400
anglo,Glass,0.000164218,3082400,3083984
anglo,Glasscock,1.4775e-05,3083984,3084127
anglo,Glasser,1.65821e-05,3084127,3084288
anglo,Glassman,1.44018e-05,3084288,3084428
anglo,Glavin,1.49116e-05,3084428,3084573
anglo,Glaze,2.75857e-05,3084573,3084840
anglo,Glazer,1.32036e-05,3084840,3084968
anglo,Glazier,2.71832e-05,3084968,3085231
anglo,Gleason,9.9846e-05,3085231,3086195
anglo,Gleasure,1.93538e-05,3086195,3086383
anglo,Gledhill,0.000386598,3086383,3090112
anglo,Gleeson,0.000393303,3090112,3093905
anglo,Glennon,2.95491e-05,3093905,3094191
anglo,Glick,4.00547e-05,3094191,3094578
anglo,Glickman,1.0269e-05,3094578,3094678
anglo,Glidden,1.8617e-05,3094678,3094859
anglo,Glidewell,1.39971e-05,3094859,3094995
anglo,Gloster,1.25017e-05,3094995,3095117
anglo,Glover,0.00026265,3095117,3097651
anglo,Glowacki,9.18869e-06,3097651,3097741
anglo,Gluck,1.67628e-05,3097741,3097904
anglo,Glynn,5.06773e-05,3097904,3098394
anglo,Goad,3.55998e-05,3098394,3098738
anglo,Gober,1.70456e-05,3098738,3098903
anglo,Goble,3.54427e-05,3098903,3099246
anglo,Godbey,9.34583e-06,3099246,3099337
anglo,Goddard,6.12802e-05,3099337,3099929
anglo,Godfrey,0.000423402,3099929,3104013
anglo,Godin,1.43978e-05,3104013,3104153
anglo,Godsey,2.28873e-05,3104153,3104375
anglo,Godwin,8.88934e-05,3104375,3105233
anglo,Goebel,3.55998e-05,3105233,3105577
anglo,Goehring,1.14436e-05,3105577,3105688
anglo,Goetz,5.26022e-05,3105688,3106196
anglo,Goff,0.00014216,3106196,3107568
anglo,Goforth,3.43152e-05,3107568,3107900
anglo,Gogan,2.21554e-05,3107900,3108115
anglo,Gogarty,1.35965e-05,3108115,3108247
anglo,Goggin,6.91422e-05,3108247,3108915
anglo,Goin,1.03279e-05,3108915,3109016
anglo,Gold,7.34545e-05,3109016,3109725
anglo,Golden,0.000210759,3109725,3111758
anglo,Goldfarb,1.36711e-05,3111758,3111891
anglo,Golding,3.24431e-05,3111891,3112205
anglo,Goldman,9.40476e-05,3112205,3113113
anglo,Goldrick,1.52532e-05,3113113,3113261
anglo,Goldsberry,1.24768e-05,3113261,3113382
anglo,Goldsmith,6.42148e-05,3113382,3114002
anglo,Gollan,1.41961e-05,3114002,3114140
anglo,Golub,9.2869e-06,3114140,3114231
anglo,Gooch,4.49928e-05,3114231,3114666
anglo,Good,0.000139249,3114666,3116010
anglo,Goodale,1.23354e-05,3116010,3116130
anglo,Goodall,2.04005e-05,3116130,3116328
anglo,Goodell,1.80985e-05,3116328,3116504
anglo,Goodfellow,9.58547e-06,3116504,3116597
anglo,Goodin,2.81003e-05,3116597,3116869
anglo,Gooding,2.79825e-05,3116869,3117140
anglo,Goodman,0.000287313,3117140,3119911
anglo,Goodnight,1.40011e-05,3119911,3120047
anglo,Goodrich,7.65541e-05,3120047,3120786
anglo,Goodson,6.21484e-05,3120786,3121386
anglo,Goodwin,0.00088295,3121386,3129901
anglo,Goodyear,1.14633e-05,3129901,3130013
anglo,Gorden,1.24297e-05,3130013,3130134
anglo,Gordon,0.00166668,3130134,3146206
anglo,Gordy,1.65978e-05,3146206,3146367
anglo,Gore,0.000686512,3146367,3152988
anglo,Gorecki,9.11405e-06,3152988,3153077
anglo,Gorevan,1.18324e-05,3153077,3153192
anglo,Gorey,1.22726e-05,3153192,3153311
anglo,Gorham,7.10537e-05,3153311,3153997
anglo,Gorman,0.000145592,3153997,3155402
anglo,Gormley,1.9442e-05,3155402,3155590
anglo,Gorrell,1.29993e-05,3155590,3155716
anglo,Gorsuch,9.78189e-06,3155716,3155811
anglo,Gorton,1.6146e-05,3155811,3155968
anglo,Gosnell,2.72282e-05,3155968,3156232
anglo,Goss,0.000102843,3156232,3157225
anglo,Gossett,4.47413e-05,3157225,3157657
anglo,Gott,1.95991e-05,3157657,3157847
anglo,Gottlieb,2.55704e-05,3157847,3158095
anglo,Gottschalk,1.96816e-05,3158095,3158286
anglo,Goudy,1.03004e-05,3158286,3158386
anglo,Gouge,1.11451e-05,3158386,3158494
anglo,Gough,8.2556e-05,3158494,3159291
anglo,Gould,0.000152912,3159291,3160766
anglo,Goulden,2.06055e-05,3160766,3160966
anglo,Goulding,4.40039e-05,3160966,3161391
anglo,Goulet,2.21448e-05,3161391,3161606
anglo,Gourley,2.33115e-05,3161606,3161832
anglo,Gove,1.03554e-05,3161832,3161933
anglo,Gowan,1.15536e-05,3161933,3162045
anglo,Gowen,1.25161e-05,3162045,3162167
anglo,Gower,2.57472e-05,3162167,3162416
anglo,Goyette,1.26929e-05,3162416,3162539
anglo,Graber,4.79431e-05,3162539,3163002
anglo,Grable,1.26929e-05,3163002,3163125
anglo,Grace,0.000122302,3163125,3164305
anglo,Grady,0.000116811,3164305,3165432
anglo,Graff,5.1298e-05,3165432,3165928
anglo,Grafton,1.33922e-05,3165928,3166058
anglo,Gragg,2.22941e-05,3166058,3166274
anglo,Graham,0.00202227,3166274,3185775
anglo,Grahams,1.46741e-05,3185775,3185917
anglo,Grainger,1.56039e-05,3185917,3186068
anglo,Grammer,1.37889e-05,3186068,3186202
anglo,Grams,1.35414e-05,3186202,3186334
anglo,Granger,6.89014e-05,3186334,3186999
anglo,Grant,0.00149614,3186999,3201427
anglo,Grantham,4.07736e-05,3201427,3201821
anglo,Grass,1.79413e-05,3201821,3201995
anglo,Grattan,1.39478e-05,3201995,3202130
anglo,Gratton,8.76442e-06,3202130,3202216
anglo,Gravel,8.76835e-06,3202216,3202302
anglo,Gravelle,8.71728e-06,3202302,3202387
anglo,Graver,9.66404e-06,3202387,3202481
anglo,Gravitt,1.15261e-05,3202481,3202593
anglo,Gray,0.0028104,3202593,3229693
anglo,Graybill,1.55842e-05,3229693,3229844
anglo,Grealish,7.21326e-05,3229844,3230541
anglo,Greally,1.24609e-05,3230541,3230662
anglo,Greaney,1.41563e-05,3230662,3230799
anglo,Greathouse,3.22802e-05,3230799,3231111
anglo,Greehy,3.14676e-05,3231111,3231415
anglo,Greeley,1.66803e-05,3231415,3231577
anglo,Greelish,1.92908e-05,3231577,3231764
anglo,Greely,1.27914e-05,3231764,3231888
anglo,Green,0.00327765,3231888,3263494
anglo,Greenawalt,1.23865e-05,3263494,3263614
anglo,Greenbaum,1.08033e-05,3263614,3263719
anglo,Greene,0.000523938,3263719,3268772
anglo,Greenfield,4.68352e-05,3268772,3269225
anglo,Greenhalgh,1.00019e-05,3269225,3269322
anglo,Greening,8.96477e-06,3269322,3269409
anglo,Greenleaf,1.55332e-05,3269409,3269560
anglo,Greenlee,3.55448e-05,3269560,3269904
anglo,Greenman,1.01983e-05,3269904,3270003
anglo,Greenspan,1.07522e-05,3270003,3270108
anglo,Greenwald,2.61793e-05,3270108,3270361
anglo,Greenwalt,9.51868e-06,3270361,3270454
anglo,Greenway,2.01138e-05,3270454,3270649
anglo,Greenwell,2.65761e-05,3270649,3270906
anglo,Greenwood,9.80978e-05,3270906,3271853
anglo,Greer,0.000868422,3271853,3280228
anglo,Greeson,1.23904e-05,3280228,3280348
anglo,Gregg,0.000100388,3280348,3281317
anglo,Gregor,1.6421e-05,3281317,3281476
anglo,Gregory,0.000358999,3281476,3284939
anglo,Greig,0.000655165,3284939,3291257
anglo,Greiner,3.51009e-05,3291257,3291596
anglo,Gremillion,9.34976e-06,3291596,3291687
anglo,Grennan,1.94947e-05,3291687,3291876
anglo,Gress,1.51246e-05,3291876,3292023
anglo,Greve,1.12236e-05,3292023,3292132
anglo,Grey,6.25283e-05,3292132,3292736
anglo,Gribble,1.50028e-05,3292736,3292882
anglo,Grider,2.69689e-05,3292882,3293143
anglo,Grieco,1.3895e-05,3293143,3293278
anglo,Griffen,2.86012e-05,3293278,3293555
anglo,Griffey,1.19229e-05,3293555,3293671
anglo,Griffin,0.0012218,3293671,3305453
anglo,Griffis,3.26417e-05,3305453,3305769
anglo,Griffith,0.000327778,3305769,3308931
anglo,Griffiths,0.000672348,3308931,3315415
anglo,Grigg,1.86877e-05,3315415,3315596
anglo,Grill,1.27518e-05,3315596,3315720
anglo,Grim,2.91414e-05,3315720,3316002
anglo,Grimes,0.000197386,3316002,3317906
anglo,Grimm,8.6831e-05,3317906,3318744
anglo,Grimmett,1.53328e-05,3318744,3318893
anglo,Grimsley,2.29737e-05,3318893,3319116
anglo,Grindle,1.19661e-05,3319116,3319232
anglo,Grindstaff,1.47475e-05,3319232,3319375
anglo,Griner,1.61735e-05,3319375,3319532
anglo,Grinnell,1.42014e-05,3319532,3319670
anglo,Grinstead,9.99796e-06,3319670,3319767
anglo,Grisham,2.67057e-05,3319767,3320026
anglo,Grissom,4.54249e-05,3320026,3320465
anglo,Griswold,4.09229e-05,3320465,3320861
anglo,Grizzle,1.70771e-05,3320861,3321027
anglo,Groarke,2.11128e-05,3321027,3321232
anglo,Groff,3.88486e-05,3321232,3321608
anglo,Grogan,0.000158836,3321608,3323141
anglo,Groh,1.52975e-05,3323141,3323289
anglo,Groogan,1.18907e-05,3323289,3323405
anglo,Groom,2.00902e-05,3323405,3323600
anglo,Grooms,4.339e-05,3323600,3324019
anglo,Groover,1.44489e-05,3324019,3324159
anglo,Grose,2.0762e-05,3324159,3324360
anglo,Gross,0.000292683,3324360,3327183
anglo,Grossman,6.86854e-05,3327183,3327846
anglo,Grosso,1.59849e-05,3327846,3328001
anglo,Grote,1.66567e-05,3328001,3328163
anglo,Groth,2.52758e-05,3328163,3328408
anglo,Grove,8.53735e-05,3328408,3329232
anglo,Grover,6.88818e-05,3329232,3329897
anglo,Groves,9.67543e-05,3329897,3330831
anglo,Grow,2.06088e-05,3330831,3331031
anglo,Growney,2.62281e-05,3331031,3331285
anglo,Grubb,5.76424e-05,3331285,3331842
anglo,Grubbs,6.19638e-05,3331842,3332440
anglo,Grube,1.80081e-05,3332440,3332615
anglo,Gruber,5.55132e-05,3332615,3333151
anglo,Grunwald,9.25548e-06,3333151,3333241
anglo,Gruver,1.23668e-05,3333241,3333361
anglo,Guard,0.000281162,3333361,3336073
anglo,Guarino,2.66154e-05,3336073,3336331
anglo,Guay,1.27872e-05,3336331,3336455
anglo,Gubain,2.65165e-05,3336455,3336712
anglo,Gubben,1.17127e-05,3336712,3336826
anglo,Guenther,3.85344e-05,3336826,3337199
anglo,Guerin,4.06208e-05,3337199,3337592
anglo,Guernsey,8.94513e-06,3337592,3337679
anglo,Guerriero,1.07404e-05,3337679,3337784
anglo,Guertin,1.21665e-05,3337784,3337902
anglo,Guess,3.0921e-05,3337902,3338201
anglo,Guest,3.72537e-05,3338201,3338561
anglo,Guffey,2.87053e-05,3338561,3338839
anglo,Guida,1.16833e-05,3338839,3338953
anglo,Guidry,8.09265e-05,3338953,3339734
anglo,Guihan,1.53219e-05,3339734,3339883
anglo,Guild,1.1039e-05,3339883,3339990
anglo,Guilfoyle,1.50765e-05,3339990,3340136
anglo,Guin,1.05479e-05,3340136,3340239
anglo,Guinan,1.6263e-05,3340239,3340397
anglo,Guinane,2.03948e-05,3340397,3340595
anglo,Guinevan,1.33821e-05,3340595,3340725
anglo,Guiney,1.4063e-05,3340725,3340862
anglo,Guinn,4.94084e-05,3340862,3341339
anglo,Guinnane,1.26511e-05,3341339,3341462
anglo,Guinness,1.37802e-05,3341462,3341596
anglo,Guiry,1.62554e-05,3341596,3341754
anglo,Gulick,1.41503e-05,3341754,3341891
anglo,Gulledge,1.49675e-05,3341891,3342036
anglo,Gullery,0.000351453,3342036,3345426
anglo,Gullett,1.61735e-05,3345426,3345583
anglo,Gullickson,9.2869e-06,3345583,3345674
anglo,Gullo,8.95691e-06,3345674,3345761
anglo,Gum,9.73868e-06,3345761,3345856
anglo,Gumm,1.10469e-05,3345856,3345964
anglo,Gump,9.66404e-06,3345964,3346058
anglo,Gunderson,5.3985e-05,3346058,3346580
anglo,Gunn,0.000480132,3346580,3351211
anglo,Gunnell,8.9412e-06,3351211,3351298
anglo,Gunnels,8.89406e-06,3351298,3351385
anglo,Gunning,2.44187e-05,3351385,3351621
anglo,Gunter,9.62986e-05,3351621,3352551
anglo,Gunther,3.09642e-05,3352551,3352851
anglo,Gupton,9.64832e-06,3352851,3352945
anglo,Gurley,3.40559e-05,3352945,3353274
anglo,Gurney,1.78628e-05,3353274,3353447
anglo,Gust,1.32075e-05,3353447,3353575
anglo,Gustafson,0.000103794,3353575,3354577
anglo,Guth,1.3565e-05,3354577,3354709
anglo,Guthrie,0.000465276,3354709,3359196
anglo,Guy,0.000511657,3359196,3364131
anglo,Guyer,1.95402e-05,3364131,3364320
anglo,Guyette,1.01551e-05,3364320,3364419
anglo,Gwaltney,1.17736e-05,3364419,3364534
anglo,Gwin,1.8782e-05,3364534,3364716
anglo,Gwinn,1.90609e-05,3364716,3364901
anglo,Gwyn,9.0237e-06,3364901,3364989
anglo,Gwynn,2.85449e-05,3364989,3365265
anglo,Haag,3.91158e-05,3365265,3365643
anglo,Haak,9.44797e-06,3365643,3365735
anglo,Haas,0.000137174,3365735,3367059
anglo,Haber,2.06559e-05,3367059,3367259
anglo,Haberman,1.59221e-05,3367259,3367414
anglo,Hack,2.54093e-05,3367414,3367660
anglo,Hackbarth,9.3694e-06,3367660,3367751
anglo,Hacker,5.35254e-05,3367751,3368268
anglo,Hackett,9.15788e-05,3368268,3369152
anglo,Hackler,1.32272e-05,3369152,3369281
anglo,Hackman,1.66646e-05,3369281,3369443
anglo,Hackney,3.7348e-05,3369443,3369804
anglo,Hackworth,1.79374e-05,3369804,3369978
anglo,Haddad,4.24432e-05,3369978,3370388
anglo,Hadden,2.59004e-05,3370388,3370639
anglo,Haddix,1.19151e-05,3370639,3370755
anglo,Haddock,3.11921e-05,3370755,3371057
anglo,Haddox,9.22405e-06,3371057,3371147
anglo,Haden,1.20997e-05,3371147,3371265
anglo,Hadfield,0.00036039,3371265,3374741
anglo,Hadley,8.55267e-05,3374741,3375567
anglo,Hafer,1.56707e-05,3375567,3375719
anglo,Haffner,1.24533e-05,3375719,3375840
anglo,Hafner,2.0377e-05,3375840,3376037
anglo,Haga,1.17618e-05,3376037,3376151
anglo,Hagan,0.000130412,3376151,3377409
anglo,Hagar,1.208e-05,3377409,3377526
anglo,Hage,1.08544e-05,3377526,3377632
anglo,Hagedorn,1.61696e-05,3377632,3377789
anglo,Hageman,2.1583e-05,3377789,3377998
anglo,Hagen,9.27748e-05,3377998,3378894
anglo,Hager,8.29143e-05,3378894,3379694
anglo,Hagerman,2.13159e-05,3379694,3379901
anglo,Hagerty,2.25887e-05,3379901,3380120
anglo,Haggard,3.29363e-05,3380120,3380439
anglo,Haggerty,5.58677e-05,3380439,3380979
anglo,Hagler,2.26869e-05,3380979,3381199
anglo,Haglund,9.55011e-06,3381199,3381292
anglo,Hagood,1.54075e-05,3381292,3381442
anglo,Hagstrom,8.81942e-06,3381442,3381528
anglo,Hagy,1.09801e-05,3381528,3381635
anglo,Hahessy,2.3876e-05,3381635,3381866
anglo,Haigh,1.07129e-05,3381866,3381970
anglo,Haight,2.72204e-05,3381970,3382233
anglo,Hail,0.000338791,3382233,3385501
anglo,Hain,1.09054e-05,3385501,3385607
anglo,Haines,0.000467193,3385607,3390113
anglo,Hair,3.06971e-05,3390113,3390410
anglo,Haire,3.5434e-05,3390410,3390753
anglo,Hake,1.53917e-05,3390753,3390902
anglo,Hakes,9.74261e-06,3390902,3390997
anglo,Halbert,1.91631e-05,3390997,3391183
anglo,Halcomb,1.52542e-05,3391183,3391331
anglo,Haldeman,1.29011e-05,3391331,3391456
anglo,Hale,0.000340276,3391456,3394738
anglo,Hales,3.28538e-05,3394738,3395056
anglo,Haley,0.000148724,3395056,3396491
anglo,Halford,1.31211e-05,3396491,3396619
anglo,Hall,0.00159919,3396619,3412040
anglo,Hallahan,7.27975e-05,3412040,3412743
anglo,Hallam,1.31211e-05,3412743,3412871
anglo,Hallanan,1.27477e-05,3412871,3412995
anglo,Haller,3.92533e-05,3412995,3413374
anglo,Hallett,2.25141e-05,3413374,3413592
anglo,Halley,3.26309e-05,3413592,3413908
anglo,Halliday,1.79453e-05,3413908,3414082
anglo,Halligan,1.26497e-05,3414082,3414205
anglo,Hallinan,1.44265e-05,3414205,3414345
anglo,Hallissey,4.84321e-05,3414345,3414813
anglo,Hallman,3.90411e-05,3414813,3415190
anglo,Hallmark,1.73874e-05,3415190,3415359
anglo,Hallock,1.93674e-05,3415359,3415547
anglo,Halloran,3.80652e-05,3415547,3415915
anglo,Hallowell,9.78582e-06,3415915,3416010
anglo,Halpen,1.19143e-05,3416010,3416126
anglo,Halpern,1.61892e-05,3416126,3416283
anglo,Halpin,3.73941e-05,3416283,3416645
anglo,Halsey,2.9931e-05,3416645,3416935
anglo,Halstead,3.54623e-05,3416935,3417278
anglo,Halter,1.70849e-05,3417278,3417444
anglo,Halterman,1.63267e-05,3417444,3417602
anglo,Halverson,4.62813e-05,3417602,3418049
anglo,Halvorsen,1.37496e-05,3418049,3418183
anglo,Halvorson,2.47415e-05,3418183,3418423
anglo,Ham,0.000468604,3418423,3422943
anglo,Haman,1.16833e-05,3422943,3423057
anglo,Hamblin,3.51048e-05,3423057,3423396
anglo,Hamby,5.43032e-05,3423396,3423921
anglo,Hamdan,9.47547e-06,3423921,3424013
anglo,Hamer,2.66468e-05,3424013,3424271
anglo,Hames,1.42721e-05,3424271,3424410
anglo,Hamill,2.27105e-05,3424410,3424630
anglo,Hamilton,0.00160503,3424630,3440108
anglo,Hamlin,6.62772e-05,3440108,3440748
anglo,Hamm,0.000104992,3440748,3441761
anglo,Hammack,1.99566e-05,3441761,3441954
anglo,Hamman,1.78942e-05,3441954,3442128
anglo,Hammel,2.02159e-05,3442128,3442324
anglo,Hammer,8.52832e-05,3442324,3443147
anglo,Hammers,1.00922e-05,3443147,3443245
anglo,Hammes,8.7487e-06,3443245,3443330
anglo,Hammett,2.98171e-05,3443330,3443619
anglo,Hammock,2.83714e-05,3443619,3443894
anglo,Hammon,1.73796e-05,3443894,3444063
anglo,Hammond,0.000273088,3444063,3446697
anglo,Hammons,4.42856e-05,3446697,3447125
anglo,Hamner,1.41582e-05,3447125,3447263
anglo,Hampson,1.04222e-05,3447263,3447364
anglo,Hamrick,4.78016e-05,3447364,3447826
anglo,Hanafin,1.18702e-05,3447826,3447941
anglo,Hanbury,1.46411e-05,3447941,3448083
anglo,Hance,1.75367e-05,3448083,3448253
anglo,Hancock,0.000198616,3448253,3450169
anglo,Hand,8.64499e-05,3450169,3451004
anglo,Handel,9.29869e-06,3451004,3451095
anglo,Handler,9.73475e-06,3451095,3451190
anglo,Handley,3.81926e-05,3451190,3451559
anglo,Haner,8.74085e-06,3451559,3451644
anglo,Hanes,3.64091e-05,3451644,3451996
anglo,Haney,0.000133167,3451996,3453281
anglo,Hankard,1.17099e-05,3453281,3453395
anglo,Hanke,1.41778e-05,3453395,3453533
anglo,Hankins,8.45878e-05,3453533,3454350
anglo,Hanks,6.87404e-05,3454350,3455014
anglo,Hanley,9.56742e-05,3455014,3455938
anglo,Hanlon,0.000163103,3455938,3457512
anglo,Hanly,1.99364e-05,3457512,3457705
anglo,Hann,2.52208e-05,3457705,3457949
anglo,Hanna,0.000176332,3457949,3459650
anglo,Hannah,9.58206e-05,3459650,3460575
anglo,Hannan,2.78371e-05,3460575,3460844
anglo,Hanncard,2.39958e-05,3460844,3461076
anglo,Hanneman,1.04458e-05,3461076,3461178
anglo,Hanner,1.47239e-05,3461178,3461321
anglo,Hannigan,8.42426e-05,3461321,3462134
anglo,Hannon,5.92162e-05,3462134,3462706
anglo,Hannum,9.26333e-06,3462706,3462796
anglo,Hanrahan,4.57652e-05,3462796,3463238
anglo,Hanratty,2.31279e-05,3463238,3463462
anglo,Hansel,1.49871e-05,3463462,3463608
anglo,Hansen,0.00241645,3463608,3486910
anglo,Hansford,1.23708e-05,3486910,3487030
anglo,Hanshaw,1.19033e-05,3487030,3487146
anglo,Hanson,0.000729503,3487146,3494181
anglo,Hara,1.42615e-05,3494181,3494320
anglo,Harahoe,1.55074e-05,3494320,3494471
anglo,Haralson,1.17501e-05,3494471,3494585
anglo,Haran,1.60493e-05,3494585,3494741
anglo,Harbaugh,1.92299e-05,3494741,3494927
anglo,Harber,1.34197e-05,3494927,3495057
anglo,Harbert,1.22372e-05,3495057,3495176
anglo,Harbin,3.37338e-05,3495176,3495502
anglo,Harbison,2.44154e-05,3495502,3495738
anglo,Harbour,1.63228e-05,3495738,3495896
anglo,Hardcastle,1.16243e-05,3495896,3496009
anglo,Hardee,2.46826e-05,3496009,3496248
anglo,Harder,3.79687e-05,3496248,3496615
anglo,Hardesty,4.24943e-05,3496615,3497026
anglo,Hardie,0.00030887,3497026,3500005
anglo,Hardiman,3.5055e-05,3500005,3500344
anglo,Hardin,0.000166838,3500344,3501954
anglo,Harding,0.000156302,3501954,3503462
anglo,Hardman,3.70455e-05,3503462,3503820
anglo,Hardt,1.07208e-05,3503820,3503924
anglo,Hardwick,4.25885e-05,3503924,3504336
anglo,Hardy,0.000713581,3504336,3511218
anglo,Hare,7.66517e-05,3511218,3511958
anglo,Haren,2.40442e-05,3511958,3512191
anglo,Hargadon,3.79216e-05,3512191,3512558
anglo,Hargan,1.19499e-05,3512558,3512674
anglo,Harger,1.0764e-05,3512674,3512779
anglo,Hargett,2.30837e-05,3512779,3513003
anglo,Hargis,3.34038e-05,3513003,3513326
anglo,Hargrave,2.76446e-05,3513326,3513594
anglo,Hargraves,1.30582e-05,3513594,3513721
anglo,Hargreaves,8.79192e-06,3513721,3513807
anglo,Harker,2.15477e-05,3513807,3514016
anglo,Harkey,1.24061e-05,3514016,3514137
anglo,Harkin,2.15713e-05,3514137,3514346
anglo,Harkins,6.87919e-05,3514346,3515010
anglo,Harkness,2.27183e-05,3515010,3515230
anglo,Harlan,4.45449e-05,3515230,3515661
anglo,Harland,1.00962e-05,3515661,3515759
anglo,Harless,2.65015e-05,3515759,3516016
anglo,Harley,8.75255e-05,3516016,3516861
anglo,Harlow,4.60652e-05,3516861,3517306
anglo,Harman,5.75835e-05,3517306,3517862
anglo,Harmer,9.8801e-06,3517862,3517958
anglo,Harmon,0.00030527,3517958,3520903
anglo,Harms,5.64796e-05,3520903,3521449
anglo,Harner,1.68021e-05,3521449,3521612
anglo,Harness,2.10998e-05,3521612,3521816
anglo,Harnett,1.46465e-05,3521816,3521958
anglo,Harney,2.11195e-05,3521958,3522163
anglo,Harnish,1.24729e-05,3522163,3522284
anglo,Harp,5.36079e-05,3522284,3522802
anglo,Harper,0.00114499,3522802,3533844
anglo,Harr,2.36533e-05,3533844,3534073
anglo,Harrah,9.86439e-06,3534073,3534169
anglo,Harrelson,3.15181e-05,3534169,3534474
anglo,Harrigan,2.61086e-05,3534474,3534727
anglo,Harrihy,1.30865e-05,3534727,3534854
anglo,Harriman,1.98191e-05,3534854,3535046
anglo,Harrington,0.000289466,3535046,3537838
anglo,Harris,0.00542853,3537838,3590184
anglo,Harrison,0.0019486,3590184,3608974
anglo,Harrod,1.92849e-05,3608974,3609161
anglo,Harrold,1.91866e-05,3609161,3609347
anglo,Harry,4.86123e-05,3609347,3609817
anglo,Harsh,1.33843e-05,3609817,3609947
anglo,Harshbarger,1.34079e-05,3609947,3610077
anglo,Harshman,1.43271e-05,3610077,3610216
anglo,Hart,0.00248363,3610216,3634165
anglo,Harte,3.62902e-05,3634165,3634516
anglo,Harter,3.93633e-05,3634516,3634897
anglo,Hartford,1.70338e-05,3634897,3635062
anglo,Hartigan,4.22115e-05,3635062,3635470
anglo,Hartle,1.37418e-05,3635470,3635603
anglo,Hartley,0.000122651,3635603,3636787
anglo,Hartline,1.41818e-05,3636787,3636925
anglo,Hartman,0.000251839,3636925,3639354
anglo,Hartnett,4.67329e-05,3639354,3639806
anglo,Hartsell,1.5871e-05,3639806,3639960
anglo,Hartshorn,1.21822e-05,3639960,3640078
anglo,Hartsock,1.28815e-05,3640078,3640203
anglo,Hartwell,2.7625e-05,3640203,3640470
anglo,Hartwick,1.04969e-05,3640470,3640572
anglo,Hartwig,2.3229e-05,3640572,3640797
anglo,Harty,3.55475e-05,3640797,3641141
anglo,Hartz,1.63149e-05,3641141,3641299
anglo,Hartzell,2.55115e-05,3641299,3641546
anglo,Hartzog,1.19072e-05,3641546,3641662
anglo,Harvey,0.000454375,3641662,3646044
anglo,Harville,1.63307e-05,3646044,3646202
anglo,Harwell,2.84186e-05,3646202,3646477
anglo,Harwood,4.41481e-05,3646477,3646904
anglo,Hash,2.1202e-05,3646904,3647109
anglo,Haskell,3.85619e-05,3647109,3647482
anglo,Haskett,9.26726e-06,3647482,3647572
anglo,Haskin,1.31172e-05,3647572,3647699
anglo,Haslam,1.21036e-05,3647699,3647817
anglo,Hass,2.69611e-05,3647817,3648078
anglo,Hassell,2.46433e-05,3648078,3648317
anglo,Hassett,4.54615e-05,3648317,3648756
anglo,Hassler,1.76742e-05,3648756,3648927
anglo,Hastey,2.85129e-05,3648927,3649203
anglo,Hastie,1.38262e-05,3649203,3649337
anglo,Hastings,0.000135974,3649337,3650649
anglo,Hasty,5.2181e-05,3650649,3651153
anglo,Hatch,0.000105688,3651153,3652173
anglo,Hatfield,0.000135065,3652173,3653476
anglo,Hathaway,7.22878e-05,3653476,3654174
anglo,Hathcock,1.46375e-05,3654174,3654316
anglo,Hatley,2.54093e-05,3654316,3654562
anglo,Hatmaker,8.95298e-06,3654562,3654649
anglo,Hatt,1.01119e-05,3654649,3654747
anglo,Hatton,6.19904e-05,3654747,3655346
anglo,Hauck,3.26927e-05,3655346,3655662
anglo,Hauer,1.2249e-05,3655662,3655781
anglo,Haug,1.95991e-05,3655781,3655971
anglo,Hauge,1.13258e-05,3655971,3656081
anglo,Haugen,3.71673e-05,3656081,3656440
anglo,Haugh,2.62793e-05,3656440,3656694
anglo,Haughey,1.66927e-05,3656694,3656856
anglo,Haught,1.84599e-05,3656856,3657035
anglo,Hauk,8.7487e-06,3657035,3657120
anglo,Haun,2.06677e-05,3657120,3657320
anglo,Haupt,2.0927e-05,3657320,3657523
anglo,Hause,9.33797e-06,3657523,3657614
anglo,Hauser,6.27809e-05,3657614,3658220
anglo,Hausman,1.17186e-05,3658220,3658334
anglo,Havard,1.373e-05,3658334,3658467
anglo,Haven,1.41975e-05,3658467,3658605
anglo,Havens,4.59592e-05,3658605,3659049
anglo,Haverty,1.52038e-05,3659049,3659197
anglo,Haviland,1.33961e-05,3659197,3659327
anglo,Hawe,2.56784e-05,3659327,3659576
anglo,Hawes,3.89233e-05,3659576,3659952
anglo,Hawk,6.63283e-05,3659952,3660593
anglo,Hawkes,2.18227e-05,3660593,3660804
anglo,Hawkins,0.0010059,3660804,3670504
anglo,Hawkinson,1.21861e-05,3670504,3670622
anglo,Hawks,3.39381e-05,3670622,3670950
anglo,Hawley,7.11053e-05,3670950,3671637
anglo,Hawn,1.39696e-05,3671637,3671773
anglo,Haworth,1.97602e-05,3671773,3671965
anglo,Haws,1.6256e-05,3671965,3672123
anglo,Hawthorn,2.1894e-05,3672123,3672335
anglo,Hay,0.00058629,3672335,3677989
anglo,Hayden,0.000172715,3677989,3679655
anglo,Hayes,0.00116387,3679655,3690879
anglo,Hayhurst,9.63261e-06,3690879,3690973
anglo,Hayman,1.94263e-05,3690973,3691161
anglo,Haynes,0.000337746,3691161,3694419
anglo,Haynie,2.51422e-05,3694419,3694662
anglo,Hays,0.000134318,3694662,3695958
anglo,Hayward,0.000741015,3695958,3703104
anglo,Hayworth,9.56582e-06,3703104,3703197
anglo,Hazard,1.5926e-05,3703197,3703352
anglo,Hazelton,1.8291e-05,3703352,3703529
anglo,Hazelwood,2.57983e-05,3703529,3703779
anglo,Hazen,2.95892e-05,3703779,3704065
anglo,Hazlett,2.01216e-05,3704065,3704260
anglo,Head,0.000107216,3704260,3705295
anglo,Headley,3.63383e-05,3705295,3705646
anglo,Headrick,2.14455e-05,3705646,3705854
anglo,Heady,1.13965e-05,3705854,3705965
anglo,Heaffy,3.43171e-05,3705965,3706297
anglo,Heald,1.37614e-05,3706297,3706431
anglo,Healey,0.000368761,3706431,3709988
anglo,Healy,0.000713494,3709988,3716869
anglo,Heaney,2.81171e-05,3716869,3717141
anglo,Heaphy,1.38866e-05,3717141,3717276
anglo,Heaps,9.05905e-06,3717276,3717364
anglo,Hearn,7.13089e-05,3717364,3718053
anglo,Hearne,2.93405e-05,3718053,3718337
anglo,Hearty,1.14837e-05,3718337,3718449
anglo,Heater,1.42761e-05,3718449,3718588
anglo,Heath,0.000203797,3718588,3720554
anglo,Heatherly,1.17343e-05,3720554,3720668
anglo,Heaton,5.43465e-05,3720668,3721193
anglo,Heavey,2.36186e-05,3721193,3721422
anglo,Hecht,2.933e-05,3721422,3721706
anglo,Heck,5.49789e-05,3721706,3722237
anglo,Heckel,9.3419e-06,3722237,3722328
anglo,Heckett,1.89847e-05,3722328,3722512
anglo,Heckler,1.01747e-05,3722512,3722611
anglo,Heckman,3.81415e-05,3722611,3722980
anglo,Hedden,1.45511e-05,3722980,3723121
anglo,Hedderman,1.50051e-05,3723121,3723267
anglo,Hedge,1.49478e-05,3723267,3723412
anglo,Hedges,3.78115e-05,3723412,3723778
anglo,Hedigan,1.81469e-05,3723778,3723954
anglo,Hedlund,1.31368e-05,3723954,3724082
anglo,Hedrick,7.3871e-05,3724082,3724795
anglo,Heelan,1.2341e-05,3724795,3724915
anglo,Heenan,1.35052e-05,3724915,3725046
anglo,Heeney,1.37438e-05,3725046,3725180
anglo,Heffernan,3.86844e-05,3725180,3725554
anglo,Hefferon,3.57428e-05,3725554,3725900
anglo,Heffner,2.74207e-05,3725900,3726165
anglo,Heffron,2.16744e-05,3726165,3726375
anglo,Heflin,2.98917e-05,3726375,3726664
anglo,Hefner,3.18206e-05,3726664,3726972
anglo,Hegarty,2.53663e-05,3726972,3727218
anglo,Heggarty,1.3242e-05,3727218,3727347
anglo,Hehir,1.41712e-05,3727347,3727485
anglo,Heid,1.5871e-05,3727485,3727639
anglo,Heideman,8.93334e-06,3727639,3727726
anglo,Heiden,1.02926e-05,3727726,3727826
anglo,Heider,1.10272e-05,3727826,3727933
anglo,Heidt,1.03829e-05,3727933,3728034
anglo,Heil,3.22331e-05,3728034,3728346
anglo,Heilman,3.09406e-05,3728346,3728645
anglo,Heim,5.6625e-05,3728645,3729192
anglo,Heiman,1.59889e-05,3729192,3729347
anglo,Heims,2.70318e-05,3729347,3729609
anglo,Heine,1.98545e-05,3729609,3729801
anglo,Heineman,1.07679e-05,3729801,3729906
anglo,Heinen,1.44371e-05,3729906,3730046
anglo,Heiner,9.3969e-06,3730046,3730138
anglo,Heins,1.47593e-05,3730138,3730281
anglo,Heintz,2.22155e-05,3730281,3730496
anglo,Heinze,1.03279e-05,3730496,3730597
anglo,Heise,1.68217e-05,3730597,3730760
anglo,Heiser,2.59515e-05,3730760,3731011
anglo,Heisler,2.17598e-05,3731011,3731222
anglo,Heiss,9.66404e-06,3731222,3731316
anglo,Heitman,1.37614e-05,3731316,3731450
anglo,Heitz,1.1204e-05,3731450,3731559
anglo,Held,2.82653e-05,3731559,3731833
anglo,Helen,1.68997e-05,3731833,3731997
anglo,Helery,0.000308853,3731997,3734976
anglo,Helfrich,1.36789e-05,3734976,3735109
anglo,Helgeson,1.3895e-05,3735109,3735244
anglo,Helland,1.11372e-05,3735244,3735352
anglo,Heller,9.96771e-05,3735352,3736314
anglo,Hellman,1.31997e-05,3736314,3736442
anglo,Helm,4.57627e-05,3736442,3736884
anglo,Helman,9.87617e-06,3736884,3736980
anglo,Helmer,2.22901e-05,3736980,3737196
anglo,Helmick,2.19326e-05,3737196,3737408
anglo,Helms,9.40829e-05,3737408,3738316
anglo,Helmuth,1.15143e-05,3738316,3738428
anglo,Helsel,1.43036e-05,3738428,3738567
anglo,Helt,9.95474e-06,3738567,3738664
anglo,Helton,9.86753e-05,3738664,3739616
anglo,Helwig,1.12472e-05,3739616,3739725
anglo,Hely,1.82949e-05,3739725,3739902
anglo,Hembree,2.61833e-05,3739902,3740155
anglo,Hemenway,1.10429e-05,3740155,3740262
anglo,Hemmer,1.00137e-05,3740262,3740360
anglo,Hempel,1.10744e-05,3740360,3740468
anglo,Hempenstall,1.55928e-05,3740468,3740619
anglo,Hendershot,2.34255e-05,3740619,3740846
anglo,Henderson,0.00267379,3740846,3766629
anglo,Hendley,1.36436e-05,3766629,3766762
anglo,Hendon,1.33489e-05,3766762,3766892
anglo,Hendren,1.40561e-05,3766892,3767029
anglo,Hendrick,3.13806e-05,3767029,3767333
anglo,Hendrickson,0.000118872,3767333,3768480
anglo,Hendrix,0.000138259,3768480,3769814
anglo,Hendry,3.92026e-05,3769814,3770193
anglo,Henebry,1.14312e-05,3770193,3770304
anglo,Heneghan,1.54685e-05,3770304,3770454
anglo,Henery,1.15911e-05,3770454,3770567
anglo,Heney,1.32298e-05,3770567,3770696
anglo,Henke,2.97228e-05,3770696,3770984
anglo,Henkel,2.01727e-05,3770984,3771180
anglo,Henley,8.22386e-05,3771180,3771974
anglo,Henn,1.47043e-05,3771974,3772117
anglo,Hennebry,1.94431e-05,3772117,3772305
anglo,Hennelley,1.30905e-05,3772305,3772432
anglo,Hennelly,1.50348e-05,3772432,3772578
anglo,Hennen,1.09486e-05,3772578,3772685
anglo,Hennessey,5.06126e-05,3772685,3773174
anglo,Hennessy,6.57385e-05,3773174,3773809
anglo,Hennig,9.48726e-06,3773809,3773901
anglo,Hennigan,2.51063e-05,3773901,3774144
anglo,Henning,6.50437e-05,3774144,3774772
anglo,Henninger,1.67431e-05,3774772,3774934
anglo,Hennings,1.362e-05,3774934,3775066
anglo,Henrich,1.11686e-05,3775066,3775175
anglo,Henrichs,8.76835e-06,3775175,3775261
anglo,Henrickson,9.51868e-06,3775261,3775354
anglo,Henriksen,1.15301e-05,3775354,3775466
anglo,Henry,0.000982995,3775466,3784946
anglo,Hensel,2.13277e-05,3784946,3785153
anglo,Henshaw,1.87192e-05,3785153,3785334
anglo,Hensler,9.63654e-06,3785334,3785428
anglo,Hensley,0.00020067,3785428,3787364
anglo,Henson,0.000188618,3787364,3789184
anglo,Hepburn,0.00036512,3789184,3792706
anglo,Hepenstall,1.84465e-05,3792706,3792885
anglo,Hepler,1.7462e-05,3792885,3793054
anglo,Hepner,1.16322e-05,3793054,3793167
anglo,Heraghty,1.57543e-05,3793167,3793320
anglo,Herald,1.68492e-05,3793320,3793483
anglo,Heraty,2.002e-05,3793483,3793677
anglo,Herb,1.28932e-05,3793677,3793802
anglo,Herbert,0.000122063,3793802,3794980
anglo,Herbst,3.30738e-05,3794980,3795300
anglo,Herd,0.000546047,3795300,3800566
anglo,Hereward,2.3805e-05,3800566,3800797
anglo,Herity,2.95828e-05,3800797,3801083
anglo,Herlihy,2.28107e-05,3801083,3801304
anglo,Herman,0.000164014,3801304,3802886
anglo,Hermanson,1.54664e-05,3802886,3803036
anglo,Hermes,1.73128e-05,3803036,3803204
anglo,Herndon,7.53598e-05,3803204,3803932
anglo,Hernon,2.99514e-05,3803932,3804222
anglo,Herold,2.24119e-05,3804222,3804439
anglo,Heron,2.95616e-05,3804439,3804725
anglo,Herr,4.70631e-05,3804725,3805180
anglo,Herrell,1.06972e-05,3805180,3805284
anglo,Herren,1.75445e-05,3805284,3805454
anglo,Herrick,4.79352e-05,3805454,3805917
anglo,Herrin,3.04653e-05,3805917,3806212
anglo,Herring,0.000152161,3806212,3807680
anglo,Herrington,5.6955e-05,3807680,3808230
anglo,Herron,0.000104336,3808230,3809237
anglo,Hersey,1.48496e-05,3809237,3809381
anglo,Hersh,1.40993e-05,3809381,3809518
anglo,Hershberger,5.6401e-05,3809518,3810063
anglo,Hershey,2.42858e-05,3810063,3810298
anglo,Hershman,9.04334e-06,3810298,3810386
anglo,Hertel,1.72656e-05,3810386,3810553
anglo,Hertz,1.67235e-05,3810553,3810715
anglo,Hertzog,8.88227e-06,3810715,3810802
anglo,Herzog,4.37867e-05,3810802,3811225
anglo,Heskin,1.27622e-05,3811225,3811349
anglo,Heslin,1.26476e-05,3811349,3811472
anglo,Hession,2.92712e-05,3811472,3811755
anglo,Hessler,1.35414e-05,3811755,3811887
anglo,Hester,0.000140019,3811887,3813238
anglo,Heston,1.11608e-05,3813238,3813347
anglo,Hetherington,1.33686e-05,3813347,3813477
anglo,Hetrick,2.66507e-05,3813477,3813735
anglo,Hettinger,1.22215e-05,3813735,3813854
anglo,Hetzel,1.417e-05,3813854,3813992
anglo,Heuer,1.70888e-05,3813992,3814158
anglo,Hever,1.48827e-05,3814158,3814303
anglo,Hewett,2.48908e-05,3814303,3814544
anglo,Hewitt,0.00045639,3814544,3818946
anglo,Hewlett,1.54271e-05,3818946,3819096
anglo,Hewson,2.52178e-05,3819096,3819340
anglo,Heyer,1.29443e-05,3819340,3819466
anglo,Heyman,1.1149e-05,3819466,3819574
anglo,Heywood,1.22686e-05,3819574,3819693
anglo,Hiatt,4.0255e-05,3819693,3820082
anglo,Hibbard,3.0976e-05,3820082,3820382
anglo,Hibbs,2.19405e-05,3820382,3820595
anglo,Hice,9.25155e-06,3820595,3820685
anglo,Hickerson,1.98034e-05,3820685,3820877
anglo,Hickey,0.000632801,3820877,3826980
anglo,Hickman,0.000161708,3826980,3828540
anglo,Hickok,1.03908e-05,3828540,3828641
anglo,Hicks,0.000621955,3828641,3834639
anglo,Hiebert,1.01119e-05,3834639,3834737
anglo,Hiers,1.10469e-05,3834737,3834845
anglo,Higbee,1.318e-05,3834845,3834973
anglo,Higdon,3.83144e-05,3834973,3835343
anglo,Higginbotham,5.69196e-05,3835343,3835893
anglo,Higgins,0.000999195,3835893,3845529
anglo,High,5.48454e-05,3845529,3846059
anglo,Highfill,9.30262e-06,3846059,3846150
anglo,Highland,9.20048e-06,3846150,3846240
anglo,Hight,2.21134e-05,3846240,3846454
anglo,Higley,1.68846e-05,3846454,3846618
anglo,Hilary,1.39859e-05,3846618,3846754
anglo,Hilbert,2.38733e-05,3846754,3846985
anglo,Hilburn,1.7246e-05,3846985,3847152
anglo,Hildebrand,4.5912e-05,3847152,3847596
anglo,Hildebrandt,2.14023e-05,3847596,3847803
anglo,Hilderbrand,1.22293e-05,3847803,3847922
anglo,Hildreth,2.8556e-05,3847922,3848198
anglo,Hile,1.05479e-05,3848198,3848301
anglo,Hileman,1.88802e-05,3848301,3848484
anglo,Hiles,1.55646e-05,3848484,3848635
anglo,Hill,0.0017082,3848635,3865107
anglo,Hillen,1.21958e-05,3865107,3865226
anglo,Hillenbrand,8.84691e-06,3865226,3865312
anglo,Hillery,2.75879e-05,3865312,3865579
anglo,Hilliard,9.30325e-05,3865579,3866477
anglo,Hillier,1.20958e-05,3866477,3866595
anglo,Hillis,2.30444e-05,3866595,3866818
anglo,Hillman,6.18263e-05,3866818,3867415
anglo,Hills,0.000628366,3867415,3873475
anglo,Hillyard,8.74085e-06,3873475,3873560
anglo,Hillyer,1.05126e-05,3873560,3873662
anglo,Hilt,1.25122e-05,3873662,3873784
anglo,Hilton,0.000113604,3873784,3874880
anglo,Hilty,1.19308e-05,3874880,3874996
anglo,Himes,3.46923e-05,3874996,3875332
anglo,Hinckley,1.66056e-05,3875332,3875493
anglo,Hindman,2.37908e-05,3875493,3875723
anglo,Hine,1.46846e-05,3875723,3875866
anglo,Hiner,1.33175e-05,3875866,3875995
anglo,Hinkel,9.62082e-06,3875995,3876089
anglo,Hinkle,9.0288e-05,3876089,3876961
anglo,Hinkley,1.67785e-05,3876961,3877124
anglo,Hinman,2.08327e-05,3877124,3877326
anglo,Hinney,1.40195e-05,3877326,3877462
anglo,Hinrichs,1.89549e-05,3877462,3877646
anglo,Hinshaw,1.75445e-05,3877646,3877816
anglo,Hinson,7.80076e-05,3877816,3878569
anglo,Hintz,2.90943e-05,3878569,3878851
anglo,Hinz,1.79688e-05,3878851,3879025
anglo,Hipp,1.83067e-05,3879025,3879203
anglo,Hipps,9.49904e-06,3879203,3879296
anglo,Hirsch,6.70668e-05,3879296,3879944
anglo,Hirst,1.42603e-05,3879944,3880082
anglo,Hirt,1.1039e-05,3880082,3880189
anglo,Hiser,1.21036e-05,3880189,3880307
anglo,Hishon,0.000111545,3880307,3881384
anglo,Histon,1.64542e-05,3881384,3881544
anglo,Hitch,8.86263e-06,3881544,3881630
anglo,Hitchcock,5.34586e-05,3881630,3882146
anglo,Hitchens,9.26726e-06,3882146,3882236
anglo,Hite,4.63952e-05,3882236,3882684
anglo,Hitt,3.04928e-05,3882684,3882979
anglo,Hittle,1.04065e-05,3882979,3883080
anglo,Hively,9.2319e-06,3883080,3883170
anglo,Hix,2.06009e-05,3883170,3883370
anglo,Hixon,1.99998e-05,3883370,3883564
anglo,Hixson,2.51736e-05,3883564,3883808
anglo,Hoadley,9.05905e-06,3883808,3883896
anglo,Hoag,2.6525e-05,3883896,3884153
anglo,Hoagland,2.48869e-05,3884153,3884394
anglo,Hoard,1.56825e-05,3884394,3884546
anglo,Hoare,0.000473768,3884546,3889115
anglo,Hoban,2.75925e-05,3889115,3889382
anglo,Hobart,1.22922e-05,3889382,3889502
anglo,Hobbs,0.000190617,3889502,3891341
anglo,Hobby,1.12001e-05,3891341,3891450
anglo,Hobgood,9.82118e-06,3891450,3891546
anglo,Hoch,2.3944e-05,3891546,3891778
anglo,Hochstetler,2.50322e-05,3891778,3892020
anglo,Hock,1.8617e-05,3892020,3892201
anglo,Hockenberry,1.60517e-05,3892201,3892357
anglo,Hocker,1.2685e-05,3892357,3892480
anglo,Hockett,1.28854e-05,3892480,3892605
anglo,Hocking,1.16636e-05,3892605,3892718
anglo,Hockman,1.27361e-05,3892718,3892842
anglo,Hodgdon,9.49904e-06,3892842,3892935
anglo,Hodges,0.000275869,3892935,3895596
anglo,Hodgkins,9.84082e-06,3895596,3895692
anglo,Hodgson,3.99643e-05,3895692,3896078
anglo,Hodnett,2.1989e-05,3896078,3896291
anglo,Hodson,0.00079793,3896291,3903986
anglo,Hoefer,9.33012e-06,3903986,3904077
anglo,Hoeft,1.20054e-05,3904077,3904194
anglo,Hoehn,1.37457e-05,3904194,3904328
anglo,Hoelscher,1.33057e-05,3904328,3904457
anglo,Hoey,2.71338e-05,3904457,3904720
anglo,Hofer,3.01785e-05,3904720,3905012
anglo,Hoff,6.766e-05,3905012,3905665
anglo,Hoffer,2.3449e-05,3905665,3905892
anglo,Hoffman,0.000516205,3905892,3910871
anglo,Hofmeister,9.40476e-06,3910871,3910963
anglo,Hogan,0.000261127,3910963,3913482
anglo,Hoge,1.04576e-05,3913482,3913584
anglo,Hogg,0.000367704,3913584,3917131
anglo,Hoggard,1.27243e-05,3917131,3917255
anglo,Hogue,6.46508e-05,3917255,3917879
anglo,Hohman,1.37693e-05,3917879,3918013
anglo,Hohn,1.07365e-05,3918013,3918118
anglo,Hoisington,9.78582e-06,3918118,3918213
anglo,Hokanson,1.0163e-05,3918213,3918312
anglo,Hoke,3.57334e-05,3918312,3918658
anglo,Holbert,2.65015e-05,3918658,3918915
anglo,Holbrook,9.36665e-05,3918915,3919819
anglo,Holcomb,0.000113344,3919819,3920913
anglo,Holcombe,3.18324e-05,3920913,3921221
anglo,Holdaway,0.000784911,3921221,3928790
anglo,Holden,0.000151237,3928790,3930249
anglo,Holder,0.000131466,3930249,3931518
anglo,Holdren,1.10076e-05,3931518,3931625
anglo,Holeman,1.08072e-05,3931625,3931730
anglo,Holl,1.05362e-05,3931730,3931833
anglo,Holladay,1.90334e-05,3931833,3932018
anglo,Holland,0.00126024,3932018,3944171
anglo,Hollar,1.56196e-05,3944171,3944323
anglo,Hollaway,1.30425e-05,3944323,3944450
anglo,Holleman,1.34747e-05,3944450,3944581
anglo,Hollen,9.73082e-06,3944581,3944676
anglo,Hollenbeck,2.37397e-05,3944676,3944906
anglo,Holler,1.89981e-05,3944906,3945090
anglo,Hollifield,1.77763e-05,3945090,3945262
anglo,Hollinger,2.2133e-05,3945262,3945476
anglo,Hollingshead,1.49557e-05,3945476,3945621
anglo,Hollingsworth,9.36194e-05,3945621,3946525
anglo,Hollins,1.61957e-05,3946525,3946682
anglo,Hollister,2.25337e-05,3946682,3946900
anglo,Hollon,1.44803e-05,3946900,3947041
anglo,Holloway,0.000661467,3947041,3953420
anglo,Hollowell,1.98506e-05,3953420,3953612
anglo,Hollywood,1.6122e-05,3953612,3953768
anglo,Holm,5.24097e-05,3953768,3954274
anglo,Holmes,0.00124956,3954274,3966324
anglo,Holmgren,1.2414e-05,3966324,3966445
anglo,Holmquist,1.33529e-05,3966445,3966575
anglo,Holohan,1.43588e-05,3966575,3966714
anglo,Holsinger,1.296e-05,3966714,3966840
anglo,Holst,1.84285e-05,3966840,3967019
anglo,Holt,0.000343863,3967019,3970336
anglo,Holter,1.00962e-05,3970336,3970434
anglo,Holthaus,1.03869e-05,3970434,3970535
anglo,Holton,4.60849e-05,3970535,3970980
anglo,Holtz,3.73283e-05,3970980,3971341
anglo,Holtzclaw,1.02572e-05,3971341,3971441
anglo,Holtzman,1.11647e-05,3971441,3971550
anglo,Holub,1.32782e-05,3971550,3971679
anglo,Holz,1.17933e-05,3971679,3971794
anglo,Holzer,1.53642e-05,3971794,3971943
anglo,Homan,3.77015e-05,3971943,3972308
anglo,Homer,2.43487e-05,3972308,3972544
anglo,Honaker,2.20662e-05,3972544,3972758
anglo,Honan,1.23083e-05,3972758,3972878
anglo,Hone,1.00294e-05,3972878,3972976
anglo,Honea,1.24886e-05,3972976,3973097
anglo,Honey,1.14829e-05,3973097,3973209
anglo,Honeycutt,6.51615e-05,3973209,3973838
anglo,Hood,0.000591632,3973838,3979544
anglo,Hook,0.00047453,3979544,3984121
anglo,Hooker,6.53933e-05,3984121,3984753
anglo,Hooper,0.000614857,3984753,3990683
anglo,Hoopes,1.35611e-05,3990683,3990815
anglo,Hooten,1.86642e-05,3990815,3990996
anglo,Hoover,0.000225875,3990996,3993175
anglo,Hope,0.000736752,3993175,4000280
anglo,Hopkins,0.000755691,4000280,4007568
anglo,Hopp,1.65978e-05,4007568,4007729
anglo,Hoppe,3.62009e-05,4007729,4008079
anglo,Hopper,0.000107455,4008079,4009116
anglo,Hopwood,1.12944e-05,4009116,4009226
anglo,Horan,7.28608e-05,4009226,4009930
anglo,Hord,1.34197e-05,4009930,4010060
anglo,Hore,1.81053e-05,4010060,4010236
anglo,Horgan,2.9701e-05,4010236,4010523
anglo,Horn,0.000532845,4010523,4015662
anglo,Hornback,1.13611e-05,4015662,4015773
anglo,Hornbeck,1.25947e-05,4015773,4015895
anglo,Hornberger,1.32311e-05,4015895,4016024
anglo,Hornbuckle,8.78799e-06,4016024,4016110
anglo,Horne,0.00014806,4016110,4017539
anglo,Horner,9.38158e-05,4017539,4018445
anglo,Hornick,9.18476e-06,4018445,4018535
anglo,Horning,2.87643e-05,4018535,4018813
anglo,Hornsby,2.85482e-05,4018813,4019089
anglo,Hornung,1.11176e-05,4019089,4019197
anglo,Horowitz,3.79922e-05,4019197,4019564
anglo,Horrell,9.5894e-06,4019564,4019657
anglo,Horsley,2.57904e-05,4019657,4019907
anglo,Horst,3.63187e-05,4019907,4020258
anglo,Horstman,1.43939e-05,4020258,4020398
anglo,Horton,0.000768144,4020398,4027806
anglo,Horvath,6.01135e-05,4027806,4028387
anglo,Horwitz,1.27518e-05,4028387,4028511
anglo,Hosae,1.22694e-05,4028511,4028630
anglo,Hose,8.9412e-06,4028630,4028717
anglo,Hosey,4.81072e-05,4028717,4029182
anglo,Hosier,1.2194e-05,4029182,4029301
anglo,Hoskins,0.000400789,4029301,4033167
anglo,Hoskinson,1.15811e-05,4033167,4033280
anglo,Hosler,8.77227e-06,4033280,4033366
anglo,Hosmer,1.03358e-05,4033366,4033467
anglo,Hoss,1.19151e-05,4033467,4033583
anglo,Hostetler,5.69825e-05,4033583,4034133
anglo,Hostetter,1.94852e-05,4034133,4034322
anglo,Hotaling,9.93117e-06,4034322,4034419
anglo,Hotchkiss,2.21526e-05,4034419,4034634
anglo,Hott,1.24611e-05,4034634,4034755
anglo,Houchin,1.15615e-05,4034755,4034867
anglo,Houck,4.96323e-05,4034867,4035347
anglo,Hough,7.24967e-05,4035347,4036047
anglo,Houghtaling,9.60118e-06,4036047,4036141
anglo,Houghton,4.3936e-05,4036141,4036566
anglo,Houk,2.18423e-05,4036566,4036778
anglo,Houle,3.28577e-05,4036778,4037096
anglo,Houlihan,2.74809e-05,4037096,4037362
anglo,Hourican,1.74574e-05,4037362,4037531
anglo,Hourigan,1.31976e-05,4037531,4037659
anglo,Hourihane,1.33074e-05,4037659,4037788
anglo,House,0.000161067,4037788,4039342
anglo,Householder,1.59771e-05,4039342,4039497
anglo,Houseman,1.21429e-05,4039497,4039615
anglo,Houser,8.04708e-05,4039615,4040392
anglo,Housley,1.55567e-05,4040392,4040543
anglo,Hover,1.00097e-05,4040543,4040641
anglo,Hovey,1.93556e-05,4040641,4040829
anglo,Hovis,1.36004e-05,4040829,4040961
anglo,Howard,0.00169071,4040961,4057265
anglo,Howarth,1.67706e-05,4057265,4057428
anglo,Howe,0.00018221,4057428,4059186
anglo,Howell,0.000791602,4059186,4066820
anglo,Howells,1.16322e-05,4066820,4066933
anglo,Hower,1.19386e-05,4066933,4067049
anglo,Howerton,2.55979e-05,4067049,4067297
anglo,Howes,2.68236e-05,4067297,4067557
anglo,Howey,9.74261e-06,4067557,4067652
anglo,Howie,1.83695e-05,4067652,4067830
anglo,Howington,9.04727e-06,4067830,4067918
anglo,Howland,3.40795e-05,4067918,4068248
anglo,Howlett,2.10723e-05,4068248,4068452
anglo,Howley,2.43583e-05,4068452,4068688
anglo,Hoy,3.61262e-05,4068688,4069037
anglo,Hoyer,1.40993e-05,4069037,4069174
anglo,Hoyle,3.61105e-05,4069174,4069523
anglo,Hoyt,8.31618e-05,4069523,4070326
anglo,Hubbard,0.000721588,4070326,4077285
anglo,Hubbell,2.34805e-05,4077285,4077512
anglo,Hubble,1.42957e-05,4077512,4077651
anglo,Hubbs,1.5215e-05,4077651,4077799
anglo,Huber,0.000146021,4077799,4079208
anglo,Hubler,1.22293e-05,4079208,4079327
anglo,Huck,1.73678e-05,4079327,4079495
anglo,Huckabee,1.25593e-05,4079495,4079617
anglo,Huckaby,1.85542e-05,4079617,4079797
anglo,Hudak,2.19719e-05,4079797,4080010
anglo,Huddleston,0.000372284,4080010,4083601
anglo,Hudgens,1.81063e-05,4083601,4083777
anglo,Hudgins,4.61792e-05,4083777,4084223
anglo,Hudnall,1.50814e-05,4084223,4084369
anglo,Hudson,0.000975372,4084369,4093775
anglo,Hudspeth,1.82713e-05,4093775,4093952
anglo,Huebner,2.60654e-05,4093952,4094204
anglo,Huff,0.000217967,4094204,4096307
anglo,Huffaker,1.02297e-05,4096307,4096407
anglo,Huffer,1.01276e-05,4096407,4096506
anglo,Huffman,0.000199511,4096506,4098431
anglo,Hufford,1.49007e-05,4098431,4098576
anglo,Huffstetler,9.26726e-06,4098576,4098666
anglo,Hughes,0.00218134,4098666,4119701
anglo,Hughey,2.68315e-05,4119701,4119961
anglo,Hulbert,2.0483e-05,4119961,4120160
anglo,Hulett,1.82752e-05,4120160,4120337
anglo,Hull,0.000168995,4120337,4121968
anglo,Hulse,2.66193e-05,4121968,4122226
anglo,Hulsey,3.66016e-05,4122226,4122580
anglo,Humble,1.80238e-05,4122580,4122755
anglo,Hume,0.000306984,4122755,4125716
anglo,Hummel,5.78074e-05,4125716,4126274
anglo,Hummer,1.25829e-05,4126274,4126396
anglo,Humphrey,0.000567598,4126396,4131870
anglo,Humphreys,6.62624e-05,4131870,4132510
anglo,Humphries,7.15021e-05,4132510,4133200
anglo,Hundley,3.35177e-05,4133200,4133524
anglo,Hungerford,1.29404e-05,4133524,4133650
anglo,Hunley,1.78981e-05,4133650,4133824
anglo,Hunnicutt,1.84245e-05,4133824,4134003
anglo,Hunsaker,2.00902e-05,4134003,4134198
anglo,Hunsberger,1.11647e-05,4134198,4134307
anglo,Hunsicker,9.73082e-06,4134307,4134402
anglo,Hunsinger,1.24061e-05,4134402,4134523
anglo,Hunsucker,9.94689e-06,4134523,4134620
anglo,Hunt,0.000640105,4134620,4140793
anglo,Hunter,0.000650283,4140793,4147064
anglo,Huntington,2.87014e-05,4147064,4147342
anglo,Huntsman,1.64485e-05,4147342,4147502
anglo,Hupp,1.91356e-05,4147502,4147688
anglo,Hurd,0.000101936,4147688,4148672
anglo,Hurlburt,1.50696e-05,4148672,4148818
anglo,Hurley,0.000170454,4148818,4150463
anglo,Hurst,0.000181668,4150463,4152216
anglo,Hurt,8.26432e-05,4152216,4153014
anglo,Hurwitz,1.15301e-05,4153014,4153126
anglo,Huskey,2.78136e-05,4153126,4153395
anglo,Huss,2.49301e-05,4153395,4153636
anglo,Hussey,7.79482e-05,4153636,4154389
anglo,Husted,1.67667e-05,4154389,4154552
anglo,Huston,6.45644e-05,4154552,4155176
anglo,Hutchens,3.12471e-05,4155176,4155478
anglo,Hutcheson,3.26888e-05,4155478,4155794
anglo,Hutchings,3.47002e-05,4155794,4156130
anglo,Hutchins,0.000103126,4156130,4157125
anglo,Hutchinson,0.000582058,4157125,4162738
anglo,Hutchison,0.000117263,4162738,4163870
anglo,Huth,1.5765e-05,4163870,4164023
anglo,Hutsell,9.15726e-06,4164023,4164112
anglo,Hutson,6.22073e-05,4164112,4164713
anglo,Hutt,1.25279e-05,4164713,4164835
anglo,Hutter,1.12158e-05,4164835,4164944
anglo,Hutto,3.30109e-05,4164944,4165263
anglo,Hutton,0.000105394,4165263,4166280
anglo,Hyatt,7.57409e-05,4166280,4167011
anglo,Hyde,0.000630901,4167011,4173095
anglo,Hyden,1.06933e-05,4173095,4173199
anglo,Hyer,1.15065e-05,4173199,4173311
anglo,Hyland,8.21245e-05,4173311,4174104
anglo,Hyman,5.84055e-05,4174104,4174668
anglo,Hynes,5.09174e-05,4174668,4175160
anglo,Iago,1.44528e-05,4175160,4175300
anglo,Ice,1.56903e-05,4175300,4175452
anglo,Ickes,1.0874e-05,4175452,4175558
anglo,Igoe,1.26831e-05,4175558,4175681
anglo,Iles,1.15654e-05,4175681,4175794
anglo,Imes,9.6169e-06,4175794,4175888
anglo,Imhoff,1.46689e-05,4175888,4176030
anglo,Immel,8.8862e-06,4176030,4176117
anglo,Ince,9.38512e-06,4176117,4176208
anglo,Ingalls,2.53504e-05,4176208,4176453
anglo,Ingersoll,2.50951e-05,4176453,4176696
anglo,Ingham,1.36986e-05,4176696,4176829
anglo,Ingle,4.12372e-05,4176829,4177228
anglo,Inglis,2.21957e-05,4177228,4177443
anglo,Ingoldsby,1.22244e-05,4177443,4177562
anglo,Ingraham,2.45451e-05,4177562,4177800
anglo,Ingram,0.000600442,4177800,4183591
anglo,Inman,9.51554e-05,4183591,4184510
anglo,Innes,1.13651e-05,4184510,4184621
anglo,Ippolito,1.66803e-05,4184621,4184783
anglo,Ireland,0.00051503,4184783,4189750
anglo,Irish,2.88193e-05,4189750,4190029
anglo,Irons,2.89057e-05,4190029,4190309
anglo,Irvine,4.87309e-05,4190309,4190780
anglo,Irving,0.000339681,4190780,4194056
anglo,Irwin,0.000147063,4194056,4195475
anglo,Isaacs,5.87346e-05,4195475,4196042
anglo,Isaacson,3.01235e-05,4196042,4196333
anglo,Isbell,3.89115e-05,4196333,4196709
anglo,Isham,1.62599e-05,4196709,4196867
anglo,Isley,1.47475e-05,4196867,4197010
anglo,Ison,2.6309e-05,4197010,4197265
anglo,Israel,4.02472e-05,4197265,4197654
anglo,Issa,1.60596e-05,4197654,4197810
anglo,Ivanov,1.50303e-05,4197810,4197956
anglo,Ivers,0.000202192,4197956,4199907
anglo,Iversen,1.00647e-05,4199907,4200005
anglo,Iverson,6.10445e-05,4200005,4200595
anglo,Ives,3.23431e-05,4200595,4200908
anglo,Ivey,9.1388e-05,4200908,4201790
anglo,Ivie,1.73285e-05,4201790,4201958
anglo,Ivory,1.33363e-05,4201958,4202088
anglo,Izzo,1.85306e-05,4202088,4202268
anglo,Jaber,1.0218e-05,4202268,4202368
anglo,Jackman,4.17115e-05,4202368,4202771
anglo,Jacks,2.33587e-05,4202771,4202997
anglo,Jackson,0.00503084,4202997,4251508
anglo,Jacobsen,7.39338e-05,4251508,4252222
anglo,Jacobson,0.000176027,4252222,4253920
anglo,Jacobus,9.36154e-06,4253920,4254011
anglo,Jacoby,3.68176e-05,4254011,4254367
anglo,Jacques,0.000281162,4254367,4257079
anglo,Jaeger,4.88545e-05,4257079,4257551
anglo,Jaffe,2.30405e-05,4257551,4257774
anglo,Jager,1.71124e-05,4257774,4257940
anglo,Jaggers,1.23315e-05,4257940,4258060
anglo,Jahnke,1.58514e-05,4258060,4258214
anglo,Jalbert,9.05905e-06,4258214,4258302
anglo,James,0.000979678,4258302,4267750
anglo,Jameson,8.40412e-05,4267750,4268561
anglo,Jamieson,0.00101289,4268561,4278329
anglo,Janes,3.00882e-05,4278329,4278620
anglo,Janik,1.28265e-05,4278620,4278745
anglo,Janis,1.66292e-05,4278745,4278906
anglo,Janke,1.56235e-05,4278906,4279058
anglo,Janney,9.68761e-06,4279058,4279152
anglo,Janson,1.54389e-05,4279152,4279302
anglo,Jantz,1.18051e-05,4279302,4279417
anglo,Janzen,1.20683e-05,4279417,4279534
anglo,Jarboe,1.10861e-05,4279534,4279642
anglo,Jardine,1.56078e-05,4279642,4279793
anglo,Jarman,2.49497e-05,4279793,4280035
anglo,Jarosz,1.08426e-05,4280035,4280141
anglo,Jarrell,5.32779e-05,4280141,4280656
anglo,Jarvis,0.000443464,4280656,4284933
anglo,Jay,3.87033e-05,4284933,4285307
anglo,Jayne,1.23118e-05,4285307,4285427
anglo,Jaynes,2.25533e-05,4285427,4285645
anglo,Jeffcoat,1.73088e-05,4285645,4285813
anglo,Jefferies,0.000382625,4285813,4289503
anglo,Jeffers,6.85714e-05,4289503,4290165
anglo,Jeffrey,4.35471e-05,4290165,4290586
anglo,Jeffreys,1.29954e-05,4290586,4290712
anglo,Jeffries,0.000443811,4290712,4294992
anglo,Jelinek,1.14868e-05,4294992,4295104
anglo,Jellison,9.27512e-06,4295104,4295194
anglo,Jellyman,0.000515464,4295194,4300165
anglo,Jenkins,0.00217506,4300165,4321139
anglo,Jenks,2.9055e-05,4321139,4321420
anglo,Jenner,1.01119e-05,4321420,4321518
anglo,Jennings,0.000767051,4321518,4328915
anglo,Jensen,0.00202426,4328915,4348435
anglo,Jenson,3.12549e-05,4348435,4348737
anglo,Jepsen,1.08897e-05,4348737,4348843
anglo,Jepson,1.24022e-05,4348843,4348964
anglo,Jernigan,6.24195e-05,4348964,4349567
anglo,Jeske,1.18443e-05,4349567,4349682
anglo,Jesse,1.51443e-05,4349682,4349829
anglo,Jessee,1.61382e-05,4349829,4349986
anglo,Jessen,1.78863e-05,4349986,4350159
anglo,Jessop,1.55764e-05,4350159,4350310
anglo,Jessup,2.73579e-05,4350310,4350575
anglo,Jester,2.98053e-05,4350575,4350863
anglo,Jett,4.71731e-05,4350863,4351319
anglo,Jewell,9.10894e-05,4351319,4352198
anglo,Jewett,3.27242e-05,4352198,4352515
anglo,Jiles,1.20312e-05,4352515,4352632
anglo,Jinks,1.04694e-05,4352632,4352734
anglo,Jobe,3.35334e-05,4352734,4353058
anglo,Joe,0.000515464,4353058,4358029
anglo,Johannes,1.35729e-05,4358029,4358161
anglo,Johannsen,1.02297e-05,4358161,4358261
anglo,Johansen,0.000554022,4358261,4363604
anglo,Johanson,1.9882e-05,4363604,4363797
anglo,Johns,0.000185605,4363797,4365588
anglo,Johnsen,3.07639e-05,4365588,4365886
anglo,Johnson,0.00761171,4365886,4439283
anglo,Johnston,0.00186072,4439283,4457226
anglo,Johnstone,0.000410213,4457226,4461182
anglo,Jolley,3.68962e-05,4461182,4461539
anglo,Jolly,6.21759e-05,4461539,4462140
anglo,Jonas,3.55252e-05,4462140,4462484
anglo,Jones,0.0101425,4462484,4560284
anglo,Jordan,0.00132405,4560284,4573052
anglo,Jorgensen,8.14411e-05,4573052,4573838
anglo,Jorgenson,2.96639e-05,4573838,4574125
anglo,Josephson,1.41032e-05,4574125,4574262
anglo,Joslin,2.69807e-05,4574262,4574523
anglo,Joslyn,1.01394e-05,4574523,4574622
anglo,Jost,1.61224e-05,4574622,4574778
anglo,Jowers,1.30425e-05,4574778,4574905
anglo,Joy,5.26926e-05,4574905,4575414
anglo,Joyce,0.000153315,4575414,4576893
anglo,Judd,0.000551463,4576893,4582211
anglo,Jude,1.04576e-05,4582211,4582313
anglo,Judge,7.13015e-05,4582313,4583002
anglo,Judkins,2.13787e-05,4583002,4583209
anglo,Judson,1.73717e-05,4583209,4583378
anglo,Judy,2.735e-05,4583378,4583643
anglo,Juliano,1.86013e-05,4583643,4583823
anglo,Jump,1.571e-05,4583823,4583975
anglo,Jumper,1.31997e-05,4583975,4584103
anglo,Juneau,1.13415e-05,4584103,4584213
anglo,Junker,1.07365e-05,4584213,4584318
anglo,Jurek,9.31047e-06,4584318,4584409
anglo,Jurgens,1.27086e-05,4584409,4584533
anglo,Just,1.48064e-05,4584533,4584677
anglo,Justice,0.000127597,4584677,4585908
anglo,Justus,2.67961e-05,4585908,4586167
anglo,Kaczmarek,1.59182e-05,4586167,4586321
anglo,Kaelin,1.01747e-05,4586321,4586420
anglo,Kagan,1.14908e-05,4586420,4586532
anglo,Kahl,2.0487e-05,4586532,4586731
anglo,Kahle,1.25515e-05,4586731,4586853
anglo,Kahler,2.31033e-05,4586853,4587077
anglo,Kahn,5.72928e-05,4587077,4587630
anglo,Kain,2.01609e-05,4587630,4587825
anglo,Kaiser,0.000131525,4587825,4589094
anglo,Kalb,1.12079e-05,4589094,4589203
anglo,Kalish,1.13886e-05,4589203,4589314
anglo,Kallas,1.48103e-05,4589314,4589458
anglo,Kamin,9.64439e-06,4589458,4589552
anglo,Kammer,1.04026e-05,4589552,4589653
anglo,Kammerer,1.43743e-05,4589653,4589793
anglo,Kane,0.000214452,4589793,4591862
anglo,Kangas,1.87624e-05,4591862,4592044
anglo,Kangley,2.26869e-05,4592044,4592264
anglo,Kania,1.60753e-05,4592264,4592420
anglo,Kanter,1.57139e-05,4592420,4592573
anglo,Kantor,1.56432e-05,4592573,4592725
anglo,Kaplan,0.000116212,4592725,4593847
anglo,Kapp,1.56117e-05,4593847,4593999
anglo,Kappel,1.12708e-05,4593999,4594109
anglo,Karam,1.33607e-05,4594109,4594239
anglo,Karas,2.3013e-05,4594239,4594462
anglo,Karcher,1.4716e-05,4594462,4594605
anglo,Karl,2.57865e-05,4594605,4594855
anglo,Karlin,9.79368e-06,4594855,4594950
anglo,Karn,9.42047e-06,4594950,4595042
anglo,Karnes,2.4879e-05,4595042,4595283
anglo,Karns,1.62364e-05,4595283,4595441
anglo,Karp,2.19091e-05,4595441,4595653
anglo,Karr,4.05575e-05,4595653,4596045
anglo,Karsten,1.03201e-05,4596045,4596146
anglo,Kasper,3.95361e-05,4596146,4596528
anglo,Kass,1.49125e-05,4596528,4596673
anglo,Kasten,1.71517e-05,4596673,4596839
anglo,Kastner,1.62482e-05,4596839,4596997
anglo,Katz,0.000124847,4596997,4598202
anglo,Kauffman,8.78131e-05,4598202,4599050
anglo,Kaufman,0.000136884,4599050,4600371
anglo,Kautz,1.45314e-05,4600371,4600512
anglo,Kavanagh,4.76058e-05,4600512,4600972
anglo,Kavanaugh,2.20426e-05,4600972,4601186
anglo,Kay,0.000400199,4601186,4605046
anglo,Kaye,3.38909e-05,4605046,4605374
anglo,Kaylor,2.06638e-05,4605374,4605574
anglo,Kays,1.12472e-05,4605574,4605683
anglo,Kayser,1.35689e-05,4605683,4605815
anglo,Keady,1.23806e-05,4605815,4605935
anglo,Kealey,1.36852e-05,4605935,4606068
anglo,Keally,1.20221e-05,4606068,4606185
anglo,Kealty,1.17522e-05,4606185,4606299
anglo,Kealy,1.19084e-05,4606299,4606415
anglo,Kean,1.73167e-05,4606415,4606583
anglo,Keane,5.71932e-05,4606583,4607135
anglo,Keaney,1.59491e-05,4607135,4607290
anglo,Keany,1.53851e-05,4607290,4607439
anglo,Keapock,3.45309e-05,4607439,4607773
anglo,Kear,8.84691e-06,4607773,4607859
anglo,Kearney,9.42983e-05,4607859,4608769
anglo,Kearns,7.1799e-05,4608769,4609462
anglo,Keary,1.27117e-05,4609462,4609586
anglo,Keating,8.10152e-05,4609586,4610368
anglo,Keaveney,1.49e-05,4610368,4610513
anglo,Keaveny,2.32367e-05,4610513,4610738
anglo,Keck,4.39439e-05,4610738,4611163
anglo,Keech,1.13454e-05,4611163,4611273
anglo,Keefe,4.33232e-05,4611273,4611692
anglo,Keefer,3.75247e-05,4611692,4612055
anglo,Keeffe,6.53545e-05,4612055,4612686
anglo,Keegan,5.28396e-05,4612686,4613196
anglo,Keehan,3.23175e-05,4613196,4613509
anglo,Keel,3.4107e-05,4613509,4613839
anglo,Keelan,1.47018e-05,4613839,4613982
anglo,Keele,1.43821e-05,4613982,4614122
anglo,Keeler,4.53581e-05,4614122,4614560
anglo,Keeley,4.77406e-05,4614560,4615021
anglo,Keeling,3.51127e-05,4615021,4615361
anglo,Keely,1.70623e-05,4615361,4615527
anglo,Keen,7.25156e-05,4615527,4616227
anglo,Keenaghan,1.5823e-05,4616227,4616381
anglo,Keenahan,1.36406e-05,4616381,4616514
anglo,Keenan,9.328e-05,4616514,4617414
anglo,Keene,6.95771e-05,4617414,4618086
anglo,Keener,5.3769e-05,4618086,4618605
anglo,Keeney,4.99143e-05,4618605,4619087
anglo,Keery,2.02772e-05,4619087,4619284
anglo,Keese,1.10076e-05,4619284,4619391
anglo,Keesee,1.32311e-05,4619391,4619520
anglo,Keeter,9.66011e-06,4619520,4619614
anglo,Keeton,3.82947e-05,4619614,4619984
anglo,Keever,1.33018e-05,4619984,4620113
anglo,Keevers,1.24407e-05,4620113,4620234
anglo,Keffer,1.37221e-05,4620234,4620367
anglo,Kegley,1.33214e-05,4620367,4620496
anglo,Kehl,9.87617e-06,4620496,4620592
anglo,Kehoe,5.3344e-05,4620592,4621107
anglo,Keifer,9.07084e-06,4621107,4621195
anglo,Keightley,2.80006e-05,4621195,4621466
anglo,Keil,2.59397e-05,4621466,4621717
anglo,Keim,3.05203e-05,4621717,4622012
anglo,Keiser,2.88664e-05,4622012,4622291
anglo,Keister,1.79138e-05,4622291,4622465
anglo,Keith,0.00019048,4622465,4624303
anglo,Keithley,9.84475e-06,4624303,4624399
anglo,Kelch,1.18561e-05,4624399,4624514
anglo,Kell,1.79453e-05,4624514,4624688
anglo,Kellar,2.01138e-05,4624688,4624883
anglo,Kelleher,5.13068e-05,4624883,4625379
anglo,Keller,0.000399851,4625379,4629236
anglo,Kellerman,1.67039e-05,4629236,4629398
anglo,Kellett,1.38007e-05,4629398,4629532
anglo,Kelley,0.000552708,4629532,4634862
anglo,Kelling,1.13415e-05,4634862,4634972
anglo,Kellner,1.70063e-05,4634972,4635137
anglo,Kellogg,6.01724e-05,4635137,4635718
anglo,Kelly,0.00197959,4635718,4654807
anglo,Kelsey,5.679e-05,4654807,4655356
anglo,Kelso,3.40638e-05,4655356,4655685
anglo,Keltner,1.01197e-05,4655685,4655784
anglo,Kelton,1.06737e-05,4655784,4655888
anglo,Kelvey,2.28311e-05,4655888,4656109
anglo,Kemmerer,9.38904e-06,4656109,4656201
anglo,Kemp,0.000485876,4656201,4660887
anglo,Kemper,4.13196e-05,4660887,4661286
anglo,Kempf,2.50008e-05,4661286,4661528
anglo,Kempton,1.35925e-05,4661528,4661660
anglo,Kendall,0.000509202,4661660,4666571
anglo,Kenlan,3.72717e-05,4666571,4666931
anglo,Kenlon,2.48077e-05,4666931,4667171
anglo,Kenna,5.86071e-05,4667171,4667737
anglo,Kennard,2.1968e-05,4667737,4667950
anglo,Kenneally,1.13511e-05,4667950,4668060
anglo,Kennedy,0.00170443,4668060,4684496
anglo,Kennell,9.00405e-06,4684496,4684584
anglo,Kennellan,1.35485e-05,4684584,4684716
anglo,Kennelly,2.69538e-05,4684716,4684977
anglo,Kennett,1.38321e-05,4684977,4685111
anglo,Kenney,0.00010905,4685111,4686164
anglo,Kennison,9.11405e-06,4686164,4686253
anglo,Kennon,1.59221e-05,4686253,4686408
anglo,Kenny,0.000565894,4686408,4691866
anglo,Kensinger,1.25082e-05,4691866,4691988
anglo,Kent,0.000174129,4691988,4693668
anglo,Kenworthy,1.27597e-05,4693668,4693792
anglo,Kenyon,5.06419e-05,4693792,4694281
anglo,Keogan,1.70104e-05,4694281,4694446
anglo,Keogh,2.51152e-05,4694446,4694689
anglo,Keoghan,1.16987e-05,4694689,4694803
anglo,Keoghane,4.65614e-05,4694803,4695253
anglo,Keohan,1.4663e-05,4695253,4695395
anglo,Keohane,2.42409e-05,4695395,4695630
anglo,Keough,1.80906e-05,4695630,4695805
anglo,Keown,2.98473e-05,4695805,4696094
anglo,Kephart,2.11745e-05,4696094,4696299
anglo,Kepler,1.24022e-05,4696299,4696420
anglo,Keppler,1.10783e-05,4696420,4696528
anglo,Kerber,1.38871e-05,4696528,4696663
anglo,Kerby,1.70692e-05,4696663,4696829
anglo,Kerin,1.23673e-05,4696829,4696949
anglo,Kerins,4.52115e-05,4696949,4697386
anglo,Kerley,3.24511e-05,4697386,4697700
anglo,Kerlin,3.60733e-05,4697700,4698049
anglo,Kermody,1.55139e-05,4698049,4698200
anglo,Kern,0.000112146,4698200,4699282
anglo,Kernan,3.38514e-05,4699282,4699609
anglo,Kerner,1.57178e-05,4699609,4699762
anglo,Kerney,2.26462e-05,4699762,4699981
anglo,Kerns,6.13391e-05,4699981,4700573
anglo,Kerr,0.000967073,4700573,4709899
anglo,Kerrigan,5.23859e-05,4709899,4710405
anglo,Kerrisk,2.00622e-05,4710405,4710599
anglo,Kersey,3.32309e-05,4710599,4710920
anglo,Kershaw,2.00706e-05,4710920,4711115
anglo,Kershner,1.65742e-05,4711115,4711276
anglo,Kersten,1.44136e-05,4711276,4711416
anglo,Kerstetter,1.06894e-05,4711416,4711520
anglo,Kerville,9.17431e-05,4711520,4712406
anglo,Kerwick,1.37894e-05,4712406,4712540
anglo,Kerwin,1.49596e-05,4712540,4712685
anglo,Kesler,2.63365e-05,4712685,4712940
anglo,Kessel,1.95481e-05,4712940,4713129
anglo,Kessinger,1.63817e-05,4713129,4713288
anglo,Kessler,0.000114177,4713288,4714390
anglo,Kester,2.84303e-05,4714390,4714665
anglo,Kesterson,1.15968e-05,4714665,4714778
anglo,Kestner,9.26333e-06,4714778,4714868
anglo,Ketcham,1.61657e-05,4714868,4715025
anglo,Ketchum,3.30266e-05,4715025,4715344
anglo,Ketner,1.06658e-05,4715344,4715448
anglo,Ketter,1.06422e-05,4715448,4715552
anglo,Ketterer,1.02926e-05,4715552,4715652
anglo,Ketterman,1.18993e-05,4715652,4715768
anglo,Kettler,1.34511e-05,4715768,4715899
anglo,Kevane,1.39054e-05,4715899,4716034
anglo,Keville,3.26773e-05,4716034,4716350
anglo,Keyes,1.36009e-05,4716350,4716482
anglo,Keyser,3.13413e-05,4716482,4716785
anglo,Khoury,2.26005e-05,4716785,4717004
anglo,Kibler,2.29776e-05,4717004,4717227
anglo,Kidd,0.00013037,4717227,4718485
anglo,Kidder,2.65015e-05,4718485,4718742
anglo,Kidney,2.53591e-05,4718742,4718988
anglo,Kidwell,3.53798e-05,4718988,4719330
anglo,Kiefer,4.37671e-05,4719330,4719753
anglo,Kieffer,2.61479e-05,4719753,4720006
anglo,Kiel,2.02159e-05,4720006,4720202
anglo,Kiely,2.48766e-05,4720202,4720443
anglo,Kier,1.09211e-05,4720443,4720549
anglo,Kieran,1.25567e-05,4720549,4720671
anglo,Kierane,1.45272e-05,4720671,4720812
anglo,Kierans,1.26795e-05,4720812,4720935
anglo,Kiernan,3.78168e-05,4720935,4721301
anglo,Kiesel,1.14436e-05,4721301,4721412
anglo,Kiger,1.76153e-05,4721412,4721583
anglo,Kight,1.96109e-05,4721583,4721773
anglo,Kiker,1.25593e-05,4721773,4721895
anglo,Kilawee,2.3688e-05,4721895,4722124
anglo,Kilbane,1.85238e-05,4722124,4722304
anglo,Kilbourne,9.2869e-06,4722304,4722395
anglo,Kilbride,1.89015e-05,4722395,4722578
anglo,Kilburn,1.68531e-05,4722578,4722742
anglo,Kilby,1.73324e-05,4722742,4722910
anglo,Kilcoyne,1.6144e-05,4722910,4723067
anglo,Kilday,1.22823e-05,4723067,4723186
anglo,Kildea,7.56533e-05,4723186,4723916
anglo,Kilduff,1.54042e-05,4723916,4724066
anglo,Kile,2.05616e-05,4724066,4724265
anglo,Kiley,2.60811e-05,4724265,4724517
anglo,Kilfoyle,1.25394e-05,4724517,4724639
anglo,Kilgallen,1.61883e-05,4724639,4724796
anglo,Kilgallon,1.49465e-05,4724796,4724941
anglo,Kilgore,8.4961e-05,4724941,4725761
anglo,Kilhooly,1.45433e-05,4725761,4725902
anglo,Kilian,1.20408e-05,4725902,4726019
anglo,Kilkenny,1.26054e-05,4726019,4726142
anglo,Killeen,4.56635e-05,4726142,4726583
anglo,Killen,1.63071e-05,4726583,4726741
anglo,Killian,4.99584e-05,4726741,4727224
anglo,Killilea,1.32016e-05,4727224,4727352
anglo,Killinger,1.10586e-05,4727352,4727460
anglo,Killingsworth,1.84088e-05,4727460,4727639
anglo,Killion,1.94852e-05,4727639,4727828
anglo,Killooly,2.42908e-05,4727828,4728063
anglo,Killoran,1.39621e-05,4728063,4728199
anglo,Killough,1.04104e-05,4728199,4728300
anglo,Killoughry,3.00458e-05,4728300,4728591
anglo,Kilmartin,2.99046e-05,4728591,4728880
anglo,Kilmer,2.27812e-05,4728880,4729101
anglo,Kilmore,1.17267e-05,4729101,4729215
anglo,Kilpatrick,5.53404e-05,4729215,4729750
anglo,Kilroe,1.92657e-05,4729750,4729937
anglo,Kilroy,2.27555e-05,4729937,4730157
anglo,Kimball,9.15059e-05,4730157,4731040
anglo,Kimberlin,9.39297e-06,4731040,4731132
anglo,Kimbrell,2.36337e-05,4731132,4731361
anglo,Kimbro,1.12119e-05,4731361,4731470
anglo,Kime,1.2084e-05,4731470,4731588
anglo,Kimes,1.19504e-05,4731588,4731704
anglo,Kimmel,4.13589e-05,4731704,4732104
anglo,Kimsey,9.45976e-06,4732104,4732196
anglo,Kinaghan,1.70709e-05,4732196,4732362
anglo,Kinahan,1.62032e-05,4732362,4732519
anglo,Kincade,1.19151e-05,4732519,4732635
anglo,Kincaid,7.10071e-05,4732635,4733321
anglo,Kinder,4.14021e-05,4733321,4733721
anglo,King,0.00186359,4733721,4751692
anglo,Kingery,1.94538e-05,4751692,4751881
anglo,Kingsbury,2.48476e-05,4751881,4752122
anglo,Kingsley,3.15967e-05,4752122,4752428
anglo,Kingston,4.24034e-05,4752428,4752838
anglo,Kiniry,1.25601e-05,4752838,4752960
anglo,Kinkade,1.10272e-05,4752960,4753067
anglo,Kinlan,1.30944e-05,4753067,4753194
anglo,Kinlen,2.79242e-05,4753194,4753464
anglo,Kinley,1.61264e-05,4753464,4753620
anglo,Kinman,1.11686e-05,4753620,4753729
anglo,Kinnane,2.00481e-05,4753729,4753923
anglo,Kinne,1.35022e-05,4753923,4754054
anglo,Kinnear,2.9858e-05,4754054,4754343
anglo,Kinnegan,3.70033e-05,4754343,4754701
anglo,Kinner,2.12623e-05,4754701,4754907
anglo,Kinnerk,1.23541e-05,4754907,4755027
anglo,Kinney,0.000136803,4755027,4756347
anglo,Kinnon,1.41316e-05,4756347,4756484
anglo,Kinny,1.20864e-05,4756484,4756602
anglo,Kinsella,4.72511e-05,4756602,4757059
anglo,Kinser,2.24708e-05,4757059,4757277
anglo,Kinsey,6.32562e-05,4757277,4757888
anglo,Kinsler,9.53833e-06,4757888,4757981
anglo,Kinsley,1.17697e-05,4757981,4758095
anglo,Kinsman,1.38321e-05,4758095,4758229
anglo,Kinzer,1.10783e-05,4758229,4758337
anglo,Kipp,2.34844e-05,4758337,4758564
anglo,Kirby,0.0002238,4758564,4760723
anglo,Kircher,1.47907e-05,4760723,4760867
anglo,Kirchner,3.94576e-05,4760867,4761248
anglo,Kirk,0.000494847,4761248,4766021
anglo,Kirke,1.24779e-05,4766021,4766142
anglo,Kirkendall,1.14476e-05,4766142,4766253
anglo,Kirkham,1.61892e-05,4766253,4766410
anglo,Kirkman,2.43447e-05,4766410,4766646
anglo,Kirkpatrick,0.000103126,4766646,4767641
anglo,Kirsch,3.44291e-05,4767641,4767974
anglo,Kirschner,1.77449e-05,4767974,4768146
anglo,Kirtley,1.09447e-05,4768146,4768253
anglo,Kirwan,2.10893e-05,4768253,4768457
anglo,Kiser,7.33603e-05,4768457,4769165
anglo,Kish,3.42759e-05,4769165,4769496
anglo,Kisner,1.33764e-05,4769496,4769626
anglo,Kiss,1.56746e-05,4769626,4769778
anglo,Kissane,5.63887e-05,4769778,4770323
anglo,Kissel,1.86838e-05,4770323,4770504
anglo,Kissell,9.12191e-06,4770504,4770593
anglo,Kissinger,2.53583e-05,4770593,4770839
anglo,Kistler,2.64857e-05,4770839,4771095
anglo,Kistner,1.06108e-05,4771095,4771198
anglo,Kitchen,5.95949e-05,4771198,4771774
anglo,Kitchens,4.18264e-05,4771774,4772178
anglo,Kite,2.14377e-05,4772178,4772386
anglo,Kitson,1.17043e-05,4772386,4772500
anglo,Kitterman,1.06815e-05,4772500,4772604
anglo,Kittle,1.67078e-05,4772604,4772766
anglo,Kitts,1.98191e-05,4772766,4772958
anglo,Kizer,2.00981e-05,4772958,4773153
anglo,Klassen,1.60439e-05,4773153,4773309
anglo,Klatt,1.79924e-05,4773309,4773483
anglo,Klaus,2.09309e-05,4773483,4773686
anglo,Kleckner,1.06579e-05,4773686,4773790
anglo,Klee,9.58547e-06,4773790,4773883
anglo,Kleiman,1.18208e-05,4773883,4773998
anglo,Kleiner,1.00805e-05,4773998,4774096
anglo,Kleinman,1.329e-05,4774096,4774225
anglo,Kleinschmidt,1.12472e-05,4774225,4774334
anglo,Klem,9.29083e-06,4774334,4774425
anglo,Klepper,8.81942e-06,4774425,4774511
anglo,Klimek,1.37182e-05,4774511,4774644
anglo,Kline,0.000178313,4774644,4776364
anglo,Kling,3.03003e-05,4776364,4776657
anglo,Klingensmith,1.395e-05,4776657,4776793
anglo,Klinger,3.60594e-05,4776793,4777142
anglo,Klingler,1.44096e-05,4777142,4777282
anglo,Klink,1.59457e-05,4777282,4777437
anglo,Klock,9.4794e-06,4777437,4777529
anglo,Kloss,1.15693e-05,4777529,4777642
anglo,Klosterman,9.28298e-06,4777642,4777733
anglo,Klug,2.37319e-05,4777733,4777963
anglo,Kluge,8.70549e-06,4777963,4778048
anglo,Knapp,0.000164096,4778048,4779631
anglo,Kneafsey,1.2895e-05,4779631,4779756
anglo,Knecht,2.1418e-05,4779756,4779964
anglo,Kneeland,8.78406e-06,4779964,4780050
anglo,Knepp,1.72774e-05,4780050,4780218
anglo,Knepper,1.54389e-05,4780218,4780368
anglo,Knickerbocker,1.11333e-05,4780368,4780476
anglo,Knight,0.00203509,4780476,4800100
anglo,Knipp,1.06422e-05,4800100,4800204
anglo,Knisley,1.28579e-05,4800204,4800329
anglo,Knobloch,8.96477e-06,4800329,4800416
anglo,Knoll,3.77447e-05,4800416,4800781
anglo,Knopf,1.00412e-05,4800781,4800879
anglo,Knopp,1.61185e-05,4800879,4801035
anglo,Knorr,1.70221e-05,4801035,4801200
anglo,Knott,5.74421e-05,4801200,4801755
anglo,Knotts,2.84107e-05,4801755,4802030
anglo,Knowles,0.000627268,4802030,4808079
anglo,Knowlton,3.20445e-05,4808079,4808389
anglo,Knox,0.00050379,4808389,4813248
anglo,Knudsen,3.57648e-05,4813248,4813594
anglo,Knudson,2.85914e-05,4813594,4813871
anglo,Knuth,1.54271e-05,4813871,4814021
anglo,Knutsen,9.26333e-06,4814021,4814111
anglo,Knutson,6.64304e-05,4814111,4814753
anglo,Kober,1.11019e-05,4814753,4814861
anglo,Kocher,2.47808e-05,4814861,4815101
anglo,Koehler,7.60866e-05,4815101,4815836
anglo,Koehn,3.75522e-05,4815836,4816199
anglo,Koeller,9.97439e-06,4816199,4816296
anglo,Koenig,8.83867e-05,4816296,4817149
anglo,Koepke,1.22018e-05,4817149,4817268
anglo,Koerner,2.3288e-05,4817268,4817494
anglo,Koester,2.89921e-05,4817494,4817775
anglo,Kogan,1.21861e-05,4817775,4817893
anglo,Koger,1.43782e-05,4817893,4818033
anglo,Kohn,3.81101e-05,4818033,4818401
anglo,Kolar,1.73363e-05,4818401,4818569
anglo,Kolb,4.59827e-05,4818569,4819013
anglo,Kollar,1.18601e-05,4819013,4819128
anglo,Koller,2.66822e-05,4819128,4819386
anglo,Kollman,1.0049e-05,4819386,4819484
anglo,Kolodziej,8.89798e-06,4819484,4819571
anglo,Konopka,9.61297e-06,4819571,4819665
anglo,Konrad,1.19897e-05,4819665,4819782
anglo,Koon,2.21487e-05,4819782,4819997
anglo,Koons,2.13787e-05,4819997,4820204
anglo,Koontz,4.13982e-05,4820204,4820604
anglo,Koop,9.69546e-06,4820604,4820698
anglo,Koopman,9.49511e-06,4820698,4820791
anglo,Kopec,1.03672e-05,4820791,4820892
anglo,Kopf,9.48726e-06,4820892,4820984
anglo,Kopp,4.39007e-05,4820984,4821408
anglo,Korb,8.98441e-06,4821408,4821496
anglo,Korman,1.37025e-05,4821496,4821629
anglo,Korn,2.13787e-05,4821629,4821836
anglo,Korte,1.74267e-05,4821836,4822005
anglo,Korth,1.23983e-05,4822005,4822126
anglo,Koss,3.35648e-05,4822126,4822451
anglo,Kost,1.38361e-05,4822451,4822585
anglo,Kovach,3.55134e-05,4822585,4822928
anglo,Kovacs,3.56391e-05,4822928,4823273
anglo,Koval,1.90727e-05,4823273,4823458
anglo,Kovar,9.71511e-06,4823458,4823553
anglo,Kowal,1.70378e-05,4823553,4823718
anglo,Kozak,2.94439e-05,4823718,4824003
anglo,Koziol,1.25475e-05,4824003,4824125
anglo,Kraemer,3.03514e-05,4824125,4824419
anglo,Kraft,8.65638e-05,4824419,4825255
anglo,Krahn,1.07679e-05,4825255,4825360
anglo,Kral,1.22254e-05,4825360,4825479
anglo,Krall,1.56353e-05,4825479,4825631
anglo,Krantz,2.52836e-05,4825631,4825876
anglo,Kratz,2.05498e-05,4825876,4826075
anglo,Kratzer,1.37104e-05,4826075,4826208
anglo,Krauss,2.69689e-05,4826208,4826469
anglo,Kravitz,1.15418e-05,4826469,4826581
anglo,Kreger,1.61499e-05,4826581,4826738
anglo,Kreider,2.10762e-05,4826738,4826942
anglo,Krell,1.14436e-05,4826942,4827053
anglo,Kress,2.95735e-05,4827053,4827339
anglo,Kreutzer,8.73299e-06,4827339,4827424
anglo,Krick,1.46139e-05,4827424,4827566
anglo,Krieg,1.69474e-05,4827566,4827730
anglo,Krieger,4.52599e-05,4827730,4828167
anglo,Krier,1.2139e-05,4828167,4828285
anglo,Kring,8.89013e-06,4828285,4828372
anglo,Kroeger,1.72931e-05,4828372,4828540
anglo,Krohn,2.3449e-05,4828540,4828767
anglo,Krol,1.58121e-05,4828767,4828920
anglo,Kroll,4.35982e-05,4828920,4829341
anglo,Kromer,9.33012e-06,4829341,4829432
anglo,Kron,9.23583e-06,4829432,4829522
anglo,Krone,1.27793e-05,4829522,4829646
anglo,Kropf,9.78189e-06,4829646,4829741
anglo,Kropp,1.37496e-05,4829741,4829875
anglo,Krouse,1.47671e-05,4829875,4830018
anglo,Krueger,0.000144344,4830018,4831411
anglo,Krug,3.07481e-05,4831411,4831708
anglo,Kruger,5.45979e-05,4831708,4832235
anglo,Krull,1.61499e-05,4832235,4832392
anglo,Krumm,8.80763e-06,4832392,4832478
anglo,Krupa,1.60007e-05,4832478,4832633
anglo,Krupp,1.17422e-05,4832633,4832747
anglo,Kruse,8.08636e-05,4832747,4833528
anglo,Kubiak,1.44332e-05,4833528,4833668
anglo,Kubik,1.1149e-05,4833668,4833776
anglo,Kucera,1.59417e-05,4833776,4833931
anglo,Kuebler,8.81549e-06,4833931,4834017
anglo,Kuehl,1.93202e-05,4834017,4834204
anglo,Kuehn,2.82103e-05,4834204,4834477
anglo,Kugler,1.57728e-05,4834477,4834630
anglo,Kuhlman,2.38772e-05,4834630,4834861
anglo,Kuhn,0.000124831,4834861,4836066
anglo,Kuhns,2.77154e-05,4836066,4836334
anglo,Kujawa,1.19386e-05,4836334,4836450
anglo,Kula,1.18326e-05,4836450,4836565
anglo,Kulick,9.90367e-06,4836565,4836661
anglo,Kull,1.06108e-05,4836661,4836764
anglo,Kulp,1.83892e-05,4836764,4836942
anglo,Kummer,1.31761e-05,4836942,4837070
anglo,Kunkel,3.72733e-05,4837070,4837430
anglo,Kunkle,1.83931e-05,4837430,4837608
anglo,Kuntz,4.2616e-05,4837608,4838020
anglo,Kunz,3.91001e-05,4838020,4838398
anglo,Kunze,1.31643e-05,4838398,4838526
anglo,Kurth,1.94499e-05,4838526,4838715
anglo,Kurtz,9.51318e-05,4838715,4839633
anglo,Kurz,1.52189e-05,4839633,4839781
anglo,Kushner,1.69828e-05,4839781,4839946
anglo,Kutz,1.54389e-05,4839946,4840096
anglo,Kuykendall,3.86601e-05,4840096,4840470
anglo,Kuzma,1.01669e-05,4840470,4840569
anglo,Kyle,7.35449e-05,4840569,4841279
anglo,Kyne,2.27074e-05,4841279,4841499
anglo,Kyser,1.20054e-05,4841499,4841616
anglo,Labarbera,1.0108e-05,4841616,4841714
anglo,Labarge,1.28461e-05,4841714,4841839
anglo,Labelle,2.45215e-05,4841839,4842076
anglo,Labonte,1.84874e-05,4842076,4842255
anglo,Labrecque,1.11608e-05,4842255,4842364
anglo,Labrie,1.24572e-05,4842364,4842485
anglo,Lacasse,1.29915e-05,4842485,4842611
anglo,Lacey,8.50345e-05,4842611,4843432
anglo,Lachance,2.25651e-05,4843432,4843651
anglo,Lachapelle,1.10311e-05,4843651,4843758
anglo,Lack,1.04537e-05,4843758,4843860
anglo,Lackey,7.10346e-05,4843860,4844546
anglo,Laclair,1.02376e-05,4844546,4844646
anglo,Lacoste,9.54618e-06,4844646,4844739
anglo,Lacy,0.000107772,4844739,4845779
anglo,Ladd,6.32955e-05,4845779,4846390
anglo,Ladner,2.57354e-05,4846390,4846639
anglo,Ladue,9.32619e-06,4846639,4846730
anglo,Laduke,9.99403e-06,4846730,4846827
anglo,Lafave,1.51207e-05,4846827,4846974
anglo,Lafferty,6.28864e-05,4846974,4847581
anglo,Laffey,1.18761e-05,4847581,4847697
anglo,Laflamme,1.44921e-05,4847697,4847838
anglo,Lafollette,1.15183e-05,4847838,4847950
anglo,Lafond,1.61539e-05,4847950,4848107
anglo,Laforge,8.76442e-06,4848107,4848193
anglo,Lafountain,1.42957e-05,4848193,4848332
anglo,Lafrance,2.18973e-05,4848332,4848544
anglo,Lagasse,1.10901e-05,4848544,4848652
anglo,Lagrange,1.01119e-05,4848652,4848750
anglo,Lahey,3.28973e-05,4848750,4849068
anglo,Lahiffe,1.27333e-05,4849068,4849192
anglo,Lahr,1.44018e-05,4849192,4849332
anglo,Lahy,1.57611e-05,4849332,4849485
anglo,Lail,1.69081e-05,4849485,4849649
anglo,Lain,1.04065e-05,4849649,4849750
anglo,Laing,0.00036492,4849750,4853270
anglo,Lair,1.54114e-05,4853270,4853420
anglo,Laird,7.34467e-05,4853420,4854129
anglo,Lajoie,1.2355e-05,4854129,4854249
anglo,Lake,0.00012612,4854249,4855466
anglo,Lakey,1.58121e-05,4855466,4855619
anglo,Lakin,1.62089e-05,4855619,4855776
anglo,Laliberte,1.22568e-05,4855776,4855895
anglo,Lally,7.18553e-05,4855895,4856589
anglo,Lalonde,2.01688e-05,4856589,4856784
anglo,Lalor,2.22703e-05,4856784,4857000
anglo,Lamanna,1.15183e-05,4857000,4857112
anglo,Lamb,0.000586819,4857112,4862771
anglo,Lambe,1.14495e-05,4862771,4862882
anglo,Lamberson,1.05754e-05,4862882,4862985
anglo,Lambert,0.000660888,4862985,4869359
anglo,Lamberth,1.14122e-05,4869359,4869470
anglo,Lambeth,1.44646e-05,4869470,4869610
anglo,Lambrecht,1.461e-05,4869610,4869752
anglo,Lambright,1.75328e-05,4869752,4869922
anglo,Lamere,1.08426e-05,4869922,4870028
anglo,Lamkin,1.17343e-05,4870028,4870142
anglo,Lamm,2.39833e-05,4870142,4870374
anglo,Lammas,0.000339738,4870374,4873651
anglo,Lammers,1.9882e-05,4873651,4873844
anglo,Lamonica,9.55011e-06,4873844,4873937
anglo,Lamont,3.93955e-05,4873937,4874318
anglo,Lamontagne,1.39029e-05,4874318,4874453
anglo,Lamoreaux,1.01944e-05,4874453,4874552
anglo,Lamoureux,1.32036e-05,4874552,4874680
anglo,Lamp,1.58789e-05,4874680,4874834
anglo,Lampe,2.07816e-05,4874834,4875035
anglo,Lampert,1.36868e-05,4875035,4875168
anglo,Lamphere,9.09441e-06,4875168,4875257
anglo,Lampman,9.16905e-06,4875257,4875346
anglo,Lamson,1.13101e-05,4875346,4875456
anglo,Lancaster,0.000455156,4875456,4879846
anglo,Lance,5.15494e-05,4879846,4880344
anglo,Land,8.29536e-05,4880344,4881145
anglo,Landa,4.5538e-05,4881145,4881585
anglo,Landau,2.19287e-05,4881585,4881797
anglo,Lande,1.54814e-05,4881797,4881947
anglo,Lander,2.0373e-05,4881947,4882144
anglo,Landers,9.97777e-05,4882144,4883107
anglo,Landes,1.7301e-05,4883107,4883275
anglo,Landis,7.39574e-05,4883275,4883989
anglo,Landman,9.11012e-06,4883989,4884078
anglo,Landon,3.61851e-05,4884078,4884428
anglo,Landon-Lane,0.000328022,4884428,4887592
anglo,Landreth,1.79453e-05,4887592,4887766
anglo,Landrum,4.72438e-05,4887766,4888223
anglo,Landry,0.000154746,4888223,4889716
anglo,Landwehr,9.43226e-06,4889716,4889808
anglo,Landy,2.58337e-05,4889808,4890058
anglo,Lane,0.0012585,4890058,4902194
anglo,Laney,4.24118e-05,4902194,4902604
anglo,Lanford,9.64439e-06,4902604,4902698
anglo,Lang,0.000612134,4902698,4908601
anglo,Langan,4.97606e-05,4908601,4909082
anglo,Langdon,3.4547e-05,4909082,4909416
anglo,Langer,2.94871e-05,4909416,4909701
anglo,Langevin,1.10979e-05,4909701,4909809
anglo,Langford,7.54581e-05,4909809,4910538
anglo,Langham,1.44725e-05,4910538,4910679
anglo,Langley,0.000107059,4910679,4911712
anglo,Langston,7.75559e-05,4911712,4912461
anglo,Langton,9.4519e-06,4912461,4912553
anglo,Lanham,3.99525e-05,4912553,4912939
anglo,Lanigan,2.21811e-05,4912939,4913154
anglo,Lankford,4.64895e-05,4913154,4913603
anglo,Lanning,3.42209e-05,4913603,4913934
anglo,Lannon,9.5344e-06,4913934,4914027
anglo,Lansing,1.48103e-05,4914027,4914171
anglo,Lantz,4.78056e-05,4914171,4914633
anglo,Lape,8.78799e-06,4914633,4914719
anglo,Lapham,9.61297e-06,4914719,4914813
anglo,Lapierre,1.76545e-05,4914813,4914984
anglo,Laplant,9.75046e-06,4914984,4915079
anglo,Laplante,2.82653e-05,4915079,4915353
anglo,Lapoint,1.13376e-05,4915353,4915463
anglo,Lapointe,3.49398e-05,4915463,4915801
anglo,Lapp,3.04889e-05,4915801,4916096
anglo,Lappin,1.1602e-05,4916096,4916209
anglo,Lardner,2.88007e-05,4916209,4916488
anglo,Largan,3.4038e-05,4916488,4916817
anglo,Large,2.69454e-05,4916817,4917078
anglo,Largent,1.56117e-05,4917078,4917230
anglo,Largey,1.76081e-05,4917230,4917401
anglo,Larimer,1.01315e-05,4917401,4917500
anglo,Larimore,9.51083e-06,4917500,4917593
anglo,Lariviere,1.01276e-05,4917593,4917692
anglo,Larkin,0.000113035,4917692,4918783
anglo,Larocca,1.79413e-05,4918783,4918957
anglo,Larochelle,1.0049e-05,4918957,4919055
anglo,Larock,1.01197e-05,4919055,4919154
anglo,Larocque,1.19111e-05,4919154,4919270
anglo,Larose,2.96678e-05,4919270,4919557
anglo,Larrabee,1.58239e-05,4919557,4919711
anglo,Larsen,0.00142649,4919711,4933467
anglo,Larson,0.000481579,4933467,4938112
anglo,Larue,4.6187e-05,4938112,4938558
anglo,Lasater,1.12354e-05,4938558,4938667
anglo,Lash,2.63679e-05,4938667,4938922
anglo,Lasher,1.72421e-05,4938922,4939089
anglo,Laskey,1.00372e-05,4939089,4939187
anglo,Lasley,1.6916e-05,4939187,4939351
anglo,Latham,8.35861e-05,4939351,4940158
anglo,Lathrop,3.16517e-05,4940158,4940464
anglo,Latour,1.30543e-05,4940464,4940591
anglo,Latta,2.41797e-05,4940591,4940825
anglo,Laub,1.23e-05,4940825,4940945
anglo,Laubach,9.89189e-06,4940945,4941041
anglo,Lauber,1.01119e-05,4941041,4941139
anglo,Lauer,4.48396e-05,4941139,4941572
anglo,Laufer,1.06069e-05,4941572,4941675
anglo,Laughlin,6.41244e-05,4941675,4942294
anglo,Laurence,1.31054e-05,4942294,4942421
anglo,Laurenson,0.000374883,4942421,4946037
anglo,Lauria,1.09094e-05,4946037,4946143
anglo,Laurie,1.38518e-05,4946143,4946278
anglo,Laux,1.64053e-05,4946278,4946437
anglo,Lavallee,1.95049e-05,4946437,4946626
anglo,Lavalley,1.43625e-05,4946626,4946765
anglo,Lavan,1.89489e-05,4946765,4946949
anglo,Lavell,1.35441e-05,4946949,4947081
anglo,Lavelle,3.52641e-05,4947081,4947422
anglo,Lavergne,1.38636e-05,4947422,4947557
anglo,Laverty,2.28017e-05,4947557,4947778
anglo,Lavery,2.80132e-05,4947778,4948049
anglo,Lavigne,2.83007e-05,4948049,4948323
anglo,Lavin,4.24243e-05,4948323,4948733
anglo,Lavine,1.27597e-05,4948733,4948857
anglo,Lavoie,3.6959e-05,4948857,4949214
anglo,Law,0.000351453,4949214,4952604
anglo,Lawhon,1.04576e-05,4952604,4952706
anglo,Lawhorn,2.14691e-05,4952706,4952914
anglo,Lawing,8.81156e-06,4952914,4953000
anglo,Lawler,5.65189e-05,4953000,4953546
anglo,Lawless,5.20984e-05,4953546,4954049
anglo,Lawley,9.00405e-06,4954049,4954137
anglo,Lawlor,3.58967e-05,4954137,4954484
anglo,Lawrence,0.000509519,4954484,4959398
anglo,Laws,5.7006e-05,4959398,4959949
anglo,Lawson,0.00098316,4959949,4969430
anglo,Lawton,5.38711e-05,4969430,4969950
anglo,Lawyer,1.61539e-05,4969950,4970107
anglo,Lax,9.49511e-06,4970107,4970200
anglo,Laxton,8.92941e-06,4970200,4970287
anglo,Layfield,1.02808e-05,4970287,4970387
anglo,Layman,3.9434e-05,4970387,4970768
anglo,Layne,5.25119e-05,4970768,4971275
anglo,Layton,7.66209e-05,4971275,4972015
anglo,Lazarus,1.73246e-05,4972015,4972183
anglo,Lazenby,1.01158e-05,4972183,4972282
anglo,Lazzaro,1.00058e-05,4972282,4972379
anglo,Lea,3.60634e-05,4972379,4972728
anglo,Leach,0.000175135,4972728,4974418
anglo,Leacy,1.12354e-05,4974418,4974527
anglo,Leader,1.33529e-05,4974527,4974657
anglo,Leaf,1.22215e-05,4974657,4974776
anglo,Leahy,5.4939e-05,4974776,4975307
anglo,Leaman,9.69546e-06,4975307,4975401
anglo,Lear,3.00489e-05,4975401,4975692
anglo,Learmonth,0.000292877,4975692,4978517
anglo,Leary,8.34564e-05,4978517,4979323
anglo,Lease,1.53053e-05,4979323,4979472
anglo,Leasure,1.65389e-05,4979472,4979632
anglo,Leatherman,2.23766e-05,4979632,4979849
anglo,Leathers,2.06598e-05,4979849,4980049
anglo,Leatherwood,1.74778e-05,4980049,4980219
anglo,Leavey,2.22896e-05,4980219,4980435
anglo,Leavitt,5.15926e-05,4980435,4980933
anglo,Lebeau,1.94774e-05,4980933,4981122
anglo,Lebel,9.88403e-06,4981122,4981218
anglo,Leber,1.12551e-05,4981218,4981328
anglo,Lebo,9.09048e-06,4981328,4981417
anglo,Leboeuf,1.37654e-05,4981417,4981551
anglo,Lechner,1.62992e-05,4981551,4981709
anglo,Leclair,3.20642e-05,4981709,4982019
anglo,Leclaire,1.09133e-05,4982019,4982125
anglo,Lecompte,1.22568e-05,4982125,4982244
anglo,Ledbetter,7.62791e-05,4982244,4982981
anglo,Leddin,1.22661e-05,4982981,4983100
anglo,Leddon,1.96122e-05,4983100,4983290
anglo,Leddy,4.16034e-05,4983290,4983692
anglo,Lederer,1.06462e-05,4983692,4983796
anglo,Lederman,1.0324e-05,4983796,4983897
anglo,Ledford,7.28024e-05,4983897,4984600
anglo,Ledwich,1.29063e-05,4984600,4984725
anglo,Ledwith,1.24983e-05,4984725,4984847
anglo,Lee,0.000750288,4984847,4992083
anglo,Leech,3.19044e-05,4992083,4992392
anglo,Leeds,1.49085e-05,4992392,4992537
anglo,Leedy,1.16715e-05,4992537,4992651
anglo,Leek,1.26811e-05,4992651,4992774
anglo,Leeman,1.04222e-05,4992774,4992875
anglo,Leen,1.40003e-05,4992875,4993011
anglo,Leeney,1.5573e-05,4993011,4993162
anglo,Leeper,2.59004e-05,4993162,4993413
anglo,Lees,2.16144e-05,4993413,4993622
anglo,Lefever,1.307e-05,4993622,4993749
anglo,Leffler,2.03338e-05,4993749,4993946
anglo,Lefkowitz,1.23275e-05,4993946,4994066
anglo,Lefler,1.44725e-05,4994066,4994207
anglo,Legere,8.91763e-06,4994207,4994294
anglo,Legg,3.79922e-05,4994294,4994661
anglo,Leggett,5.09798e-05,4994661,4995154
anglo,Lehane,1.25325e-05,4995154,4995276
anglo,Lehman,0.000126418,4995276,4996496
anglo,Lehner,1.23079e-05,4996496,4996616
anglo,Lehr,2.56804e-05,4996616,4996865
anglo,Leibowitz,1.02062e-05,4996865,4996964
anglo,Leigh,4.01215e-05,4996964,4997352
anglo,Leighton,3.29952e-05,4997352,4997671
anglo,Leininger,1.87192e-05,4997671,4997852
anglo,Leis,1.12158e-05,4997852,4997961
anglo,Leist,9.35762e-06,4997961,4998052
anglo,Leister,1.15968e-05,4998052,4998165
anglo,Leitch,1.27047e-05,4998165,4998288
anglo,Leite,1.22686e-05,4998288,4998407
anglo,Leiter,9.69546e-06,4998407,4998501
anglo,Leith,9.6169e-06,4998501,4998595
anglo,Leitner,1.57532e-05,4998595,4998748
anglo,Leland,3.05742e-05,4998748,4999044
anglo,Lemaster,3.08699e-05,4999044,4999343
anglo,Lemasters,1.11254e-05,4999343,4999451
anglo,Lemay,3.32781e-05,4999451,4999773
anglo,Lemieux,2.97267e-05,4999773,5000061
anglo,Leming,9.18083e-06,5000061,5000151
anglo,Lemire,1.37771e-05,5000151,5000285
anglo,Lemke,4.12529e-05,5000285,5000684
anglo,Lemley,1.8346e-05,5000684,5000862
anglo,Lemmon,2.42387e-05,5000862,5001097
anglo,Lemmons,1.47278e-05,5001097,5001240
anglo,Lemons,4.84066e-05,5001240,5001708
anglo,Lenaghan,1.87041e-05,5001708,5001889
anglo,Lenahan,1.03987e-05,5001889,5001990
anglo,Leneghan,1.18036e-05,5001990,5002105
anglo,Lenehan,1.13079e-05,5002105,5002215
anglo,Lenhart,2.15123e-05,5002215,5002423
anglo,Lenihan,1.85572e-05,5002423,5002603
anglo,Lennane,5.87184e-05,5002603,5003170
anglo,Lennon,7.59464e-05,5003170,5003903
anglo,Lennox,1.41071e-05,5003903,5004040
anglo,Lenox,1.18601e-05,5004040,5004155
anglo,Lent,1.70535e-05,5004155,5004320
anglo,Lentz,5.9422e-05,5004320,5004894
anglo,Lenz,4.39635e-05,5004894,5005319
anglo,Leonard,0.000372404,5005319,5008911
anglo,Leonhardt,1.37143e-05,5008911,5009044
anglo,Leopold,1.73285e-05,5009044,5009212
anglo,Lepage,1.51835e-05,5009212,5009359
anglo,Lepley,9.01584e-06,5009359,5009447
anglo,Lepore,1.85856e-05,5009447,5009627
anglo,Lerch,1.44332e-05,5009627,5009767
anglo,Lerman,8.90191e-06,5009767,5009854
anglo,Lesher,1.59889e-05,5009854,5010009
anglo,Lesko,1.3895e-05,5010009,5010144
anglo,Lesley,1.14908e-05,5010144,5010256
anglo,Leslie,0.000496831,5010256,5015048
anglo,Lesniak,1.03476e-05,5015048,5015149
anglo,Lessard,2.19287e-05,5015149,5015361
anglo,Lesser,1.44803e-05,5015361,5015502
anglo,Lester,0.000214742,5015502,5017574
anglo,Leto,1.01237e-05,5017574,5017673
anglo,Letourneau,1.89274e-05,5017673,5017857
anglo,Letson,9.31833e-06,5017857,5017948
anglo,Letts,9.26726e-06,5017948,5018038
anglo,Levan,3.35756e-05,5018038,5018363
anglo,Levasseur,1.7301e-05,5018363,5018531
anglo,Levenson,9.97046e-06,5018531,5018628
anglo,Levi,2.94635e-05,5018628,5018913
anglo,Levin,7.52066e-05,5018913,5019639
anglo,Levine,0.000132142,5019639,5020914
anglo,Levins,9.00013e-06,5020914,5021002
anglo,Levinson,2.02198e-05,5021002,5021198
anglo,Levitt,2.12412e-05,5021198,5021404
anglo,Lewallen,1.84088e-05,5021404,5021583
anglo,Lewellen,1.25672e-05,5021583,5021705
anglo,Lewin,1.99881e-05,5021705,5021899
anglo,Lewis,0.00337775,5021899,5054470
anglo,Leyden,1.14811e-05,5054470,5054582
anglo,Leydon,3.2142e-05,5054582,5054893
anglo,Libby,4.17636e-05,5054893,5055297
anglo,Liberatore,1.02258e-05,5055297,5055397
anglo,Liberty,1.39539e-05,5055397,5055533
anglo,Licata,1.47318e-05,5055533,5055676
anglo,Licht,1.04694e-05,5055676,5055778
anglo,Liddane,1.2701e-05,5055778,5055901
anglo,Liddle,1.1754e-05,5055901,5056015
anglo,Liddy,1.25879e-05,5056015,5056137
anglo,Lieb,1.25986e-05,5056137,5056259
anglo,Lieber,1.0108e-05,5056259,5056357
anglo,Lieberman,3.26142e-05,5056357,5056672
anglo,Liggett,1.78156e-05,5056672,5056845
anglo,Light,6.58765e-05,5056845,5057481
anglo,Lightner,2.23962e-05,5057481,5057698
anglo,Lightsey,9.92724e-06,5057698,5057795
anglo,Likens,8.80763e-06,5057795,5057881
anglo,Lile,1.02455e-05,5057881,5057981
anglo,Liles,4.053e-05,5057981,5058373
anglo,Lillard,1.54075e-05,5058373,5058523
anglo,Lilley,3.05635e-05,5058523,5058819
anglo,Lillie,1.68492e-05,5058819,5058982
anglo,Lillis,1.26938e-05,5058982,5059105
anglo,Lilly,8.9027e-05,5059105,5059964
anglo,Lincoln,8.67716e-05,5059964,5060802
anglo,Lindahl,1.41386e-05,5060802,5060939
anglo,Linde,1.11019e-05,5060939,5061047
anglo,Lindell,1.42957e-05,5061047,5061186
anglo,Lindeman,1.86877e-05,5061186,5061367
anglo,Linden,2.46551e-05,5061367,5061606
anglo,Linder,5.43307e-05,5061606,5062131
anglo,Linderman,1.53642e-05,5062131,5062280
anglo,Lindgren,2.86778e-05,5062280,5062558
anglo,Lindholm,1.37064e-05,5062558,5062691
anglo,Lindley,4.03061e-05,5062691,5063081
anglo,Lindquist,4.45371e-05,5063081,5063511
anglo,Lindsay,0.000145158,5063511,5064912
anglo,Lindsley,1.13494e-05,5064912,5065022
anglo,Lindstrom,3.83183e-05,5065022,5065392
anglo,Line,1.26929e-05,5065392,5065515
anglo,Lineberry,1.28697e-05,5065515,5065640
anglo,Linehan,2.6589e-05,5065640,5065897
anglo,Liner,1.04969e-05,5065897,5065999
anglo,Lines,1.36396e-05,5065999,5066132
anglo,Lingenfelter,1.37143e-05,5066132,5066265
anglo,Lingerfelt,9.28298e-06,5066265,5066356
anglo,Lingle,1.69553e-05,5066356,5066520
anglo,Lingo,1.13376e-05,5066520,5066630
anglo,Link,8.69645e-05,5066630,5067470
anglo,Linker,1.14986e-05,5067470,5067582
anglo,Linkous,1.21861e-05,5067582,5067700
anglo,Linn,4.91373e-05,5067700,5068175
anglo,Linnane,1.82099e-05,5068175,5068352
anglo,Linny,1.70883e-05,5068352,5068518
anglo,Linskey,1.25291e-05,5068518,5068640
anglo,Linton,0.000419557,5068640,5072687
anglo,Linville,2.95303e-05,5072687,5072973
anglo,Lipe,9.75832e-06,5072973,5073068
anglo,Lipman,9.84867e-06,5073068,5073164
anglo,Lipp,1.21625e-05,5073164,5073282
anglo,Lippert,2.27616e-05,5073282,5073502
anglo,Lippincott,1.18876e-05,5073502,5073618
anglo,Lipps,1.16597e-05,5073618,5073731
anglo,Lipton,9.27512e-06,5073731,5073821
anglo,Lis,9.27512e-06,5073821,5073911
anglo,Lisk,9.00798e-06,5073911,5073999
anglo,Liska,1.05244e-05,5073999,5074101
anglo,Liss,1.36396e-05,5074101,5074234
anglo,List,1.49832e-05,5074234,5074379
anglo,Lister,3.28027e-05,5074379,5074696
anglo,Liston,3.11702e-05,5074696,5074998
anglo,Litchfield,1.68531e-05,5074998,5075162
anglo,Little,0.00112668,5075162,5086027
anglo,Littlefield,3.81337e-05,5086027,5086396
anglo,Littleton,3.90451e-05,5086396,5086773
anglo,Litton,1.79295e-05,5086773,5086947
anglo,Littrell,2.00784e-05,5086947,5087142
anglo,Litz,1.11529e-05,5087142,5087251
anglo,Lively,4.33153e-05,5087251,5087670
anglo,Livengood,1.9387e-05,5087670,5087858
anglo,Livermore,1.23708e-05,5087858,5087978
anglo,Livesay,1.57217e-05,5087978,5088131
anglo,Livingston,0.0001654,5088131,5089727
anglo,Livingstone,9.97439e-06,5089727,5089824
anglo,Lizotte,1.17933e-05,5089824,5089939
anglo,Llewellyn,2.3394e-05,5089939,5090166
anglo,Lloyd,0.0010957,5090166,5100732
anglo,Lobdell,9.88796e-06,5100732,5100828
anglo,Locascio,1.0214e-05,5100828,5100927
anglo,Loch,9.74653e-06,5100927,5101022
anglo,Lock,2.72479e-05,5101022,5101286
anglo,Lockard,2.41247e-05,5101286,5101520
anglo,Locke,0.000108595,5101520,5102568
anglo,Locker,1.1369e-05,5102568,5102679
anglo,Lockman,1.10036e-05,5102679,5102786
anglo,Lockwood,7.80391e-05,5102786,5103539
anglo,Lodge,1.7682e-05,5103539,5103710
anglo,Loe,9.43226e-06,5103710,5103802
anglo,Loeb,1.20172e-05,5103802,5103919
anglo,Loeffler,2.27891e-05,5103919,5104140
anglo,Loehr,1.07129e-05,5104140,5104244
anglo,Loesch,9.53833e-06,5104244,5104337
anglo,Loewen,1.12394e-05,5104337,5104446
anglo,Lofgren,1.22136e-05,5104446,5104565
anglo,Loftin,2.6474e-05,5104565,5104821
anglo,Loftis,2.66232e-05,5104821,5105079
anglo,Loftus,6.22209e-05,5105079,5105680
anglo,Logan,0.000571603,5105680,5111193
anglo,Loghan,1.37347e-05,5111193,5111326
anglo,Logsdon,4.02354e-05,5111326,5111715
anglo,Logue,4.43622e-05,5111715,5112144
anglo,Lohman,1.80395e-05,5112144,5112319
anglo,Lohr,2.55586e-05,5112319,5112566
anglo,Lollar,1.00608e-05,5112566,5112664
anglo,Lollis,1.03712e-05,5112664,5112765
anglo,London,7.74663e-05,5112765,5113513
anglo,Lonergan,2.64304e-05,5113513,5113769
anglo,Loney,1.42368e-05,5113769,5113907
anglo,Long,0.00129035,5113907,5126350
anglo,Longacre,8.7212e-06,5126350,5126435
anglo,Longan,1.49875e-05,5126435,5126581
anglo,Longenecker,1.05165e-05,5126581,5126683
anglo,Longley,1.25868e-05,5126683,5126805
anglo,Longo,4.94752e-05,5126805,5127283
anglo,Loomis,5.70335e-05,5127283,5127834
anglo,Looney,0.000229033,5127834,5130043
anglo,Looper,1.74856e-05,5130043,5130213
anglo,Loose,9.45976e-06,5130213,5130305
anglo,Loper,3.12313e-05,5130305,5130607
anglo,Lord,0.000114511,5130607,5131712
anglo,Lordan,1.58578e-05,5131712,5131866
anglo,Lore,1.27597e-05,5131866,5131990
anglo,Lorentz,1.04576e-05,5131990,5132092
anglo,Lorenz,5.70728e-05,5132092,5132643
anglo,Lorenzen,1.4665e-05,5132643,5132785
anglo,Loring,1.46139e-05,5132785,5132927
anglo,Lorusso,8.81156e-06,5132927,5133013
anglo,Losey,1.318e-05,5133013,5133141
anglo,Lotz,1.51325e-05,5133141,5133288
anglo,Loucks,2.12255e-05,5133288,5133494
anglo,Louden,1.51443e-05,5133494,5133641
anglo,Loudermilk,1.90334e-05,5133641,5133826
anglo,Lough,1.43036e-05,5133826,5133965
anglo,Loughlin,3.0392e-05,5133965,5134259
anglo,Loughnane,3.87076e-05,5134259,5134633
anglo,Loughran,0.000112634,5134633,5135720
anglo,Loughrey,1.13871e-05,5135720,5135831
anglo,Loughry,2.34141e-05,5135831,5136058
anglo,Lounsbury,9.9626e-06,5136058,5136155
anglo,Louviere,9.84082e-06,5136155,5136251
anglo,Love,0.000606726,5136251,5142102
anglo,Loveday,1.02769e-05,5142102,5142202
anglo,Lovejoy,3.28067e-05,5142202,5142519
anglo,Lovelace,5.41618e-05,5142519,5143042
anglo,Lovelady,1.56825e-05,5143042,5143194
anglo,Loveland,2.26516e-05,5143194,5143413
anglo,Loveless,3.74501e-05,5143413,5143775
anglo,Lovell,8.31696e-05,5143775,5144578
anglo,Lovely,1.61224e-05,5144578,5144734
anglo,Lovett,9.95332e-05,5144734,5145695
anglo,Lovins,9.86046e-06,5145695,5145791
anglo,Low,0.000480319,5145791,5150423
anglo,Lowder,2.14062e-05,5150423,5150630
anglo,Lowe,0.000751651,5150630,5157879
anglo,Lowell,2.58061e-05,5157879,5158129
anglo,Lowman,2.8615e-05,5158129,5158406
anglo,Lowney,3.93303e-05,5158406,5158786
anglo,Lowrance,1.39736e-05,5158786,5158922
anglo,Lowrey,2.20269e-05,5158922,5159135
anglo,Lowrie,9.76225e-06,5159135,5159230
anglo,Lowry,0.000110287,5159230,5160294
anglo,Lowther,1.59064e-05,5160294,5160448
anglo,Loy,3.48377e-05,5160448,5160785
anglo,Loyd,5.3219e-05,5160785,5161299
anglo,Lozier,1.05519e-05,5161299,5161402
anglo,Lucas,0.00115979,5161402,5172586
anglo,Luce,3.81219e-05,5172586,5172955
anglo,Lucey,4.42262e-05,5172955,5173382
anglo,Lucia,1.58632e-05,5173382,5173536
anglo,Lucid,1.29176e-05,5173536,5173662
anglo,Lucier,1.13808e-05,5173662,5173773
anglo,Lucitt,2.14495e-05,5173773,5173981
anglo,Luck,2.36022e-05,5173981,5174210
anglo,Lucy,1.21625e-05,5174210,5174328
anglo,Luddy,1.13307e-05,5174328,5174438
anglo,Ludlow,1.51482e-05,5174438,5174585
anglo,Ludwick,1.25082e-05,5174585,5174707
anglo,Ludwig,8.79192e-05,5174707,5175556
anglo,Luebke,9.39297e-06,5175556,5175648
anglo,Lueck,1.406e-05,5175648,5175785
anglo,Luedtke,1.417e-05,5175785,5175923
anglo,Luft,1.00097e-05,5175923,5176021
anglo,Lukas,1.54389e-05,5176021,5176171
anglo,Luke,7.23821e-05,5176171,5176870
anglo,Lukens,1.23786e-05,5176870,5176990
anglo,Luker,1.81849e-05,5176990,5177166
anglo,Lumley,1.16911e-05,5177166,5177280
anglo,Lumsden,1.00687e-05,5177280,5177378
anglo,Lunceford,8.8587e-06,5177378,5177464
anglo,Lund,9.56465e-05,5177464,5178387
anglo,Lunde,1.17422e-05,5178387,5178501
anglo,Lundeen,1.32979e-05,5178501,5178630
anglo,Lundgren,2.82771e-05,5178630,5178904
anglo,Lundin,1.34786e-05,5178904,5179035
anglo,Lundon,1.21674e-05,5179035,5179153
anglo,Lundquist,2.69218e-05,5179153,5179414
anglo,Lundstrom,1.07051e-05,5179414,5179518
anglo,Lunham,2.04993e-05,5179518,5179717
anglo,Lunn,1.82674e-05,5179717,5179894
anglo,Lunney,1.12156e-05,5179894,5180003
anglo,Lunny,2.06361e-05,5180003,5180203
anglo,Lunsford,6.66347e-05,5180203,5180847
anglo,Lunt,1.18836e-05,5180847,5180963
anglo,Luongo,1.05519e-05,5180963,5181066
anglo,Lupton,1.06815e-05,5181066,5181170
anglo,Lurie,9.44797e-06,5181170,5181262
anglo,Lusk,5.04691e-05,5181262,5181750
anglo,Lussier,1.88017e-05,5181750,5181932
anglo,Lustig,1.00647e-05,5181932,5182030
anglo,Lutes,1.45157e-05,5182030,5182171
anglo,Luther,5.46293e-05,5182171,5182699
anglo,Luttrell,3.7839e-05,5182699,5183065
anglo,Lutz,0.000125907,5183065,5184280
anglo,Lyden,2.46231e-05,5184280,5184518
anglo,Lydon,3.71677e-05,5184518,5184877
anglo,Lykins,1.78824e-05,5184877,5185050
anglo,Lyle,5.18244e-05,5185050,5185551
anglo,Lyman,4.58217e-05,5185551,5185994
anglo,Lynch,0.000475218,5185994,5190577
anglo,Lynchechaun,1.42312e-05,5190577,5190715
anglo,Lynchehaun,1.29138e-05,5190715,5190841
anglo,Lyne,1.82523e-05,5190841,5191018
anglo,Lyng,1.46301e-05,5191018,5191160
anglo,Lynn,0.000164503,5191160,5192747
anglo,Lynskey,1.6233e-05,5192747,5192905
anglo,Lyon,0.000389941,5192905,5196666
anglo,Lyons,0.000684719,5196666,5203269
anglo,Lysaght,1.11666e-05,5203269,5203378
anglo,Lytle,5.09523e-05,5203378,5203870
anglo,Maag,1.05204e-05,5203870,5203972
anglo,Mabe,2.72597e-05,5203972,5204236
anglo,MacAdoo,5.6078e-05,5204236,5204778
anglo,MacAleavy,2.63871e-05,5204778,5205033
anglo,MacAllen,2.76987e-05,5205033,5205301
anglo,MacAloon,1.52408e-05,5205301,5205449
anglo,MacAnally,1.11593e-05,5205449,5205558
anglo,MacArt,1.3854e-05,5205558,5205693
anglo,MacArthur,1.30787e-05,5205693,5205820
anglo,MacBreen,2.47281e-05,5205820,5206059
anglo,MacBride,1.65801e-05,5206059,5206220
anglo,MacCaffrey,2.57081e-05,5206220,5206469
anglo,MacCann,1.77043e-05,5206469,5206641
anglo,MacCartan,1.29706e-05,5206641,5206767
anglo,MacCarthy,1.71233e-05,5206767,5206933
anglo,MacCarville,1.97994e-05,5206933,5207125
anglo,MacClenaghan,4.115e-05,5207125,5207523
anglo,MacCole,1.47464e-05,5207523,5207666
anglo,MacComisky,2.56195e-05,5207666,5207914
anglo,MacConachy,1.27369e-05,5207914,5208038
anglo,MacConnaghy,1.1497e-05,5208038,5208150
anglo,MacCool,1.97723e-05,5208150,5208342
anglo,MacCormack,1.74481e-05,5208342,5208511
anglo,MacCurtin,1.68661e-05,5208511,5208675
anglo,MacDermott,2.92274e-05,5208675,5208958
anglo,MacDevitt,1.25984e-05,5208958,5209080
anglo,MacDonagh,3.58229e-05,5209080,5209426
anglo,MacDonald,0.00177214,5209426,5226515
anglo,MacDonnell,1.12304e-05,5226515,5226624
anglo,MacDougall,1.23706e-05,5226624,5226744
anglo,MacDowell,1.72925e-05,5226744,5226912
anglo,MacDwyer,1.3817e-05,5226912,5227046
anglo,MacDyer,1.12878e-05,5227046,5227156
anglo,MacEgan,1.92533e-05,5227156,5227343
anglo,MacElgunn,2.47811e-05,5227343,5227583
anglo,MacEver,1.27514e-05,5227583,5227707
anglo,MacEvoy,1.41513e-05,5227707,5227844
anglo,MacFadden,1.28429e-05,5227844,5227969
anglo,MacFall,1.11935e-05,5227969,5228078
anglo,MacFaull,0.000119618,5228078,5229232
anglo,MacGee,1.4929e-05,5229232,5229377
anglo,MacGeehan,0.000154427,5229377,5230867
anglo,MacGill,2.91406e-05,5230867,5231149
anglo,MacGilligan,2.61029e-05,5231149,5231402
anglo,MacGing,1.56931e-05,5231402,5231554
anglo,MacGinley,1.30166e-05,5231554,5231681
anglo,MacGinnitty,2.01189e-05,5231681,5231876
anglo,MacGinnity,1.46851e-05,5231876,5232019
anglo,MacGinty,1.8602e-05,5232019,5232199
anglo,MacGloin,1.67994e-05,5232199,5232362
anglo,MacGlynn,1.38726e-05,5232362,5232497
anglo,MacGovern,1.51246e-05,5232497,5232644
anglo,MacGreal,3.97625e-05,5232644,5233028
anglo,MacGroarty,1.26867e-05,5233028,5233151
anglo,MacGuinness,4.98843e-05,5233151,5233633
anglo,MacGurk,1.5527e-05,5233633,5233784
anglo,MacHale,1.15748e-05,5233784,5233897
anglo,MacHenry,2.78484e-05,5233897,5234167
anglo,MacHugh,1.90447e-05,5234167,5234352
anglo,MacInerney,3.18558e-05,5234352,5234660
anglo,MacInnes,1.84028e-05,5234660,5234838
anglo,MacKay,0.000445173,5234838,5239132
anglo,MacKenna,2.90974e-05,5239132,5239414
anglo,MacKenzie,0.0006209,5239414,5245402
anglo,MacKeown,1.80537e-05,5245402,5245577
anglo,MacKevitt,4.82348e-05,5245577,5246043
anglo,MacLysaght,2.14668e-05,5246043,5246251
anglo,MacMahon,1.12903e-05,5246251,5246361
anglo,MacMonagle,1.22276e-05,5246361,5246480
anglo,MacMorrow,1.51489e-05,5246480,5246627
anglo,MacMullan,1.57748e-05,5246627,5246780
anglo,MacMullen,1.33321e-05,5246780,5246910
anglo,MacNabb,1.46028e-05,5246910,5247052
anglo,MacNaboe,1.17949e-05,5247052,5247167
anglo,MacNaboola,1.31696e-05,5247167,5247295
anglo,MacNally,3.90152e-05,5247295,5247672
anglo,MacNamara,1.12577e-05,5247672,5247782
anglo,MacNamee,1.32623e-05,5247782,5247911
anglo,MacNeela,1.23508e-05,5247911,5248031
anglo,MacNeill,2.6484e-05,5248031,5248287
anglo,MacNelis,1.81888e-05,5248287,5248463
anglo,MacNulty,1.77725e-05,5248463,5248635
anglo,MacPherson,0.000351453,5248635,5252025
anglo,MacPhilbin,0.000148368,5252025,5253457
anglo,MacShea,1.39526e-05,5253457,5253593
anglo,MacSweeney,5.3495e-05,5253593,5254110
anglo,MacTiernan,3.39694e-05,5254110,5254439
anglo,MacVeagh,1.12255e-05,5254439,5254548
anglo,MacVeigh,2.79623e-05,5254548,5254819
anglo,MacWilliams,2.81943e-05,5254819,5255092
anglo,Macaluso,1.78431e-05,5255092,5255265
anglo,Macarthur,1.57375e-05,5255265,5255418
anglo,Macaulay,1.00569e-05,5255418,5255516
anglo,Macauley,1.35268e-05,5255516,5255647
anglo,Macdonald,0.000183526,5255647,5257418
anglo,Macdougall,1.68767e-05,5257418,5257582
anglo,Macey,9.73868e-06,5257582,5257677
anglo,Macfarlane,1.80906e-05,5257677,5257852
anglo,Macgregor,2.02748e-05,5257852,5258048
anglo,Macintosh,9.26726e-06,5258048,5258138
anglo,Macintyre,1.08976e-05,5258138,5258244
anglo,Mackay,3.88369e-05,5258244,5258619
anglo,Macke,9.4244e-06,5258619,5258711
anglo,Macken,5.98092e-05,5258711,5259289
anglo,Mackenzie,5.39497e-05,5259289,5259810
anglo,Mackesey,1.65881e-05,5259810,5259971
anglo,Mackey,0.000143243,5259971,5261353
anglo,Mackie,2.62658e-05,5261353,5261607
anglo,Mackin,1.59142e-05,5261607,5261761
anglo,Mackinnon,1.64956e-05,5261761,5261921
anglo,Mackle,1.41612e-05,5261921,5262059
anglo,Maclean,4.46769e-05,5262059,5262491
anglo,Macleod,3.09799e-05,5262491,5262791
anglo,Macmillan,3.35855e-05,5262791,5263116
anglo,Macneil,1.17972e-05,5263116,5263231
anglo,Macomber,1.58985e-05,5263231,5263385
anglo,Macpherson,2.19169e-05,5263385,5263597
anglo,Macrae,9.15334e-06,5263597,5263686
anglo,Macrea,1.13537e-05,5263686,5263796
anglo,Macri,1.03594e-05,5263796,5263897
anglo,Macy,2.04398e-05,5263897,5264095
anglo,Madden,0.000179889,5264095,5265831
anglo,Maddock,3.73755e-05,5265831,5266192
anglo,Maddux,1.74738e-05,5266192,5266361
anglo,Maddy,1.43847e-05,5266361,5266501
anglo,Mader,2.13473e-05,5266501,5266708
anglo,Madigan,3.6656e-05,5266708,5267062
anglo,Madore,1.04419e-05,5267062,5267164
anglo,Madsen,6.8214e-05,5267164,5267823
anglo,Madson,1.22411e-05,5267823,5267942
anglo,Magan,1.15023e-05,5267942,5268054
anglo,Magann,2.47017e-05,5268054,5268293
anglo,Magauran,3.39011e-05,5268293,5268621
anglo,Magee,0.000122511,5268621,5269803
anglo,Mageean,1.83378e-05,5269803,5269981
anglo,Magennis,1.19113e-05,5269981,5270097
anglo,Magennity,2.02337e-05,5270097,5270293
anglo,Mager,1.17068e-05,5270293,5270407
anglo,Magers,9.67582e-06,5270407,5270501
anglo,Maggard,2.60261e-05,5270501,5270753
anglo,Maggio,2.30876e-05,5270753,5270977
anglo,Magill,3.98462e-05,5270977,5271362
anglo,Maginn,2.8039e-05,5271362,5271633
anglo,Magner,1.14358e-05,5271633,5271744
anglo,Magness,1.19268e-05,5271744,5271860
anglo,Magnus,9.00013e-06,5271860,5271948
anglo,Magnuson,3.13492e-05,5271948,5272251
anglo,Magrath,2.04245e-05,5272251,5272449
anglo,Magruder,1.22529e-05,5272449,5272568
anglo,Maguire,8.67202e-05,5272568,5273405
anglo,Mahaffey,3.17381e-05,5273405,5273712
anglo,Mahan,6.04002e-05,5273712,5274295
anglo,Mahaney,1.15851e-05,5274295,5274408
anglo,Mahar,1.29718e-05,5274408,5274534
anglo,Mahedy,3.11989e-05,5274534,5274836
anglo,Maher,0.000114777,5274836,5275944
anglo,Mahler,2.05145e-05,5275944,5276143
anglo,Mahmoud,1.31289e-05,5276143,5276271
anglo,Mahon,4.97257e-05,5276271,5276751
anglo,Mahoney,0.000179537,5276751,5278483
anglo,Mahony,1.33156e-05,5278483,5278612
anglo,Maier,5.55289e-05,5278612,5279148
anglo,Main,5.01901e-05,5279148,5279633
anglo,Maine,1.40993e-05,5279633,5279770
anglo,Maines,1.64839e-05,5279770,5279930
anglo,Mains,1.57532e-05,5279930,5280083
anglo,Mair,9.88403e-06,5280083,5280179
anglo,Maitland,1.27911e-05,5280179,5280303
anglo,Maki,3.61026e-05,5280303,5280652
anglo,Makin,9.97046e-06,5280652,5280749
anglo,Malcom,1.44568e-05,5280749,5280889
anglo,Malek,1.87781e-05,5280889,5281071
anglo,Maley,1.82713e-05,5281071,5281248
anglo,Malin,1.71478e-05,5281248,5281414
anglo,Mallette,1.15143e-05,5281414,5281526
anglo,Malley,3.82646e-05,5281526,5281896
anglo,Mallon,3.33898e-05,5281896,5282219
anglo,Malloy,6.50005e-05,5282219,5282847
anglo,Malone,0.000293259,5282847,5285676
anglo,Maloney,0.000132175,5285676,5286951
anglo,Malott,1.29207e-05,5286951,5287077
anglo,Malowney,3.55059e-05,5287077,5287420
anglo,Maloy,1.99095e-05,5287420,5287613
anglo,Maly,9.9901e-06,5287613,5287710
anglo,Manahan,1.11545e-05,5287710,5287819
anglo,Manchester,2.03573e-05,5287819,5288016
anglo,Mancuso,3.81494e-05,5288016,5288385
anglo,Mandel,2.63325e-05,5288385,5288640
anglo,Mandell,1.31093e-05,5288640,5288767
anglo,Mandeville,1.07522e-05,5288767,5288872
anglo,Manes,1.22843e-05,5288872,5288991
anglo,Maness,3.1801e-05,5288991,5289299
anglo,Maney,1.318e-05,5289299,5289427
anglo,Manfredi,9.8251e-06,5289427,5289523
anglo,Mangan,3.89497e-05,5289523,5289900
anglo,Mangano,9.91939e-06,5289900,5289997
anglo,Mangrum,1.67746e-05,5289997,5290160
anglo,Mangus,1.07601e-05,5290160,5290265
anglo,Manion,2.00313e-05,5290265,5290459
anglo,Manis,1.84481e-05,5290459,5290638
anglo,Maniscalco,1.18679e-05,5290638,5290753
anglo,Mankin,8.89013e-06,5290753,5290840
anglo,Manley,0.000167239,5290840,5292454
anglo,Mann,0.000380999,5292454,5296129
anglo,Manna,1.35022e-05,5296129,5296260
anglo,Manning,0.000743165,5296260,5303427
anglo,Mannino,1.51521e-05,5303427,5303574
anglo,Mannion,2.44427e-05,5303574,5303811
anglo,Mannix,2.17836e-05,5303811,5304022
anglo,Manno,1.03869e-05,5304022,5304123
anglo,Manor,1.34825e-05,5304123,5304254
anglo,Manos,1.16676e-05,5304254,5304367
anglo,Mansell,3.67938e-05,5304367,5304723
anglo,Mansfield,0.000109709,5304723,5305782
anglo,Manson,0.000404987,5305782,5309688
anglo,Mansour,2.4714e-05,5309688,5309927
anglo,Mantooth,8.81156e-06,5309927,5310013
anglo,Manus,1.03515e-05,5310013,5310114
anglo,Manzella,1.04929e-05,5310114,5310216
anglo,Manzi,1.04812e-05,5310216,5310318
anglo,Mapes,2.14337e-05,5310318,5310526
anglo,Maple,1.8012e-05,5310526,5310701
anglo,Maples,4.16536e-05,5310701,5311104
anglo,Mara,1.81261e-05,5311104,5311280
anglo,Marasco,9.94689e-06,5311280,5311377
anglo,Marble,2.27694e-05,5311377,5311598
anglo,March,4.21093e-05,5311598,5312005
anglo,Marchant,2.29187e-05,5312005,5312227
anglo,Marchese,2.62029e-05,5312227,5312481
anglo,Marciniak,1.03987e-05,5312481,5312582
anglo,Marcotte,2.32683e-05,5312582,5312807
anglo,Marcoux,9.84867e-06,5312807,5312903
anglo,Marcum,6.38219e-05,5312903,5313519
anglo,Marcus,6.942e-05,5313519,5314189
anglo,Marcy,1.0049e-05,5314189,5314287
anglo,Marden,9.33012e-06,5314287,5314378
anglo,Mardis,1.32704e-05,5314378,5314507
anglo,Marek,3.15928e-05,5314507,5314813
anglo,Marfell,0.000480319,5314813,5319445
anglo,Margolis,1.64249e-05,5319445,5319604
anglo,Markel,1.62089e-05,5319604,5319761
anglo,Marker,2.52915e-05,5319761,5320006
anglo,Markey,3.48737e-05,5320006,5320343
anglo,Markham,0.000131354,5320343,5321611
anglo,Markland,1.11136e-05,5321611,5321719
anglo,Markle,2.31505e-05,5321719,5321943
anglo,Markley,2.97817e-05,5321943,5322231
anglo,Marko,1.06108e-05,5322231,5322334
anglo,Markovich,1.09447e-05,5322334,5322441
anglo,Markowitz,1.74228e-05,5322441,5322610
anglo,Marks,0.00019319,5322610,5324474
anglo,Marlatt,9.5344e-06,5324474,5324567
anglo,Marler,2.77271e-05,5324567,5324835
anglo,Marley,4.36263e-05,5324835,5325257
anglo,Marlin,2.20073e-05,5325257,5325470
anglo,Marlow,5.18754e-05,5325470,5325971
anglo,Marlowe,2.5704e-05,5325971,5326220
anglo,Marnan,1.40485e-05,5326220,5326356
anglo,Maroney,1.7246e-05,5326356,5326523
anglo,Marotta,1.76428e-05,5326523,5326694
anglo,Marple,1.01315e-05,5326694,5326793
anglo,Marquardt,3.43702e-05,5326793,5327125
anglo,Marquart,1.09683e-05,5327125,5327232
anglo,Marquette,1.04183e-05,5327232,5327333
anglo,Marquis,3.4323e-05,5327333,5327665
anglo,Marr,4.21289e-05,5327665,5328072
anglo,Marra,2.38262e-05,5328072,5328303
anglo,Marren,1.18469e-05,5328303,5328418
anglo,Marrinan,1.44423e-05,5328418,5328558
anglo,Marriott,2.17912e-05,5328558,5328769
anglo,Marron,1.17692e-05,5328769,5328883
anglo,Marrs,2.22273e-05,5328883,5329098
anglo,Marry,2.01046e-05,5329098,5329293
anglo,Marsden,1.85345e-05,5329293,5329473
anglo,Marsh,0.000572782,5329473,5334997
anglo,Marshall,0.00198776,5334997,5354165
anglo,Marston,2.56726e-05,5354165,5354414
anglo,Martello,9.16905e-06,5354414,5354503
anglo,Marten,1.44018e-05,5354503,5354643
anglo,Martin,0.00495585,5354643,5402431
anglo,Martindale,2.735e-05,5402431,5402696
anglo,Martino,5.1573e-05,5402696,5403194
anglo,Martinson,3.16163e-05,5403194,5403500
anglo,Martone,1.08072e-05,5403500,5403605
anglo,Martyn,1.41266e-05,5403605,5403742
anglo,Martz,3.24099e-05,5403742,5404056
anglo,Marvel,1.51718e-05,5404056,5404203
anglo,Marvin,4.05025e-05,5404203,5404595
anglo,Marx,4.6026e-05,5404595,5405040
anglo,Maser,8.76049e-06,5405040,5405125
anglo,Mashburn,2.62736e-05,5405125,5405379
anglo,Masi,1.21115e-05,5405379,5405497
anglo,Mask,1.33372e-05,5405497,5405627
anglo,Mason,0.00222264,5405627,5427060
anglo,Massaro,1.9992e-05,5427060,5427254
anglo,Massengale,1.22883e-05,5427254,5427373
anglo,Massengill,1.36632e-05,5427373,5427506
anglo,Massey,0.000218403,5427506,5429613
anglo,Massie,4.28989e-05,5429613,5430028
anglo,Mast,6.25884e-05,5430028,5430633
anglo,Masten,1.10508e-05,5430633,5430741
anglo,Masters,9.24487e-05,5430741,5431633
anglo,Masterson,9.48846e-05,5431633,5432549
anglo,Mastin,1.60478e-05,5432549,5432705
anglo,Mastrangelo,9.75046e-06,5432705,5432800
anglo,Matheny,3.37652e-05,5432800,5433127
anglo,Matherly,1.01865e-05,5433127,5433226
anglo,Matherne,1.35218e-05,5433226,5433357
anglo,Mathers,1.51639e-05,5433357,5433504
anglo,Mathes,2.57433e-05,5433504,5433753
anglo,Matheson,0.000322675,5433753,5436865
anglo,Mathews,0.000202678,5436865,5438820
anglo,Mathewson,1.296e-05,5438820,5438946
anglo,Mathias,3.47709e-05,5438946,5439282
anglo,Mathison,1.69553e-05,5439282,5439446
anglo,Matlock,4.94948e-05,5439446,5439924
anglo,Matney,2.16773e-05,5439924,5440134
anglo,Matson,4.83988e-05,5440134,5440602
anglo,Matt,1.70378e-05,5440602,5440767
anglo,Matte,1.10744e-05,5440767,5440875
anglo,Matter,1.12747e-05,5440875,5440985
anglo,Mattern,1.84835e-05,5440985,5441164
anglo,Mattes,1.18129e-05,5441164,5441279
anglo,Matteson,2.80807e-05,5441279,5441551
anglo,Matthews,0.00176068,5441551,5458529
anglo,Matthias,1.00569e-05,5458529,5458627
anglo,Mattice,1.09447e-05,5458627,5458734
anglo,Mattingly,5.91235e-05,5458734,5459305
anglo,Mattison,2.94046e-05,5459305,5459590
anglo,Mattox,3.96736e-05,5459590,5459974
anglo,Mattson,6.3653e-05,5459974,5460589
anglo,Matula,8.93334e-06,5460589,5460676
anglo,Matz,2.02041e-05,5460676,5460872
anglo,Mauch,9.14941e-06,5460872,5460961
anglo,Mauck,1.12472e-05,5460961,5461070
anglo,Mauer,1.29325e-05,5461070,5461196
anglo,Maughan,0.000182892,5461196,5462961
anglo,Mauk,1.4665e-05,5462961,5463103
anglo,Maul,1.25122e-05,5463103,5463225
anglo,Mauldin,3.93279e-05,5463225,5463605
anglo,Mauney,1.00058e-05,5463605,5463702
anglo,Maupin,2.37712e-05,5463702,5463932
anglo,Maurer,8.13468e-05,5463932,5464717
anglo,Mauro,3.03356e-05,5464717,5465011
anglo,Maus,1.57021e-05,5465011,5465163
anglo,Max,1.08779e-05,5465163,5465269
anglo,Maxey,4.15789e-05,5465269,5465671
anglo,Maxfield,2.35198e-05,5465671,5465899
anglo,Maxon,1.19583e-05,5465899,5466015
anglo,Maxson,1.79649e-05,5466015,5466189
anglo,Maxwell,0.000688279,5466189,5472827
anglo,May,0.00100644,5472827,5482533
anglo,Mayberry,5.62793e-05,5482533,5483077
anglo,Maye,1.14286e-05,5483077,5483188
anglo,Mayer,0.000155391,5483188,5484687
anglo,Mayhew,3.56902e-05,5484687,5485032
anglo,Mayle,1.87506e-05,5485032,5485214
anglo,Maynard,0.000143232,5485214,5486596
anglo,Mayne,1.5981e-05,5486596,5486751
anglo,Mayo,0.000316307,5486751,5489802
anglo,Maze,1.86288e-05,5489802,5489983
anglo,Mazur,3.43073e-05,5489983,5490315
anglo,Mazurek,1.15693e-05,5490315,5490428
anglo,Mazza,3.15967e-05,5490428,5490734
anglo,Mazzola,1.52621e-05,5490734,5490882
anglo,Mazzone,8.89406e-06,5490882,5490969
anglo,McAbee,1.59064e-05,5490969,5491123
anglo,McAdams,6.05905e-05,5491123,5491708
anglo,McAfee,4.85991e-05,5491708,5492178
anglo,McAleavy,1.76368e-05,5492178,5492349
anglo,McAleenan,1.16791e-05,5492349,5492463
anglo,McAleer,3.74735e-05,5492463,5492825
anglo,McAlinney,1.52223e-05,5492825,5492973
anglo,McAlister,8.6149e-05,5492973,5493805
anglo,McAllister,0.000116063,5493805,5494925
anglo,McAloon,1.85684e-05,5494925,5495105
anglo,McAlpin,1.20643e-05,5495105,5495222
anglo,McAlpine,1.45903e-05,5495222,5495364
anglo,McAlunny,1.25154e-05,5495364,5495486
anglo,McAnally,3.65986e-05,5495486,5495840
anglo,McAndrew,3.05127e-05,5495840,5496135
anglo,McAndrews,9.73082e-06,5496135,5496230
anglo,McAnulty,1.29213e-05,5496230,5496356
anglo,McArdle,6.02199e-05,5496356,5496938
anglo,McAreavey,1.50526e-05,5496938,5497084
anglo,McArthur,4.98248e-05,5497084,5497565
anglo,McAtee,4.70092e-05,5497565,5498019
anglo,McAteer,3.9437e-05,5498019,5498400
anglo,McAuley,2.84606e-05,5498400,5498675
anglo,McAuliffe,3.38374e-05,5498675,5499002
anglo,McAveigh,1.79114e-05,5499002,5499176
anglo,McAvoy,1.85227e-05,5499176,5499356
anglo,McBee,2.75425e-05,5499356,5499623
anglo,McBrayer,1.35611e-05,5499623,5499755
anglo,McBreen,1.38773e-05,5499755,5499890
anglo,McBride,0.000302984,5499890,5502813
anglo,McBrien,1.20526e-05,5502813,5502930
anglo,McBroom,1.79649e-05,5502930,5503104
anglo,McCabe,0.000134646,5503104,5504403
anglo,McCadam,0.000161293,5504403,5505959
anglo,McCadden,1.12702e-05,5505959,5506069
anglo,McCafferky,1.18848e-05,5506069,5506185
anglo,McCafferty,4.20591e-05,5506185,5506592
anglo,McCaffery,8.89798e-06,5506592,5506679
anglo,McCaffrey,4.47688e-05,5506679,5507112
anglo,McCaffry,1.33197e-05,5507112,5507241
anglo,McCahill,2.06824e-05,5507241,5507441
anglo,McCaleb,1.10076e-05,5507441,5507548
anglo,McCall,0.000184943,5507548,5509332
anglo,McCallion,1.38123e-05,5509332,5509466
anglo,McCallister,3.35688e-05,5509466,5509791
anglo,McCallum,0.00078995,5509791,5517409
anglo,McCammon,1.36632e-05,5517409,5517542
anglo,McCandless,2.02277e-05,5517542,5517738
anglo,McCann,0.000150854,5517738,5519194
anglo,McCardle,1.21111e-05,5519194,5519312
anglo,McCarley,1.61303e-05,5519312,5519469
anglo,McCarney,1.67335e-05,5519469,5519631
anglo,McCarra,1.77432e-05,5519631,5519803
anglo,McCarroll,1.27518e-05,5519803,5519927
anglo,McCarron,3.94237e-05,5519927,5520308
anglo,McCart,9.2869e-06,5520308,5520399
anglo,McCartan,2.03064e-05,5520399,5520596
anglo,McCarte,1.22149e-05,5520596,5520715
anglo,McCarter,3.86915e-05,5520715,5521089
anglo,McCarthy,0.000809559,5521089,5528896
anglo,McCartney,5.34861e-05,5528896,5529413
anglo,McCarty,0.000145133,5529413,5530813
anglo,McCarver,9.52261e-06,5530813,5530906
anglo,McCarville,1.19738e-05,5530906,5531022
anglo,McCaslin,1.84992e-05,5531022,5531201
anglo,McCaughan,1.33696e-05,5531201,5531331
anglo,McCaughey,1.20556e-05,5531331,5531448
anglo,McCaul,4.07895e-05,5531448,5531842
anglo,McCauley,0.000131309,5531842,5533109
anglo,McCausland,6.05711e-05,5533109,5533694
anglo,McCaw,9.57761e-06,5533694,5533787
anglo,McCay,2.24342e-05,5533787,5534004
anglo,McChesney,1.41032e-05,5534004,5534141
anglo,McClanahan,4.08836e-05,5534141,5534536
anglo,McClean,3.10839e-05,5534536,5534837
anglo,McCleary,2.57472e-05,5534837,5535086
anglo,McClellan,0.000102376,5535086,5536074
anglo,McClelland,8.23104e-05,5536074,5536869
anglo,McClintock,3.59101e-05,5536869,5537216
anglo,McCloskey,5.44727e-05,5537216,5537742
anglo,McClung,3.71476e-05,5537742,5538101
anglo,McClure,0.000187553,5538101,5539910
anglo,McClurg,1.3019e-05,5539910,5540037
anglo,McCluskey,4.97226e-05,5540037,5540517
anglo,McColgan,1.45541e-05,5540517,5540658
anglo,McColl,2.1398e-05,5540658,5540865
anglo,McCollam,5.40381e-05,5540865,5541387
anglo,McCollough,1.67706e-05,5541387,5541550
anglo,McCollum,7.85301e-05,5541550,5542308
anglo,McComas,1.89038e-05,5542308,5542491
anglo,McComb,2.20623e-05,5542491,5542705
anglo,McCombs,3.58826e-05,5542705,5543052
anglo,McComiskey,1.19291e-05,5543052,5543168
anglo,McConaghey,3.64833e-05,5543168,5543521
anglo,McConaghy,1.22758e-05,5543521,5543640
anglo,McConkey,1.05597e-05,5543640,5543743
anglo,McConnell,0.000167609,5543743,5545360
anglo,McConnon,2.47545e-05,5545360,5545600
anglo,McConville,1.07758e-05,5545600,5545705
anglo,McCooey,1.36897e-05,5545705,5545838
anglo,McCool,4.24836e-05,5545838,5546249
anglo,McCord,7.02214e-05,5546249,5546927
anglo,McCorkill,1.18411e-05,5546927,5547042
anglo,McCorkle,3.35059e-05,5547042,5547366
anglo,McCorley,1.16348e-05,5547366,5547479
anglo,McCormack,6.85479e-05,5547479,5548141
anglo,McCormick,0.000648882,5548141,5554399
anglo,McCorry,1.72028e-05,5554399,5554566
anglo,McCourt,3.25221e-05,5554566,5554881
anglo,McCown,1.96424e-05,5554881,5555071
anglo,McCoy,0.000451416,5555071,5559425
anglo,McCracken,0.000140641,5559425,5560782
anglo,McCrann,1.32705e-05,5560782,5560911
anglo,McCraw,2.18462e-05,5560911,5561123
anglo,McCrea,3.9625e-05,5561123,5561506
anglo,McCready,3.39738e-05,5561506,5561835
anglo,McCreanor,2.28103e-05,5561835,5562056
anglo,McCreary,3.25984e-05,5562056,5562371
anglo,McCreery,9.74653e-06,5562371,5562466
anglo,McCrory,3.44509e-05,5562466,5562799
anglo,McCroskey,8.98048e-06,5562799,5562887
anglo,McCrossan,0.000267475,5562887,5565467
anglo,McCrudden,3.20842e-05,5565467,5565777
anglo,McCubbin,8.89798e-06,5565777,5565864
anglo,McCue,3.24099e-05,5565864,5566178
anglo,McCullagh,1.79517e-05,5566178,5566352
anglo,McCullar,9.47547e-06,5566352,5566444
anglo,McCullen,9.12976e-06,5566444,5566533
anglo,McCulley,2.14102e-05,5566533,5566740
anglo,McCulloch,3.23863e-05,5566740,5567053
anglo,McCullough,0.000192388,5567053,5568909
anglo,McCully,1.27911e-05,5568909,5569033
anglo,McCumber,1.03987e-05,5569033,5569134
anglo,McCumiskey,1.66684e-05,5569134,5569296
anglo,McCumisky,0.000218392,5569296,5571403
anglo,McCune,3.7513e-05,5571403,5571766
anglo,McCurdy,6.09857e-05,5571766,5572355
anglo,McCurley,2.85333e-05,5572355,5572631
anglo,McCurry,2.98171e-05,5572631,5572920
anglo,McCurtin,1.90327e-05,5572920,5573105
anglo,McCusker,2.7198e-05,5573105,5573368
anglo,McCutcheon,3.62598e-05,5573368,5573719
anglo,McDade,4.38315e-05,5573719,5574143
anglo,McDaeid,3.35657e-05,5574143,5574468
anglo,McDaid,2.68822e-05,5574468,5574728
anglo,McDaniel,0.000348565,5574728,5578090
anglo,McDavid,1.21468e-05,5578090,5578208
anglo,McDermod,1.42768e-05,5578208,5578347
anglo,McDermott,0.000131386,5578347,5579615
anglo,McDevitt,4.10625e-05,5579615,5580012
anglo,McDonagh,1.93033e-05,5580012,5580199
anglo,McDonald,0.00250542,5580199,5604359
anglo,McDonnell,5.62125e-05,5604359,5604902
anglo,McDonough,8.5401e-05,5604902,5605726
anglo,McDougal,2.80453e-05,5605726,5605997
anglo,McDougald,2.76753e-05,5605997,5606265
anglo,McDougall,2.6144e-05,5606265,5606518
anglo,McDowall,0.000339738,5606518,5609795
anglo,McDowell,0.000205105,5609795,5611774
anglo,McDunphy,1.15317e-05,5611774,5611886
anglo,McDwyer,1.89608e-05,5611886,5612070
anglo,McDyer,2.01331e-05,5612070,5612265
anglo,McEachern,1.62364e-05,5612265,5612423
anglo,McElduff,2.108e-05,5612423,5612627
anglo,McElfresh,8.78799e-06,5612627,5612713
anglo,McElgunn,2.17668e-05,5612713,5612924
anglo,McElhaney,1.51364e-05,5612924,5613071
anglo,McElhattin,2.01474e-05,5613071,5613266
anglo,McEllistrim,2.81163e-05,5613266,5613538
anglo,McElnay,1.71146e-05,5613538,5613704
anglo,McElnea,1.37574e-05,5613704,5613838
anglo,McElroe,2.0176e-05,5613838,5614034
anglo,McElroy,0.000110154,5614034,5615097
anglo,McElwain,1.20211e-05,5615097,5615214
anglo,McElwaine,5.01026e-05,5615214,5615698
anglo,McElwee,3.64593e-05,5615698,5616051
anglo,McEnaney,1.26089e-05,5616051,5616174
anglo,McEneaney,2.43411e-05,5616174,5616410
anglo,McEnry,1.36942e-05,5616410,5616543
anglo,McEntaggart,1.38031e-05,5616543,5616677
anglo,McEntee,2.54051e-05,5616677,5616923
anglo,McEntire,1.61657e-05,5616923,5617080
anglo,McEvaddy,2.36417e-05,5617080,5617309
anglo,McEvilly,1.68077e-05,5617309,5617472
anglo,McEvoy,3.43106e-05,5617472,5617804
anglo,McEwan,1.04183e-05,5617804,5617905
anglo,McEwen,0.000955388,5617905,5627118
anglo,McFadden,0.000138818,5627118,5628458
anglo,McFall,4.42855e-05,5628458,5628886
anglo,McFalls,9.55797e-06,5628886,5628979
anglo,McFarland,0.000174067,5628979,5630658
anglo,McFarlane,0.000352917,5630658,5634062
anglo,McFarlin,1.75642e-05,5634062,5634232
anglo,McFaull,1.39716e-05,5634232,5634368
anglo,McGaha,1.48771e-05,5634368,5634512
anglo,McGahey,1.33404e-05,5634512,5634642
anglo,McGalligly,2.87591e-05,5634642,5634920
anglo,McGann,3.85058e-05,5634920,5635292
anglo,McGarraghy,1.16404e-05,5635292,5635405
anglo,McGarrigle,1.52656e-05,5635405,5635553
anglo,McGarry,0.000125097,5635553,5636760
anglo,McGarvey,3.71573e-05,5636760,5637119
anglo,McGaughey,1.19818e-05,5637119,5637236
anglo,McGauran,1.11886e-05,5637236,5637345
anglo,McGaw,0.000116736,5637345,5638472
anglo,McGeady,1.11959e-05,5638472,5638581
anglo,McGee,0.000318574,5638581,5641654
anglo,McGeehan,1.19949e-05,5641654,5641771
anglo,McGehee,2.25848e-05,5641771,5641990
anglo,McGeoghegan,1.85349e-05,5641990,5642170
anglo,McGeown,1.29783e-05,5642170,5642296
anglo,McGerr,2.65491e-05,5642296,5642553
anglo,McGettigan,2.54738e-05,5642553,5642800
anglo,McGettrick,3.48963e-05,5642800,5643137
anglo,McGill,0.000543777,5643137,5648381
anglo,McGillicuddy,1.28244e-05,5648381,5648506
anglo,McGilligan,2.09342e-05,5648506,5648709
anglo,McGilly,3.46756e-05,5648709,5649044
anglo,McGilroy,1.15694e-05,5649044,5649157
anglo,McGinley,4.79288e-05,5649157,5649620
anglo,McGinn,2.3394e-05,5649620,5649847
anglo,McGinnis,0.000105884,5649847,5650869
anglo,McGinnitty,2.41419e-05,5650869,5651103
anglo,McGinty,3.80373e-05,5651103,5651471
anglo,McGirl,1.15938e-05,5651471,5651584
anglo,McGirr,3.56633e-05,5651584,5651929
anglo,McGivern,1.40874e-05,5651929,5652066
anglo,McGlinchey,1.56327e-05,5652066,5652218
anglo,McGlinchy,1.54879e-05,5652218,5652368
anglo,McGloin,1.43692e-05,5652368,5652508
anglo,McGlone,1.38557e-05,5652508,5652643
anglo,McGlothlin,1.5651e-05,5652643,5652795
anglo,McGlynn,2.89268e-05,5652795,5653075
anglo,McGoff,2.86352e-05,5653075,5653352
anglo,McGoldrick,2.32273e-05,5653352,5653577
anglo,McGonagle,2.88343e-05,5653577,5653856
anglo,McGough,3.26757e-05,5653856,5654172
anglo,McGourty,3.9984e-05,5654172,5654559
anglo,McGovern,9.32386e-05,5654559,5655459
anglo,McGowan,0.000160787,5655459,5657010
anglo,McGowen,1.50264e-05,5657010,5657156
anglo,McGowern,1.6278e-05,5657156,5657314
anglo,McGrady,1.50028e-05,5657314,5657460
anglo,McGrane,2.15188e-05,5657460,5657668
anglo,McGrath,0.000529424,5657668,5662774
anglo,McGraw,8.491e-05,5662774,5663594
anglo,McGreal,5.73526e-05,5663594,5664148
anglo,McGreevy,8.91763e-06,5664148,5664235
anglo,McGregor,0.000729099,5664235,5671266
anglo,McGrenehan,1.44899e-05,5671266,5671407
anglo,McGrew,3.67469e-05,5671407,5671762
anglo,McGroarty,1.39195e-05,5671762,5671897
anglo,McGrory,3.19124e-05,5671897,5672206
anglo,McGruddie,1.18295e-05,5672206,5672321
anglo,McGruddy,2.05598e-05,5672321,5672520
anglo,McGuigan,2.63727e-05,5672520,5672775
anglo,McGuill,2.72282e-05,5672775,5673039
anglo,McGuinn,1.59279e-05,5673039,5673194
anglo,McGuinness,3.6078e-05,5673194,5673543
anglo,McGuire,0.00026483,5673543,5676098
anglo,McGuirk,1.97185e-05,5676098,5676289
anglo,McGuirl,1.29516e-05,5676289,5676415
anglo,McGurk,0.000133737,5676415,5677706
anglo,McHale,4.00767e-05,5677706,5678093
anglo,McHarry,1.64464e-05,5678093,5678253
anglo,McHenry,8.50304e-05,5678253,5679074
anglo,McHugh,8.93464e-05,5679074,5679937
anglo,McIldownie,1.29897e-05,5679937,5680063
anglo,McIlroe,1.15236e-05,5680063,5680175
anglo,McIlroy,1.62405e-05,5680175,5680333
anglo,McIlwee,2.67475e-05,5680333,5680592
anglo,McIneely,1.59776e-05,5680592,5680747
anglo,McInerney,3.06743e-05,5680747,5681044
anglo,McInnes,2.25255e-05,5681044,5681262
anglo,McInnis,3.11646e-05,5681262,5681563
anglo,McIntire,4.15082e-05,5681563,5681964
anglo,McIntosh,0.000670233,5681964,5688428
anglo,McIntyre,0.000657266,5688428,5694767
anglo,McIsaac,0.000351453,5694767,5698157
anglo,McIvor,1.21329e-05,5698157,5698275
anglo,McKaigue,1.1223e-05,5698275,5698384
anglo,McKain,9.55011e-06,5698384,5698477
anglo,McKay,0.0016009,5698477,5713915
anglo,McKean,2.08759e-05,5713915,5714117
anglo,McKee,0.000195623,5714117,5716004
anglo,McKeegan,2.4417e-05,5716004,5716240
anglo,McKeehan,1.04104e-05,5716240,5716341
anglo,McKeen,9.31047e-06,5716341,5716432
anglo,McKeever,4.13845e-05,5716432,5716832
anglo,McKellar,1.14751e-05,5716832,5716944
anglo,McKelvey,3.97086e-05,5716944,5717328
anglo,McKendry,2.84323e-05,5717328,5717603
anglo,McKeniry,2.82336e-05,5717603,5717876
anglo,McKenna,0.000493503,5717876,5722636
anglo,McKenney,2.85403e-05,5722636,5722912
anglo,McKenny,1.48084e-05,5722912,5723056
anglo,McKenzie,0.000234117,5723056,5725314
anglo,McKeogh,5.70258e-05,5725314,5725865
anglo,McKeon,4.49193e-05,5725865,5726299
anglo,McKeown,7.34809e-05,5726299,5727009
anglo,McKernan,1.23511e-05,5727009,5727129
anglo,McKernon,1.28134e-05,5727129,5727254
anglo,McKevitt,2.38998e-05,5727254,5727485
anglo,McKibben,1.94774e-05,5727485,5727674
anglo,McKie,9.92828e-05,5727674,5728632
anglo,McKiernan,1.73469e-05,5728632,5728800
anglo,McKillop,1.96651e-05,5728800,5728991
anglo,McKim,1.48889e-05,5728991,5729136
anglo,McKing,3.3632e-05,5729136,5729461
anglo,McKinley,0.00010945,5729461,5730517
anglo,McKinney,0.000353534,5730517,5733927
anglo,McKinnon,0.000522425,5733927,5738965
anglo,McKinstry,1.18443e-05,5738965,5739080
anglo,McKnight,0.000151675,5739080,5740544
anglo,McKown,1.39618e-05,5740544,5740680
anglo,McLachlan,0.000304592,5740680,5743618
anglo,McLain,6.73811e-05,5743618,5744269
anglo,McLamb,1.22018e-05,5744269,5744388
anglo,McLane,2.21566e-05,5744388,5744603
anglo,McLaren,2.34451e-05,5744603,5744830
anglo,McLaughlin,0.000308225,5744830,5747803
anglo,McLaverty,1.48198e-05,5747803,5747947
anglo,McLean,0.00103754,5747947,5757952
anglo,McLeer,1.86472e-05,5757952,5758133
anglo,McLeese,1.4034e-05,5758133,5758269
anglo,McLeigh,1.49523e-05,5758269,5758414
anglo,McLellan,2.48201e-05,5758414,5758654
anglo,McLennan,9.52654e-06,5758654,5758747
anglo,McLeod,0.00086358,5758747,5767075
anglo,McLoon,1.20987e-05,5767075,5767193
anglo,McLoone,1.57134e-05,5767193,5767346
anglo,McLoughlin,3.69805e-05,5767346,5767704
anglo,McMacken,2.44937e-05,5767704,5767941
anglo,McMahan,5.64443e-05,5767941,5768486
anglo,McMahon,0.000570296,5768486,5773986
anglo,McManaway,0.000292877,5773986,5776811
anglo,McManus,0.000113766,5776811,5777909
anglo,McMaster,4.52551e-05,5777909,5778346
anglo,McMasters,1.14397e-05,5778346,5778457
anglo,McMenamin,1.23213e-05,5778457,5778577
anglo,McMichael,2.90393e-05,5778577,5778858
anglo,McMillan,0.00082583,5778858,5786822
anglo,McMillen,4.07422e-05,5786822,5787216
anglo,McMillin,2.09112e-05,5787216,5787419
anglo,McMillion,1.34157e-05,5787419,5787549
anglo,McMinn,1.96149e-05,5787549,5787739
anglo,McMonagle,1.42869e-05,5787739,5787878
anglo,McMorrow,1.11569e-05,5787878,5787987
anglo,McMullan,1.02729e-05,5787987,5788087
anglo,McMullen,0.000105077,5788087,5789101
anglo,McMullin,2.01098e-05,5789101,5789296
anglo,McMurray,0.000354901,5789296,5792719
anglo,McMurrough,1.79821e-05,5792719,5792893
anglo,McMurry,1.44843e-05,5792893,5793034
anglo,McMurtry,1.02376e-05,5793034,5793134
anglo,McNabb,0.000437342,5793134,5797352
anglo,McNaboe,1.24508e-05,5797352,5797473
anglo,McNally,8.88665e-05,5797473,5798331
anglo,McNamara,0.000119024,5798331,5799480
anglo,McNamee,4.24561e-05,5799480,5799890
anglo,McNatt,1.10272e-05,5799890,5799997
anglo,McNaughton,3.3869e-05,5799997,5800325
anglo,McNea,3.32402e-05,5800325,5800647
anglo,McNealy,1.3579e-05,5800647,5800779
anglo,McNee,1.9992e-05,5800779,5800973
anglo,McNeely,6.5918e-05,5800973,5801610
anglo,McNeese,1.26615e-05,5801610,5801733
anglo,McNeill,9.25396e-05,5801733,5802626
anglo,McNelis,1.3114e-05,5802626,5802753
anglo,McNerney,9.42833e-06,5802753,5802845
anglo,McNevin,1.33737e-05,5802845,5802975
anglo,McNew,1.69081e-05,5802975,5803139
anglo,McNicholas,1.66603e-05,5803139,5803301
anglo,McNicholl,1.1537e-05,5803301,5803413
anglo,McNill,1.49058e-05,5803413,5803558
anglo,McNulty,7.17522e-05,5803558,5804251
anglo,McNutt,3.62676e-05,5804251,5804602
anglo,McPartland,2.28937e-05,5804602,5804824
anglo,McPartlin,2.20235e-05,5804824,5805037
anglo,McPartlon,1.45703e-05,5805037,5805178
anglo,McPeak,1.42407e-05,5805178,5805316
anglo,McPeek,9.36154e-06,5805316,5805407
anglo,McPhail,2.09505e-05,5805407,5805610
anglo,McPhee,1.59692e-05,5805610,5805765
anglo,McPherson,0.000546375,5805765,5811034
anglo,McPhilbin,2.51341e-05,5811034,5811277
anglo,McPhillips,1.15612e-05,5811277,5811389
anglo,McPolin,1.51125e-05,5811389,5811536
anglo,McQuade,3.23379e-05,5811536,5811849
anglo,McQuaid,2.12287e-05,5811849,5812055
anglo,McQueen,0.000135312,5812055,5813361
anglo,McQuilkan,1.76849e-05,5813361,5813533
anglo,McQuillan,2.48471e-05,5813533,5813774
anglo,McQuillen,1.19025e-05,5813774,5813890
anglo,McQuin,1.42514e-05,5813890,5814028
anglo,McQuinn,1.93919e-05,5814028,5814216
anglo,McQuiston,9.14941e-06,5814216,5814305
anglo,McRann,1.21611e-05,5814305,5814423
anglo,McReady,1.56999e-05,5814423,5814575
anglo,McReynolds,2.89646e-05,5814575,5814855
anglo,McRoarty,1.12107e-05,5814855,5814964
anglo,McRoberts,1.46375e-05,5814964,5815106
anglo,McRory,1.27804e-05,5815106,5815230
anglo,McShane,3.32274e-05,5815230,5815551
anglo,McSharry,1.5303e-05,5815551,5815700
anglo,McSheehy,5.10055e-05,5815700,5816193
anglo,McSpadden,9.92332e-06,5816193,5816290
anglo,McSweeney,1.49557e-05,5816290,5816435
anglo,McTeague,1.13282e-05,5816435,5816545
anglo,McTernan,1.41761e-05,5816545,5816683
anglo,McTiernan,1.31496e-05,5816683,5816811
anglo,McTigue,2.7019e-05,5816811,5817073
anglo,McVay,3.17656e-05,5817073,5817380
anglo,McVeagh,2.10473e-05,5817380,5817584
anglo,McVeigh,2.84033e-05,5817584,5817859
anglo,McVey,3.47591e-05,5817859,5818195
anglo,McVicker,3.70716e-05,5818195,5818553
anglo,McVitty,2.09022e-05,5818553,5818756
anglo,McWalter,2.87176e-05,5818756,5819034
anglo,McWhirter,1.11804e-05,5819034,5819143
anglo,McWhorter,3.65819e-05,5819143,5819497
anglo,McWilliams,8.0624e-05,5819497,5820275
anglo,Meacham,2.43172e-05,5820275,5820510
anglo,Mead,8.92823e-05,5820510,5821372
anglo,Meade,8.67838e-05,5821372,5822210
anglo,Meador,4.04318e-05,5822210,5822601
anglo,Meadors,1.45707e-05,5822601,5822742
anglo,Meadows,0.000174817,5822742,5824429
anglo,Meads,0.000292877,5824429,5827254
anglo,Meaghan,1.40776e-05,5827254,5827391
anglo,Meagher,3.3906e-05,5827391,5827719
anglo,Meaney,1.29289e-05,5827719,5827845
anglo,Meany,1.31616e-05,5827845,5827973
anglo,Meara,1.8546e-05,5827973,5828153
anglo,Mears,0.000484411,5828153,5832825
anglo,Mease,9.33405e-06,5832825,5832916
anglo,Meaux,1.00569e-05,5832916,5833014
anglo,Mecham,1.55646e-05,5833014,5833165
anglo,Medeiros,7.47627e-05,5833165,5833887
anglo,Medford,1.61028e-05,5833887,5834043
anglo,Medley,5.3545e-05,5834043,5834560
anglo,Medlin,4.22311e-05,5834560,5834968
anglo,Mee,1.85127e-05,5834968,5835148
anglo,Meece,1.18483e-05,5835148,5835263
anglo,Meehan,8.28611e-05,5835263,5836063
anglo,Meek,5.88092e-05,5836063,5836631
anglo,Meeker,3.44959e-05,5836631,5836965
anglo,Meeks,0.000115721,5836965,5838082
anglo,Meenaghan,1.21267e-05,5838082,5838200
anglo,Meenan,2.61653e-05,5838200,5838453
anglo,Mefford,1.52228e-05,5838453,5838601
anglo,Megaw,1.29402e-05,5838601,5838727
anglo,Mehigan,1.15965e-05,5838727,5838840
anglo,Mehl,1.1534e-05,5838840,5838952
anglo,Meier,0.000100121,5838952,5839918
anglo,Meisner,1.35689e-05,5839918,5840050
anglo,Meissner,1.60949e-05,5840050,5840206
anglo,Melady,1.74667e-05,5840206,5840375
anglo,Melancon,2.55193e-05,5840375,5840622
anglo,Melanson,1.81024e-05,5840622,5840798
anglo,Melby,1.08504e-05,5840798,5840904
anglo,Melcher,1.87467e-05,5840904,5841086
anglo,Meldon,2.03211e-05,5841086,5841283
anglo,Meldrum,9.16119e-06,5841283,5841372
anglo,Mele,1.63621e-05,5841372,5841531
anglo,Melia,2.0006e-05,5841531,5841725
anglo,Melican,8.15791e-05,5841725,5842513
anglo,Melillo,1.08308e-05,5842513,5842618
anglo,Melin,9.18869e-06,5842618,5842708
anglo,Mellen,1.2084e-05,5842708,5842826
anglo,Mellet,1.52843e-05,5842826,5842974
anglo,Mellinger,1.49989e-05,5842974,5843120
anglo,Mello,4.58452e-05,5843120,5843563
anglo,Mellon,3.75601e-05,5843563,5843926
anglo,Mellor,1.43271e-05,5843926,5844065
anglo,Mellott,1.78824e-05,5844065,5844238
anglo,Melnick,1.12511e-05,5844238,5844347
anglo,Melody,2.16951e-05,5844347,5844557
anglo,Melson,1.98545e-05,5844557,5844749
anglo,Melton,0.000196695,5844749,5846647
anglo,Meltzer,1.2634e-05,5846647,5846770
anglo,Melville,4.86307e-05,5846770,5847240
anglo,Melvin,0.000122426,5847240,5848421
anglo,Mendelson,9.58154e-06,5848421,5848514
anglo,Mendenhall,4.01215e-05,5848514,5848902
anglo,Mengel,8.92156e-06,5848902,5848989
anglo,Menke,1.76703e-05,5848989,5849160
anglo,Menton,1.4752e-05,5849160,5849303
anglo,Mentzer,1.33961e-05,5849303,5849433
anglo,Menzel,1.00294e-05,5849433,5849531
anglo,Mercer,0.000557004,5849531,5854903
anglo,Mercurio,1.77881e-05,5854903,5855076
anglo,Meredith,0.000389828,5855076,5858836
anglo,Merkel,2.74639e-05,5858836,5859102
anglo,Merkle,1.48928e-05,5859102,5859247
anglo,Merlino,1.03987e-05,5859247,5859348
anglo,Mernagh,1.28988e-05,5859348,5859473
anglo,Merrell,3.46059e-05,5859473,5859808
anglo,Merriam,1.09486e-05,5859808,5859915
anglo,Merrick,3.38988e-05,5859915,5860243
anglo,Merrifield,1.41268e-05,5860243,5860380
anglo,Merrigan,1.17664e-05,5860380,5860494
anglo,Merrill,0.000128147,5860494,5861731
anglo,Merriman,3.56902e-05,5861731,5862076
anglo,Merritt,0.000179115,5862076,5863804
anglo,Merry,3.59834e-05,5863804,5864152
anglo,Merryman,1.50971e-05,5864152,5864299
anglo,Mertens,1.71871e-05,5864299,5864466
anglo,Mertz,3.08031e-05,5864466,5864764
anglo,Merwin,1.04576e-05,5864764,5864866
anglo,Merz,1.69749e-05,5864866,5865031
anglo,Mescall,2.16064e-05,5865031,5865240
anglo,Meskill,1.72117e-05,5865240,5865407
anglo,Messenger,2.36572e-05,5865407,5865636
anglo,Messer,7.97715e-05,5865636,5866406
anglo,Messick,2.53033e-05,5866406,5866651
anglo,Messier,1.73363e-05,5866651,5866819
anglo,Messina,4.99584e-05,5866819,5867302
anglo,Messing,9.93903e-06,5867302,5867399
anglo,Messinger,1.74267e-05,5867399,5867568
anglo,Messmer,1.15222e-05,5867568,5867680
anglo,Messner,1.97956e-05,5867680,5867872
anglo,Metcalf,9.40711e-05,5867872,5868780
anglo,Metcalfe,1.8562e-05,5868780,5868960
anglo,Mettler,1.27675e-05,5868960,5869084
anglo,Metts,1.53053e-05,5869084,5869233
anglo,Metzger,8.15983e-05,5869233,5870021
anglo,Metzler,2.61518e-05,5870021,5870274
anglo,Meyers,0.000224422,5870274,5872439
anglo,Miceli,1.84952e-05,5872439,5872618
anglo,Michael,0.00016003,5872618,5874162
anglo,Michaelis,1.26575e-05,5874162,5874285
anglo,Michaels,6.88582e-05,5874285,5874950
anglo,Michaelson,1.55175e-05,5874950,5875101
anglo,Michalak,1.56471e-05,5875101,5875253
anglo,Michels,2.83832e-05,5875253,5875528
anglo,Michelson,1.23865e-05,5875528,5875648
anglo,Mick,2.0817e-05,5875648,5875850
anglo,Mickel,8.96084e-06,5875850,5875937
anglo,Mickelsen,9.12191e-06,5875937,5876026
anglo,Mickelson,2.85482e-05,5876026,5876302
anglo,Mickey,1.5761e-05,5876302,5876455
anglo,Middaugh,9.98224e-06,5876455,5876552
anglo,Middendorf,8.97263e-06,5876552,5876640
anglo,Middlemiss,0.000304592,5876640,5879578
anglo,Middleton,0.00058901,5879578,5885259
anglo,Midgett,1.15104e-05,5885259,5885371
anglo,Midkiff,1.77685e-05,5885371,5885543
anglo,Miele,1.44096e-05,5885543,5885683
anglo,Mielke,2.15359e-05,5885683,5885892
anglo,Migliore,8.98048e-06,5885892,5885980
anglo,Mika,9.62868e-06,5885980,5886074
anglo,Mikel,9.87617e-06,5886074,5886170
anglo,Mikesell,1.34157e-05,5886170,5886300
anglo,Mikkelson,9.36154e-06,5886300,5886391
anglo,Mikula,9.07477e-06,5886391,5886479
anglo,Milam,4.63049e-05,5886479,5886926
anglo,Milazzo,1.13336e-05,5886926,5887036
anglo,Milburn,3.0921e-05,5887036,5887335
anglo,Miles,0.000790581,5887335,5894959
anglo,Miley,4.22986e-05,5894959,5895368
anglo,Milford,1.23354e-05,5895368,5895488
anglo,Mill,1.38204e-05,5895488,5895622
anglo,Millar,0.000847234,5895622,5903792
anglo,Millard,0.000401906,5903792,5907668
anglo,Millea,1.79215e-05,5907668,5907842
anglo,Millen,1.86092e-05,5907842,5908022
anglo,Miller,0.00604959,5908022,5966356
anglo,Millet,1.71851e-05,5966356,5966523
anglo,Millett,1.50618e-05,5966523,5966669
anglo,Millette,9.78975e-06,5966669,5966764
anglo,Millican,3.55435e-05,5966764,5967108
anglo,Milligan,0.000129456,5967108,5968357
anglo,Milliken,2.3009e-05,5968357,5968580
anglo,Millington,1.07679e-05,5968580,5968685
anglo,Million,1.27007e-05,5968685,5968808
anglo,Millis,9.26333e-06,5968808,5968898
anglo,Millman,1.05597e-05,5968898,5969001
anglo,Mills,0.0005969,5969001,5974758
anglo,Millsap,1.84049e-05,5974758,5974936
anglo,Millsaps,1.28343e-05,5974936,5975061
anglo,Millwood,9.80546e-06,5975061,5975157
anglo,Milmo,1.33033e-05,5975157,5975286
anglo,Milne,6.16765e-05,5975286,5975882
anglo,Milner,4.77427e-05,5975882,5976343
anglo,Milroy,1.29744e-05,5976343,5976469
anglo,Milstead,1.2245e-05,5976469,5976588
anglo,Minard,1.22018e-05,5976588,5976707
anglo,Minick,1.05165e-05,5976707,5976809
anglo,Minihan,1.26618e-05,5976809,5976932
anglo,Minihane,1.16514e-05,5976932,5977045
anglo,Minix,1.00255e-05,5977045,5977143
anglo,Mink,2.32644e-05,5977143,5977368
anglo,Minnich,1.71635e-05,5977368,5977534
anglo,Minnick,2.97817e-05,5977534,5977822
anglo,Minogue,1.63386e-05,5977822,5977981
anglo,Minton,5.39654e-05,5977981,5978502
anglo,Mintz,2.29933e-05,5978502,5978725
anglo,Minyard,9.73082e-06,5978725,5978820
anglo,Miracle,2.4714e-05,5978820,5979059
anglo,Mire,1.14868e-05,5979059,5979171
anglo,Miscell,1.5161e-05,5979171,5979318
anglo,Mishler,1.40207e-05,5979318,5979454
anglo,Miskell,1.16211e-05,5979454,5979567
anglo,Misner,1.33372e-05,5979567,5979697
anglo,Mistretta,1.01551e-05,5979697,5979796
anglo,Mitcham,8.78799e-06,5979796,5979882
anglo,Mitchell,0.00411846,5979882,6019595
anglo,Mitchem,1.95049e-05,6019595,6019784
anglo,Mitchum,1.50343e-05,6019784,6019930
anglo,Mix,2.09937e-05,6019930,6020133
anglo,Mize,4.67802e-05,6020133,6020585
anglo,Mizell,2.13277e-05,6020585,6020792
anglo,Moak,9.49118e-06,6020792,6020885
anglo,Moan,1.97454e-05,6020885,6021076
anglo,Moats,2.26987e-05,6021076,6021296
anglo,Mock,6.22545e-05,6021296,6021897
anglo,Modica,1.04301e-05,6021897,6021999
anglo,Modlin,9.8801e-06,6021999,6022095
anglo,Moe,4.38024e-05,6022095,6022518
anglo,Moeller,5.46647e-05,6022518,6023046
anglo,Moen,3.19699e-05,6023046,6023355
anglo,Moffat,1.23472e-05,6023355,6023475
anglo,Moffatt,3.05981e-05,6023475,6023771
anglo,Moffit,1.47801e-05,6023771,6023915
anglo,Moffitt,3.95597e-05,6023915,6024297
anglo,Mohan,1.12205e-05,6024297,6024406
anglo,Moher,1.14208e-05,6024406,6024517
anglo,Mohler,2.55586e-05,6024517,6024764
anglo,Mohn,1.22922e-05,6024764,6024884
anglo,Mohr,6.74911e-05,6024884,6025536
anglo,Molinaro,1.17226e-05,6025536,6025650
anglo,Moline,1.29482e-05,6025650,6025776
anglo,Molitor,1.45825e-05,6025776,6025918
anglo,Moller,1.65349e-05,6025918,6026078
anglo,Molloy,8.16638e-05,6026078,6026866
anglo,Molnar,3.37298e-05,6026866,6027192
anglo,Moloney,2.99829e-05,6027192,6027482
anglo,Molyneux,1.38679e-05,6027482,6027617
anglo,Monaghan,4.32371e-05,6027617,6028035
anglo,Monagle,1.20465e-05,6028035,6028152
anglo,Monahan,7.58464e-05,6028152,6028884
anglo,Moncrief,1.83263e-05,6028884,6029062
anglo,Monday,2.11312e-05,6029062,6029267
anglo,Monette,1.32979e-05,6029267,6029396
anglo,Money,2.52208e-05,6029396,6029640
anglo,Mongan,1.28503e-05,6029640,6029765
anglo,Moniz,2.26869e-05,6029765,6029985
anglo,Monk,0.000378594,6029985,6033637
anglo,Monks,2.77788e-05,6033637,6033906
anglo,Monroe,0.000238403,6033906,6036206
anglo,Monson,4.09543e-05,6036206,6036602
anglo,Montague,9.34728e-05,6036602,6037504
anglo,Montalbano,1.27479e-05,6037504,6037628
anglo,Monteith,1.22333e-05,6037628,6037747
anglo,Monteleone,1.41503e-05,6037747,6037884
anglo,Montgomery,0.000769361,6037884,6045304
anglo,Moody,0.000569472,6045304,6050796
anglo,Moone,1.16321e-05,6050796,6050909
anglo,Mooney,0.000147741,6050909,6052335
anglo,Mooneyham,1.08819e-05,6052335,6052441
anglo,Moor,9.29083e-06,6052441,6052532
anglo,Moore,0.00488574,6052532,6099644
anglo,Moores,9.81332e-06,6099644,6099740
anglo,Moorhead,1.70181e-05,6099740,6099905
anglo,Moorman,2.90668e-05,6099905,6100186
anglo,Moose,1.35886e-05,6100186,6100318
anglo,Morahan,1.12752e-05,6100318,6100428
anglo,Morais,1.32822e-05,6100428,6100557
anglo,Moran,0.000481088,6100557,6105197
anglo,Morehead,3.00646e-05,6105197,6105488
anglo,Morehouse,2.47847e-05,6105488,6105728
anglo,Moreland,7.00525e-05,6105728,6106404
anglo,Morelock,9.86832e-06,6106404,6106500
anglo,Morey,4.27968e-05,6106500,6106914
anglo,Morford,1.09683e-05,6106914,6107021
anglo,Morgan,0.00262237,6107021,6132308
anglo,Morgenstern,1.07562e-05,6132308,6132413
anglo,Moriarty,5.2583e-05,6132413,6132921
anglo,Moritz,2.44194e-05,6132921,6133157
anglo,Mork,1.01472e-05,6133157,6133256
anglo,Morlan,1.05951e-05,6133256,6133359
anglo,Morley,0.000104286,6133359,6134366
anglo,Morlock,9.35762e-06,6134366,6134457
anglo,Mornane,1.39101e-05,6134457,6134592
anglo,Morningstar,1.05008e-05,6134592,6134694
anglo,Moroney,2.32897e-05,6134694,6134920
anglo,Morrell,4.59631e-05,6134920,6135364
anglo,Morrill,2.98485e-05,6135364,6135653
anglo,Morrin,4.39726e-05,6135653,6136078
anglo,Morris,0.00272806,6136078,6162384
anglo,Morrison,0.00191225,6162384,6180824
anglo,Morrissette,1.26457e-05,6180824,6180947
anglo,Morrissey,6.49289e-05,6180947,6181574
anglo,Morrone,9.46368e-06,6181574,6181666
anglo,Morrow,0.000252609,6181666,6184103
anglo,Morse,0.000164108,6184103,6185686
anglo,Mort,1.08504e-05,6185686,6185792
anglo,Mortensen,4.32642e-05,6185792,6186210
anglo,Mortenson,1.6916e-05,6186210,6186374
anglo,Mortimer,0.000349712,6186374,6189747
anglo,Morton,0.000759796,6189747,6197074
anglo,Mosca,9.02762e-06,6197074,6197162
anglo,Moseley,6.72947e-05,6197162,6197812
anglo,Moser,0.000119752,6197812,6198968
anglo,Mosher,6.1567e-05,6198968,6199563
anglo,Mosier,3.34784e-05,6199563,6199887
anglo,Moskowitz,2.08366e-05,6199887,6200089
anglo,Moss,0.000302131,6200089,6203003
anglo,Mosser,9.91939e-06,6203003,6203100
anglo,Mossman,1.2359e-05,6203100,6203220
anglo,Mosteller,1.15222e-05,6203220,6203332
anglo,Mote,1.69435e-05,6203332,6203496
anglo,Motes,1.42643e-05,6203496,6203635
anglo,Mott,6.71454e-05,6203635,6204283
anglo,Motter,1.13808e-05,6204283,6204394
anglo,Motz,9.24762e-06,6204394,6204484
anglo,Moulder,8.89798e-06,6204484,6204571
anglo,Moulton,4.75502e-05,6204571,6205030
anglo,Mounce,1.12433e-05,6205030,6205139
anglo,Mount,3.43898e-05,6205139,6205472
anglo,Mountain,4.34429e-05,6205472,6205892
anglo,Mounts,1.55567e-05,6205892,6206043
anglo,Mouser,1.23865e-05,6206043,6206163
anglo,Mower,1.31054e-05,6206163,6206290
anglo,Mowery,3.23156e-05,6206290,6206603
anglo,Mowrey,9.17298e-06,6206603,6206692
anglo,Mowry,1.88292e-05,6206692,6206875
anglo,Moxley,1.73678e-05,6206875,6207043
anglo,Moy,1.40679e-05,6207043,6207180
anglo,Moyer,0.00014555,6207180,6208584
anglo,Moyers,1.89274e-05,6208584,6208768
anglo,Moylan,3.10333e-05,6208768,6209068
anglo,Moynihan,3.21612e-05,6209068,6209379
anglo,Mozingo,1.14751e-05,6209379,6209491
anglo,Mroz,1.11333e-05,6209491,6209599
anglo,Mucha,1.00687e-05,6209599,6209697
anglo,Mudd,2.51069e-05,6209697,6209940
anglo,Mudge,9.51083e-06,6209940,6210033
anglo,Mudgway,0.000304592,6210033,6212971
anglo,Mueller,0.000252172,6212971,6215404
anglo,Muench,1.04812e-05,6215404,6215506
anglo,Muir,0.000418607,6215506,6219543
anglo,Muirhead,8.89798e-06,6219543,6219630
anglo,Mulcahy,4.64985e-05,6219630,6220079
anglo,Mulcair,1.28171e-05,6220079,6220204
anglo,Muldoon,2.85353e-05,6220204,6220480
anglo,Muldowney,1.72296e-05,6220480,6220647
anglo,Mulford,1.08936e-05,6220647,6220753
anglo,Mulgrave,1.1938e-05,6220753,6220869
anglo,Mulgrew,1.64231e-05,6220869,6221028
anglo,Mulhare,5.37645e-05,6221028,6221547
anglo,Mulhern,2.57222e-05,6221547,6221796
anglo,Mulholland,2.49576e-05,6221796,6222038
anglo,Mulkerrin,1.87962e-05,6222038,6222220
anglo,Mulkey,2.38105e-05,6222220,6222451
anglo,Mull,3.68373e-05,6222451,6222807
anglo,Mullaghan,1.42262e-05,6222807,6222945
anglo,Mullaly,1.8937e-05,6222945,6223129
anglo,Mullan,1.38819e-05,6223129,6223264
anglo,Mullane,1.46962e-05,6223264,6223407
anglo,Mullaney,3.1452e-05,6223407,6223711
anglo,Mullany,1.45974e-05,6223711,6223853
anglo,Mullarkey,1.17607e-05,6223853,6223967
anglo,Mullen,0.000159872,6223967,6225510
anglo,Mullenix,8.85477e-06,6225510,6225596
anglo,Mullens,1.65389e-05,6225596,6225756
anglo,Mullery,0.000378267,6225756,6229404
anglo,Mullet,1.24454e-05,6229404,6229525
anglo,Mullett,1.00569e-05,6229525,6229623
anglo,Mulligan,7.53393e-05,6229623,6230350
anglo,Mullikin,1.19151e-05,6230350,6230466
anglo,Mullin,0.000282855,6230466,6233194
anglo,Mullinax,1.83813e-05,6233194,6233372
anglo,Mullins,0.000294396,6233372,6236212
anglo,Mullis,3.5368e-05,6236212,6236554
anglo,Mullooly,1.6071e-05,6236554,6236710
anglo,Mullooney,2.01904e-05,6236710,6236906
anglo,Mulloughney,1.35181e-05,6236906,6237037
anglo,Mulloy,1.36584e-05,6237037,6237170
anglo,Mulqueen,4.15202e-05,6237170,6237571
anglo,Mulqueeny,6.44004e-05,6237571,6238193
anglo,Mulrain,1.27659e-05,6238193,6238317
anglo,Mulrooney,1.41911e-05,6238317,6238455
anglo,Mulroy,1.14182e-05,6238455,6238566
anglo,Mulry,1.17211e-05,6238566,6238680
anglo,Mulryan,1.34923e-05,6238680,6238811
anglo,Mulvaney,1.29482e-05,6238811,6238937
anglo,Mulvany,4.32481e-05,6238937,6239355
anglo,Mulvenna,1.41119e-05,6239355,6239492
anglo,Mulvey,2.73944e-05,6239492,6239757
anglo,Mulvihill,3.59645e-05,6239757,6240105
anglo,Mulvin,1.58438e-05,6240105,6240259
anglo,Mulvy,3.20266e-05,6240259,6240569
anglo,Mumma,9.26726e-06,6240569,6240659
anglo,Mummert,1.10469e-05,6240659,6240767
anglo,Muncy,2.08523e-05,6240767,6240969
anglo,Munday,1.15261e-05,6240969,6241081
anglo,Mundell,1.06972e-05,6241081,6241185
anglo,Mundt,1.36514e-05,6241185,6241318
anglo,Mundy,3.70808e-05,6241318,6241677
anglo,Munger,2.21526e-05,6241677,6241892
anglo,Munn,3.4378e-05,6241892,6242224
anglo,Munnelly,2.19863e-05,6242224,6242437
anglo,Munro,0.000612932,6242437,6248348
anglo,Munroe,3.6896e-05,6248348,6248705
anglo,Munsey,9.84867e-06,6248705,6248801
anglo,Munson,6.97107e-05,6248801,6249474
anglo,Murae,1.68326e-05,6249474,6249637
anglo,Murdoch,0.000307766,6249637,6252606
anglo,Murdock,7.80705e-05,6252606,6253360
anglo,Murnane,5.22058e-05,6253360,6253864
anglo,Murnin,9.45667e-05,6253864,6254777
anglo,Murphey,1.5765e-05,6254777,6254930
anglo,Murphree,1.57964e-05,6254930,6255083
anglo,Murphy,0.00270317,6255083,6281149
anglo,Murr,1.00765e-05,6281149,6281247
anglo,Murray,0.000743229,6281247,6288415
anglo,Murrihy,1.12378e-05,6288415,6288524
anglo,Murtagh,5.43159e-05,6288524,6289049
anglo,Musgrave,1.95716e-05,6289049,6289239
anglo,Musgrove,2.61636e-05,6289239,6289492
anglo,Music,1.94066e-05,6289492,6289680
anglo,Musick,2.73893e-05,6289680,6289945
anglo,Musselman,2.47729e-05,6289945,6290185
anglo,Musser,3.85776e-05,6290185,6290558
anglo,Musto,1.0379e-05,6290558,6290659
anglo,Muth,1.98545e-05,6290659,6290851
anglo,Myatt,1.23708e-05,6290851,6290971
anglo,Myer,2.48161e-05,6290971,6291211
anglo,Myers,0.000941742,6291211,6300293
anglo,Myhre,1.22922e-05,6300293,6300413
anglo,Myles,1.66765e-05,6300413,6300575
anglo,Naber,1.01001e-05,6300575,6300673
anglo,Nabors,2.2463e-05,6300673,6300891
anglo,Nace,1.27086e-05,6300891,6301015
anglo,Nadeau,4.80688e-05,6301015,6301479
anglo,Nadler,1.1919e-05,6301479,6301595
anglo,Nagel,5.71396e-05,6301595,6302147
anglo,Nagle,5.98921e-05,6302147,6302726
anglo,Nagy,6.08795e-05,6302726,6303314
anglo,Nail,2.80218e-05,6303314,6303585
anglo,Nall,3.12942e-05,6303585,6303888
anglo,Nalley,2.01688e-05,6303888,6304083
anglo,Nallon,1.15343e-05,6304083,6304195
anglo,Nally,3.65967e-05,6304195,6304549
anglo,Nalty,2.27896e-05,6304549,6304770
anglo,Nance,9.4354e-05,6304770,6305681
anglo,Nangle,1.40147e-05,6305681,6305817
anglo,Nanney,8.95298e-06,6305817,6305904
anglo,Napier,7.53559e-05,6305904,6306632
anglo,Naples,9.67582e-06,6306632,6306726
anglo,Napoli,2.01413e-05,6306726,6306921
anglo,Nappi,9.00405e-06,6306921,6307009
anglo,Naquin,1.81377e-05,6307009,6307185
anglo,Nardi,1.23629e-05,6307185,6307305
anglo,Nardone,1.24925e-05,6307305,6307426
anglo,Nary,2.66478e-05,6307426,6307684
anglo,Nash,0.00070302,6307684,6314464
anglo,Nason,2.3728e-05,6314464,6314694
anglo,Nasser,1.83577e-05,6314694,6314872
anglo,Natale,2.17205e-05,6314872,6315082
anglo,Nation,2.79904e-05,6315082,6315353
anglo,Nations,1.41818e-05,6315353,6315491
anglo,Naughton,3.62591e-05,6315491,6315842
anglo,Naugle,1.34354e-05,6315842,6315973
anglo,Nault,1.15536e-05,6315973,6316085
anglo,Nauman,1.37379e-05,6316085,6316218
anglo,Navarre,1.19033e-05,6316218,6316334
anglo,Nave,1.94302e-05,6316334,6316522
anglo,Nawrocki,1.00215e-05,6316522,6316620
anglo,Naylor,6.57822e-05,6316620,6317255
anglo,Nea,1.53978e-05,6317255,6317404
anglo,Neace,1.13965e-05,6317404,6317515
anglo,Neal,0.00189489,6317515,6335788
anglo,Neale,1.50382e-05,6335788,6335934
anglo,Nealon,1.45757e-05,6335934,6336076
anglo,Neary,6.00583e-05,6336076,6336656
anglo,Nease,8.87441e-06,6336656,6336743
anglo,Nebel,8.92548e-06,6336743,6336830
anglo,Nee,3.48223e-05,6336830,6337167
anglo,Needham,5.83257e-05,6337167,6337730
anglo,Neehan,1.16903e-05,6337730,6337844
anglo,Neel,2.83203e-05,6337844,6338118
anglo,Neelan,1.75135e-05,6338118,6338288
anglo,Neeley,3.64876e-05,6338288,6338641
anglo,Neelin,2.35727e-05,6338641,6338869
anglo,Neely,9.36665e-05,6338869,6339773
anglo,Neenan,3.22002e-05,6339773,6340084
anglo,Neer,9.42047e-06,6340084,6340176
anglo,Neese,2.09584e-05,6340176,6340379
anglo,Neff,8.94277e-05,6340379,6341242
anglo,Nehring,8.8312e-06,6341242,6341328
anglo,Neighbors,1.89117e-05,6341328,6341511
anglo,Neil,4.01804e-05,6341511,6341899
anglo,Neilan,2.07601e-05,6341899,6342100
anglo,Neilian,1.36185e-05,6342100,6342232
anglo,Neill,8.36821e-05,6342232,6343040
anglo,Neilson,0.000365481,6343040,6346565
anglo,Neiman,1.47946e-05,6346565,6346709
anglo,Neligan,1.62705e-05,6346709,6346867
anglo,Nelis,1.15585e-05,6346867,6346979
anglo,Nellis,1.1864e-05,6346979,6347094
anglo,Nelms,2.86896e-05,6347094,6347372
anglo,Nelsen,2.68118e-05,6347372,6347632
anglo,Nelson,0.00231455,6347632,6369951
anglo,Nemec,1.25672e-05,6369951,6370073
anglo,Nemeth,3.28499e-05,6370073,6370391
anglo,Ness,4.33585e-05,6370391,6370810
anglo,Nester,2.29698e-05,6370810,6371032
anglo,Nestor,1.50229e-05,6371032,6371178
anglo,Neu,1.63817e-05,6371178,6371337
anglo,Neubauer,2.32212e-05,6371337,6371562
anglo,Neubert,9.78975e-06,6371562,6371657
anglo,Neuhaus,9.12976e-06,6371657,6371746
anglo,Neuman,3.52855e-05,6371746,6372087
anglo,Neville,9.41562e-05,6372087,6372996
anglo,Nevin,2.42409e-05,6372996,6373231
anglo,Nevins,1.98466e-05,6373231,6373423
anglo,New,4.67606e-05,6373423,6373875
anglo,Newberry,5.29636e-05,6373875,6374387
anglo,Newbold,1.32939e-05,6374387,6374516
anglo,Newby,4.51106e-05,6374516,6374952
anglo,Newcomb,5.61457e-05,6374952,6375494
anglo,Newcomer,2.06755e-05,6375494,6375694
anglo,Newell,0.000129282,6375694,6376942
anglo,Newhouse,2.54211e-05,6376942,6377188
anglo,Newland,2.94282e-05,6377188,6377473
anglo,Newlin,1.64014e-05,6377473,6377632
anglo,Newman,0.00107991,6377632,6388046
anglo,Newport,1.66371e-05,6388046,6388207
anglo,Newsom,4.40696e-05,6388207,6388633
anglo,Newton,0.000771387,6388633,6396072
anglo,Ney,1.2905e-05,6396072,6396197
anglo,Neylon,1.23773e-05,6396197,6396317
anglo,Nice,1.41229e-05,6396317,6396454
anglo,Nicely,1.88134e-05,6396454,6396636
anglo,Nichol,1.30543e-05,6396636,6396763
anglo,Nicholas,0.000433612,6396763,6400945
anglo,Nicholls,3.99083e-05,6400945,6401331
anglo,Nichols,0.000571922,6401331,6406847
anglo,Nicholson,0.00114546,6406847,6417893
anglo,Nick,1.41032e-05,6417893,6418030
anglo,Nickel,3.25749e-05,6418030,6418345
anglo,Nickell,2.30012e-05,6418345,6418568
anglo,Nickels,1.9442e-05,6418568,6418756
anglo,Nickelson,1.43939e-05,6418756,6418896
anglo,Nickerson,6.27377e-05,6418896,6419502
anglo,Nickles,1.82045e-05,6419502,6419679
anglo,Nicol,0.000558584,6419679,6425066
anglo,Nicoll,9.83296e-06,6425066,6425162
anglo,Nicosia,1.1369e-05,6425162,6425273
anglo,Niehaus,1.37221e-05,6425273,6425406
anglo,Nielsen,0.000812362,6425406,6433240
anglo,Nielson,4.52206e-05,6433240,6433677
anglo,Nieman,1.9277e-05,6433677,6433864
anglo,Niemeyer,1.70181e-05,6433864,6434029
anglo,Niemi,1.67824e-05,6434029,6434192
anglo,Niemiec,9.00798e-06,6434192,6434280
anglo,Nies,9.11798e-06,6434280,6434369
anglo,Nightingale,1.80552e-05,6434369,6434544
anglo,Nigro,1.87506e-05,6434544,6434726
anglo,Niland,1.40243e-05,6434726,6434862
anglo,Niles,3.99643e-05,6434862,6435248
anglo,Nilsen,1.63346e-05,6435248,6435406
anglo,Nimmo,1.01905e-05,6435406,6435505
anglo,Nipper,1.63307e-05,6435505,6435663
anglo,Nissen,1.95009e-05,6435663,6435852
anglo,Nitz,1.04772e-05,6435852,6435954
anglo,Nix,9.73711e-05,6435954,6436894
anglo,Nixon,0.0001649,6436894,6438485
anglo,Noah,2.09466e-05,6438485,6438688
anglo,Noble,0.000163688,6438688,6440267
anglo,Noe,4.39282e-05,6440267,6440692
anglo,Nolan,0.000629946,6440692,6446767
anglo,Noland,3.68726e-05,6446767,6447124
anglo,Nolen,4.2506e-05,6447124,6447535
anglo,Noles,1.25043e-05,6447535,6447657
anglo,Nolin,9.82118e-06,6447657,6447753
anglo,Noll,4.07539e-05,6447753,6448147
anglo,Nolt,1.42761e-05,6448147,6448286
anglo,Nolte,2.42779e-05,6448286,6448521
anglo,Nolty,2.28728e-05,6448521,6448743
anglo,Noon,1.34864e-05,6448743,6448874
anglo,Noonan,6.72106e-05,6448874,6449523
anglo,Noone,2.37828e-05,6449523,6449753
anglo,Norby,9.03155e-06,6449753,6449841
anglo,Norcross,1.1754e-05,6449841,6449955
anglo,Nord,1.82085e-05,6449955,6450132
anglo,Nordin,1.0379e-05,6450132,6450233
anglo,Nordstrom,2.15987e-05,6450233,6450442
anglo,Norman,0.000605711,6450442,6456284
anglo,Norris,0.000364216,6456284,6459797
anglo,Norry,0.000102951,6459797,6460791
anglo,Norsworthy,9.01584e-06,6460791,6460879
anglo,North,0.000489945,6460879,6465604
anglo,Northcutt,2.42387e-05,6465604,6465839
anglo,Northrop,1.56746e-05,6465839,6465991
anglo,Northrup,2.22469e-05,6465991,6466207
anglo,Northup,1.05519e-05,6466207,6466310
anglo,Norton,0.0006313,6466310,6472398
anglo,Norvell,1.45864e-05,6472398,6472540
anglo,Noto,1.2964e-05,6472540,6472666
anglo,Nott,1.01551e-05,6472666,6472765
anglo,Nottingham,1.63621e-05,6472765,6472924
anglo,Novack,1.05637e-05,6472924,6473027
anglo,Novick,1.05872e-05,6473027,6473130
anglo,Novotny,2.59947e-05,6473130,6473382
anglo,Nowak,7.42127e-05,6473382,6474099
anglo,Nowell,2.40108e-05,6474099,6474332
anglo,Nowicki,2.37908e-05,6474332,6474562
anglo,Nowlin,2.62893e-05,6474562,6474816
anglo,Noyes,3.81454e-05,6474816,6475185
anglo,Nuckols,1.04458e-05,6475185,6475287
anglo,Nugent,7.51259e-05,6475287,6476012
anglo,Nulty,3.22587e-05,6476012,6476324
anglo,Nunley,3.55369e-05,6476324,6476668
anglo,Nunne,1.44634e-05,6476668,6476808
anglo,Nusbaum,1.06697e-05,6476808,6476912
anglo,Nuss,1.47907e-05,6476912,6477056
anglo,Nussbaum,1.69749e-05,6477056,6477221
anglo,Nutt,2.96246e-05,6477221,6477508
anglo,Nuttall,1.285e-05,6477508,6477633
anglo,Nutter,3.1966e-05,6477633,6477942
anglo,Nutting,9.22798e-06,6477942,6478032
anglo,Nye,4.77977e-05,6478032,6478494
anglo,Nygaard,1.08111e-05,6478494,6478599
anglo,Nyhan,2.30848e-05,6478599,6478823
anglo,Nyman,1.24454e-05,6478823,6478944
anglo,Nystrom,1.61932e-05,6478944,6479101
anglo,O'Beirn,1.11715e-05,6479101,6479210
anglo,O'Beirne,1.17324e-05,6479210,6479324
anglo,O'Boyle,1.88311e-05,6479324,6479507
anglo,O'Brassil,2.66148e-05,6479507,6479765
anglo,O'Brazil,1.14864e-05,6479765,6479877
anglo,O'Brennan,1.16239e-05,6479877,6479990
anglo,O'Brien,0.00273732,6479990,6506386
anglo,O'Brown,1.58092e-05,6506386,6506539
anglo,O'Bryan,1.71674e-05,6506539,6506706
anglo,O'Bryen,1.69505e-05,6506706,6506870
anglo,O'Byrne,0.00121139,6506870,6518552
anglo,O'Cadden,1.39007e-05,6518552,6518687
anglo,O'Cafferky,1.26405e-05,6518687,6518810
anglo,O'Callaghan,0.00123921,6518810,6530760
anglo,O'Carolan,1.12503e-05,6530760,6530869
anglo,O'Carroll,1.25705e-05,6530869,6530991
anglo,O'Casey,1.60205e-05,6530991,6531146
anglo,O'Cassidy,1.74947e-05,6531146,6531316
anglo,O'Cleary,1.88897e-05,6531316,6531499
anglo,O'Clery,1.50705e-05,6531499,6531645
anglo,O'Connell,0.0018492,6531645,6549477
anglo,O'Connor,0.00250305,6549477,6573614
anglo,O'Crohan,1.2074e-05,6573614,6573731
anglo,O'Crowley,3.68275e-05,6573731,6574087
anglo,O'Curry,3.76389e-05,6574087,6574451
anglo,O'Daly,1.12602e-05,6574451,6574561
anglo,O'Dea,0.00122335,6574561,6586358
anglo,O'Devanney,1.67664e-05,6586358,6586521
anglo,O'Devenny,1.30748e-05,6586521,6586648
anglo,O'Doherty,0.00121125,6586648,6598329
anglo,O'Donnell,0.00189994,6598329,6616650
anglo,O'Donoghue,0.00122092,6616650,6628424
anglo,O'Donohoe,2.31063e-05,6628424,6628648
anglo,O'Donovan,1.59704e-05,6628648,6628803
anglo,O'Dowd,1.22117e-05,6628803,6628922
anglo,O'Driscoll,0.00121158,6628922,6640606
anglo,O'Duffy,1.12853e-05,6640606,6640716
anglo,O'Dwyer,0.00121155,6640716,6652399
anglo,O'Farrell,0.00121334,6652399,6664100
anglo,O'Farrelly,3.59035e-05,6664100,6664447
anglo,O'Flaherty,1.13793e-05,6664447,6664558
anglo,O'Flynn,1.13639e-05,6664558,6664669
anglo,O'Freil,1.58927e-05,6664669,6664823
anglo,O'Friel,1.18237e-05,6664823,6664938
anglo,O'Gallagher,1.9599e-05,6664938,6665128
anglo,O'Gara,1.82205e-05,6665128,6665305
anglo,O'Goldrick,5.51759e-05,6665305,6665838
anglo,O'Gorman,1.66121e-05,6665838,6665999
anglo,O'Gowan,3.52736e-05,6665999,6666340
anglo,O'Grady,0.00124241,6666340,6678321
anglo,O'Growney,2.66809e-05,6678321,6678579
anglo,O'Hagan,1.1426e-05,6678579,6678690
anglo,O'Haire,1.95597e-05,6678690,6678880
anglo,O'Halloran,0.00122579,6678880,6690701
anglo,O'Hanlon,1.24643e-05,6690701,6690822
anglo,O'Hanrahan,1.64619e-05,6690822,6690982
anglo,O'Hara,0.0013479,6690982,6703980
anglo,O'Hare,0.00123639,6703980,6715903
anglo,O'Haughey,1.19858e-05,6715903,6716020
anglo,O'Hea,1.12777e-05,6716020,6716130
anglo,O'Hegarty,2.22126e-05,6716130,6716345
anglo,O'Hehir,2.49966e-05,6716345,6716587
anglo,O'Herlihy,1.96519e-05,6716587,6716777
anglo,O'Hickey,2.3758e-05,6716777,6717007
anglo,O'Higgins,2.99985e-05,6717007,6717297
anglo,O'Hora,1.65089e-05,6717297,6717457
anglo,O'Houlihan,1.49992e-05,6717457,6717603
anglo,O'Hurley,2.39476e-05,6717603,6717835
anglo,O'Hussey,8.06467e-05,6717835,6718614
anglo,O'Kane,0.00127248,6718614,6730885
anglo,O'Kearney,1.28615e-05,6730885,6731010
anglo,O'Keefe,0.00166885,6731010,6747103
anglo,O'Keeffe,2.19678e-05,6747103,6747316
anglo,O'Kelly,1.23344e-05,6747316,6747436
anglo,O'Kennedy,1.36718e-05,6747436,6747569
anglo,O'Kieve,2.83125e-05,6747569,6747843
anglo,O'Leary,0.00178634,6747843,6765069
anglo,O'Loan,1.15424e-05,6765069,6765181
anglo,O'Looney,1.28208e-05,6765181,6765306
anglo,O'Loughlin,0.00123104,6765306,6777177
anglo,O'Loughlinn,2.36648e-05,6777177,6777406
anglo,O'Mahoney,1.34667e-05,6777406,6777537
anglo,O'Mahony,0.0012122,6777537,6789227
anglo,O'Malley,0.00128251,6789227,6801595
anglo,O'Mara,1.81679e-05,6801595,6801771
anglo,O'Meara,0.00123203,6801771,6813652
anglo,O'Mooney,1.12082e-05,6813652,6813761
anglo,O'Moore,1.2158e-05,6813761,6813879
anglo,O'Mullan,1.39907e-05,6813879,6814015
anglo,O'Murnaghan,3.91194e-05,6814015,6814393
anglo,O'Neil,0.00131373,6814393,6827062
anglo,O'Neill,0.00198351,6827062,6846189
anglo,O'Nolan,1.30205e-05,6846189,6846316
anglo,O'Rafferty,1.48027e-05,6846316,6846460
anglo,O'Rahilly,1.74111e-05,6846460,6846629
anglo,O'Reardon,2.42658e-05,6846629,6846864
anglo,O'Regan,2.25055e-05,6846864,6847082
anglo,O'Reilly,0.0012594,6847082,6859227
anglo,O'Riordan,1.61588e-05,6859227,6859384
anglo,O'Rooney,1.16959e-05,6859384,6859498
anglo,O'Rourke,0.00128909,6859498,6871929
anglo,O'Ruane,1.21173e-05,6871929,6872047
anglo,O'Ryan,1.34369e-05,6872047,6872178
anglo,O'Scannell,1.53156e-05,6872178,6872327
anglo,O'Shannon,1.65247e-05,6872327,6872487
anglo,O'Sharkey,4.29682e-05,6872487,6872902
anglo,O'Shaughnessy,1.61074e-05,6872902,6873058
anglo,O'Shea,0.00125289,6873058,6885140
anglo,O'Sheehan,1.218e-05,6885140,6885258
anglo,O'Sheil,1.14679e-05,6885258,6885370
anglo,O'Shiel,3.73625e-05,6885370,6885731
anglo,O'Sullivan,0.00238291,6885731,6908709
anglo,O'Sweeney,2.1296e-05,6908709,6908915
anglo,O'Tierney,1.61514e-05,6908915,6909072
anglo,O'Togher,1.62106e-05,6909072,6909229
anglo,O'Toole,0.00126607,6909229,6921438
anglo,Oakes,6.87443e-05,6921438,6922102
anglo,Oakley,6.7719e-05,6922102,6922756
anglo,Oaks,2.82143e-05,6922756,6923029
anglo,Ober,1.46296e-05,6923029,6923171
anglo,Oberholtzer,8.99227e-06,6923171,6923259
anglo,Oberle,9.3144e-06,6923259,6923350
anglo,Oboyle,1.28893e-05,6923350,6923475
anglo,Obrian,1.25829e-05,6923475,6923597
anglo,Obryan,2.51736e-05,6923597,6923841
anglo,Ochs,2.31819e-05,6923841,6924066
anglo,Oconner,1.41857e-05,6924066,6924204
anglo,Odaniel,1.08701e-05,6924204,6924310
anglo,Oday,1.44882e-05,6924310,6924451
anglo,Oddo,1.04615e-05,6924451,6924553
anglo,Odell,0.000123154,6924553,6925742
anglo,Odle,1.5651e-05,6925742,6925894
anglo,Offutt,1.13768e-05,6925894,6926005
anglo,Ogden,7.40909e-05,6926005,6926720
anglo,Ogg,1.0104e-05,6926720,6926818
anglo,Ogilvie,1.34275e-05,6926818,6926948
anglo,Ogle,5.63893e-05,6926948,6927493
anglo,Ogorman,9.41654e-06,6927493,6927585
anglo,Ohearn,1.07169e-05,6927585,6927689
anglo,Ohler,9.5069e-06,6927689,6927782
anglo,Okelley,9.91546e-06,6927782,6927879
anglo,Olander,9.67189e-06,6927879,6927973
anglo,Oldenburg,1.15654e-05,6927973,6928086
anglo,Oldfield,1.10626e-05,6928086,6928194
anglo,Oldham,5.07873e-05,6928194,6928685
anglo,Olds,3.01314e-05,6928685,6928977
anglo,Oleson,1.46689e-05,6928977,6929119
anglo,Olin,1.63542e-05,6929119,6929278
anglo,Olinger,2.2518e-05,6929278,6929496
anglo,Oliver,0.00173225,6929496,6946200
anglo,Oliveri,1.31879e-05,6946200,6946328
anglo,Olmstead,3.15103e-05,6946328,6946633
anglo,Olmsted,1.25593e-05,6946633,6946755
anglo,Olney,1.27597e-05,6946755,6946879
anglo,Olsen,0.00126411,6946879,6959069
anglo,Olson,0.000644407,6959069,6965284
anglo,Oman,1.25632e-05,6965284,6965406
anglo,Omara,1.88252e-05,6965406,6965589
anglo,Oney,1.38596e-05,6965589,6965724
anglo,Opperman,1.03358e-05,6965724,6965825
anglo,Oquinn,2.13669e-05,6965825,6966032
anglo,Orchard,0.00030207,6966032,6968946
anglo,Orcutt,1.89784e-05,6968946,6969130
anglo,Ordway,1.07679e-05,6969130,6969235
anglo,Organ,9.55011e-06,6969235,6969328
anglo,Orman,1.23315e-05,6969328,6969448
anglo,Orme,9.77796e-06,6969448,6969543
anglo,Ormond,9.21619e-06,6969543,6969633
anglo,Ormsby,2.81747e-05,6969633,6969906
anglo,Orndorff,1.2355e-05,6969906,6970026
anglo,Orr,0.000490684,6970026,6974758
anglo,Orth,2.49261e-05,6974758,6974999
anglo,Ortman,9.72296e-06,6974999,6975094
anglo,Orton,2.63993e-05,6975094,6975350
anglo,Osborn,0.000127436,6975350,6976580
anglo,Osborne,0.000918573,6976580,6985438
anglo,Osburn,2.9656e-05,6985438,6985725
anglo,Osgood,2.43015e-05,6985725,6985960
anglo,Oshaughnessy,1.27518e-05,6985960,6986084
anglo,Osteen,2.15948e-05,6986084,6986293
anglo,Oster,2.45883e-05,6986293,6986531
anglo,Osterhout,8.98834e-06,6986531,6986619
anglo,Osterman,1.27911e-05,6986619,6986743
anglo,Ostrander,3.73912e-05,6986743,6987105
anglo,Ostrom,1.36907e-05,6987105,6987238
anglo,Oswald,5.62636e-05,6987238,6987782
anglo,Oswalt,2.04202e-05,6987782,6987980
anglo,Otis,2.9656e-05,6987980,6988267
anglo,Ott,0.000101111,6988267,6989243
anglo,Otten,1.72696e-05,6989243,6989411
anglo,Ottinger,1.22254e-05,6989411,6989530
anglo,Ouellette,5.49357e-05,6989530,6990061
anglo,Overbey,1.05597e-05,6990061,6990164
anglo,Overby,2.47926e-05,6990164,6990404
anglo,Overcash,1.03751e-05,6990404,6990505
anglo,Overholt,1.1369e-05,6990505,6990616
anglo,Overman,2.1198e-05,6990616,6990821
anglo,Overstreet,4.84852e-05,6990821,6991290
anglo,Owen,0.000699,6991290,6998031
anglo,Owenby,8.8037e-06,6998031,6998117
anglo,Owens,0.000730464,6998117,7005161
anglo,Owensby,9.5069e-06,7005161,7005254
anglo,Owings,1.72106e-05,7005254,7005421
anglo,Owsley,1.15183e-05,7005421,7005533
anglo,Oxford,1.77135e-05,7005533,7005705
anglo,Oxley,1.69513e-05,7005705,7005869
anglo,Oyer,9.08655e-06,7005869,7005958
anglo,Oyler,1.37221e-05,7005958,7006091
anglo,Pabst,9.18476e-06,7006091,7006181
anglo,Pack,7.3376e-05,7006181,7006890
anglo,Packard,3.72969e-05,7006890,7007251
anglo,Packer,3.55448e-05,7007251,7007595
anglo,Padden,1.2136e-05,7007595,7007713
anglo,Paddock,2.07109e-05,7007713,7007914
anglo,Paden,1.65899e-05,7007914,7008075
anglo,Padgett,9.98342e-05,7008075,7009039
anglo,Padula,1.05479e-05,7009039,7009142
anglo,Pagano,3.32545e-05,7009142,7009464
anglo,Page,0.00116952,7009464,7020742
anglo,Pagel,1.98113e-05,7020742,7020934
anglo,Pahl,1.51796e-05,7020934,7021081
anglo,Paine,3.33959e-05,7021081,7021404
anglo,Painter,8.63046e-05,7021404,7022237
anglo,Paisley,1.17068e-05,7022237,7022351
anglo,Paladino,1.27793e-05,7022351,7022475
anglo,Palazzolo,1.32547e-05,7022475,7022604
anglo,Palermo,3.2076e-05,7022604,7022914
anglo,Palladino,1.61657e-05,7022914,7023071
anglo,Palm,2.76604e-05,7023071,7023339
anglo,Palmer,0.000615202,7023339,7029272
anglo,Palmeri,9.53047e-06,7029272,7029365
anglo,Palmieri,2.47336e-05,7029365,7029604
anglo,Palmquist,8.77227e-06,7029604,7029690
anglo,Panek,1.19111e-05,7029690,7029806
anglo,Pankratz,9.81332e-06,7029806,7029902
anglo,Pape,2.49458e-05,7029902,7030144
anglo,Papp,1.63503e-05,7030144,7030303
anglo,Pappas,6.50515e-05,7030303,7030931
anglo,Paquette,3.77369e-05,7030931,7031296
anglo,Paquin,1.59653e-05,7031296,7031451
anglo,Paradis,2.40147e-05,7031451,7031684
anglo,Paradise,1.63817e-05,7031684,7031843
anglo,Pardee,1.07051e-05,7031843,7031947
anglo,Pardue,2.33351e-05,7031947,7032173
anglo,Pare,1.36082e-05,7032173,7032305
anglo,Parente,1.24533e-05,7032305,7032426
anglo,Parenteau,8.81942e-06,7032426,7032512
anglo,Parise,1.07287e-05,7032512,7032616
anglo,Parish,5.68292e-05,7032616,7033165
anglo,Parke,1.86956e-05,7033165,7033346
anglo,Parker,0.00288196,7033346,7061136
anglo,Parkes,0.000481355,7061136,7065778
anglo,Parkhurst,2.24237e-05,7065778,7065995
anglo,Parkin,1.58003e-05,7065995,7066148
anglo,Parkins,1.05244e-05,7066148,7066250
anglo,Parkinson,3.83694e-05,7066250,7066621
anglo,Parmenter,1.25004e-05,7066621,7066743
anglo,Parmer,1.97563e-05,7066743,7066934
anglo,Parnell,5.71985e-05,7066934,7067487
anglo,Parr,6.39791e-05,7067487,7068105
anglo,Parrett,1.45471e-05,7068105,7068246
anglo,Parrish,0.000195375,7068246,7070131
anglo,Parrott,5.40283e-05,7070131,7070653
anglo,Parry,4.1465e-05,7070653,7071054
anglo,Parsley,2.48083e-05,7071054,7071294
anglo,Parsons,0.000874273,7071294,7079725
anglo,Partain,1.46807e-05,7079725,7079868
anglo,Partin,3.25906e-05,7079868,7080183
anglo,Partlow,1.42328e-05,7080183,7080321
anglo,Parton,2.3724e-05,7080321,7080551
anglo,Partridge,3.89272e-05,7080551,7080927
anglo,Pascale,1.05715e-05,7080927,7081030
anglo,Paschall,1.68767e-05,7081030,7081194
anglo,Pascoe,1.31054e-05,7081194,7081321
anglo,Pasquale,1.46375e-05,7081321,7081463
anglo,Passmore,2.48044e-05,7081463,7081703
anglo,Pasternak,9.14941e-06,7081703,7081792
anglo,Pastore,1.61539e-05,7081792,7081949
anglo,Patch,1.48889e-05,7081949,7082094
anglo,Patchett,0.00125351,7082094,7094182
anglo,Pate,0.00011521,7094182,7095294
anglo,Paten,2.09986e-05,7095294,7095497
anglo,Patenaude,9.00405e-06,7095497,7095585
anglo,Paterson,0.00042595,7095585,7099693
anglo,Patin,1.17697e-05,7099693,7099807
anglo,Paton,0.000515766,7099807,7104781
anglo,Patrick,0.000239028,7104781,7107087
anglo,Patten,4.6081e-05,7107087,7107532
anglo,Patterson,0.00134027,7107532,7120457
anglo,Patti,1.53171e-05,7120457,7120606
anglo,Pattillo,9.08655e-06,7120606,7120695
anglo,Pattison,2.04948e-05,7120695,7120894
anglo,Patton,0.000281845,7120894,7123613
anglo,Patty,1.29875e-05,7123613,7123739
anglo,Paugh,1.42446e-05,7123739,7123877
anglo,Paul,0.000671126,7123877,7130349
anglo,Pauley,4.24628e-05,7130349,7130759
anglo,Paull,9.03548e-06,7130759,7130847
anglo,Pauls,1.16204e-05,7130847,7130960
anglo,Paulsen,4.41678e-05,7130960,7131387
anglo,Paulson,7.59413e-05,7131387,7132120
anglo,Paulus,2.03141e-05,7132120,7132317
anglo,Pauly,1.27086e-05,7132317,7132441
anglo,Pavlik,1.46336e-05,7132441,7132583
anglo,Pawlak,1.62128e-05,7132583,7132740
anglo,Paxson,1.02847e-05,7132740,7132840
anglo,Paxton,4.61752e-05,7132840,7133286
anglo,Payne,0.00107567,7133286,7143659
anglo,Paynter,1.30504e-05,7143659,7143786
anglo,Peabody,2.09977e-05,7143786,7143989
anglo,Peace,3.47316e-05,7143989,7144325
anglo,Peach,1.89156e-05,7144325,7144508
anglo,Peachey,1.53917e-05,7144508,7144657
anglo,Peacock,8.52949e-05,7144657,7145480
anglo,Peak,3.42288e-05,7145480,7145811
anglo,Peake,2.01806e-05,7145811,7146007
anglo,Pearce,0.000473471,7146007,7150573
anglo,Pearcy,1.04104e-05,7150573,7150674
anglo,Pearl,2.97385e-05,7150674,7150962
anglo,Pearlman,1.18208e-05,7150962,7151077
anglo,Pearman,1.14318e-05,7151077,7151188
anglo,Pearsall,1.92024e-05,7151188,7151374
anglo,Pearson,0.00110297,7151374,7162010
anglo,Pease,5.08226e-05,7162010,7162501
anglo,Peck,0.000157355,7162501,7164019
anglo,Peckham,1.91906e-05,7164019,7164205
anglo,Pecora,9.85653e-06,7164205,7164301
anglo,Pecoraro,1.32075e-05,7164301,7164429
anglo,Peden,1.85267e-05,7164429,7164609
anglo,Pedersen,0.00102802,7164609,7174523
anglo,Pederson,5.64521e-05,7174523,7175068
anglo,Pedigo,1.88724e-05,7175068,7175251
anglo,Peek,4.34567e-05,7175251,7175671
anglo,Peel,2.61125e-05,7175671,7175924
anglo,Peeler,2.29737e-05,7175924,7176147
anglo,Peer,1.46768e-05,7176147,7176290
anglo,Peery,1.81495e-05,7176290,7176466
anglo,Peet,1.34904e-05,7176466,7176597
anglo,Pegg,1.05715e-05,7176597,7176700
anglo,Peiffer,1.15418e-05,7176700,7176812
anglo,Peirce,1.22215e-05,7176812,7176931
anglo,Pelfrey,1.62482e-05,7176931,7177089
anglo,Pelham,1.28932e-05,7177089,7177214
anglo,Pelkey,1.79885e-05,7177214,7177388
anglo,Pell,1.73796e-05,7177388,7177557
anglo,Pellegrino,2.90628e-05,7177557,7177838
anglo,Pellerin,1.28029e-05,7177838,7177962
anglo,Peloquin,1.17383e-05,7177962,7178076
anglo,Pelton,2.26005e-05,7178076,7178295
anglo,Peltz,1.03672e-05,7178295,7178396
anglo,Peluso,1.45825e-05,7178396,7178538
anglo,Pemberton,4.42817e-05,7178538,7178966
anglo,Pence,4.75384e-05,7178966,7179425
anglo,Pender,8.06789e-05,7179425,7180204
anglo,Pendergast,1.29718e-05,7180204,7180330
anglo,Pendergraft,1.04654e-05,7180330,7180432
anglo,Pendergrass,3.1911e-05,7180432,7180741
anglo,Pendleton,6.58058e-05,7180741,7181377
anglo,Pendley,1.65114e-05,7181377,7181537
anglo,Penick,1.28029e-05,7181537,7181661
anglo,Penland,1.62717e-05,7181661,7181819
anglo,Penley,1.03083e-05,7181819,7181919
anglo,Pennell,2.42387e-05,7181919,7182154
anglo,Penner,2.10134e-05,7182154,7182358
anglo,Penney,2.25966e-05,7182358,7182577
anglo,Pennington,0.000160494,7182577,7184126
anglo,Pennock,9.51083e-06,7184126,7184219
anglo,Penny,4.02629e-05,7184219,7184608
anglo,Penrod,2.69768e-05,7184608,7184869
anglo,Penrose,1.10233e-05,7184869,7184976
anglo,Pentecost,9.77796e-06,7184976,7185071
anglo,Pepper,4.46824e-05,7185071,7185503
anglo,Perano,0.000456888,7185503,7189910
anglo,Percival,1.30307e-05,7189910,7190037
anglo,Perdue,6.46783e-05,7190037,7190662
anglo,Perillo,1.0599e-05,7190662,7190765
anglo,Perkins,0.000532321,7190765,7195899
anglo,Perlman,1.43507e-05,7195899,7196038
anglo,Perna,1.362e-05,7196038,7196170
anglo,Pero,8.79584e-06,7196170,7196256
anglo,Perrault,1.25318e-05,7196256,7196378
anglo,Perreault,1.73638e-05,7196378,7196546
anglo,Perri,4.14242e-05,7196546,7196946
anglo,Perrin,0.000338251,7196946,7200209
anglo,Perrine,2.17677e-05,7200209,7200420
anglo,Perron,1.97327e-05,7200420,7200611
anglo,Perrone,2.50165e-05,7200611,7200853
anglo,Perrotta,1.45864e-05,7200853,7200995
anglo,Perry,0.00185623,7200995,7218895
anglo,Persinger,2.0157e-05,7218895,7219090
anglo,Persons,1.41661e-05,7219090,7219228
anglo,Pesce,1.11176e-05,7219228,7219336
anglo,Peterman,3.41384e-05,7219336,7219666
anglo,Peters,0.00111426,7219666,7230411
anglo,Petersen,0.000229737,7230411,7232627
anglo,Petersheim,9.24762e-06,7232627,7232717
anglo,Peterson,0.00138616,7232717,7246084
anglo,Petitt,1.0544e-05,7246084,7246187
anglo,Petree,1.20486e-05,7246187,7246304
anglo,Petrella,1.14436e-05,7246304,7246415
anglo,Petri,1.22372e-05,7246415,7246534
anglo,Petrick,1.30229e-05,7246534,7246661
anglo,Petrie,3.34706e-05,7246661,7246985
anglo,Petrillo,1.64171e-05,7246985,7247144
anglo,Petro,2.26948e-05,7247144,7247364
anglo,Petrone,1.51403e-05,7247364,7247511
anglo,Petrovich,9.76225e-06,7247511,7247606
anglo,Petry,2.17559e-05,7247606,7247817
anglo,Petterson,1.23197e-05,7247817,7247937
anglo,Pettit,7.46566e-05,7247937,7248658
anglo,Petty,0.000137033,7248658,7249980
anglo,Pettyjohn,9.12584e-06,7249980,7250069
anglo,Peyton,5.34243e-05,7250069,7250585
anglo,Pfaff,2.48711e-05,7250585,7250826
anglo,Pfeffer,1.72853e-05,7250826,7250994
anglo,Pfeifer,3.97129e-05,7250994,7251378
anglo,Pfeiffer,5.44132e-05,7251378,7251904
anglo,Pfeil,9.94296e-06,7251904,7252001
anglo,Pfister,2.13748e-05,7252001,7252208
anglo,Phares,1.45e-05,7252208,7252349
anglo,Phayre,2.12121e-05,7252349,7252555
anglo,Phelan,5.57896e-05,7252555,7253094
anglo,Phelps,0.000204453,7253094,7255066
anglo,Philban,1.31377e-05,7255066,7255194
anglo,Philbin,5.48847e-05,7255194,7255724
anglo,Philbrick,1.14515e-05,7255724,7255835
anglo,Philips,2.68707e-05,7255835,7256095
anglo,Phillippi,1.02494e-05,7256095,7256195
anglo,Phillips,0.00263725,7256195,7281626
anglo,Philpot,2.18344e-05,7281626,7281838
anglo,Philpott,1.62717e-05,7281838,7281996
anglo,Phinney,1.36396e-05,7281996,7282129
anglo,Phipps,9.27512e-05,7282129,7283024
anglo,Piatt,2.93182e-05,7283024,7283308
anglo,Piazza,3.28892e-05,7283308,7283626
anglo,Piccolo,1.10154e-05,7283626,7283733
anglo,Pick,1.35218e-05,7283733,7283864
anglo,Pickard,3.55644e-05,7283864,7284208
anglo,Pickel,1.05008e-05,7284208,7284310
anglo,Pickering,0.000791407,7284310,7291942
anglo,Pickle,1.3455e-05,7291942,7292073
anglo,Picone,8.94906e-06,7292073,7292160
anglo,Pier,8.76442e-06,7292160,7292246
anglo,Pierce,0.0005446,7292246,7297498
anglo,Piercy,1.5761e-05,7297498,7297651
anglo,Pifer,1.49832e-05,7297651,7297796
anglo,Pigg,1.70849e-05,7297796,7297962
anglo,Piggott,1.39811e-05,7297962,7298098
anglo,Pigott,3.76051e-05,7298098,7298462
anglo,Pike,0.000596747,7298462,7304217
anglo,Pilcher,2.11784e-05,7304217,7304422
anglo,Pilgrim,2.46512e-05,7304422,7304661
anglo,Pilkington,1.70338e-05,7304661,7304826
anglo,Pillow,1.219e-05,7304826,7304945
anglo,Pinder,2.93702e-05,7304945,7305229
anglo,Pine,2.58965e-05,7305229,7305480
anglo,Pinheiro,9.60511e-06,7305480,7305574
anglo,Pinion,8.74477e-06,7305574,7305659
anglo,Pinkerton,3.31799e-05,7305659,7305980
anglo,Pinkham,1.45589e-05,7305980,7306121
anglo,Pinney,1.18483e-05,7306121,7306236
anglo,Pinson,2.89214e-05,7306236,7306516
anglo,Piper,8.77188e-05,7306516,7307363
anglo,Pipes,1.23197e-05,7307363,7307483
anglo,Pipkin,2.20151e-05,7307483,7307696
anglo,Pippin,2.878e-05,7307696,7307975
anglo,Pitcher,2.46394e-05,7307975,7308214
anglo,Pitman,3.05989e-05,7308214,7308510
anglo,Pittenger,1.11333e-05,7308510,7308618
anglo,Pitzer,1.32586e-05,7308618,7308747
anglo,Pixley,9.88403e-06,7308747,7308843
anglo,Place,2.84853e-05,7308843,7309119
anglo,Plaisance,1.10861e-05,7309119,7309227
anglo,Plank,2.56686e-05,7309227,7309476
anglo,Plant,2.3013e-05,7309476,7309699
anglo,Plante,3.04221e-05,7309699,7309993
anglo,Plaster,1.03947e-05,7309993,7310094
anglo,Platt,7.07989e-05,7310094,7310778
anglo,Platz,1.09329e-05,7310778,7310884
anglo,Plemmons,9.12976e-06,7310884,7310973
anglo,Pless,1.01983e-05,7310973,7311072
anglo,Pletcher,1.40129e-05,7311072,7311208
anglo,Plotkin,9.05905e-06,7311208,7311296
anglo,Plott,1.02297e-05,7311296,7311396
anglo,Plourde,1.6531e-05,7311396,7311556
anglo,Plover,1.12279e-05,7311556,7311665
anglo,Plowman,1.47593e-05,7311665,7311808
anglo,Plum,1.09094e-05,7311808,7311914
anglo,Plumb,1.71753e-05,7311914,7312081
anglo,Plumlee,9.84867e-06,7312081,7312177
anglo,Plumley,1.64996e-05,7312177,7312337
anglo,Plunkett,4.22625e-05,7312337,7312746
anglo,Plyler,1.12197e-05,7312746,7312855
anglo,Poche,9.29869e-06,7312855,7312946
anglo,Poe,9.25665e-05,7312946,7313840
anglo,Poff,1.97248e-05,7313840,7314031
anglo,Pogue,2.9436e-05,7314031,7314316
anglo,Pohlman,1.54978e-05,7314316,7314466
anglo,Pokorny,1.14122e-05,7314466,7314577
anglo,Polak,1.3015e-05,7314577,7314703
anglo,Poland,4.83918e-05,7314703,7315171
anglo,Polen,1.0159e-05,7315171,7315270
anglo,Poling,3.05596e-05,7315270,7315566
anglo,Pollack,3.52659e-05,7315566,7315907
anglo,Pollak,1.53525e-05,7315907,7316056
anglo,Pollard,0.000527037,7316056,7321139
anglo,Polley,1.86838e-05,7321139,7321320
anglo,Pollitt,9.24369e-06,7321320,7321410
anglo,Pollock,9.15726e-05,7321410,7322294
anglo,Polly,1.02808e-05,7322294,7322394
anglo,Polson,1.62049e-05,7322394,7322551
anglo,Polston,1.29443e-05,7322551,7322677
anglo,Polzin,1.08386e-05,7322677,7322783
anglo,Pomeroy,2.89803e-05,7322783,7323063
anglo,Pond,3.55605e-05,7323063,7323407
anglo,Pontius,9.05512e-06,7323407,7323495
anglo,Pool,5.3054e-05,7323495,7324008
anglo,Poole,0.000806637,7324008,7331787
anglo,Pooler,1.2359e-05,7331787,7331907
anglo,Poor,1.29757e-05,7331907,7332033
anglo,Poore,3.23706e-05,7332033,7332346
anglo,Poorman,9.37726e-06,7332346,7332437
anglo,Popa,1.08308e-05,7332437,7332542
anglo,Pope,0.000989005,7332542,7342079
anglo,Poplin,9.34583e-06,7342079,7342170
anglo,Popovich,1.5545e-05,7342170,7342321
anglo,Popp,3.5148e-05,7342321,7342661
anglo,Poppe,1.30936e-05,7342661,7342788
anglo,Port,1.09997e-05,7342788,7342895
anglo,Porter,0.00103887,7342895,7352913
anglo,Porterfield,2.6635e-05,7352913,7353171
anglo,Posey,7.96026e-05,7353171,7353940
anglo,Posner,1.24022e-05,7353940,7354061
anglo,Poss,1.26065e-05,7354061,7354184
anglo,Poston,4.08404e-05,7354184,7354579
anglo,Poteet,1.71006e-05,7354579,7354745
anglo,Potter,0.00065842,7354745,7361095
anglo,Potts,0.00015037,7361095,7362546
anglo,Potvin,9.83296e-06,7362546,7362642
anglo,Poulin,2.7075e-05,7362642,7362904
anglo,Pouliot,1.01315e-05,7362904,7363003
anglo,Poulsen,1.52307e-05,7363003,7363151
anglo,Poulson,1.35022e-05,7363151,7363282
anglo,Pound,1.25947e-05,7363282,7363404
anglo,Powell,0.00190497,7363404,7381774
anglo,Power,8.89765e-05,7381774,7382633
anglo,Powers,0.000361301,7382633,7386118
anglo,Poynter,1.66135e-05,7386118,7386279
anglo,Prager,8.7212e-06,7386279,7386364
anglo,Prater,7.65423e-05,7386364,7387103
anglo,Prather,6.23055e-05,7387103,7387705
anglo,Pratt,0.000933463,7387705,7396707
anglo,Pray,1.48221e-05,7396707,7396851
anglo,Preece,1.38911e-05,7396851,7396986
anglo,Prendergast,4.2571e-05,7396986,7397397
anglo,Prentice,0.000476106,7397397,7401989
anglo,Prentiss,9.22012e-06,7401989,7402079
anglo,Prescott,6.66858e-05,7402079,7402723
anglo,Presley,7.2221e-05,7402723,7403420
anglo,Presnell,1.59417e-05,7403420,7403575
anglo,Press,1.56707e-05,7403575,7403727
anglo,Pressler,9.54225e-06,7403727,7403820
anglo,Preston,0.00018608,7403820,7405615
anglo,Preuss,9.78975e-06,7405615,7405710
anglo,Prewitt,3.28852e-05,7405710,7406028
anglo,Prial,1.15639e-05,7406028,7406140
anglo,Price,0.00207292,7406140,7426129
anglo,Prichard,2.51422e-05,7426129,7426372
anglo,Prickett,1.57767e-05,7426372,7426525
anglo,Priddy,2.19444e-05,7426525,7426738
anglo,Pridemore,1.05401e-05,7426738,7426841
anglo,Priebe,1.4005e-05,7426841,7426977
anglo,Priest,0.00035147,7426977,7430367
anglo,Prindle,9.07084e-06,7430367,7430455
anglo,Prine,1.48732e-05,7430455,7430599
anglo,Pringle,9.72257e-05,7430599,7431537
anglo,Prior,2.66625e-05,7431537,7431795
anglo,Pritchard,0.00052597,7431795,7436868
anglo,Pritt,1.26615e-05,7436868,7436991
anglo,Privett,1.40757e-05,7436991,7437128
anglo,Privette,1.03358e-05,7437128,7437229
anglo,Probst,2.46354e-05,7437229,7437468
anglo,Prochaska,1.1204e-05,7437468,7437577
anglo,Procter,0.000316307,7437577,7440628
anglo,Proctor,0.000139995,7440628,7441979
anglo,Proffitt,3.61498e-05,7441979,7442329
anglo,Prokop,1.18443e-05,7442329,7442444
anglo,Proper,1.08033e-05,7442444,7442549
anglo,Propst,1.86327e-05,7442549,7442730
anglo,Prosser,3.23863e-05,7442730,7443043
anglo,Proulx,2.00195e-05,7443043,7443237
anglo,Prouse,0.000351453,7443237,7446627
anglo,Prout,1.07365e-05,7446627,7446732
anglo,Prouty,1.58789e-05,7446732,7446886
anglo,Provencher,1.27479e-05,7446886,7447010
anglo,Provenzano,1.45825e-05,7447010,7447152
anglo,Provost,3.43427e-05,7447152,7447484
anglo,Pruden,1.01865e-05,7447484,7447583
anglo,Pruett,5.34979e-05,7447583,7448100
anglo,Pruitt,0.000174287,7448100,7449782
anglo,Prunty,1.09565e-05,7449782,7449889
anglo,Pryal,1.32582e-05,7449889,7450018
anglo,Puccio,9.77011e-06,7450018,7450113
anglo,Puckett,0.000108532,7450113,7451161
anglo,Pugh,0.000155406,7451161,7452660
anglo,Puleo,1.22372e-05,7452660,7452779
anglo,Pullen,4.15043e-05,7452779,7453180
anglo,Pullin,1.01394e-05,7453180,7453279
anglo,Pulver,1.25043e-05,7453279,7453401
anglo,Pumphrey,1.47278e-05,7453401,7453544
anglo,Purcell,0.000105011,7453544,7454558
anglo,Purdy,5.9422e-05,7454558,7455132
anglo,Purkey,9.14941e-06,7455132,7455221
anglo,Pursell,1.02455e-05,7455221,7455321
anglo,Purser,1.39264e-05,7455321,7455456
anglo,Pursley,1.60714e-05,7455456,7455612
anglo,Purvis,6.55505e-05,7455612,7456245
anglo,Putman,3.55841e-05,7456245,7456589
anglo,Putnam,7.20481e-05,7456589,7457285
anglo,Putney,1.20408e-05,7457285,7457402
anglo,Putt,9.91939e-06,7457402,7457499
anglo,Pyatt,1.13533e-05,7457499,7457609
anglo,Pyle,5.96342e-05,7457609,7458185
anglo,Pyles,3.01589e-05,7458185,7458477
anglo,Pyne,1.2135e-05,7458477,7458595
anglo,Quackenbush,1.63581e-05,7458595,7458754
anglo,Quade,1.34589e-05,7458754,7458885
anglo,Quaide,1.86927e-05,7458885,7459066
anglo,Qualls,4.69766e-05,7459066,7459520
anglo,Qualter,1.60928e-05,7459520,7459676
anglo,Quam,1.00883e-05,7459676,7459774
anglo,Quast,9.05905e-06,7459774,7459862
anglo,Queally,1.69676e-05,7459862,7460027
anglo,Queen,7.29006e-05,7460027,7460731
anglo,Queenane,2.43916e-05,7460731,7460967
anglo,Quesenberry,1.42603e-05,7460967,7461105
anglo,Quick,9.85692e-05,7461105,7462056
anglo,Quigley,8.0692e-05,7462056,7462835
anglo,Quigney,1.91666e-05,7462835,7463021
anglo,Quill,1.75701e-05,7463021,7463191
anglo,Quillen,2.35276e-05,7463191,7463419
anglo,Quillinan,1.31896e-05,7463419,7463547
anglo,Quilty,3.04322e-05,7463547,7463841
anglo,Quimby,1.8181e-05,7463841,7464017
anglo,Quin,1.17437e-05,7464017,7464131
anglo,Quinlan,6.7986e-05,7464131,7464788
anglo,Quinlivan,1.16736e-05,7464788,7464902
anglo,Quinn,0.000319802,7464902,7467987
anglo,Quinney,1.58787e-05,7467987,7468141
anglo,Quinny,1.6942e-05,7468141,7468305
anglo,Quint,1.03672e-05,7468305,7468406
anglo,Quinton,1.35611e-05,7468406,7468538
anglo,Quirk,2.51108e-05,7468538,7468781
anglo,Quirke,1.19529e-05,7468781,7468897
anglo,Quist,1.34864e-05,7468897,7469028
anglo,Raab,2.04595e-05,7469028,7469226
anglo,Rabbitte,4.76571e-05,7469226,7469687
anglo,Rabe,1.75681e-05,7469687,7469857
anglo,Raber,2.85246e-05,7469857,7470133
anglo,Rabideau,1.05794e-05,7470133,7470236
anglo,Rabinowitz,1.39225e-05,7470236,7470371
anglo,Rabon,1.61539e-05,7470371,7470528
anglo,Raby,1.79099e-05,7470528,7470702
anglo,Race,2.00666e-05,7470702,7470896
anglo,Racine,1.89981e-05,7470896,7471080
anglo,Rackley,2.15594e-05,7471080,7471289
anglo,Radabaugh,9.20833e-06,7471289,7471379
anglo,Radcliff,2.05538e-05,7471379,7471578
anglo,Radcliffe,2.33665e-05,7471578,7471804
anglo,Rademacher,1.57571e-05,7471804,7471957
anglo,Rader,6.41126e-05,7471957,7472576
anglo,Radford,5.08973e-05,7472576,7473068
anglo,Radke,1.95481e-05,7473068,7473257
anglo,Radtke,2.39597e-05,7473257,7473489
anglo,Rae,2.00116e-05,7473489,7473683
anglo,Rafferty,4.99937e-05,7473683,7474166
anglo,Rafter,1.40923e-05,7474166,7474303
anglo,Raftery,1.6841e-05,7474303,7474466
anglo,Raftis,2.86763e-05,7474466,7474744
anglo,Ragan,4.35314e-05,7474744,7475165
anglo,Rager,2.07698e-05,7475165,7475366
anglo,Ragsdale,4.80334e-05,7475366,7475830
anglo,Ragusa,9.93117e-06,7475830,7475927
anglo,Rahilly,1.6331e-05,7475927,7476085
anglo,Rahn,2.22666e-05,7476085,7476301
anglo,Raight,1.14758e-05,7476301,7476413
anglo,Railey,1.27518e-05,7476413,7476537
anglo,Rails,1.80743e-05,7476537,7476712
anglo,Rainer,1.38204e-05,7476712,7476846
anglo,Raines,8.45328e-05,7476846,7477662
anglo,Rains,4.61085e-05,7477662,7478108
anglo,Rainville,8.78406e-06,7478108,7478194
anglo,Rainwater,2.79354e-05,7478194,7478464
anglo,Raker,1.22843e-05,7478464,7478583
anglo,Rakes,1.30347e-05,7478583,7478710
anglo,Rakestraw,1.09251e-05,7478710,7478816
anglo,Raleigh,5.99238e-05,7478816,7479395
anglo,Raley,2.59004e-05,7479395,7479646
anglo,Rall,1.06854e-05,7479646,7479750
anglo,Ralls,1.08269e-05,7479750,7479855
anglo,Ralph,3.20288e-05,7479855,7480165
anglo,Ralston,4.8328e-05,7480165,7480632
anglo,Ramage,1.52346e-05,7480632,7480780
anglo,Rambo,2.81043e-05,7480780,7481052
anglo,Ramer,1.68256e-05,7481052,7481215
anglo,Ramey,8.75538e-05,7481215,7482060
anglo,Ramsay,0.000383352,7482060,7485757
anglo,Ramsdell,1.30622e-05,7485757,7485884
anglo,Ramsey,0.000307796,7485884,7488853
anglo,Ranck,9.5619e-06,7488853,7488946
anglo,Rand,4.08443e-05,7488946,7489341
anglo,Randall,0.000215139,7489341,7491416
anglo,Randles,2.24787e-05,7491416,7491634
anglo,Raney,5.55569e-05,7491634,7492171
anglo,Ranger,9.83689e-06,7492171,7492267
anglo,Ranieri,1.11451e-05,7492267,7492375
anglo,Rank,1.31172e-05,7492375,7492502
anglo,Rankin,0.000113222,7492502,7493595
anglo,Ranney,1.06344e-05,7493595,7493699
anglo,Raol,1.7714e-05,7493699,7493871
anglo,Raper,1.89549e-05,7493871,7494055
anglo,Rapp,5.54189e-05,7494055,7494590
anglo,Rappaport,1.11608e-05,7494590,7494699
anglo,Rasch,9.65225e-06,7494699,7494793
anglo,Rash,3.05203e-05,7494793,7495088
anglo,Rasmussen,0.000530521,7495088,7500205
anglo,Ratcliff,4.12372e-05,7500205,7500604
anglo,Ratcliffe,1.69985e-05,7500604,7500769
anglo,Rathbun,2.54054e-05,7500769,7501015
anglo,Rathburn,8.86263e-06,7501015,7501101
anglo,Ratliff,0.00011818,7501101,7502242
anglo,Ratner,8.90191e-06,7502242,7502329
anglo,Rattigan,1.13716e-05,7502329,7502440
anglo,Ratzlaff,9.72689e-06,7502440,7502535
anglo,Rau,3.5203e-05,7502535,7502875
anglo,Rauch,3.52462e-05,7502875,7503216
anglo,Raulerson,9.54618e-06,7503216,7503309
anglo,Rausch,3.29913e-05,7503309,7503628
anglo,Rauscher,9.07477e-06,7503628,7503716
anglo,Rawley,2.7299e-05,7503716,7503980
anglo,Rawlings,3.79176e-05,7503980,7504347
anglo,Rawlins,2.57943e-05,7504347,7504597
anglo,Rawlinson,9.27905e-06,7504597,7504687
anglo,Rawson,2.51226e-05,7504687,7504930
anglo,Ray,0.000523158,7504930,7509976
anglo,Rayburn,3.35177e-05,7509976,7510300
anglo,Rayel,4.50509e-05,7510300,7510735
anglo,Rayfield,9.59725e-06,7510735,7510829
anglo,Raymer,1.74267e-05,7510829,7510998
anglo,Rayner,0.000437599,7510998,7515219
anglo,Raynor,3.05242e-05,7515219,7515514
anglo,Rea,1.79923e-05,7515514,7515688
anglo,Read,0.000582436,7515688,7521305
anglo,Reade,1.3295e-05,7521305,7521434
anglo,Reader,0.000317607,7521434,7524498
anglo,Reading,1.17147e-05,7524498,7524612
anglo,Ready,1.91513e-05,7524612,7524798
anglo,Reagan,6.47844e-05,7524798,7525424
anglo,Reale,1.18326e-05,7525424,7525539
anglo,Ream,2.44429e-05,7525539,7525776
anglo,Reamer,9.00013e-06,7525776,7525864
anglo,Reames,1.1369e-05,7525864,7525975
anglo,Reams,2.01059e-05,7525975,7526170
anglo,Reardon,0.000479031,7526170,7530790
anglo,Reavis,2.08405e-05,7530790,7530992
anglo,Reavy,1.25085e-05,7530992,7531114
anglo,Reber,2.08012e-05,7531114,7531316
anglo,Reck,1.23943e-05,7531316,7531437
anglo,Recker,1.36357e-05,7531437,7531569
anglo,Record,1.38086e-05,7531569,7531703
anglo,Rector,5.32661e-05,7531703,7532218
anglo,Reda,1.14672e-05,7532218,7532330
anglo,Redden,3.56194e-05,7532330,7532674
anglo,Reddin,3.09369e-05,7532674,7532973
anglo,Redding,6.19402e-05,7532973,7533571
anglo,Reddy,3.2556e-05,7533571,7533886
anglo,Redfern,1.31211e-05,7533886,7534014
anglo,Redfield,1.08111e-05,7534014,7534119
anglo,Redford,1.17697e-05,7534119,7534233
anglo,Redican,1.66442e-05,7534233,7534394
anglo,Reding,1.01119e-05,7534394,7534492
anglo,Redman,5.11801e-05,7534492,7534986
anglo,Redmon,3.22017e-05,7534986,7535297
anglo,Redmond,0.000110319,7535297,7536362
anglo,Redwine,1.40207e-05,7536362,7536498
anglo,Reece,9.48529e-05,7536498,7537414
anglo,Reed,0.00142804,7537414,7551185
anglo,Reeder,7.52498e-05,7551185,7551912
anglo,Reedy,4.66859e-05,7551912,7552363
anglo,Reel,2.08837e-05,7552363,7552565
anglo,Reen,1.26902e-05,7552565,7552688
anglo,Reep,1.5156e-05,7552688,7552835
anglo,Rees,0.000413271,7552835,7556821
anglo,Reeser,1.28461e-05,7556821,7556946
anglo,Reeve,2.12373e-05,7556946,7557152
anglo,Reeves,0.000720361,7557152,7564099
anglo,Regan,0.000115727,7564099,7565216
anglo,Reger,1.21822e-05,7565216,7565334
anglo,Register,3.56509e-05,7565334,7565679
anglo,Rehm,1.42878e-05,7565679,7565818
anglo,Reich,5.06419e-05,7565818,7566307
anglo,Reichard,1.49243e-05,7566307,7566452
anglo,Reichel,1.0489e-05,7566452,7566554
anglo,Reichenbach,9.67582e-06,7566554,7566648
anglo,Reichert,4.064e-05,7566648,7567041
anglo,Reid,0.00209335,7567041,7587227
anglo,Reider,9.92332e-06,7587227,7587324
anglo,Reidy,3.04484e-05,7587324,7587619
anglo,Reif,1.32822e-05,7587619,7587748
anglo,Reiff,1.62246e-05,7587748,7587905
anglo,Reilly,0.000172438,7587905,7589569
anglo,Reiman,8.76835e-06,7589569,7589655
anglo,Reimer,3.55723e-05,7589655,7589999
anglo,Reimers,1.31407e-05,7589999,7590127
anglo,Rein,1.64956e-05,7590127,7590287
anglo,Reiner,2.04359e-05,7590287,7590485
anglo,Reinert,2.14102e-05,7590485,7590692
anglo,Reinhard,1.52935e-05,7590692,7590840
anglo,Reinhart,3.62873e-05,7590840,7591191
anglo,Reinhold,1.395e-05,7591191,7591327
anglo,Reinke,2.32801e-05,7591327,7591552
anglo,Reis,4.77898e-05,7591552,7592014
anglo,Reiser,1.78903e-05,7592014,7592188
anglo,Reisinger,1.7246e-05,7592188,7592355
anglo,Reiss,2.88114e-05,7592355,7592634
anglo,Reiter,4.24353e-05,7592634,7593044
anglo,Reitz,2.98721e-05,7593044,7593333
anglo,Remillard,1.00805e-05,7593333,7593431
anglo,Remington,2.31033e-05,7593431,7593655
anglo,Renda,9.01977e-06,7593655,7593743
anglo,Reneau,1.28815e-05,7593743,7593868
anglo,Renehan,2.33028e-05,7593868,7594094
anglo,Renfro,3.85226e-05,7594094,7594466
anglo,Renfroe,1.89431e-05,7594466,7594650
anglo,Renfrow,1.56039e-05,7594650,7594801
anglo,Renken,9.09441e-06,7594801,7594890
anglo,Renn,1.13061e-05,7594890,7595000
anglo,Rennie,1.60124e-05,7595000,7595155
anglo,Renninger,1.06658e-05,7595155,7595259
anglo,Reno,3.66212e-05,7595259,7595613
anglo,Renshaw,1.71831e-05,7595613,7595780
anglo,Rentz,1.55332e-05,7595780,7595931
anglo,Renz,1.23236e-05,7595931,7596051
anglo,Repp,1.13729e-05,7596051,7596162
anglo,Resch,1.28343e-05,7596162,7596287
anglo,Resnick,1.82556e-05,7596287,7596464
anglo,Ressler,1.74503e-05,7596464,7596633
anglo,Rettig,1.43036e-05,7596633,7596772
anglo,Retzlaff,9.12191e-06,7596772,7596861
anglo,Revell,1.25711e-05,7596861,7596983
anglo,Revis,1.33411e-05,7596983,7597113
anglo,Rex,2.26201e-05,7597113,7597332
anglo,Reynell,2.20986e-05,7597332,7597546
anglo,Reynolds,0.0014441,7597546,7611472
anglo,Reynoldson,1.64932e-05,7611472,7611632
anglo,Rhatigan,1.46575e-05,7611632,7611774
anglo,Rhattigan,1.47129e-05,7611774,7611917
anglo,Rhea,3.22881e-05,7611917,7612229
anglo,Rhine,1.48457e-05,7612229,7612373
anglo,Rhinehart,2.24198e-05,7612373,7612590
anglo,Rhoades,7.27081e-05,7612590,7613292
anglo,Rhoads,5.25983e-05,7613292,7613800
anglo,Rhode,1.384e-05,7613800,7613934
anglo,Rhodes,0.000356194,7613934,7617370
anglo,Rhyne,1.77488e-05,7617370,7617542
anglo,Riccio,1.63778e-05,7617542,7617701
anglo,Rice,0.000603722,7617701,7623523
anglo,Rich,0.000194385,7623523,7625398
anglo,Richard,0.000316629,7625398,7628452
anglo,Richards,0.00159651,7628452,7643847
anglo,Richardson,0.00103184,7643847,7653798
anglo,Richer,9.87225e-06,7653798,7653894
anglo,Richerson,9.30262e-06,7653894,7653985
anglo,Richert,1.14318e-05,7653985,7654096
anglo,Richey,8.51621e-05,7654096,7654918
anglo,Richie,4.10172e-05,7654918,7655315
anglo,Richins,1.01158e-05,7655315,7655414
anglo,Richman,2.58611e-05,7655414,7655664
anglo,Richmond,0.000145562,7655664,7657069
anglo,Richter,0.000117383,7657069,7658202
anglo,Rick,1.80356e-05,7658202,7658377
anglo,Rickard,0.000375597,7658377,7662000
anglo,Ricker,3.4767e-05,7662000,7662336
anglo,Rickert,2.15398e-05,7662336,7662545
anglo,Rickett,1.13101e-05,7662545,7662655
anglo,Ricketts,5.0528e-05,7662655,7663143
anglo,Rickey,9.91153e-06,7663143,7663240
anglo,Rickman,2.66115e-05,7663240,7663498
anglo,Riddell,2.05695e-05,7663498,7663697
anglo,Riddle,0.000131631,7663697,7664967
anglo,Ridenour,3.19385e-05,7664967,7665276
anglo,Rideout,1.56589e-05,7665276,7665428
anglo,Rider,6.42383e-05,7665428,7666048
anglo,Ridge,6.85762e-05,7666048,7666710
anglo,Ridgeway,3.5258e-05,7666710,7667051
anglo,Ridgway,2.13277e-05,7667051,7667258
anglo,Ridings,1.252e-05,7667258,7667380
anglo,Rieck,1.11844e-05,7667380,7667489
anglo,Riedel,2.58415e-05,7667489,7667739
anglo,Rieder,9.41654e-06,7667739,7667831
anglo,Riegel,1.55842e-05,7667831,7667982
anglo,Rieger,2.35276e-05,7667982,7668210
anglo,Riemer,1.19386e-05,7668210,7668326
anglo,Ries,2.85128e-05,7668326,7668602
anglo,Rife,2.60065e-05,7668602,7668854
anglo,Riffe,1.20918e-05,7668854,7668972
anglo,Riffle,2.14534e-05,7668972,7669180
anglo,Rigby,2.53701e-05,7669180,7669426
anglo,Rigdon,2.0212e-05,7669426,7669622
anglo,Rigg,1.09329e-05,7669622,7669728
anglo,Riggle,1.58985e-05,7669728,7669882
anglo,Riggleman,9.3419e-06,7669882,7669973
anglo,Riggs,0.000135556,7669973,7671281
anglo,Rigney,5.49568e-05,7671281,7671812
anglo,Rigsby,2.79864e-05,7671812,7672083
anglo,Riker,1.37968e-05,7672083,7672217
anglo,Riley,0.000853935,7672217,7680452
anglo,Rimmer,1.34589e-05,7680452,7680583
anglo,Rine,9.31047e-06,7680583,7680674
anglo,Rinehart,5.26101e-05,7680674,7681182
anglo,Riner,1.16401e-05,7681182,7681295
anglo,Riney,1.27732e-05,7681295,7681419
anglo,Ring,7.80825e-05,7681419,7682173
anglo,Ringer,2.07541e-05,7682173,7682374
anglo,Ringler,1.36396e-05,7682374,7682507
anglo,Rink,1.21743e-05,7682507,7682625
anglo,Rinker,1.86602e-05,7682625,7682806
anglo,Rinn,1.1439e-05,7682806,7682917
anglo,Riordan,5.62469e-05,7682917,7683460
anglo,Rioux,1.04969e-05,7683460,7683562
anglo,Ripley,3.65898e-05,7683562,7683916
anglo,Ripple,1.07837e-05,7683916,7684021
anglo,Rippy,1.1974e-05,7684021,7684137
anglo,Risch,8.75656e-06,7684137,7684222
anglo,Riser,9.67582e-06,7684222,7684316
anglo,Risher,1.0159e-05,7684316,7684415
anglo,Risinger,1.25554e-05,7684415,7684537
anglo,Risley,1.5871e-05,7684537,7684691
anglo,Risner,2.2848e-05,7684691,7684912
anglo,Ritch,1.08858e-05,7684912,7685018
anglo,Ritchey,3.47434e-05,7685018,7685354
anglo,Ritchie,0.000664692,7685354,7691764
anglo,Ritenour,1.0709e-05,7691764,7691868
anglo,Rittenhouse,2.11273e-05,7691868,7692073
anglo,Ritz,2.52601e-05,7692073,7692318
anglo,Rivard,2.17244e-05,7692318,7692528
anglo,Rix,9.39297e-06,7692528,7692620
anglo,Rizzi,1.10036e-05,7692620,7692727
anglo,Rizzuto,9.09834e-06,7692727,7692816
anglo,Roach,0.000189276,7692816,7694642
anglo,Roache,1.18007e-05,7694642,7694757
anglo,Roark,5.69982e-05,7694757,7695308
anglo,Roarke,2.24856e-05,7695308,7695526
anglo,Roarty,7.64214e-05,7695526,7696264
anglo,Robb,0.000556398,7696264,7701630
anglo,Robbins,0.000307917,7701630,7704600
anglo,Roberge,1.45903e-05,7704600,7704742
anglo,Robert,0.000352445,7704742,7708141
anglo,Roberts,0.00298294,7708141,7736905
anglo,Robertson,0.000621252,7736905,7742896
anglo,Robeson,2.40909e-05,7742896,7743129
anglo,Robey,2.09505e-05,7743129,7743332
anglo,Robichaud,1.22804e-05,7743332,7743451
anglo,Robichaux,9.68368e-06,7743451,7743545
anglo,Robillard,1.37457e-05,7743545,7743679
anglo,Robinett,1.44057e-05,7743679,7743819
anglo,Robinette,3.45077e-05,7743819,7744153
anglo,Robins,4.24157e-05,7744153,7744563
anglo,Robinson,0.00214157,7744563,7765214
anglo,Robison,9.99796e-05,7765214,7766179
anglo,Robitaille,1.02572e-05,7766179,7766279
anglo,Robson,0.00057086,7766279,7771785
anglo,Rocco,2.58611e-05,7771785,7772035
anglo,Roche,1.2854e-05,7772035,7772160
anglo,Rock,9.20961e-05,7772160,7773049
anglo,Rockey,1.0489e-05,7773049,7773151
anglo,Rockwell,4.85559e-05,7773151,7773620
anglo,Rockwood,1.13022e-05,7773620,7773730
anglo,Rodden,2.07347e-05,7773730,7773931
anglo,Roddy,3.9281e-05,7773931,7774311
anglo,Rode,1.32114e-05,7774311,7774439
anglo,Roden,6.63454e-05,7774439,7775080
anglo,Roderick,2.76525e-05,7775080,7775348
anglo,Rodgers,0.00094452,7775348,7784457
anglo,Rodman,2.19405e-05,7784457,7784670
anglo,Roe,0.000168397,7784670,7786295
anglo,Roeder,2.64857e-05,7786295,7786551
anglo,Roehl,9.87225e-06,7786551,7786647
anglo,Roemer,1.395e-05,7786647,7786783
anglo,Roesch,1.26104e-05,7786783,7786906
anglo,Roesler,9.65618e-06,7786906,7787000
anglo,Roessler,9.30655e-06,7787000,7787091
anglo,Rogan,1.78235e-05,7787091,7787264
anglo,Rogers,0.00207824,7787264,7807304
anglo,Rogerson,2.64991e-05,7807304,7807561
anglo,Rohan,1.38913e-05,7807561,7807696
anglo,Rohde,2.73461e-05,7807696,7807961
anglo,Rohr,2.47808e-05,7807961,7808201
anglo,Rohrbach,1.10626e-05,7808201,7808309
anglo,Rohrbaugh,9.83689e-06,7808309,7808405
anglo,Rohrer,3.04456e-05,7808405,7808700
anglo,Roland,0.000102218,7808700,7809687
anglo,Rolf,9.46368e-06,7809687,7809779
anglo,Rolfe,1.78431e-05,7809779,7809952
anglo,Roll,1.96856e-05,7809952,7810143
anglo,Roller,3.10113e-05,7810143,7810443
anglo,Rollo,1.03947e-05,7810443,7810544
anglo,Romans,1.45943e-05,7810544,7810686
anglo,Rome,1.97877e-05,7810686,7810878
anglo,Romeo,3.39263e-05,7810878,7811206
anglo,Romig,1.11608e-05,7811206,7811315
anglo,Romine,3.02649e-05,7811315,7811608
anglo,Ronan,2.08863e-05,7811608,7811810
anglo,Ronayne,1.72475e-05,7811810,7811977
anglo,Rondeau,1.52975e-05,7811977,7812125
anglo,Roney,2.36297e-05,7812125,7812354
anglo,Rood,2.45687e-05,7812354,7812592
anglo,Roof,1.76545e-05,7812592,7812763
anglo,Rook,1.83381e-05,7812763,7812941
anglo,Rooker,1.17854e-05,7812941,7813056
anglo,Rooney,8.04786e-05,7813056,7813833
anglo,Roop,1.64014e-05,7813833,7813992
anglo,Roos,1.98427e-05,7813992,7814184
anglo,Root,7.96851e-05,7814184,7814953
anglo,Roper,7.88248e-05,7814953,7815714
anglo,Ropp,8.91763e-06,7815714,7815801
anglo,Rosati,1.13926e-05,7815801,7815912
anglo,Rosato,1.00765e-05,7815912,7816010
anglo,Roscoe,2.02395e-05,7816010,7816206
anglo,Rose,0.00128685,7816206,7828615
anglo,Roseberry,1.65585e-05,7828615,7828776
anglo,Roseman,1.56864e-05,7828776,7828928
anglo,Rosen,8.87677e-05,7828928,7829785
anglo,Rosenbaum,3.66644e-05,7829785,7830140
anglo,Rosenberger,2.8395e-05,7830140,7830415
anglo,Rosenblatt,1.37104e-05,7830415,7830548
anglo,Rosenblum,1.60517e-05,7830548,7830704
anglo,Rosenthal,6.51458e-05,7830704,7831333
anglo,Rosenzweig,9.86046e-06,7831333,7831429
anglo,Rosier,1.57021e-05,7831429,7831581
anglo,Rosner,1.44882e-05,7831581,7831722
anglo,Ross,0.000915908,7831722,7840555
anglo,Rossiter,0.000305904,7840555,7843506
anglo,Rossman,2.15987e-05,7843506,7843715
anglo,Rost,1.53721e-05,7843715,7843864
anglo,Roten,8.89013e-06,7843864,7843951
anglo,Rothe,1.11215e-05,7843951,7844059
anglo,Rothermel,9.41261e-06,7844059,7844151
anglo,Rothman,2.11312e-05,7844151,7844356
anglo,Rothrock,1.24611e-05,7844356,7844477
anglo,Rothschild,1.16047e-05,7844477,7844590
anglo,Rothwell,1.79885e-05,7844590,7844764
anglo,Rotondo,1.05322e-05,7844764,7844867
anglo,Rouleau,9.89974e-06,7844867,7844963
anglo,Rounds,2.53268e-05,7844963,7845208
anglo,Roundy,9.94296e-06,7845208,7845305
anglo,Rourke,2.74139e-05,7845305,7845570
anglo,Roush,4.47296e-05,7845570,7846002
anglo,Routh,1.43311e-05,7846002,7846141
anglo,Row,9.54618e-06,7846141,7846234
anglo,Rowan,6.81128e-05,7846234,7846892
anglo,Rowden,1.2579e-05,7846892,7847014
anglo,Rowe,0.00103497,7847014,7856995
anglo,Rowell,6.2667e-05,7856995,7857600
anglo,Rowland,0.000489424,7857600,7862320
anglo,Rowlands,0.000371913,7862320,7865907
anglo,Rowles,1.2909e-05,7865907,7866032
anglo,Rowlett,1.35375e-05,7866032,7866164
anglo,Rowley,7.35813e-05,7866164,7866875
anglo,Royce,2.00941e-05,7866875,7867070
anglo,Royston,1.05204e-05,7867070,7867172
anglo,Rozell,1.04772e-05,7867172,7867274
anglo,Ruane,3.29376e-05,7867274,7867593
anglo,Ruark,1.05676e-05,7867593,7867696
anglo,Rubin,9.1003e-05,7867696,7868574
anglo,Rubino,2.71732e-05,7868574,7868837
anglo,Ruble,2.55468e-05,7868837,7869084
anglo,Ruby,3.57137e-05,7869084,7869429
anglo,Ruch,1.44646e-05,7869429,7869569
anglo,Ruckman,1.01472e-05,7869569,7869668
anglo,Rudd,5.78742e-05,7869668,7870227
anglo,Rudden,1.16931e-05,7870227,7870341
anglo,Rudder,1.06815e-05,7870341,7870445
anglo,Ruddy,0.000201932,7870445,7872393
anglo,Rude,1.83106e-05,7872393,7872571
anglo,Rudisill,1.29247e-05,7872571,7872697
anglo,Rudkins,1.17864e-05,7872697,7872812
anglo,Rudnick,9.3144e-06,7872812,7872903
anglo,Rudy,2.77704e-05,7872903,7873172
anglo,Rue,1.97327e-05,7873172,7873363
anglo,Ruff,6.04317e-05,7873363,7873947
anglo,Ruffing,9.60904e-06,7873947,7874041
anglo,Ruffner,1.17618e-05,7874041,7874155
anglo,Rugg,1.17304e-05,7874155,7874269
anglo,Ruggiero,3.63894e-05,7874269,7874621
anglo,Ruggles,2.0538e-05,7874621,7874820
anglo,Ruhl,1.75288e-05,7874820,7874990
anglo,Rule,2.44979e-05,7874990,7875227
anglo,Rummel,1.53721e-05,7875227,7875376
anglo,Rumsey,2.05302e-05,7875376,7875575
anglo,Rundle,9.9076e-06,7875575,7875672
anglo,Runge,2.01884e-05,7875672,7875868
anglo,Runion,1.23904e-05,7875868,7875988
anglo,Runkle,1.17501e-05,7875988,7876102
anglo,Runyan,2.47533e-05,7876102,7876342
anglo,Runyon,3.59573e-05,7876342,7876690
anglo,Rupe,1.40325e-05,7876690,7876826
anglo,Rupert,3.11763e-05,7876826,7877128
anglo,Rupp,4.47806e-05,7877128,7877561
anglo,Rusch,1.84756e-05,7877561,7877740
anglo,Rush,0.00114324,7877740,7888765
anglo,Rushing,7.70137e-05,7888765,7889509
anglo,Rushton,1.71635e-05,7889509,7889675
anglo,Rusk,1.84677e-05,7889675,7889854
anglo,Rusnak,1.09015e-05,7889854,7889960
anglo,Russ,6.40341e-05,7889960,7890578
anglo,Russel,1.64799e-05,7890578,7890738
anglo,Russell,0.00242342,7890738,7914107
anglo,Rutan,9.33405e-06,7914107,7914198
anglo,Ruth,5.89742e-05,7914198,7914768
anglo,Rutherford,0.000614056,7914768,7920690
anglo,Rutland,1.63739e-05,7920690,7920849
anglo,Rutledge,0.000105625,7920849,7921868
anglo,Rutter,2.83046e-05,7921868,7922142
anglo,Ruzicka,9.91153e-06,7922142,7922239
anglo,Ryals,2.16969e-05,7922239,7922449
anglo,Ryan,0.00185703,7922449,7940356
anglo,Ryder,7.26442e-05,7940356,7941057
anglo,Rye,1.60242e-05,7941057,7941213
anglo,Ryerson,9.46761e-06,7941213,7941305
anglo,Ryle,1.98539e-05,7941305,7941497
anglo,Rymer,1.19818e-05,7941497,7941614
anglo,Rynn,2.32807e-05,7941614,7941839
anglo,Rynne,3.12521e-05,7941839,7942141
anglo,Saad,2.14534e-05,7942141,7942349
anglo,Saari,1.10311e-05,7942349,7942456
anglo,Sabatino,1.32861e-05,7942456,7942585
anglo,Sabin,2.15909e-05,7942585,7942794
anglo,Sabo,3.49595e-05,7942794,7943132
anglo,Sacco,2.72714e-05,7943132,7943396
anglo,Sachs,2.84736e-05,7943396,7943672
anglo,Sack,1.46493e-05,7943672,7943814
anglo,Sackett,2.25298e-05,7943814,7944032
anglo,Sacks,1.79806e-05,7944032,7944206
anglo,Sadler,8.44778e-05,7944206,7945022
anglo,Safford,1.23668e-05,7945022,7945142
anglo,Sage,4.40264e-05,7945142,7945568
anglo,Sailer,9.89974e-06,7945568,7945664
anglo,Sailor,9.47547e-06,7945664,7945756
anglo,Salamone,1.5105e-05,7945756,7945903
anglo,Sale,1.41071e-05,7945903,7946040
anglo,Saleh,3.79333e-05,7946040,7946407
anglo,Salem,3.30149e-05,7946407,7946726
anglo,Salerno,3.70848e-05,7946726,7947085
anglo,Saliba,8.81942e-06,7947085,7947171
anglo,Salisbury,5.12194e-05,7947171,7947666
anglo,Salmon,1.94175e-05,7947666,7947854
anglo,Salmons,1.30779e-05,7947854,7947981
anglo,Salo,1.15143e-05,7947981,7948093
anglo,Saltzman,1.67628e-05,7948093,7948256
anglo,Salvato,8.76442e-06,7948256,7948342
anglo,Salvatore,2.23137e-05,7948342,7948558
anglo,Salyer,2.72086e-05,7948558,7948821
anglo,Salyers,2.41679e-05,7948821,7949055
anglo,Salzman,1.38007e-05,7949055,7949189
anglo,Sammon,1.5727e-05,7949189,7949342
anglo,Sammons,3.20602e-05,7949342,7949652
anglo,Samples,3.40323e-05,7949652,7949981
anglo,Sams,6.29105e-05,7949981,7950589
anglo,Samuelson,3.07364e-05,7950589,7950886
anglo,Sanborn,3.93829e-05,7950886,7951267
anglo,Sand,1.88959e-05,7951267,7951450
anglo,Sandefur,1.13179e-05,7951450,7951560
anglo,Sander,3.57098e-05,7951560,7951905
anglo,Sanders,0.00126819,7951905,7964134
anglo,Sanderson,9.57918e-05,7964134,7965059
anglo,Sandford,8.7762e-06,7965059,7965145
anglo,Sandler,1.80042e-05,7965145,7965320
anglo,Sandlin,3.30816e-05,7965320,7965640
anglo,Sands,7.30067e-05,7965640,7966345
anglo,Sandstrom,1.70967e-05,7966345,7966511
anglo,Sandy,2.28873e-05,7966511,7966733
anglo,Sanfilippo,1.63935e-05,7966733,7966892
anglo,Sanford,0.000142651,7966892,7968269
anglo,Sanger,1.46611e-05,7968269,7968411
anglo,Sanner,1.20486e-05,7968411,7968528
anglo,Sansom,1.14043e-05,7968528,7968639
anglo,Sansone,2.0703e-05,7968639,7968840
anglo,Santangelo,1.69396e-05,7968840,7969004
anglo,Santee,8.9962e-06,7969004,7969092
anglo,Santucci,1.28775e-05,7969092,7969217
anglo,Saors,1.54491e-05,7969217,7969367
anglo,Sapp,8.03294e-05,7969367,7970143
anglo,Sappington,1.05283e-05,7970143,7970246
anglo,Sargeant,1.08072e-05,7970246,7970351
anglo,Sargent,0.000109156,7970351,7971405
anglo,Sarno,1.27086e-05,7971405,7971529
anglo,Sarsfield,1.64077e-05,7971529,7971688
anglo,Sartain,1.19072e-05,7971688,7971804
anglo,Sartin,1.71949e-05,7971804,7971971
anglo,Sartor,9.23583e-06,7971971,7972061
anglo,Sarver,2.6635e-05,7972061,7972319
anglo,Sass,1.90767e-05,7972319,7972504
anglo,Sasser,2.85678e-05,7972504,7972780
anglo,Sather,1.50775e-05,7972780,7972926
anglo,Satherley,0.000538894,7972926,7978123
anglo,Satterfield,5.50889e-05,7978123,7978655
anglo,Satterlee,9.98224e-06,7978655,7978752
anglo,Sattler,1.9167e-05,7978752,7978938
anglo,Saucier,2.54918e-05,7978938,7979185
anglo,Sauder,9.40083e-06,7979185,7979277
anglo,Sauers,1.08858e-05,7979277,7979383
anglo,Saul,2.76839e-05,7979383,7979651
anglo,Sauls,2.54958e-05,7979651,7979898
anglo,Saunders,0.00116512,7979898,7991134
anglo,Sauter,2.02827e-05,7991134,7991331
anglo,Sauve,9.11798e-06,7991331,7991420
anglo,Savage,0.000196086,7991420,7993312
anglo,Saville,1.296e-05,7993312,7993438
anglo,Savino,1.92456e-05,7993438,7993625
anglo,Savoie,2.22037e-05,7993625,7993840
anglo,Sawicki,1.56235e-05,7993840,7993992
anglo,Sawyer,0.000192605,7993992,7995850
anglo,Sawyers,1.97445e-05,7995850,7996041
anglo,Saxon,2.97621e-05,7996041,7996329
anglo,Saxton,3.73558e-05,7996329,7996690
anglo,Sayer,1.33372e-05,7996690,7996820
anglo,Sayers,4.78674e-05,7996820,7997283
anglo,Sayler,1.0819e-05,7997283,7997388
anglo,Saylor,6.28948e-05,7997388,7997995
anglo,Sayre,3.13217e-05,7997995,7998298
anglo,Scaggs,1.06187e-05,7998298,7998401
anglo,Scala,1.3895e-05,7998401,7998536
anglo,Scalf,1.34864e-05,7998536,7998667
anglo,Scalise,1.395e-05,7998667,7998803
anglo,Scallan,7.41842e-05,7998803,7999519
anglo,Scallon,1.18122e-05,7999519,7999634
anglo,Scally,9.31228e-05,7999634,8000533
anglo,Scalzo,9.47154e-06,8000533,8000625
anglo,Scanlan,3.3522e-05,8000625,8000949
anglo,Scanlon,8.06553e-05,8000949,8001728
anglo,Scannell,2.22455e-05,8001728,8001943
anglo,Scarberry,1.49989e-05,8001943,8002089
anglo,Scarborough,4.81316e-05,8002089,8002554
anglo,Scarbrough,3.27124e-05,8002554,8002870
anglo,Scates,8.92156e-06,8002870,8002957
anglo,Schad,9.78582e-06,8002957,8003052
anglo,Schade,1.55489e-05,8003052,8003203
anglo,Schaefer,0.000161315,8003203,8004759
anglo,Schaeffer,6.29498e-05,8004759,8005367
anglo,Schaff,1.13179e-05,8005367,8005477
anglo,Schaffer,8.09815e-05,8005477,8006259
anglo,Schaffner,1.54271e-05,8006259,8006409
anglo,Schalk,1.14554e-05,8006409,8006520
anglo,Schall,1.48732e-05,8006520,8006664
anglo,Schaller,2.30798e-05,8006664,8006888
anglo,Schantz,1.27479e-05,8006888,8007012
anglo,Schaper,9.81332e-06,8007012,8007108
anglo,Scharf,1.92534e-05,8007108,8007295
anglo,Schatz,2.45962e-05,8007295,8007533
anglo,Schaub,2.36769e-05,8007533,8007762
anglo,Schauer,2.14612e-05,8007762,8007970
anglo,Schechter,1.33372e-05,8007970,8008100
anglo,Scheele,8.70549e-06,8008100,8008185
anglo,Scheetz,1.1919e-05,8008185,8008301
anglo,Scheffler,1.59182e-05,8008301,8008455
anglo,Scheid,1.33293e-05,8008455,8008585
anglo,Scheidt,9.93117e-06,8008585,8008682
anglo,Schell,5.1133e-05,8008682,8009176
anglo,Scheller,1.44253e-05,8009176,8009316
anglo,Schenck,2.45333e-05,8009316,8009554
anglo,Schendel,9.04727e-06,8009554,8009642
anglo,Scher,1.26575e-05,8009642,8009765
anglo,Scherer,5.2724e-05,8009765,8010274
anglo,Schermerhorn,1.18286e-05,8010274,8010389
anglo,Scherr,1.02494e-05,8010389,8010489
anglo,Scherrer,1.22254e-05,8010489,8010608
anglo,Schexnayder,1.00805e-05,8010608,8010706
anglo,Schick,2.34412e-05,8010706,8010933
anglo,Schiff,1.56864e-05,8010933,8011085
anglo,Schill,1.14829e-05,8011085,8011197
anglo,Schiller,3.58748e-05,8011197,8011544
anglo,Schilling,6.50005e-05,8011544,8012172
anglo,Schillinger,1.0269e-05,8012172,8012272
anglo,Schimmel,1.20368e-05,8012272,8012389
anglo,Schindler,3.85029e-05,8012389,8012761
anglo,Schirmer,1.34668e-05,8012761,8012892
anglo,Schlabach,1.77331e-05,8012892,8013064
anglo,Schlegel,2.93103e-05,8013064,8013348
anglo,Schleicher,1.31839e-05,8013348,8013476
anglo,Schlenker,1.0984e-05,8013476,8013583
anglo,Schlesinger,1.54782e-05,8013583,8013733
anglo,Schley,9.48333e-06,8013733,8013825
anglo,Schlueter,1.81024e-05,8013825,8014001
anglo,Schmaltz,9.66797e-06,8014001,8014095
anglo,Schmid,4.47846e-05,8014095,8014528
anglo,Schmit,2.07188e-05,8014528,8014729
anglo,Schmitz,9.40122e-05,8014729,8015637
anglo,Schmucker,1.69474e-05,8015637,8015801
anglo,Schnabel,1.22175e-05,8015801,8015920
anglo,Schneck,1.08701e-05,8015920,8016026
anglo,Schnell,2.63522e-05,8016026,8016281
anglo,Schober,1.08426e-05,8016281,8016387
anglo,Schoch,1.23393e-05,8016387,8016507
anglo,Schock,1.50971e-05,8016507,8016654
anglo,Schoen,3.19777e-05,8016654,8016963
anglo,Schofield,5.02451e-05,8016963,8017448
anglo,Schoolcraft,1.01315e-05,8017448,8017547
anglo,Schooley,1.55882e-05,8017547,8017698
anglo,Schoonmaker,1.08701e-05,8017698,8017804
anglo,Schoonover,3.04692e-05,8017804,8018099
anglo,Schorr,1.20015e-05,8018099,8018216
anglo,Schott,3.8664e-05,8018216,8018590
anglo,Schrader,6.57115e-05,8018590,8019225
anglo,Schram,1.82045e-05,8019225,8019402
anglo,Schramm,2.96325e-05,8019402,8019689
anglo,Schreck,1.61932e-05,8019689,8019846
anglo,Schreiber,6.29891e-05,8019846,8020454
anglo,Schreier,9.38904e-06,8020454,8020546
anglo,Schreiner,3.20249e-05,8020546,8020856
anglo,Schrock,4.14414e-05,8020856,8021257
anglo,Schroder,2.09191e-05,8021257,8021460
anglo,Schroeder,0.000267046,8021460,8024036
anglo,Schroer,1.25004e-05,8024036,8024158
anglo,Schubert,4.96126e-05,8024158,8024637
anglo,Schuck,1.64249e-05,8024637,8024796
anglo,Schueler,9.44404e-06,8024796,8024888
anglo,Schueller,9.46761e-06,8024888,8024980
anglo,Schuette,1.59457e-05,8024980,8025135
anglo,Schuetz,1.29168e-05,8025135,8025261
anglo,Schuh,1.95481e-05,8025261,8025450
anglo,Schuldt,8.97655e-06,8025450,8025538
anglo,Schuller,1.36318e-05,8025538,8025670
anglo,Schulman,1.84206e-05,8025670,8025849
anglo,Schulte,6.54405e-05,8025849,8026481
anglo,Schultheis,1.04851e-05,8026481,8026583
anglo,Schultz,0.000412049,8026583,8030557
anglo,Schulze,3.34274e-05,8030557,8030880
anglo,Schumacher,9.93589e-05,8030880,8031839
anglo,Schumaker,1.39264e-05,8031839,8031974
anglo,Schuman,2.26673e-05,8031974,8032194
anglo,Schutt,1.82988e-05,8032194,8032371
anglo,Schutte,2.16498e-05,8032371,8032581
anglo,Schutz,2.08484e-05,8032581,8032783
anglo,Schuyler,1.36711e-05,8032783,8032916
anglo,Schwab,6.62733e-05,8032916,8033556
anglo,Schwartz,0.000353841,8033556,8036969
anglo,Schwarz,6.23998e-05,8036969,8037572
anglo,Schwass,0.000445173,8037572,8041866
anglo,Schweiger,1.01669e-05,8041866,8041965
anglo,Schweizer,1.23079e-05,8041965,8042085
anglo,Schwenk,9.5894e-06,8042085,8042178
anglo,Sciortino,8.72906e-06,8042178,8042263
anglo,Scofield,2.37594e-05,8042263,8042493
anglo,Scoggins,3.26142e-05,8042493,8042808
anglo,Scollan,1.13768e-05,8042808,8042919
anglo,Scott,0.00484289,8042919,8089618
anglo,Scoville,1.10469e-05,8089618,8089726
anglo,Scranton,9.26726e-06,8089726,8089816
anglo,Scribner,2.57629e-05,8089816,8090065
anglo,Scriven,2.80776e-05,8090065,8090337
anglo,Scrivner,9.9626e-06,8090337,8090434
anglo,Scroggins,3.73008e-05,8090434,8090795
anglo,Scudder,1.56707e-05,8090795,8090947
anglo,Scullion,1.41464e-05,8090947,8091084
anglo,Scully,4.78719e-05,8091084,8091547
anglo,Seabolt,1.47396e-05,8091547,8091690
anglo,Seagraves,1.31211e-05,8091690,8091818
anglo,Seal,3.65976e-05,8091818,8092172
anglo,Seale,2.29658e-05,8092172,8092394
anglo,Seally,1.47632e-05,8092394,8092537
anglo,Sealy,3.71506e-05,8092537,8092896
anglo,Seaman,5.20012e-05,8092896,8093398
anglo,Seamon,8.98048e-06,8093398,8093486
anglo,Searle,0.000393268,8093486,8097279
anglo,Searles,2.42701e-05,8097279,8097514
anglo,Sears,0.000154676,8097514,8099006
anglo,Seaton,3.7018e-05,8099006,8099364
anglo,Seaver,1.32939e-05,8099364,8099493
anglo,Seavey,9.49904e-06,8099493,8099586
anglo,Sebring,9.80939e-06,8099586,8099682
anglo,Sechrist,1.19151e-05,8099682,8099798
anglo,Secor,1.23197e-05,8099798,8099918
anglo,Secrest,1.41386e-05,8099918,8100055
anglo,Sedgwick,1.04144e-05,8100055,8100156
anglo,Sedlacek,9.77796e-06,8100156,8100251
anglo,Seeger,1.62207e-05,8100251,8100408
anglo,Seeley,4.34528e-05,8100408,8100828
anglo,Seely,2.18855e-05,8100828,8101040
anglo,Seeman,9.46761e-06,8101040,8101132
anglo,Seery,2.2626e-05,8101132,8101351
anglo,Segal,3.13178e-05,8101351,8101654
anglo,Segars,8.70549e-06,8101654,8101739
anglo,Seger,1.74188e-05,8101739,8101908
anglo,Segerson,5.03239e-05,8101908,8102394
anglo,Segersun,3.13593e-05,8102394,8102697
anglo,Seibel,1.70142e-05,8102697,8102862
anglo,Seiber,8.8037e-06,8102862,8102948
anglo,Seibert,4.25296e-05,8102948,8103359
anglo,Seidl,1.2249e-05,8103359,8103478
anglo,Seigler,1.04694e-05,8103478,8103580
anglo,Seiler,3.20956e-05,8103580,8103890
anglo,Seitz,4.96166e-05,8103890,8104369
anglo,Selby,4.67802e-05,8104369,8104821
anglo,Self,9.26923e-05,8104821,8105716
anglo,Sell,4.32682e-05,8105716,8106134
anglo,Sellars,2.44822e-05,8106134,8106371
anglo,Sellers,0.000167262,8106371,8107985
anglo,Sellman,8.7487e-06,8107985,8108070
anglo,Sells,3.39145e-05,8108070,8108398
anglo,Selman,1.66096e-05,8108398,8108559
anglo,Selph,1.16165e-05,8108559,8108672
anglo,Seltzer,1.65506e-05,8108672,8108833
anglo,Semple,1.03319e-05,8108833,8108934
anglo,Senecal,1.01158e-05,8108934,8109033
anglo,Senger,9.56582e-06,8109033,8109126
anglo,Senn,2.14023e-05,8109126,8109333
anglo,Sensenig,1.15576e-05,8109333,8109445
anglo,Senter,1.41503e-05,8109445,8109582
anglo,Sergent,1.16165e-05,8109582,8109695
anglo,Serio,1.26065e-05,8109695,8109818
anglo,Sessions,2.98289e-05,8109818,8110107
anglo,Setrick,1.45595e-05,8110107,8110248
anglo,Settle,3.22213e-05,8110248,8110560
anglo,Setzer,1.94066e-05,8110560,8110748
anglo,Severance,1.35768e-05,8110748,8110880
anglo,Severin,9.49118e-06,8110880,8110973
anglo,Severson,4.08207e-05,8110973,8111368
anglo,Sevier,1.16008e-05,8111368,8111481
anglo,Seward,4.08522e-05,8111481,8111876
anglo,Sexton,0.000184877,8111876,8113660
anglo,Seymour,0.000498238,8113660,8118465
anglo,Shackelford,4.52756e-05,8118465,8118903
anglo,Shade,2.80807e-05,8118903,8119175
anglo,Shaeffer,9.32226e-06,8119175,8119266
anglo,Shafer,0.00010073,8119266,8120238
anglo,Shaffer,0.000235484,8120238,8122510
anglo,Shaffrey,2.02918e-05,8122510,8122707
anglo,Shahan,1.48182e-05,8122707,8122851
anglo,Shailer,0.000386598,8122851,8126580
anglo,Shain,9.73475e-06,8126580,8126675
anglo,Shamblin,1.37536e-05,8126675,8126809
anglo,Shanahan,4.55885e-05,8126809,8127250
anglo,Shand,0.000292877,8127250,8130075
anglo,Shane,2.89607e-05,8130075,8130355
anglo,Shaner,2.01177e-05,8130355,8130550
anglo,Shank,5.24176e-05,8130550,8131056
anglo,Shankle,1.17972e-05,8131056,8131171
anglo,Shanks,4.64424e-05,8131171,8131620
anglo,Shanley,3.40371e-05,8131620,8131949
anglo,Shannon,0.000513234,8131949,8136899
anglo,Shanny,1.25222e-05,8136899,8137021
anglo,Shapiro,9.55993e-05,8137021,8137944
anglo,Sharkey,5.85258e-05,8137944,8138509
anglo,Sharon,1.32979e-05,8138509,8138638
anglo,Sharp,0.00031031,8138638,8141631
anglo,Sharpe,0.000145827,8141631,8143038
anglo,Sharry,1.55205e-05,8143038,8143189
anglo,Shattuck,2.0538e-05,8143189,8143388
anglo,Shaughnessy,4.75575e-05,8143388,8143848
anglo,Shaver,6.6674e-05,8143848,8144492
anglo,Shaw,0.00145018,8144492,8158476
anglo,Shawver,1.0434e-05,8158476,8158578
anglo,Shay,3.61891e-05,8158578,8158928
anglo,Shea,0.000157514,8158928,8160448
anglo,Sheaffer,1.61067e-05,8160448,8160604
anglo,Sheahan,2.44302e-05,8160604,8160841
anglo,Shealy,1.81495e-05,8160841,8161017
anglo,Sheane,3.26165e-05,8161017,8161332
anglo,Shear,1.31839e-05,8161332,8161460
anglo,Shearer,6.95614e-05,8161460,8162132
anglo,Shearin,1.33529e-05,8162132,8162262
anglo,Shedd,1.51953e-05,8162262,8162410
anglo,Sheedy,3.60678e-05,8162410,8162759
anglo,Sheehan,0.000118922,8162759,8163907
anglo,Sheehy,4.11533e-05,8163907,8164305
anglo,Sheely,8.8037e-06,8164305,8164391
anglo,Sheeran,1.25914e-05,8164391,8164513
anglo,Sheerin,1.69335e-05,8164513,8164677
anglo,Sheets,8.40064e-05,8164677,8165488
anglo,Sheetz,1.09801e-05,8165488,8165595
anglo,Sheffer,1.45039e-05,8165595,8165736
anglo,Sheffield,7.75401e-05,8165736,8166485
anglo,Sheil,1.42111e-05,8166485,8166623
anglo,Sheilds,1.94559e-05,8166623,8166812
anglo,Sheldon,7.59727e-05,8166812,8167546
anglo,Shell,5.25197e-05,8167546,8168053
anglo,Shellenberger,1.2084e-05,8168053,8168171
anglo,Shelley,5.61771e-05,8168171,8168714
anglo,Shelly,2.01688e-05,8168714,8168909
anglo,Shelton,0.000355593,8168909,8172339
anglo,Shenk,1.3019e-05,8172339,8172466
anglo,Shepard,0.0001549,8172466,8173961
anglo,Shepherd,0.000624188,8173961,8179981
anglo,Shepler,8.72906e-06,8179981,8180066
anglo,Sheppard,0.000145196,8180066,8181467
anglo,Sherer,1.83617e-05,8181467,8181645
anglo,Sheridan,0.000491261,8181645,8186383
anglo,Sherlock,4.25322e-05,8186383,8186794
anglo,Sherman,0.000276965,8186794,8189466
anglo,Sherrer,8.83906e-06,8189466,8189552
anglo,Sherrill,5.3549e-05,8189552,8190069
anglo,Sherry,4.26172e-05,8190069,8190481
anglo,Sherwin,1.29482e-05,8190481,8190607
anglo,Sherwood,8.40064e-05,8190607,8191418
anglo,Shetler,1.91945e-05,8191418,8191604
anglo,Shevlin,1.37711e-05,8191604,8191738
anglo,Shick,9.62868e-06,8191738,8191832
anglo,Shiel,1.13333e-05,8191832,8191942
anglo,Shields,0.000225341,8191942,8194116
anglo,Shiels,1.9142e-05,8194116,8194302
anglo,Shifflett,3.35648e-05,8194302,8194627
anglo,Shiflett,1.44528e-05,8194627,8194767
anglo,Shilling,1.86131e-05,8194767,8194947
anglo,Shine,4.14251e-05,8194947,8195347
anglo,Shinn,3.1577e-05,8195347,8195652
anglo,Shipe,1.0108e-05,8195652,8195750
anglo,Shipley,7.68527e-05,8195750,8196492
anglo,Shipman,6.12095e-05,8196492,8197083
anglo,Shirey,2.36494e-05,8197083,8197312
anglo,Shirk,2.92592e-05,8197312,8197595
anglo,Shirley,0.000106949,8197595,8198627
anglo,Shively,2.74993e-05,8198627,8198893
anglo,Shiver,1.66489e-05,8198893,8199055
anglo,Shoaf,1.26772e-05,8199055,8199178
anglo,Shock,1.27597e-05,8199178,8199302
anglo,Shockey,1.75485e-05,8199302,8199472
anglo,Shockley,4.91216e-05,8199472,8199947
anglo,Shoemake,1.65192e-05,8199947,8200107
anglo,Shoemaker,0.000121523,8200107,8201280
anglo,Shoffner,1.14318e-05,8201280,8201391
anglo,Shook,6.31305e-05,8201391,8202001
anglo,Shoop,1.62246e-05,8202001,8202158
anglo,Shope,1.66528e-05,8202158,8202320
anglo,Shore,3.97954e-05,8202320,8202705
anglo,Shores,3.02139e-05,8202705,8202997
anglo,Short,0.000716827,8202997,8209910
anglo,Shortridge,9.27119e-06,8209910,8210000
anglo,Shortt,2.57198e-05,8210000,8210249
anglo,Shotwell,1.39579e-05,8210249,8210385
anglo,Shoup,2.02866e-05,8210385,8210582
anglo,Shouse,1.66331e-05,8210582,8210743
anglo,Showalter,3.45155e-05,8210743,8211077
anglo,Showers,2.03141e-05,8211077,8211274
anglo,Shows,1.05715e-05,8211274,8211377
anglo,Shrader,2.69297e-05,8211377,8211638
anglo,Shreve,2.48319e-05,8211638,8211878
anglo,Shrewsbury,1.16401e-05,8211878,8211991
anglo,Shriver,2.3343e-05,8211991,8212217
anglo,Shroyer,1.53367e-05,8212217,8212366
anglo,Shrum,2.02159e-05,8212366,8212562
anglo,Shubert,1.5981e-05,8212562,8212717
anglo,Shuck,1.60203e-05,8212717,8212872
anglo,Shuey,1.18286e-05,8212872,8212987
anglo,Shugart,9.61297e-06,8212987,8213081
anglo,Shull,3.75758e-05,8213081,8213444
anglo,Shulman,1.61224e-05,8213444,8213600
anglo,Shults,1.62874e-05,8213600,8213758
anglo,Shultz,6.83357e-05,8213758,8214418
anglo,Shumaker,3.34234e-05,8214418,8214741
anglo,Shuman,3.55252e-05,8214741,8215085
anglo,Shumate,3.26495e-05,8215085,8215401
anglo,Shumway,2.07345e-05,8215401,8215602
anglo,Shuster,1.73953e-05,8215602,8215771
anglo,Shute,1.17186e-05,8215771,8215885
anglo,Shutt,1.51325e-05,8215885,8216032
anglo,Sibert,1.39264e-05,8216032,8216167
anglo,Sibley,3.71908e-05,8216167,8216527
anglo,Siciliano,1.36082e-05,8216527,8216659
anglo,Sickler,1.38046e-05,8216659,8216793
anglo,Sickles,1.24061e-05,8216793,8216914
anglo,Siders,9.87225e-06,8216914,8217010
anglo,Sides,3.21899e-05,8217010,8217321
anglo,Sidwell,1.07483e-05,8217321,8217426
anglo,Sieber,1.09486e-05,8217426,8217533
anglo,Siebert,2.72322e-05,8217533,8217797
anglo,Siegel,8.46035e-05,8217797,8218614
anglo,Siegfried,1.44882e-05,8218614,8218755
anglo,Siegrist,1.05322e-05,8218755,8218858
anglo,Sievers,2.10134e-05,8218858,8219062
anglo,Sievert,9.77403e-06,8219062,8219157
anglo,Siewert,8.87049e-06,8219157,8219244
anglo,Sigerson,1.67911e-05,8219244,8219407
anglo,Sigler,3.53248e-05,8219407,8219749
anglo,Sigman,1.5486e-05,8219749,8219899
anglo,Sigmon,2.2628e-05,8219899,8220118
anglo,Sikes,4.03847e-05,8220118,8220508
anglo,Sikora,2.20151e-05,8220508,8220721
anglo,Silber,9.38904e-06,8220721,8220813
anglo,Silberman,1.08622e-05,8220813,8220919
anglo,Silcox,1.25907e-05,8220919,8221041
anglo,Siler,3.27124e-05,8221041,8221357
anglo,Silk,3.20261e-05,8221357,8221667
anglo,Silke,1.17978e-05,8221667,8221782
anglo,Sill,1.3345e-05,8221782,8221912
anglo,Sills,2.65604e-05,8221912,8222169
anglo,Silver,8.66306e-05,8222169,8223005
anglo,Silverman,5.74971e-05,8223005,8223560
anglo,Silvers,2.98642e-05,8223560,8223849
anglo,Silvey,1.49203e-05,8223849,8223994
anglo,Simard,8.81549e-06,8223994,8224080
anglo,Simcox,9.11405e-06,8224080,8224169
anglo,Simeone,1.06737e-05,8224169,8224273
anglo,Simkins,1.10744e-05,8224273,8224381
anglo,Simmers,9.80939e-06,8224381,8224477
anglo,Simmon,1.1318e-05,8224477,8224587
anglo,Simmonds,0.000430717,8224587,8228741
anglo,Simmons,0.00153697,8228741,8243562
anglo,Simonds,2.0758e-05,8243562,8243763
anglo,Simone,2.83675e-05,8243763,8244038
anglo,Simoneaux,9.04334e-06,8244038,8244126
anglo,Simonsen,0.000458648,8244126,8248550
anglo,Simonson,3.52305e-05,8248550,8248891
anglo,Simonton,1.01158e-05,8248891,8248990
anglo,Simpson,0.00264433,8248990,8274489
anglo,Sims,0.000445386,8274489,8278785
anglo,Sinan,1.44846e-05,8278785,8278926
anglo,Sinclair,0.00109109,8278926,8289448
anglo,Sine,8.97263e-06,8289448,8289536
anglo,Sines,1.51678e-05,8289536,8289683
anglo,Singer,0.000101465,8289683,8290662
anglo,Singley,1.14436e-05,8290662,8290773
anglo,Sink,2.11666e-05,8290773,8290978
anglo,Sinnott,2.34583e-05,8290978,8291205
anglo,Sipe,2.34687e-05,8291205,8291432
anglo,Sipes,2.76329e-05,8291432,8291699
anglo,Sipple,9.29083e-06,8291699,8291790
anglo,Sirois,1.527e-05,8291790,8291938
anglo,Sisco,3.14003e-05,8291938,8292242
anglo,Sisk,4.85755e-05,8292242,8292711
anglo,Sisler,1.1534e-05,8292711,8292823
anglo,Sites,1.82438e-05,8292823,8293000
anglo,Sitton,1.263e-05,8293000,8293123
anglo,Six,1.37379e-05,8293123,8293256
anglo,Sixtus,0.000328022,8293256,8296420
anglo,Sizemore,7.90251e-05,8296420,8297183
anglo,Skaggs,6.98403e-05,8297183,8297857
anglo,Skally,0.000138123,8297857,8299190
anglo,Skeahan,4.86318e-05,8299190,8299660
anglo,Skeen,2.09702e-05,8299660,8299863
anglo,Skeens,1.42093e-05,8299863,8300001
anglo,Skeffington,7.08558e-05,8300001,8300685
anglo,Skehan,1.39384e-05,8300685,8300820
anglo,Skelly,2.92107e-05,8300820,8301103
anglo,Skelton,6.13784e-05,8301103,8301696
anglo,Skiba,1.06069e-05,8301696,8301799
anglo,Skidmore,4.25885e-05,8301799,8302211
anglo,Skiles,2.0318e-05,8302211,8302408
anglo,Skillman,1.01315e-05,8302408,8302507
anglo,Skinner,0.000505195,8302507,8307379
anglo,Skipper,4.06125e-05,8307379,8307772
anglo,Skivington,1.47576e-05,8307772,8307915
anglo,Sklar,1.05754e-05,8307915,8308018
anglo,Slabaugh,1.17736e-05,8308018,8308133
anglo,Slack,5.25511e-05,8308133,8308641
anglo,Slagle,3.36788e-05,8308641,8308967
anglo,Slamon,1.44108e-05,8308967,8309107
anglo,Slate,2.3449e-05,8309107,8309334
anglo,Slater,0.000128005,8309334,8310569
anglo,Slattery,5.17852e-05,8310569,8311069
anglo,Slaven,1.26536e-05,8311069,8311192
anglo,Slavin,1.56392e-05,8311192,8311344
anglo,Slay,1.60085e-05,8311344,8311499
anglo,Slayton,2.77704e-05,8311499,8311768
anglo,Sleeper,1.02101e-05,8311768,8311867
anglo,Slevin,1.83811e-05,8311867,8312045
anglo,Sliger,9.57761e-06,8312045,8312138
anglo,Sloan,0.000190419,8312138,8313975
anglo,Sloane,2.98207e-05,8313975,8314264
anglo,Sloat,9.26333e-06,8314264,8314354
anglo,Slocum,3.57569e-05,8314354,8314700
anglo,Slone,4.76995e-05,8314700,8315161
anglo,Slover,1.05597e-05,8315161,8315264
anglo,Slowey,5.14756e-05,8315264,8315761
anglo,Sluder,1.24729e-05,8315761,8315882
anglo,Slusher,1.96973e-05,8315882,8316073
anglo,Slusser,1.37575e-05,8316073,8316207
anglo,Sly,1.25907e-05,8316207,8316329
anglo,Slyne,1.76464e-05,8316329,8316500
anglo,Small,0.000767991,8316500,8323906
anglo,Smalley,4.61085e-05,8323906,8324352
anglo,Smart,0.000932057,8324352,8333340
anglo,Smedley,1.71713e-05,8333340,8333507
anglo,Smelser,9.48726e-06,8333507,8333599
anglo,Smeltzer,1.50893e-05,8333599,8333745
anglo,Smith,0.0207187,8333745,8533526
anglo,Smitherman,1.38321e-05,8533526,8533660
anglo,Smithers,1.37221e-05,8533660,8533793
anglo,Smithey,9.99403e-06,8533793,8533890
anglo,Smithson,2.74129e-05,8533890,8534155
anglo,Smoak,1.0379e-05,8534155,8534256
anglo,Smock,1.74895e-05,8534256,8534426
anglo,Smotherman,9.78189e-06,8534426,8534521
anglo,Smullen,1.86813e-05,8534521,8534702
anglo,Smyth,5.28087e-05,8534702,8535212
anglo,Smythe,3.71669e-05,8535212,8535571
anglo,Snapp,1.71281e-05,8535571,8535737
anglo,Snavely,1.417e-05,8535737,8535875
anglo,Snell,8.71217e-05,8535875,8536716
anglo,Snelling,1.65389e-05,8536716,8536876
anglo,Snelson,9.09441e-06,8536876,8536965
anglo,Snider,0.000126292,8536965,8538184
anglo,Snodgrass,5.0308e-05,8538184,8538670
anglo,Snook,2.80532e-05,8538670,8538941
anglo,Snow,0.000186712,8538941,8540742
anglo,Snyder,0.000629584,8540742,8546814
anglo,Sobczak,1.0764e-05,8546814,8546919
anglo,Sobel,1.33764e-05,8546919,8547049
anglo,Socha,1.16754e-05,8547049,8547163
anglo,Soileau,1.58199e-05,8547163,8547317
anglo,Soles,1.57375e-05,8547317,8547470
anglo,Soltis,1.28579e-05,8547470,8547595
anglo,Somers,0.000151474,8547595,8549057
anglo,Sommer,4.58138e-05,8549057,8549500
anglo,Sommers,4.59867e-05,8549500,8549944
anglo,Songer,1.32586e-05,8549944,8550073
anglo,Sonnier,2.3838e-05,8550073,8550304
anglo,Soolaghan,1.47073e-05,8550304,8550447
anglo,Soper,0.000318102,8550447,8553515
anglo,Sorensen,0.000110268,8553515,8554579
anglo,Sorenson,6.27062e-05,8554579,8555185
anglo,Sorg,1.14043e-05,8555185,8555296
anglo,Sorrell,3.39459e-05,8555296,8555624
anglo,Sorrells,2.32605e-05,8555624,8555849
anglo,Soucy,1.71949e-05,8555849,8556016
anglo,Souder,1.55882e-05,8556016,8556167
anglo,Souders,1.64171e-05,8556167,8556326
anglo,Soukup,1.373e-05,8556326,8556459
anglo,Soule,2.50322e-05,8556459,8556701
anglo,South,4.39124e-05,8556701,8557125
anglo,Southard,3.4602e-05,8557125,8557460
anglo,Southee,0.000316307,8557460,8560511
anglo,Souther,9.97439e-06,8560511,8560608
anglo,Southerland,3.27477e-05,8560608,8560925
anglo,Southern,3.03985e-05,8560925,8561219
anglo,Southwell,8.81156e-06,8561219,8561305
anglo,Southwick,1.44214e-05,8561305,8561445
anglo,Southworth,1.87899e-05,8561445,8561627
anglo,Sowa,1.07208e-05,8561627,8561731
anglo,Sowards,1.34354e-05,8561731,8561862
anglo,Sowder,9.7976e-06,8561862,8561957
anglo,Sowers,4.00625e-05,8561957,8562344
anglo,Sowman,0.000456888,8562344,8566751
anglo,Spade,9.9626e-06,8566751,8566848
anglo,Spaeth,1.34039e-05,8566848,8566978
anglo,Spahn,8.78013e-06,8566978,8567064
anglo,Spahr,1.17422e-05,8567064,8567178
anglo,Spain,5.84389e-05,8567178,8567742
anglo,Spalding,3.37888e-05,8567742,8568069
anglo,Spangler,7.3156e-05,8568069,8568775
anglo,Spano,1.79178e-05,8568775,8568949
anglo,Sparkman,2.98839e-05,8568949,8569238
anglo,Sparks,0.000249222,8569238,8571642
anglo,Sparling,9.94689e-06,8571642,8571739
anglo,Spaulding,7.42559e-05,8571739,8572456
anglo,Speakman,1.318e-05,8572456,8572584
anglo,Spear,5.21858e-05,8572584,8573088
anglo,Specht,2.25416e-05,8573088,8573306
anglo,Speck,2.47376e-05,8573306,8573546
anglo,Spector,1.81574e-05,8573546,8573722
anglo,Speicher,1.18993e-05,8573722,8573838
anglo,Spell,2.0872e-05,8573838,8574040
anglo,Spellman,2.99624e-05,8574040,8574330
anglo,Spelman,0.000351453,8574330,8577720
anglo,Spence,0.000141932,8577720,8579090
anglo,Spencer,0.00113631,8579090,8590048
anglo,Spenser,1.7019e-05,8590048,8590213
anglo,Sperling,1.65939e-05,8590213,8590374
anglo,Sperry,3.04849e-05,8590374,8590669
anglo,Spicer,7.26806e-05,8590669,8591371
anglo,Spiegel,2.48986e-05,8591371,8591612
anglo,Spielman,1.26811e-05,8591612,8591735
anglo,Spiers,1.17422e-05,8591735,8591849
anglo,Spillane,0.000138059,8591849,8593181
anglo,Spillers,9.9351e-06,8593181,8593278
anglo,Spillman,1.87584e-05,8593278,8593460
anglo,Spina,1.74935e-05,8593460,8593630
anglo,Spindler,1.43311e-05,8593630,8593769
anglo,Spink,9.22405e-06,8593769,8593859
anglo,Spinner,1.34354e-05,8593859,8593990
anglo,Spires,2.98249e-05,8593990,8594279
anglo,Spitler,1.18483e-05,8594279,8594394
anglo,Spitz,1.37496e-05,8594394,8594528
anglo,Spitzer,2.76054e-05,8594528,8594795
anglo,Spohn,1.2245e-05,8594795,8594914
anglo,Spoon,1.16951e-05,8594914,8595028
anglo,Spooner,2.89096e-05,8595028,8595308
anglo,Spotts,1.24847e-05,8595308,8595429
anglo,Spradley,1.34904e-05,8595429,8595560
anglo,Spradlin,2.88978e-05,8595560,8595840
anglo,Spradling,1.35532e-05,8595840,8595972
anglo,Sprague,8.88227e-05,8595972,8596829
anglo,Spratt,1.83617e-05,8596829,8597007
anglo,Spray,1.12001e-05,8597007,8597116
anglo,Spring,3.44016e-05,8597116,8597449
anglo,Springer,0.000124309,8597449,8598649
anglo,Sprinkle,2.46119e-05,8598649,8598887
anglo,Sproul,1.16754e-05,8598887,8599001
anglo,Sprouse,3.23274e-05,8599001,8599314
anglo,Spry,1.54782e-05,8599314,8599464
anglo,Spurgeon,2.76839e-05,8599464,8599732
anglo,Spurlin,1.25515e-05,8599732,8599854
anglo,Spurling,1.09683e-05,8599854,8599961
anglo,Spurlock,4.76956e-05,8599961,8600422
anglo,Squires,5.51754e-05,8600422,8600955
anglo,Staab,1.37418e-05,8600955,8601088
anglo,Staats,1.78706e-05,8601088,8601261
anglo,Stabile,1.1314e-05,8601261,8601371
anglo,Stabler,1.1424e-05,8601371,8601482
anglo,Stace,0.000316307,8601482,8604533
anglo,Stacey,3.7399e-05,8604533,8604895
anglo,Stack,6.15446e-05,8604895,8605489
anglo,Stacy,7.46802e-05,8605489,8606210
anglo,Stadler,2.0373e-05,8606210,8606407
anglo,Stafford,0.000182257,8606407,8608165
anglo,Stage,1.03751e-05,8608165,8608266
anglo,Stagg,1.30111e-05,8608266,8608392
anglo,Staggs,3.73755e-05,8608392,8608753
anglo,Stagner,9.31047e-06,8608753,8608844
anglo,Stahl,8.72553e-05,8608844,8609686
anglo,Stair,9.9076e-06,8609686,8609783
anglo,Staley,7.10267e-05,8609783,8610469
anglo,Stalker,1.35611e-05,8610469,8610601
anglo,Stallard,1.54192e-05,8610601,8610751
anglo,Stallings,6.78408e-05,8610751,8611406
anglo,Stalnaker,1.48103e-05,8611406,8611550
anglo,Stalter,9.49511e-06,8611550,8611643
anglo,Stambaugh,2.26869e-05,8611643,8611863
anglo,Stamey,1.39854e-05,8611863,8611999
anglo,Stamm,2.14534e-05,8611999,8612207
anglo,Stamp,1.285e-05,8612207,8612332
anglo,Stamper,5.31443e-05,8612332,8612845
anglo,Standish,1.25279e-05,8612845,8612967
anglo,Standley,1.76231e-05,8612967,8613138
anglo,Standridge,1.99488e-05,8613138,8613331
anglo,Stanek,1.96973e-05,8613331,8613522
anglo,Stanfield,4.41128e-05,8613522,8613948
anglo,Stanfill,1.31447e-05,8613948,8614076
anglo,Stanford,8.36568e-05,8614076,8614884
anglo,Stang,1.37693e-05,8614884,8615018
anglo,Stanger,1.44882e-05,8615018,8615159
anglo,Stanko,1.12079e-05,8615159,8615268
anglo,Stanley,0.000380539,8615268,8618938
anglo,Stansberry,1.47318e-05,8618938,8619081
anglo,Stansbury,2.02395e-05,8619081,8619277
anglo,Stansell,1.10508e-05,8619277,8619385
anglo,Stanton,0.000153457,8619385,8620866
anglo,Staples,6.76365e-05,8620866,8621519
anglo,Stapleton,8.97113e-05,8621519,8622385
anglo,Stapp,1.44371e-05,8622385,8622525
anglo,Starbuck,8.97263e-06,8622525,8622613
anglo,Starcher,1.43664e-05,8622613,8622753
anglo,Stark,0.000163955,8622753,8624335
anglo,Starke,1.296e-05,8624335,8624461
anglo,Starkey,5.89428e-05,8624461,8625030
anglo,Starner,9.96653e-06,8625030,8625127
anglo,Starnes,5.6735e-05,8625127,8625675
anglo,Starr,0.00011928,8625675,8626826
anglo,Starrett,1.29365e-05,8626826,8626952
anglo,States,1.13651e-05,8626952,8627063
anglo,Statler,1.15143e-05,8627063,8627175
anglo,Staub,1.96581e-05,8627175,8627366
anglo,Stauffer,6.21523e-05,8627366,8627966
anglo,Staunton,1.22985e-05,8627966,8628086
anglo,Stclair,5.73164e-05,8628086,8628640
anglo,Stead,1.10311e-05,8628640,8628747
anglo,Steadman,3.00214e-05,8628747,8629037
anglo,Stearns,5.7175e-05,8629037,8629589
anglo,Stebbins,2.54722e-05,8629589,8629836
anglo,Steck,1.40011e-05,8629836,8629972
anglo,Stecker,1.20722e-05,8629972,8630089
anglo,Stedman,1.79767e-05,8630089,8630263
anglo,Steed,5.25169e-05,8630263,8630770
anglo,Steel,2.79354e-05,8630770,8631040
anglo,Steele,0.000733207,8631040,8638111
anglo,Steelman,1.95009e-05,8638111,8638300
anglo,Steen,5.10269e-05,8638300,8638793
anglo,Steer,0.000304592,8638793,8641731
anglo,Steeves,1.07404e-05,8641731,8641836
anglo,Stefan,1.18365e-05,8641836,8641951
anglo,Steffen,4.51538e-05,8641951,8642387
anglo,Steffens,1.94341e-05,8642387,8642575
anglo,Steffes,1.07208e-05,8642575,8642679
anglo,Steffey,9.32226e-06,8642679,8642770
anglo,Stegall,2.92239e-05,8642770,8643053
anglo,Steger,2.05498e-05,8643053,8643252
anglo,Stegman,1.11176e-05,8643252,8643360
anglo,Steiger,1.56589e-05,8643360,8643512
anglo,Steinbach,1.56628e-05,8643512,8643664
anglo,Steiner,9.32422e-05,8643664,8644564
anglo,Steinke,2.16302e-05,8644564,8644774
anglo,Steinman,1.62599e-05,8644774,8644932
anglo,Steinmetz,3.15535e-05,8644932,8645237
anglo,Stell,9.00405e-06,8645237,8645325
anglo,Stelly,1.51403e-05,8645325,8645472
anglo,Stender,9.67189e-06,8645472,8645566
anglo,Stengel,1.51482e-05,8645566,8645713
anglo,Stenger,1.80749e-05,8645713,8645888
anglo,Stenson,2.4987e-05,8645888,8646130
anglo,Stephan,3.07992e-05,8646130,8646428
anglo,Stephens,0.000587092,8646428,8652090
anglo,Stephenson,0.000211753,8652090,8654133
anglo,Stepp,4.15279e-05,8654133,8654534
anglo,Stern,9.85025e-05,8654534,8655485
anglo,Sterner,2.11548e-05,8655485,8655690
anglo,Sterrett,1.10311e-05,8655690,8655797
anglo,Stetler,9.26726e-06,8655797,8655887
anglo,Stetson,1.52228e-05,8655887,8656035
anglo,Steven,1.06815e-05,8656035,8656139
anglo,Stevens,0.00212351,8656139,8676616
anglo,Stevenson,0.000951344,8676616,8685790
anglo,Steward,9.99096e-05,8685790,8686754
anglo,Stewart,0.00349696,8686754,8720474
anglo,Stgeorge,1.18876e-05,8720474,8720590
anglo,Stgermain,1.70535e-05,8720590,8720755
anglo,Stice,1.06894e-05,8720755,8720859
anglo,Stickel,9.66011e-06,8720859,8720953
anglo,Stickler,1.28225e-05,8720953,8721078
anglo,Stickney,1.69278e-05,8721078,8721242
anglo,Stidham,2.97739e-05,8721242,8721530
anglo,Stier,1.24847e-05,8721530,8721651
anglo,Stiff,1.04576e-05,8721651,8721753
anglo,Stiffler,1.60989e-05,8721753,8721909
anglo,Stigall,9.30655e-06,8721909,8722000
anglo,Stiles,8.39003e-05,8722000,8722810
anglo,Still,4.85323e-05,8722810,8723279
anglo,Stiller,1.18483e-05,8723279,8723394
anglo,Stillman,2.1257e-05,8723394,8723600
anglo,Stillwell,2.83282e-05,8723600,8723874
anglo,Stiltner,1.45707e-05,8723874,8724015
anglo,Stilwell,2.4113e-05,8724015,8724249
anglo,Stimpson,1.12433e-05,8724249,8724358
anglo,Stimson,1.00255e-05,8724358,8724456
anglo,Stine,3.92022e-05,8724456,8724835
anglo,Stiner,9.49118e-06,8724835,8724928
anglo,Stines,9.13369e-06,8724928,8725017
anglo,Stinnett,3.19856e-05,8725017,8725326
anglo,Stinson,0.000104816,8725326,8726338
anglo,Stirling,1.11411e-05,8726338,8726446
anglo,Stites,1.70849e-05,8726446,8726612
anglo,Stitt,2.33587e-05,8726612,8726838
anglo,Stivers,1.73324e-05,8726838,8727006
anglo,Stjohn,6.22388e-05,8727006,8727607
anglo,Stlaurent,9.71511e-06,8727607,8727702
anglo,Stmartin,9.35369e-06,8727702,8727793
anglo,Stock,4.9978e-05,8727793,8728276
anglo,Stockdale,1.68964e-05,8728276,8728440
anglo,Stocker,2.57747e-05,8728440,8728690
anglo,Stockman,2.44587e-05,8728690,8728927
anglo,Stocks,1.84952e-05,8728927,8729106
anglo,Stockton,5.22722e-05,8729106,8729611
anglo,Stockwell,2.61793e-05,8729611,8729864
anglo,Stoddard,5.62439e-05,8729864,8730407
anglo,Stogner,1.08936e-05,8730407,8730513
anglo,Stoices,1.32501e-05,8730513,8730642
anglo,Stoker,2.70593e-05,8730642,8730904
anglo,Stokes,0.0005945,8730904,8736637
anglo,Stoller,1.45707e-05,8736637,8736778
anglo,Stoltz,2.32251e-05,8736778,8737003
anglo,Stoltzfus,6.20148e-05,8737003,8737602
anglo,Stolz,1.27597e-05,8737602,8737726
anglo,Stone,0.00104558,8737726,8747809
anglo,Stoner,6.36569e-05,8747809,8748424
anglo,Stonge,1.42407e-05,8748424,8748562
anglo,Stoops,1.57532e-05,8748562,8748715
anglo,Storch,9.66797e-06,8748715,8748809
anglo,Storer,1.38911e-05,8748809,8748944
anglo,Storey,9.65285e-05,8748944,8749876
anglo,Storie,9.2594e-06,8749876,8749966
anglo,Stork,1.35689e-05,8749966,8750098
anglo,Storm,3.88722e-05,8750098,8750474
anglo,Storms,2.19012e-05,8750474,8750686
anglo,Story,9.351e-05,8750686,8751589
anglo,Stotler,1.25907e-05,8751589,8751711
anglo,Stott,2.62933e-05,8751711,8751966
anglo,Stotts,1.86995e-05,8751966,8752147
anglo,Stoudt,9.18476e-06,8752147,8752237
anglo,Stouffer,1.4005e-05,8752237,8752373
anglo,Stough,1.20486e-05,8752373,8752490
anglo,Stout,0.000170122,8752490,8754131
anglo,Stover,9.63497e-05,8754131,8755061
anglo,Stowe,4.19089e-05,8755061,8755466
anglo,Stowell,2.53583e-05,8755466,8755712
anglo,Stowers,2.61518e-05,8755712,8755965
anglo,Stpeter,1.05283e-05,8755965,8756068
anglo,Stpierre,3.78626e-05,8756068,8756434
anglo,Strack,1.26065e-05,8756434,8756557
anglo,Strader,2.42465e-05,8756557,8756792
anglo,Strahan,1.39814e-05,8756792,8756928
anglo,Straight,1.69199e-05,8756928,8757092
anglo,Strain,3.48966e-05,8757092,8757429
anglo,Strait,2.55547e-05,8757429,8757676
anglo,Straka,1.18365e-05,8757676,8757791
anglo,Straley,9.71118e-06,8757791,8757886
anglo,Strand,4.34135e-05,8757886,8758306
anglo,Strang,1.70535e-05,8758306,8758471
anglo,Strange,5.87228e-05,8758471,8759038
anglo,Strasser,1.64839e-05,8759038,8759198
anglo,Stratford,0.000609185,8759198,8765073
anglo,Stratman,8.98048e-06,8765073,8765161
anglo,Stratton,0.000430026,8765161,8769309
anglo,Straub,3.78076e-05,8769309,8769675
anglo,Strauch,9.9076e-06,8769675,8769772
anglo,Straus,9.95081e-06,8769772,8769869
anglo,Strauss,5.437e-05,8769869,8770394
anglo,Straw,1.55646e-05,8770394,8770545
anglo,Strawbridge,0.000339738,8770545,8773822
anglo,Strawn,2.09898e-05,8773822,8774025
anglo,Strawser,9.23976e-06,8774025,8774115
anglo,Strayer,1.42839e-05,8774115,8774254
anglo,Strecker,9.63261e-06,8774254,8774348
anglo,Street,0.00037092,8774348,8777926
anglo,Streit,1.20486e-05,8777926,8778043
anglo,Stricker,2.02866e-05,8778043,8778240
anglo,Strickland,0.000266228,8778240,8780808
anglo,Strickler,2.38812e-05,8780808,8781039
anglo,Stricklin,2.15398e-05,8781039,8781248
anglo,Stringer,6.79625e-05,8781248,8781904
anglo,Stringfellow,1.85817e-05,8781904,8782084
anglo,Stringham,8.80763e-06,8782084,8782170
anglo,Stripling,1.05322e-05,8782170,8782273
anglo,Strobel,2.39519e-05,8782273,8782505
anglo,Strock,9.51083e-06,8782505,8782598
anglo,Strode,1.30857e-05,8782598,8782725
anglo,Strohl,1.03947e-05,8782725,8782826
anglo,Strohm,8.85084e-06,8782826,8782912
anglo,Strom,3.59141e-05,8782912,8783259
anglo,Stroud,9.51122e-05,8783259,8784177
anglo,Stroup,2.99624e-05,8784177,8784467
anglo,Stroupe,8.97655e-06,8784467,8784555
anglo,Strouse,1.55725e-05,8784555,8784706
anglo,Strout,1.15576e-05,8784706,8784818
anglo,Struble,1.79217e-05,8784818,8784992
anglo,Struck,1.30425e-05,8784992,8785119
anglo,Strunk,3.19345e-05,8785119,8785428
anglo,Stryker,1.19661e-05,8785428,8785544
anglo,Stuart,0.000696299,8785544,8792259
anglo,Stubblefield,3.4877e-05,8792259,8792596
anglo,Stubbs,0.000453979,8792596,8796974
anglo,Stuber,1.11372e-05,8796974,8797082
anglo,Stuck,1.57453e-05,8797082,8797235
anglo,Stucker,1.1039e-05,8797235,8797342
anglo,Stucky,1.09133e-05,8797342,8797448
anglo,Studebaker,1.03201e-05,8797448,8797549
anglo,Studer,2.1088e-05,8797549,8797753
anglo,Stull,3.66291e-05,8797753,8798107
anglo,Stults,1.07954e-05,8798107,8798212
anglo,Stultz,1.87702e-05,8798212,8798394
anglo,Stump,5.60082e-05,8798394,8798935
anglo,Sturdevant,1.0214e-05,8798935,8799034
anglo,Sturgeon,3.53837e-05,8799034,8799376
anglo,Sturges,1.16204e-05,8799376,8799489
anglo,Sturgill,3.3172e-05,8799489,8799810
anglo,Sturm,3.63069e-05,8799810,8800161
anglo,Sturtevant,1.08819e-05,8800161,8800267
anglo,Stutts,1.39107e-05,8800267,8800402
anglo,Stutz,1.53367e-05,8800402,8800551
anglo,Stutzman,3.6083e-05,8800551,8800900
anglo,Sublett,1.07287e-05,8800900,8801004
anglo,Sudduth,1.46061e-05,8801004,8801146
anglo,Sugg,1.00883e-05,8801146,8801244
anglo,Sugrue,2.5274e-05,8801244,8801489
anglo,Suhr,1.06737e-05,8801489,8801593
anglo,Suiter,1.15065e-05,8801593,8801705
anglo,Sullins,1.46964e-05,8801705,8801848
anglo,Sullivan,0.00170028,8801848,8818244
anglo,Summer,1.09133e-05,8818244,8818350
anglo,Summerfield,1.08347e-05,8818350,8818455
anglo,Summerlin,1.89509e-05,8818455,8818639
anglo,Summers,0.000223738,8818639,8820797
anglo,Summerville,5.37283e-05,8820797,8821316
anglo,Summey,8.96084e-06,8821316,8821403
anglo,Sumner,7.40045e-05,8821403,8822118
anglo,Sumrall,1.55607e-05,8822118,8822269
anglo,Sunday,1.40129e-05,8822269,8822405
anglo,Sunderland,1.72342e-05,8822405,8822572
anglo,Sunderman,1.04654e-05,8822572,8822674
anglo,Sundquist,9.69546e-06,8822674,8822768
anglo,Supple,3.08853e-05,8822768,8823067
anglo,Surber,1.58592e-05,8823067,8823221
anglo,Surface,9.33797e-06,8823221,8823312
anglo,Surratt,1.78313e-05,8823312,8823485
anglo,Sussman,1.79335e-05,8823485,8823659
anglo,Suter,2.2188e-05,8823659,8823874
anglo,Sutherland,0.000116224,8823874,8824996
anglo,Sutphin,1.64524e-05,8824996,8825156
anglo,Sutter,3.83419e-05,8825156,8825527
anglo,Suttle,1.30936e-05,8825527,8825654
anglo,Suttles,1.89392e-05,8825654,8825838
anglo,Sutton,0.00102511,8825838,8835724
anglo,Svendsen,8.90584e-06,8835724,8835811
anglo,Svoboda,2.23373e-05,8835811,8836027
anglo,Swafford,3.68058e-05,8836027,8836383
anglo,Swaim,2.08602e-05,8836383,8836585
anglo,Swallow,1.13572e-05,8836585,8836696
anglo,Swan,9.03587e-05,8836696,8837568
anglo,Swaney,1.75524e-05,8837568,8837738
anglo,Swanger,1.38911e-05,8837738,8837873
anglo,Swank,3.07678e-05,8837873,8838171
anglo,Swanner,8.98834e-06,8838171,8838259
anglo,Swanson,0.000302088,8838259,8841173
anglo,Swart,1.76388e-05,8841173,8841344
anglo,Swartz,9.9956e-05,8841344,8842309
anglo,Swartzentruber,1.3565e-05,8842309,8842441
anglo,Swearingen,3.09249e-05,8842441,8842740
anglo,Sweat,3.61184e-05,8842740,8843089
anglo,Sweatt,1.45471e-05,8843089,8843230
anglo,Sweeney,0.000225772,8843230,8845408
anglo,Sweeny,3.10756e-05,8845408,8845709
anglo,Sweet,0.000118054,8845709,8846848
anglo,Sweeten,1.10861e-05,8846848,8846956
anglo,Sweigart,1.04419e-05,8846956,8847058
anglo,Sweitzer,1.64328e-05,8847058,8847217
anglo,Swensen,1.03201e-05,8847217,8847318
anglo,Swenson,9.03902e-05,8847318,8848191
anglo,Swett,1.32939e-05,8848191,8848320
anglo,Swick,1.79688e-05,8848320,8848494
anglo,Swift,0.000107881,8848494,8849535
anglo,Swiger,1.47632e-05,8849535,8849678
anglo,Swihart,9.45976e-06,8849678,8849770
anglo,Swindell,1.81417e-05,8849770,8849946
anglo,Swindle,1.88292e-05,8849946,8850129
anglo,Swinehart,1.03437e-05,8850129,8850230
anglo,Swiney,9.29476e-06,8850230,8850321
anglo,Swinford,1.24533e-05,8850321,8850442
anglo,Swingle,1.11333e-05,8850442,8850550
anglo,Swink,1.48457e-05,8850550,8850694
anglo,Swinney,1.90767e-05,8850694,8850879
anglo,Swisher,3.70494e-05,8850879,8851237
anglo,Switzer,4.3661e-05,8851237,8851659
anglo,Swoboda,8.70942e-06,8851659,8851744
anglo,Swope,3.30581e-05,8851744,8852064
anglo,Sword,1.26693e-05,8852064,8852187
anglo,Swords,2.48136e-05,8852187,8852427
anglo,Sykes,0.000108214,8852427,8853471
anglo,Sylvester,7.42324e-05,8853471,8854188
anglo,Sylvia,2.26123e-05,8854188,8854407
anglo,Symonds,1.08426e-05,8854407,8854513
anglo,Synnott,1.84247e-05,8854513,8854692
anglo,Syverson,8.93727e-06,8854692,8854779
anglo,Szabo,3.01628e-05,8854779,8855071
anglo,Taber,3.05949e-05,8855071,8855367
anglo,Tabor,6.06752e-05,8855367,8855953
anglo,Tackett,7.75362e-05,8855953,8856702
anglo,Tadlock,1.384e-05,8856702,8856836
anglo,Taft,3.55448e-05,8856836,8857180
anglo,Taggart,5.06014e-05,8857180,8857669
anglo,Tague,1.35886e-05,8857669,8857801
anglo,Tait,0.000434664,8857801,8861993
anglo,Takacs,1.23158e-05,8861993,8862113
anglo,Talarico,1.05715e-05,8862113,8862216
anglo,Talbot,6.11349e-05,8862216,8862806
anglo,Talbott,2.90157e-05,8862806,8863087
anglo,Talkington,1.00805e-05,8863087,8863185
anglo,Tallent,2.03927e-05,8863185,8863383
anglo,Tallman,3.21113e-05,8863383,8863694
anglo,Tally,9.56582e-06,8863694,8863787
anglo,Talmadge,8.8862e-06,8863787,8863874
anglo,Tangney,1.50111e-05,8863874,8864020
anglo,Tanguay,9.46368e-06,8864020,8864112
anglo,Tanis,9.26726e-06,8864112,8864202
anglo,Tankersley,2.35315e-05,8864202,8864430
anglo,Tanner,0.000484638,8864430,8869104
anglo,Tansey,2.64516e-05,8869104,8869360
anglo,Tant,9.25155e-06,8869360,8869450
anglo,Taormina,8.83906e-06,8869450,8869536
anglo,Tapley,1.28225e-05,8869536,8869661
anglo,Tapp,0.000738922,8869661,8876787
anglo,Tapper,9.29476e-06,8876787,8876878
anglo,Tarpey,1.2944e-05,8876878,8877004
anglo,Tarpley,1.44568e-05,8877004,8877144
anglo,Tarr,2.75818e-05,8877144,8877411
anglo,Tarrant,1.73835e-05,8877411,8877580
anglo,Tarter,1.37771e-05,8877580,8877714
anglo,Tasker,1.39579e-05,8877714,8877850
anglo,Tatman,1.12511e-05,8877850,8877959
anglo,Tatro,2.00431e-05,8877959,8878153
anglo,Taub,1.06265e-05,8878153,8878256
anglo,Tauber,1.06383e-05,8878256,8878360
anglo,Taulbee,1.20525e-05,8878360,8878477
anglo,Taylor,0.00723045,8878477,8948198
anglo,Teague,9.63025e-05,8948198,8949128
anglo,Teahan,1.84575e-05,8949128,8949307
anglo,Teal,3.51087e-05,8949307,8949647
anglo,Tedder,2.16066e-05,8949647,8949856
anglo,Tedeschi,9.11798e-06,8949856,8949945
anglo,Tedford,1.31761e-05,8949945,8950073
anglo,Teel,3.06971e-05,8950073,8950370
anglo,Teeter,2.31465e-05,8950370,8950594
anglo,Teeters,1.17265e-05,8950594,8950708
anglo,Teets,1.2135e-05,8950708,8950826
anglo,Tehan,2.62597e-05,8950826,8951080
anglo,Teitelbaum,1.13415e-05,8951080,8951190
anglo,Telford,1.28854e-05,8951190,8951315
anglo,Teller,1.49832e-05,8951315,8951460
anglo,Temple,8.85831e-05,8951460,8952315
anglo,Templeton,5.26258e-05,8952315,8952823
anglo,Templin,1.62207e-05,8952823,8952980
anglo,Tennant,3.41502e-05,8952980,8953310
anglo,Tenney,2.84343e-05,8953310,8953585
anglo,Tennison,1.24493e-05,8953585,8953706
anglo,Tennyson,1.6146e-05,8953706,8953863
anglo,Tepper,1.34197e-05,8953863,8953993
anglo,Terhune,1.08661e-05,8953993,8954099
anglo,Ternan,1.13896e-05,8954099,8954210
anglo,Terpstra,9.87617e-06,8954210,8954306
anglo,Terrill,2.21605e-05,8954306,8954521
anglo,Terry,0.000779533,8954521,8962039
anglo,Terwilliger,1.63149e-05,8962039,8962197
anglo,Tesch,1.6366e-05,8962197,8962356
anglo,Teske,1.16872e-05,8962356,8962470
anglo,Testa,3.41541e-05,8962470,8962800
anglo,Tester,1.7026e-05,8962800,8962965
anglo,Testerman,1.252e-05,8962965,8963087
anglo,Teter,1.59103e-05,8963087,8963241
anglo,Tetreault,1.62167e-05,8963241,8963398
anglo,Tew,2.06127e-05,8963398,8963598
anglo,Thacker,8.45093e-05,8963598,8964414
anglo,Thaler,8.78799e-06,8964414,8964500
anglo,Tharp,5.4044e-05,8964500,8965022
anglo,Thaxton,1.8507e-05,8965022,8965201
anglo,Thayer,6.53108e-05,8965201,8965832
anglo,Theis,2.52404e-05,8965832,8966076
anglo,Theisen,2.24198e-05,8966076,8966293
anglo,Theiss,1.02887e-05,8966293,8966393
anglo,Thelen,2.22234e-05,8966393,8966608
anglo,Theobald,1.68924e-05,8966608,8966772
anglo,Theriault,2.30012e-05,8966772,8966995
anglo,Theriot,2.52365e-05,8966995,8967239
anglo,Therrien,1.92495e-05,8967239,8967426
anglo,Thibeault,1.34236e-05,8967426,8967556
anglo,Thibodeau,3.10506e-05,8967556,8967856
anglo,Thibodeaux,5.44093e-05,8967856,8968382
anglo,Thiel,3.88133e-05,8968382,8968757
anglo,Thiele,1.75917e-05,8968757,8968928
anglo,Thielen,1.12629e-05,8968928,8969038
anglo,Thiessen,1.38243e-05,8969038,8969172
anglo,Thill,1.20015e-05,8969172,8969289
anglo,Thom,4.0737e-05,8969289,8969683
anglo,Thoma,1.5981e-05,8969683,8969838
anglo,Thoman,1.1039e-05,8969838,8969945
anglo,Thomas,0.00549777,8969945,9022958
anglo,Thomason,8.04472e-05,9022958,9023735
anglo,Thome,1.24258e-05,9023735,9023856
anglo,Thompson,0.00608294,9023856,9082512
anglo,Thoms,1.24218e-05,9082512,9082633
anglo,Thomsen,3.00685e-05,9082633,9082924
anglo,Thomson,9.72296e-05,9082924,9083863
anglo,Thoreson,9.41654e-06,9083863,9083955
anglo,Thorn,3.92376e-05,9083955,9084334
anglo,Thornberry,8.71728e-06,9084334,9084419
anglo,Thornburg,2.87132e-05,9084419,9084697
anglo,Thorne,7.36117e-05,9084697,9085408
anglo,Thornhill,2.87839e-05,9085408,9085687
anglo,Thornton,0.000652356,9085687,9091978
anglo,Thorp,2.3834e-05,9091978,9092209
anglo,Thorpe,8.56917e-05,9092209,9093036
anglo,Thorsen,1.22608e-05,9093036,9093155
anglo,Thorson,2.6525e-05,9093155,9093412
anglo,Thrasher,5.04258e-05,9093412,9093899
anglo,Threlkeld,8.78799e-06,9093899,9093985
anglo,Thrift,1.3015e-05,9093985,9094111
anglo,Throckmorton,1.27204e-05,9094111,9094235
anglo,Thurber,1.66253e-05,9094235,9094396
anglo,Thurlow,9.24762e-06,9094396,9094486
anglo,Thurman,9.40869e-05,9094486,9095394
anglo,Thurston,5.98463e-05,9095394,9095972
anglo,Tibbetts,2.56843e-05,9095972,9096221
anglo,Tice,3.97483e-05,9096221,9096605
anglo,Tichenor,9.77403e-06,9096605,9096700
anglo,Tidd,9.10227e-06,9096700,9096789
anglo,Tidwell,8.31893e-05,9096789,9097592
anglo,Tiernan,2.56515e-05,9097592,9097840
anglo,Tierney,6.48534e-05,9097840,9098466
anglo,Tietz,9.3969e-06,9098466,9098558
anglo,Tiffany,1.91356e-05,9098558,9098744
anglo,Tighe,1.94145e-05,9098744,9098932
anglo,Till,1.68885e-05,9098932,9099096
anglo,Tiller,3.12471e-05,9099096,9099398
anglo,Tillett,1.23629e-05,9099398,9099518
anglo,Tilley,6.19048e-05,9099518,9100116
anglo,Tillotson,1.62992e-05,9100116,9100274
anglo,Tilson,1.25161e-05,9100274,9100396
anglo,Tilton,3.19149e-05,9100396,9100705
anglo,Timberlake,1.72067e-05,9100705,9100872
anglo,Timko,9.96653e-06,9100872,9100969
anglo,Timlin,6.79387e-05,9100969,9101625
anglo,Timm,3.70573e-05,9101625,9101983
anglo,Timmer,1.19975e-05,9101983,9102100
anglo,Timmins,9.89582e-06,9102100,9102196
anglo,Timms,1.71006e-05,9102196,9102362
anglo,Timoney,1.17921e-05,9102362,9102477
anglo,Timony,2.01617e-05,9102477,9102672
anglo,Tincher,1.39971e-05,9102672,9102808
anglo,Tindall,2.67215e-05,9102808,9103067
anglo,Tindell,1.06029e-05,9103067,9103170
anglo,Tingle,1.8511e-05,9103170,9103349
anglo,Tingley,1.307e-05,9103349,9103476
anglo,Tinker,2.4714e-05,9103476,9103715
anglo,Tinney,3.10605e-05,9103715,9104015
anglo,Tippett,1.70653e-05,9104015,9104181
anglo,Tipton,9.84632e-05,9104181,9105131
anglo,Tittle,1.70613e-05,9105131,9105297
anglo,Titus,6.19913e-05,9105297,9105896
anglo,Toal,1.54944e-05,9105896,9106046
anglo,Tobey,1.47553e-05,9106046,9106189
anglo,Tobin,9.62313e-05,9106189,9107118
anglo,Tobler,9.80939e-06,9107118,9107214
anglo,Tocco,8.7762e-06,9107214,9107300
anglo,Todaro,1.14358e-05,9107300,9107411
anglo,Todd,0.000902803,9107411,9116117
anglo,Togher,1.30012e-05,9116117,9116243
anglo,Tohall,1.35398e-05,9116243,9116375
anglo,Tolan,1.64386e-05,9116375,9116535
anglo,Toland,1.94538e-05,9116535,9116724
anglo,Tolar,8.95298e-06,9116724,9116811
anglo,Toler,3.70337e-05,9116811,9117169
anglo,Tolin,1.47184e-05,9117169,9117312
anglo,Toll,8.9412e-06,9117312,9117399
anglo,Tolle,1.40011e-05,9117399,9117535
anglo,Tollefson,1.55842e-05,9117535,9117686
anglo,Tolley,2.24944e-05,9117686,9117904
anglo,Tollison,9.11012e-06,9117904,9117993
anglo,Tolman,1.75995e-05,9117993,9118164
anglo,Toman,1.12236e-05,9118164,9118273
anglo,Tomasello,9.9351e-06,9118273,9118370
anglo,Tomblin,1.08779e-05,9118370,9118476
anglo,Tomczak,1.00805e-05,9118476,9118574
anglo,Tomes,1.20722e-05,9118574,9118691
anglo,Tomko,1.06462e-05,9118691,9118795
anglo,Tomlin,4.63442e-05,9118795,9119243
anglo,Tomlinson,9.92882e-05,9119243,9120201
anglo,Tompkins,9.45033e-05,9120201,9121113
anglo,Toms,0.000365452,9121113,9124638
anglo,Toner,3.1424e-05,9124638,9124942
anglo,Toohey,1.02847e-05,9124942,9125042
anglo,Toolan,1.16542e-05,9125042,9125155
anglo,Toole,4.38051e-05,9125155,9125578
anglo,Tooley,1.71713e-05,9125578,9125745
anglo,Toolin,1.37529e-05,9125745,9125879
anglo,Toolis,1.55995e-05,9125879,9126030
anglo,Tooman,1.19232e-05,9126030,9126146
anglo,Toomey,4.60196e-05,9126146,9126591
anglo,Toon,1.03554e-05,9126591,9126692
anglo,Topp,1.0104e-05,9126692,9126790
anglo,Topper,1.06854e-05,9126790,9126894
anglo,Topping,1.34472e-05,9126894,9127025
anglo,Torgerson,1.93399e-05,9127025,9127212
anglo,Torkelson,8.94513e-06,9127212,9127299
anglo,Tormay,1.14078e-05,9127299,9127410
anglo,Tormey,1.4416e-05,9127410,9127550
anglo,Torpey,1.25119e-05,9127550,9127672
anglo,Torrance,9.26333e-06,9127672,9127762
anglo,Torrence,3.82489e-05,9127762,9128132
anglo,Torrens,1.12131e-05,9128132,9128241
anglo,Torrey,1.96581e-05,9128241,9128432
anglo,Toth,7.70216e-05,9128432,9129176
anglo,Totten,2.68236e-05,9129176,9129436
anglo,Touchet,9.38512e-06,9129436,9129527
anglo,Toups,1.18168e-05,9129527,9129642
anglo,Towe,1.13022e-05,9129642,9129752
anglo,Tower,1.76231e-05,9129752,9129923
anglo,Towers,1.72538e-05,9129923,9130090
anglo,Towery,1.33568e-05,9130090,9130220
anglo,Towle,1.63267e-05,9130220,9130378
anglo,Towler,9.98617e-06,9130378,9130475
anglo,Town,9.2594e-06,9130475,9130565
anglo,Towne,2.61872e-05,9130565,9130819
anglo,Towner,1.49793e-05,9130819,9130964
anglo,Townley,1.55057e-05,9130964,9131115
anglo,Townsend,0.000272479,9131115,9133743
anglo,Townsley,1.08151e-05,9133743,9133848
anglo,Tracey,4.44287e-05,9133848,9134277
anglo,Tracy,0.000129112,9134277,9135523
anglo,Trader,1.38479e-05,9135523,9135658
anglo,Trahan,5.54464e-05,9135658,9136194
anglo,Trail,1.61107e-05,9136194,9136350
anglo,Trainer,1.36986e-05,9136350,9136483
anglo,Trainor,0.000111359,9136483,9137558
anglo,Trammel,1.23825e-05,9137558,9137678
anglo,Trammell,4.9428e-05,9137678,9138156
anglo,Trantham,1.29797e-05,9138156,9138282
anglo,Trask,0.00042252,9138282,9142357
anglo,Traub,1.03633e-05,9142357,9142458
anglo,Trautman,1.31054e-05,9142458,9142585
anglo,Traver,1.4826e-05,9142585,9142729
anglo,Travers,4.95102e-05,9142729,9143207
anglo,Travis,0.000137438,9143207,9144533
anglo,Traxler,1.23393e-05,9144533,9144653
anglo,Traynor,2.77021e-05,9144653,9144921
anglo,Treacy,4.4892e-05,9144921,9145355
anglo,Treadway,3.06106e-05,9145355,9145651
anglo,Treanor,1.53344e-05,9145651,9145800
anglo,Treat,1.87192e-05,9145800,9145981
anglo,Treece,1.62796e-05,9145981,9146139
anglo,Tremblay,3.1412e-05,9146139,9146443
anglo,Trenor,1.40728e-05,9146443,9146580
anglo,Trent,7.71159e-05,9146580,9147325
anglo,Tressler,1.38321e-05,9147325,9147459
anglo,Trexler,1.30268e-05,9147459,9147586
anglo,Trigg,1.43075e-05,9147586,9147725
anglo,Trimble,6.40576e-05,9147725,9148344
anglo,Trimmer,1.3785e-05,9148344,9148478
anglo,Tripp,8.02744e-05,9148478,9149253
anglo,Troiano,9.92332e-06,9149253,9149350
anglo,Trombley,2.71379e-05,9149350,9149613
anglo,Trosclair,9.88796e-06,9149613,9149709
anglo,Trott,1.76703e-05,9149709,9149880
anglo,Trottier,8.8862e-06,9149880,9149967
anglo,Troup,1.43664e-05,9149967,9150107
anglo,Trout,5.01194e-05,9150107,9150591
anglo,Troutman,4.5252e-05,9150591,9151028
anglo,Trowbridge,2.78725e-05,9151028,9151298
anglo,Troxel,1.19111e-05,9151298,9151414
anglo,Troxell,1.87781e-05,9151414,9151596
anglo,Troy,5.11971e-05,9151596,9152091
anglo,Troyer,6.67094e-05,9152091,9152735
anglo,Truax,2.34451e-05,9152735,9152962
anglo,Trudeau,2.23805e-05,9152962,9153179
anglo,Trudell,1.20643e-05,9153179,9153296
anglo,True,3.24531e-05,9153296,9153610
anglo,Trueblood,1.32429e-05,9153610,9153739
anglo,Truelove,1.22333e-05,9153739,9153858
anglo,Truesdell,1.09447e-05,9153858,9153965
anglo,Truett,1.07247e-05,9153965,9154069
anglo,Truitt,3.75444e-05,9154069,9154432
anglo,Trull,1.4005e-05,9154432,9154568
anglo,Truman,2.16891e-05,9154568,9154778
anglo,Trumble,1.29757e-05,9154778,9154904
anglo,Trumbull,8.9962e-06,9154904,9154992
anglo,Trump,1.5266e-05,9154992,9155140
anglo,Trussell,1.62757e-05,9155140,9155298
anglo,Trusty,1.63542e-05,9155298,9155457
anglo,Tryon,1.82202e-05,9155457,9155634
anglo,Tubbs,5.03944e-05,9155634,9156121
anglo,Tubridy,1.21454e-05,9156121,9156239
anglo,Tucci,1.66764e-05,9156239,9156401
anglo,Tuck,3.93554e-05,9156401,9156781
anglo,Tucker,0.00113813,9156781,9167756
anglo,Tufts,1.08386e-05,9167756,9167862
anglo,Tull,2.31937e-05,9167862,9168087
anglo,Tullis,1.69081e-05,9168087,9168251
anglo,Tullos,1.15497e-05,9168251,9168363
anglo,Tully,5.10026e-05,9168363,9168856
anglo,Tuma,9.75832e-06,9168856,9168951
anglo,Tunnell,1.32075e-05,9168951,9169079
anglo,Tuohey,1.33863e-05,9169079,9169209
anglo,Tuohy,1.69932e-05,9169209,9169374
anglo,Tupper,1.56078e-05,9169374,9169525
anglo,Turco,9.34976e-06,9169525,9169616
anglo,Turcotte,2.00038e-05,9169616,9169810
anglo,Turek,1.66606e-05,9169810,9169972
anglo,Turgeon,1.428e-05,9169972,9170111
anglo,Turley,5.3121e-05,9170111,9170624
anglo,Turnbow,1.16086e-05,9170624,9170737
anglo,Turnbull,0.000360707,9170737,9174216
anglo,Turner,0.003408,9174216,9207079
anglo,Turney,2.67254e-05,9207079,9207338
anglo,Tuten,1.00805e-05,9207338,9207436
anglo,Tuthill,9.98224e-06,9207436,9207533
anglo,Tutor,8.85477e-06,9207533,9207619
anglo,Tuttle,0.000109019,9207619,9208671
anglo,Tutty,1.20833e-05,9208671,9208789
anglo,Tweed,1.08033e-05,9208789,9208894
anglo,Tweedy,1.38125e-05,9208894,9209028
anglo,Twidle,0.000304592,9209028,9211966
anglo,Twigg,1.26457e-05,9211966,9212089
anglo,Twitchell,1.09565e-05,9212089,9212196
anglo,Twohey,1.33115e-05,9212196,9212325
anglo,Twohig,4.60412e-05,9212325,9212770
anglo,Twomey,6.94525e-05,9212770,9213441
anglo,Tye,1.4716e-05,9213441,9213584
anglo,Tyler,0.000259499,9213584,9216087
anglo,Tynan,2.08071e-05,9216087,9216289
anglo,Tyndall,1.88017e-05,9216289,9216471
anglo,Tyner,2.67882e-05,9216471,9216730
anglo,Tyre,1.01394e-05,9216730,9216829
anglo,Tyree,3.77644e-05,9216829,9217194
anglo,Tyrrell,4.9861e-05,9217194,9217676
anglo,Uhl,2.06009e-05,9217676,9217876
anglo,Ullman,1.26222e-05,9217876,9217999
anglo,Ulmer,3.2076e-05,9217999,9218309
anglo,Umberger,8.78013e-06,9218309,9218395
anglo,Underhill,2.68668e-05,9218395,9218655
anglo,Underwood,0.000224174,9218655,9220818
anglo,Unger,5.78978e-05,9220818,9221377
anglo,Uniacke,1.17635e-05,9221377,9221491
anglo,Uniaque,1.77334e-05,9221491,9221663
anglo,Unruh,3.07796e-05,9221663,9221961
anglo,Upchurch,3.89783e-05,9221961,9222338
anglo,Updike,1.15536e-05,9222338,9222450
anglo,Upton,5.40911e-05,9222450,9222973
anglo,Urban,7.87973e-05,9222973,9223734
anglo,Urquhart,1.72263e-05,9223734,9223901
anglo,Urso,1.05715e-05,9223901,9224004
anglo,Ussery,1.97838e-05,9224004,9224196
anglo,Utley,2.90118e-05,9224196,9224477
anglo,Utter,1.70142e-05,9224477,9224642
anglo,Utterback,1.22765e-05,9224642,9224761
anglo,Utz,1.19583e-05,9224761,9224877
anglo,Vaccaro,2.658e-05,9224877,9225134
anglo,Vachon,1.15026e-05,9225134,9225246
anglo,Vaden,1.26575e-05,9225246,9225369
anglo,Vail,4.14611e-05,9225369,9225770
anglo,Vaillancourt,1.45707e-05,9225770,9225911
anglo,Valenti,3.21113e-05,9225911,9226222
anglo,Valley,1.76663e-05,9226222,9226393
anglo,Vallone,8.78799e-06,9226393,9226479
anglo,Vanallen,9.41654e-06,9226479,9226571
anglo,Vanarsdale,9.49511e-06,9226571,9226664
anglo,Vanatta,1.01276e-05,9226664,9226763
anglo,Vanbeek,8.74085e-06,9226763,9226848
anglo,Vanburen,2.30758e-05,9226848,9227072
anglo,Vanbuskirk,1.99291e-05,9227072,9227265
anglo,Vancamp,1.31368e-05,9227265,9227393
anglo,Vance,0.000185911,9227393,9229187
anglo,Vancleave,1.51128e-05,9229187,9229334
anglo,Vandam,8.94513e-06,9229334,9229421
anglo,Vandegrift,8.87834e-06,9229421,9229508
anglo,Vandergriff,1.07365e-05,9229508,9229613
anglo,Vanderhoof,9.17298e-06,9229613,9229702
anglo,Vanderlinden,9.08655e-06,9229702,9229791
anglo,Vanderpool,2.45804e-05,9229791,9230029
anglo,Vandeventer,1.26457e-05,9230029,9230152
anglo,Vandiver,2.4604e-05,9230152,9230390
anglo,Vandusen,1.38636e-05,9230390,9230525
anglo,Vandyke,6.69018e-05,9230525,9231171
anglo,Vanek,1.05244e-05,9231171,9231273
anglo,Vanetten,9.83689e-06,9231273,9231369
anglo,Vanfleet,9.58154e-06,9231369,9231462
anglo,Vanhook,1.46139e-05,9231462,9231604
anglo,Vanhoose,1.40836e-05,9231604,9231741
anglo,Vanhorn,5.55918e-05,9231741,9232278
anglo,Vanhouten,1.72185e-05,9232278,9232445
anglo,Vankirk,1.20722e-05,9232445,9232562
anglo,Vanlandingham,1.318e-05,9232562,9232690
anglo,Vanmeter,3.26259e-05,9232690,9233006
anglo,Vanness,1.68571e-05,9233006,9233170
anglo,Vannoy,1.56785e-05,9233170,9233322
anglo,Vanorden,9.01977e-06,9233322,9233410
anglo,Vanover,2.62775e-05,9233410,9233664
anglo,Vanpelt,2.62618e-05,9233664,9233918
anglo,Vansant,9.19262e-06,9233918,9234008
anglo,Vansickle,2.35473e-05,9234008,9234236
anglo,Vanslyke,9.44011e-06,9234236,9234328
anglo,Vantassel,1.04104e-05,9234328,9234429
anglo,Vanvalkenburg,9.07869e-06,9234429,9234518
anglo,Vanwinkle,3.06853e-05,9234518,9234815
anglo,Vanzandt,1.36279e-05,9234815,9234947
anglo,Vanzant,1.31407e-05,9234947,9235075
anglo,Vargo,3.0591e-05,9235075,9235371
anglo,Varnell,1.0049e-05,9235371,9235469
anglo,Varner,7.10307e-05,9235469,9236155
anglo,Varney,3.33999e-05,9236155,9236478
anglo,Vass,1.00687e-05,9236478,9236576
anglo,Vassar,1.22804e-05,9236576,9236695
anglo,Vaughan,0.000164016,9236695,9238278
anglo,Vaughn,0.000345941,9238278,9241615
anglo,Vaught,3.72262e-05,9241615,9241975
anglo,Veach,1.92338e-05,9241975,9242161
anglo,Veale,7.02424e-05,9242161,9242839
anglo,Vecchio,1.14279e-05,9242839,9242950
anglo,Veilleux,9.55797e-06,9242950,9243043
anglo,Veit,9.74653e-06,9243043,9243138
anglo,Venable,4.05929e-05,9243138,9243530
anglo,Venezia,1.10822e-05,9243530,9243638
anglo,Vercoe,0.000574039,9243638,9249174
anglo,Vermillion,2.14062e-05,9249174,9249381
anglo,Verner,1.21743e-05,9249381,9249499
anglo,Vernon,6.86697e-05,9249499,9250162
anglo,Vesely,8.8037e-06,9250162,9250248
anglo,Vess,8.93334e-06,9250248,9250335
anglo,Vest,4.48042e-05,9250335,9250768
anglo,Vestal,2.20544e-05,9250768,9250982
anglo,Vetter,3.35884e-05,9250982,9251307
anglo,Via,1.79531e-05,9251307,9251481
anglo,Vice,2.12255e-05,9251481,9251687
anglo,Vick,5.66525e-05,9251687,9252234
anglo,Vickers,8.71178e-05,9252234,9253075
anglo,Vickery,3.48612e-05,9253075,9253412
anglo,Victory,3.46163e-05,9253412,9253747
anglo,Vidrine,1.18993e-05,9253747,9253863
anglo,Viers,9.4794e-06,9253863,9253955
anglo,Villani,1.19936e-05,9253955,9254072
anglo,Vincent,0.000513174,9254072,9259021
anglo,Vinci,9.42833e-06,9259021,9259113
anglo,Vine,9.03155e-06,9259113,9259201
anglo,Vineyard,1.5325e-05,9259201,9259350
anglo,Vining,2.06363e-05,9259350,9259550
anglo,Vinyard,9.95474e-06,9259550,9259647
anglo,Violette,1.34e-05,9259647,9259777
anglo,Vitale,5.19344e-05,9259777,9260279
anglo,Voelker,1.86013e-05,9260279,9260459
anglo,Vogel,0.0001197,9260459,9261614
anglo,Vogler,1.46178e-05,9261614,9261756
anglo,Voight,1.219e-05,9261756,9261875
anglo,Voigt,2.84853e-05,9261875,9262151
anglo,Volk,3.58512e-05,9262151,9262498
anglo,Volker,9.70725e-06,9262498,9262593
anglo,Vollmer,2.59829e-05,9262593,9262845
anglo,Volpe,3.08267e-05,9262845,9263143
anglo,Volz,1.95559e-05,9263143,9263333
anglo,Voorhees,2.24708e-05,9263333,9263551
anglo,Voss,8.21482e-05,9263551,9264344
anglo,Vowell,9.23583e-06,9264344,9264434
anglo,Voyles,2.18069e-05,9264434,9264645
anglo,Vreeland,1.04537e-05,9264645,9264747
anglo,Wachter,1.80749e-05,9264747,9264922
anglo,Wacker,1.7796e-05,9264922,9265095
anglo,Waddell,8.36803e-05,9265095,9265903
anglo,Waddle,1.63699e-05,9265903,9266062
anglo,Wade,0.000393238,9266062,9269855
anglo,Wadsworth,3.8939e-05,9269855,9270231
anglo,Wager,1.34668e-05,9270231,9270362
anglo,Wagers,1.39225e-05,9270362,9270497
anglo,Wages,1.6421e-05,9270497,9270656
anglo,Waggoner,5.88603e-05,9270656,9271225
anglo,Waghorn,0.000351453,9271225,9274615
anglo,Wagler,1.17343e-05,9274615,9274729
anglo,Wagoner,5.93906e-05,9274729,9275303
anglo,Wagstaff,1.19308e-05,9275303,9275419
anglo,Wahl,5.2064e-05,9275419,9275922
anglo,Waid,1.38321e-05,9275922,9276056
anglo,Wainscott,1.00922e-05,9276056,9276154
anglo,Wainwright,2.79471e-05,9276154,9276424
anglo,Wait,1.24886e-05,9276424,9276545
anglo,Waite,7.3321e-05,9276545,9277253
anglo,Waiters,7.79919e-05,9277253,9278006
anglo,Waits,2.22391e-05,9278006,9278221
anglo,Wake,1.07601e-05,9278221,9278326
anglo,Wakefield,5.73046e-05,9278326,9278880
anglo,Wakeman,1.07954e-05,9278880,9278985
anglo,Walczak,1.35022e-05,9278985,9279116
anglo,Wald,1.59378e-05,9279116,9279271
anglo,Walden,9.75086e-05,9279271,9280212
anglo,Waldman,2.17991e-05,9280212,9280423
anglo,Waldner,8.79192e-06,9280423,9280509
anglo,Waldo,1.84599e-05,9280509,9280688
anglo,Waldrep,8.72906e-06,9280688,9280773
anglo,Waldron,8.80304e-05,9280773,9281623
anglo,Waldrop,4.12607e-05,9281623,9282022
anglo,Wales,2.01648e-05,9282022,9282217
anglo,Walk,1.7521e-05,9282217,9282387
anglo,Walker,0.0020551,9282387,9302204
anglo,Walkup,1.10508e-05,9302204,9302312
anglo,Wall,0.000600733,9302312,9308106
anglo,Wallace,0.0022062,9308106,9329380
anglo,Wallach,1.00608e-05,9329380,9329478
anglo,Wallen,2.92121e-05,9329478,9329761
anglo,Waller,0.000460895,9329761,9334206
anglo,Walley,1.85817e-05,9334206,9334386
anglo,Wallin,2.76329e-05,9334386,9334653
anglo,Walling,2.85796e-05,9334653,9334930
anglo,Wallis,0.00042043,9334930,9338985
anglo,Walls,0.00017254,9338985,9340650
anglo,Walser,1.0929e-05,9340650,9340756
anglo,Walsh,0.000857129,9340756,9349022
anglo,Walshe,1.67829e-05,9349022,9349185
anglo,Walston,2.24748e-05,9349185,9349403
anglo,Walter,0.000200753,9349403,9351340
anglo,Walters,0.00037164,9351340,9354925
anglo,Walthall,8.81156e-06,9354925,9355011
anglo,Walther,2.53151e-05,9355011,9355256
anglo,Waltman,1.89431e-05,9355256,9355440
anglo,Walton,0.000735307,9355440,9362531
anglo,Waltz,2.67882e-05,9362531,9362790
anglo,Walz,2.83636e-05,9362790,9363064
anglo,Wampler,2.49261e-05,9363064,9363305
anglo,Wamsley,1.31604e-05,9363305,9363433
anglo,Wanamaker,9.89974e-06,9363433,9363529
anglo,Wanner,1.73285e-05,9363529,9363697
anglo,Warburton,1.09251e-05,9363697,9363803
anglo,Ward,0.00279166,9363803,9390723
anglo,Wardell,1.54114e-05,9390723,9390873
anglo,Warden,4.37435e-05,9390873,9391296
anglo,Wardle,1.0379e-05,9391296,9391397
anglo,Warford,9.5069e-06,9391397,9391490
anglo,Wargo,1.74503e-05,9391490,9391659
anglo,Waring,1.70103e-05,9391659,9391824
anglo,Warlick,9.18083e-06,9391824,9391914
anglo,Warman,1.23983e-05,9391914,9392035
anglo,Warne,1.06933e-05,9392035,9392139
anglo,Warner,0.000657154,9392139,9398477
anglo,Warnick,1.68728e-05,9398477,9398641
anglo,Warnke,1.08701e-05,9398641,9398747
anglo,Warnock,2.0267e-05,9398747,9398943
anglo,Warr,1.27125e-05,9398943,9399067
anglo,Warren,0.00100783,9399067,9408786
anglo,Warrick,2.4934e-05,9408786,9409027
anglo,Warriner,8.8587e-06,9409027,9409113
anglo,Warrington,1.75878e-05,9409113,9409284
anglo,Warwick,2.1257e-05,9409284,9409490
anglo,Washam,9.14155e-06,9409490,9409579
anglo,Washburn,7.86873e-05,9409579,9410339
anglo,Wasserman,2.58375e-05,9410339,9410589
anglo,Waterhouse,1.40521e-05,9410589,9410725
anglo,Waterman,4.7837e-05,9410725,9411187
anglo,Waters,0.000912618,9411187,9419988
anglo,Wathen,1.34825e-05,9419988,9420119
anglo,Watkins,0.000897555,9420119,9428775
anglo,Watson,0.000992249,9428775,9438344
anglo,Watt,0.000657226,9438344,9444682
anglo,Watters,7.61805e-05,9444682,9445418
anglo,Watterson,1.44961e-05,9445418,9445559
anglo,Watts,0.00095066,9445559,9454727
anglo,Waugh,0.000583628,9454727,9460356
anglo,Way,0.000360208,9460356,9463830
anglo,Wayland,9.48726e-06,9463830,9463922
anglo,Wayman,2.1257e-05,9463922,9464128
anglo,Wayne,4.01293e-05,9464128,9464516
anglo,Weakley,1.35846e-05,9464516,9464648
anglo,Wear,1.36436e-05,9464648,9464781
anglo,Weatherby,9.95081e-06,9464781,9464878
anglo,Weatherford,3.4767e-05,9464878,9465214
anglo,Weatherly,2.72086e-05,9465214,9465477
anglo,Weaver,0.000583301,9465477,9471102
anglo,Webb,0.00192866,9471102,9489700
anglo,Webber,0.000103731,9489700,9490701
anglo,Webby,0.000316307,9490701,9493752
anglo,Webster,0.00110536,9493752,9504411
anglo,Weddle,2.47336e-05,9504411,9504650
anglo,Wedel,1.11176e-05,9504650,9504758
anglo,Wedge,9.67582e-06,9504758,9504852
anglo,Weed,3.13767e-05,9504852,9505156
anglo,Weekley,1.59967e-05,9505156,9505311
anglo,Weeks,0.000163287,9505311,9506886
anglo,Weese,1.75917e-05,9506886,9507057
anglo,Weever,1.19979e-05,9507057,9507174
anglo,Wegener,1.22568e-05,9507174,9507293
anglo,Wegner,3.2182e-05,9507293,9507604
anglo,Wehner,1.35375e-05,9507604,9507736
anglo,Wehr,1.08151e-05,9507736,9507841
anglo,Weidman,1.70888e-05,9507841,9508007
anglo,Weidner,3.29991e-05,9508007,9508326
anglo,Weigand,1.44018e-05,9508326,9508466
anglo,Weigel,2.64779e-05,9508466,9508722
anglo,Weight,9.25548e-06,9508722,9508812
anglo,Weigle,9.91939e-06,9508812,9508909
anglo,Weikel,1.01276e-05,9508909,9509008
anglo,Weil,2.53583e-05,9509008,9509254
anglo,Weiland,2.42112e-05,9509254,9509488
anglo,Weiler,3.99133e-05,9509488,9509874
anglo,Weinberger,1.92377e-05,9509874,9510060
anglo,Weiner,5.58157e-05,9510060,9510599
anglo,Weingarten,8.92548e-06,9510599,9510686
anglo,Weinstock,1.16243e-05,9510686,9510799
anglo,Weintraub,1.48968e-05,9510799,9510944
anglo,Weir,8.72444e-05,9510944,9511786
anglo,Weis,3.83026e-05,9511786,9512156
anglo,Weise,1.50618e-05,9512156,9512302
anglo,Weiser,2.12962e-05,9512302,9512508
anglo,Weisman,1.69238e-05,9512508,9512672
anglo,Weissman,1.8177e-05,9512672,9512848
anglo,Weisz,1.00372e-05,9512848,9512946
anglo,Weitz,1.23393e-05,9512946,9513066
anglo,Welborn,2.78725e-05,9513066,9513336
anglo,Welch,0.000428152,9513336,9517465
anglo,Weldon,9.30967e-05,9517465,9518364
anglo,Welk,9.45583e-06,9518364,9518456
anglo,Welker,3.36513e-05,9518456,9518781
anglo,Welling,1.63581e-05,9518781,9518940
anglo,Wellman,4.42346e-05,9518940,9519368
anglo,Wells,0.00191068,9519368,9537793
anglo,Welsch,1.12236e-05,9537793,9537902
anglo,Welsh,0.000118455,9537902,9539045
anglo,Welter,1.85777e-05,9539045,9539225
anglo,Welton,1.87034e-05,9539225,9539406
anglo,Welty,1.91552e-05,9539406,9539592
anglo,Wendel,2.18894e-05,9539592,9539804
anglo,Wendell,1.57925e-05,9539804,9539957
anglo,Wendland,1.07169e-05,9539957,9540061
anglo,Wendling,1.51443e-05,9540061,9540208
anglo,Wenger,4.16261e-05,9540208,9540610
anglo,Wengerd,1.2465e-05,9540610,9540731
anglo,Wenner,1.2469e-05,9540731,9540852
anglo,Wentworth,3.15181e-05,9540852,9541157
anglo,Wentz,3.29049e-05,9541157,9541475
anglo,Wentzel,1.44607e-05,9541475,9541615
anglo,Wenzel,4.49103e-05,9541615,9542049
anglo,Wert,1.66881e-05,9542049,9542211
anglo,Werth,1.47593e-05,9542211,9542354
anglo,Wertz,3.22056e-05,9542354,9542666
anglo,Wescott,2.04477e-05,9542666,9542864
anglo,Wesner,9.22798e-06,9542864,9542954
anglo,Wessel,2.60458e-05,9542954,9543206
anglo,Wessels,1.49478e-05,9543206,9543351
anglo,West,0.00156589,9543351,9558451
anglo,Westberry,9.15334e-06,9558451,9558540
anglo,Westbrook,7.96851e-05,9558540,9559309
anglo,Westcott,2.21016e-05,9559309,9559523
anglo,Wester,2.0377e-05,9559523,9559720
anglo,Westerfield,1.47239e-05,9559720,9559863
anglo,Westerman,2.0102e-05,9559863,9560058
anglo,Western,1.08701e-05,9560058,9560164
anglo,Westervelt,8.9962e-06,9560164,9560252
anglo,Westfall,5.13805e-05,9560252,9560748
anglo,Westlake,1.05833e-05,9560748,9560851
anglo,Westlund,9.52261e-06,9560851,9560944
anglo,Westman,1.10311e-05,9560944,9561051
anglo,Westmoreland,4.08522e-05,9561051,9561446
anglo,Weston,0.000932486,9561446,9570438
anglo,Westover,1.85974e-05,9570438,9570618
anglo,Westphal,2.78961e-05,9570618,9570888
anglo,Westrick,1.06815e-05,9570888,9570992
anglo,Wethington,1.32743e-05,9570992,9571121
anglo,Wetmore,1.23825e-05,9571121,9571241
anglo,Wetzel,6.22623e-05,9571241,9571842
anglo,Wexler,1.48771e-05,9571842,9571986
anglo,Weyer,1.18011e-05,9571986,9572101
anglo,Whalen,0.000116849,9572101,9573229
anglo,Whaley,8.96988e-05,9573229,9574095
anglo,Wharton,4.57902e-05,9574095,9574538
anglo,Wheat,4.31307e-05,9574538,9574955
anglo,Wheatley,4.91844e-05,9574955,9575430
anglo,Wheaton,3.61498e-05,9575430,9575780
anglo,Wheeler,0.00093646,9575780,9584811
anglo,Wheelock,1.50343e-05,9584811,9584957
anglo,Whelan,5.6616e-05,9584957,9585504
anglo,Whelehan,1.28097e-05,9585504,9585629
anglo,Whetstone,2.38222e-05,9585629,9585860
anglo,Whetzel,9.9626e-06,9585860,9585957
anglo,Whiddon,1.08779e-05,9585957,9586063
anglo,Whipple,5.44093e-05,9586063,9586589
anglo,Whisenant,1.50775e-05,9586589,9586735
anglo,Whisenhunt,1.29679e-05,9586735,9586861
anglo,Whisler,1.21979e-05,9586861,9586980
anglo,Whisman,1.08269e-05,9586980,9587085
anglo,Whisnant,1.13651e-05,9587085,9587196
anglo,Whitacre,1.66489e-05,9587196,9587358
anglo,Whitaker,0.000222414,9587358,9589504
anglo,Whitby,9.94689e-06,9589504,9589601
anglo,Whitcomb,3.27006e-05,9589601,9589917
anglo,White,0.0026384,9589917,9615359
anglo,Whited,2.93928e-05,9615359,9615643
anglo,Whitehead,0.000174318,9615643,9617325
anglo,Whitehouse,2.45844e-05,9617325,9617563
anglo,Whiteley,1.89902e-05,9617563,9617747
anglo,Whiteman,3.00214e-05,9617747,9618037
anglo,Whitener,1.74935e-05,9618037,9618207
anglo,Whitesell,1.41268e-05,9618207,9618344
anglo,Whitford,1.88292e-05,9618344,9618527
anglo,Whiting,6.44976e-05,9618527,9619150
anglo,Whitley,0.000105016,9619150,9620164
anglo,Whitlock,6.64972e-05,9620164,9620806
anglo,Whitlow,3.15063e-05,9620806,9621111
anglo,Whitman,7.62084e-05,9621111,9621847
anglo,Whitmer,2.08877e-05,9621847,9622049
anglo,Whitmire,2.82025e-05,9622049,9622322
anglo,Whitmore,6.00899e-05,9622322,9622902
anglo,Whitney,0.00013796,9622902,9624233
anglo,Whitson,3.64287e-05,9624233,9624585
anglo,Whitt,6.7935e-05,9624585,9625241
anglo,Whittaker,0.000372296,9625241,9628832
anglo,Whittemore,2.0648e-05,9628832,9629032
anglo,Whitten,5.52107e-05,9629032,9629565
anglo,Whittier,1.01708e-05,9629565,9629664
anglo,Whittington,6.8815e-05,9629664,9630329
anglo,Whittle,2.87053e-05,9630329,9630607
anglo,Whitton,1.27518e-05,9630607,9630731
anglo,Whitty,1.11739e-05,9630731,9630840
anglo,Whitworth,3.82947e-05,9630840,9631210
anglo,Whorton,1.13611e-05,9631210,9631321
anglo,Whyte,0.000498498,9631321,9636129
anglo,Wick,3.27359e-05,9636129,9636446
anglo,Wicker,4.05457e-05,9636446,9636838
anglo,Wickersham,9.5344e-06,9636838,9636931
anglo,Wickham,2.88153e-05,9636931,9637210
anglo,Wickline,9.78582e-06,9637210,9637305
anglo,Wicklund,1.00176e-05,9637305,9637403
anglo,Wickman,1.483e-05,9637403,9637547
anglo,Wicks,3.72773e-05,9637547,9637907
anglo,Widener,2.14652e-05,9637907,9638115
anglo,Widman,9.40869e-06,9638115,9638207
anglo,Widmer,1.31054e-05,9638207,9638334
anglo,Widner,1.56825e-05,9638334,9638486
anglo,Wiebe,1.47475e-05,9638486,9638629
anglo,Wieczorek,1.31761e-05,9638629,9638757
anglo,Wiegand,2.35865e-05,9638757,9638985
anglo,Wieland,2.08759e-05,9638985,9639187
anglo,Wiener,2.03927e-05,9639187,9639385
anglo,Wiens,9.65618e-06,9639385,9639479
anglo,Wier,1.05087e-05,9639479,9639581
anglo,Wiese,3.64837e-05,9639581,9639934
anglo,Wiesner,1.15418e-05,9639934,9640046
anglo,Wiest,1.40954e-05,9640046,9640183
anglo,Wigginton,9.4794e-06,9640183,9640275
anglo,Wiggs,1.41739e-05,9640275,9640413
anglo,Wight,1.92652e-05,9640413,9640600
anglo,Wightman,1.27754e-05,9640600,9640724
anglo,Wigley,1.14711e-05,9640724,9640836
anglo,Wilbanks,3.18481e-05,9640836,9641144
anglo,Wilber,2.41797e-05,9641144,9641378
anglo,Wilbur,3.74265e-05,9641378,9641740
anglo,Wilcox,0.000221118,9641740,9643873
anglo,Wilcoxson,9.04334e-06,9643873,9643961
anglo,Wild,3.22802e-05,9643961,9644273
anglo,Wilde,4.22939e-05,9644273,9644682
anglo,Wildman,1.83774e-05,9644682,9644860
anglo,Wilds,1.2139e-05,9644860,9644978
anglo,Wiles,5.14826e-05,9644978,9645475
anglo,Wilfong,1.72146e-05,9645475,9645642
anglo,Wilhelm,7.82276e-05,9645642,9646397
anglo,Wilhite,3.27045e-05,9646397,9646713
anglo,Wilhoit,9.00798e-06,9646713,9646801
anglo,Wilk,2.26398e-05,9646801,9647020
anglo,Wilke,3.18442e-05,9647020,9647328
anglo,Wilken,1.32232e-05,9647328,9647456
anglo,Wilkens,1.60517e-05,9647456,9647612
anglo,Wilkey,1.64328e-05,9647612,9647771
anglo,Wilkie,2.7955e-05,9647771,9648042
anglo,Wilkin,1.19386e-05,9648042,9648158
anglo,Wilkins,0.000242438,9648158,9650497
anglo,Wilkinson,0.000926816,9650497,9659435
anglo,Will,4.94005e-05,9659435,9659912
anglo,Willard,8.38807e-05,9659912,9660722
anglo,Wille,1.46689e-05,9660722,9660864
anglo,Willer,9.15726e-06,9660864,9660953
anglo,Willett,5.13255e-05,9660953,9661449
anglo,Willette,1.50657e-05,9661449,9661595
anglo,Willey,5.13333e-05,9661595,9662091
anglo,Willhite,1.461e-05,9662091,9662233
anglo,Williams,0.0103451,9662233,9761986
anglo,Williamson,0.00142397,9761986,9775718
anglo,Williford,3.28106e-05,9775718,9776035
anglo,Willis,0.000862751,9776035,9784355
anglo,Willison,1.25672e-05,9784355,9784477
anglo,Willman,1.62521e-05,9784477,9784635
anglo,Willoughby,6.32916e-05,9784635,9785246
anglo,Wills,0.000509171,9785246,9790157
anglo,Willson,3.79451e-05,9790157,9790524
anglo,Wilmot,1.92888e-05,9790524,9790711
anglo,Wilmoth,2.04477e-05,9790711,9790909
anglo,Wilson,0.00318828,9790909,9821653
anglo,Wilt,3.2076e-05,9821653,9821963
anglo,Wilton,0.000937831,9821963,9831007
anglo,Wimberley,8.81942e-06,9831007,9831093
anglo,Wimer,1.40286e-05,9831093,9831229
anglo,Wimmer,2.48829e-05,9831229,9831470
anglo,Winans,1.57532e-05,9831470,9831623
anglo,Winchell,1.82438e-05,9831623,9831800
anglo,Winchester,4.11704e-05,9831800,9832198
anglo,Wind,9.06691e-06,9832198,9832286
anglo,Winders,9.00405e-06,9832286,9832374
anglo,Windham,4.08168e-05,9832374,9832769
anglo,Windle,1.19858e-05,9832769,9832886
anglo,Windsor,2.99389e-05,9832886,9833176
anglo,Wine,1.69985e-05,9833176,9833341
anglo,Winegar,9.90367e-06,9833341,9833437
anglo,Wines,1.43546e-05,9833437,9833576
anglo,Winfree,9.37726e-06,9833576,9833667
anglo,Wing,4.95537e-05,9833667,9834146
anglo,Wingard,1.95756e-05,9834146,9834336
anglo,Wingate,3.28381e-05,9834336,9834654
anglo,Winger,1.70574e-05,9834654,9834819
anglo,Wingert,1.329e-05,9834819,9834948
anglo,Wingo,2.3229e-05,9834948,9835173
anglo,Wininger,1.01747e-05,9835173,9835272
anglo,Wink,1.03397e-05,9835272,9835373
anglo,Winkel,1.01512e-05,9835373,9835472
anglo,Winkelman,1.60949e-05,9835472,9835628
anglo,Winkle,1.60164e-05,9835628,9835783
anglo,Winn,8.76677e-05,9835783,9836629
anglo,Winner,1.51364e-05,9836629,9836776
anglo,Winningham,1.17933e-05,9836776,9836891
anglo,Winslow,5.52186e-05,9836891,9837424
anglo,Winsor,1.08858e-05,9837424,9837530
anglo,Winstead,3.43977e-05,9837530,9837863
anglo,Winter,0.000123,9837863,9839050
anglo,Winters,0.000187932,9839050,9840863
anglo,Winton,1.54389e-05,9840863,9841013
anglo,Wireman,1.08151e-05,9841013,9841118
anglo,Wirt,9.35762e-06,9841118,9841209
anglo,Wirtz,1.6366e-05,9841209,9841368
anglo,Wisdom,2.64543e-05,9841368,9841624
anglo,Wise,0.000269686,9841624,9844225
anglo,Wiseman,7.63655e-05,9844225,9844962
anglo,Wiser,1.57217e-05,9844962,9845115
anglo,Wisner,1.68767e-05,9845115,9845279
anglo,Witham,1.68649e-05,9845279,9845443
anglo,Withers,4.47099e-05,9845443,9845875
anglo,Withrow,3.2457e-05,9845875,9846189
anglo,Witmer,2.53818e-05,9846189,9846435
anglo,Witt,0.000124041,9846435,9847632
anglo,Witte,3.85619e-05,9847632,9848005
anglo,Witten,1.05872e-05,9848005,9848108
anglo,Witter,1.67667e-05,9848108,9848271
anglo,Wittig,9.29083e-06,9848271,9848362
anglo,Wittman,1.8617e-05,9848362,9848543
anglo,Woerner,1.02376e-05,9848543,9848643
anglo,Wojcik,3.02885e-05,9848643,9848936
anglo,Wolcott,2.08798e-05,9848936,9849138
anglo,Wold,2.21212e-05,9849138,9849352
anglo,Wolf,0.000275115,9849352,9852006
anglo,Wolfe,0.000342096,9852006,9855306
anglo,Wolff,8.56996e-05,9855306,9856133
anglo,Wolfgang,1.10665e-05,9856133,9856241
anglo,Wolford,4.23843e-05,9856241,9856651
anglo,Wolfson,1.46925e-05,9856651,9856794
anglo,Wolk,9.92724e-06,9856794,9856891
anglo,Wolter,1.77213e-05,9856891,9857063
anglo,Wolverton,1.45786e-05,9857063,9857205
anglo,Womble,2.08641e-05,9857205,9857407
anglo,Wong,0.00066776,9857407,9863847
anglo,Wood,0.00273047,9863847,9890177
anglo,Woodall,6.38769e-05,9890177,9890794
anglo,Woodburn,1.04144e-05,9890794,9890895
anglo,Woodbury,2.8065e-05,9890895,9891167
anglo,Woodcock,2.669e-05,9891167,9891425
anglo,Woodford,1.95991e-05,9891425,9891615
anglo,Woodham,1.15026e-05,9891615,9891727
anglo,Woodhouse,1.5655e-05,9891727,9891879
anglo,Woodman,2.16262e-05,9891879,9892089
anglo,Woodring,2.03338e-05,9892089,9892286
anglo,Woodrow,1.06972e-05,9892286,9892390
anglo,Woodruff,0.000103264,9892390,9893387
anglo,Woodrum,1.33254e-05,9893387,9893516
anglo,Woods,0.00134289,9893516,9906466
anglo,Woodside,1.37929e-05,9906466,9906600
anglo,Woodward,0.000144426,9906600,9907994
anglo,Woodworth,3.67744e-05,9907994,9908350
anglo,Woody,7.24174e-05,9908350,9909049
anglo,Woodyard,1.19111e-05,9909049,9909165
anglo,Woolard,2.08052e-05,9909165,9909367
anglo,Wooldridge,3.05949e-05,9909367,9909663
anglo,Woolery,1.11019e-05,9909663,9909771
anglo,Wooley,2.3999e-05,9909771,9910003
anglo,Woolf,1.76192e-05,9910003,9910174
anglo,Woolley,0.000777992,9910174,9917677
anglo,Woolsey,2.72989e-05,9917677,9917941
anglo,Woosley,1.59024e-05,9917941,9918095
anglo,Wooster,9.50297e-06,9918095,9918188
anglo,Wootton,8.74085e-06,9918188,9918273
anglo,Worcester,9.36547e-06,9918273,9918364
anglo,Worden,3.59023e-05,9918364,9918711
anglo,Work,1.50382e-05,9918711,9918857
anglo,Workman,0.000125145,9918857,9920065
anglo,Worley,0.00010119,9920065,9921042
anglo,Worrell,4.251e-05,9921042,9921453
anglo,Worsham,2.21212e-05,9921453,9921667
anglo,Worth,3.03003e-05,9921667,9921960
anglo,Worthen,1.64878e-05,9921960,9922120
anglo,Worthington,5.67743e-05,9922120,9922668
anglo,Wortman,1.7961e-05,9922668,9922842
anglo,Woulfe,2.04843e-05,9922842,9923041
anglo,Wozniak,3.34941e-05,9923041,9923365
anglo,Wratt,0.000445173,9923365,9927659
anglo,Wray,6.05181e-05,9927659,9928244
anglo,Wren,5.62126e-05,9928244,9928787
anglo,Wrenn,4.09998e-05,9928787,9929183
anglo,Wright,0.001823,9929183,9946762
anglo,Wrigley,8.99227e-06,9946762,9946850
anglo,Wrobel,1.76506e-05,9946850,9947021
anglo,Wrynn,1.33612e-05,9947021,9947151
anglo,Wunder,9.40083e-06,9947151,9947243
anglo,Wunderlich,1.41582e-05,9947243,9947381
anglo,Wurtz,9.2594e-06,9947381,9947471
anglo,Wyant,2.55272e-05,9947471,9947718
anglo,Wyatt,0.000205109,9947718,9949697
anglo,Wyckoff,2.06716e-05,9949697,9949897
anglo,Wylie,4.70434e-05,9949897,9950352
anglo,Wyman,4.34135e-05,9950352,9950772
anglo,Wymer,1.17501e-05,9950772,9950886
anglo,Wynne,0.000127017,9950886,9952112
anglo,Wyrick,2.51069e-05,9952112,9952355
anglo,Wyse,9.64047e-06,9952355,9952449
anglo,Wysocki,1.86917e-05,9952449,9952630
anglo,Yaeger,1.3895e-05,9952630,9952765
anglo,Yager,2.91767e-05,9952765,9953047
anglo,Yale,9.43619e-06,9953047,9953139
anglo,Yandell,9.67975e-06,9953139,9953233
anglo,Yarbrough,9.72257e-05,9953233,9954171
anglo,Yardley,9.2319e-06,9954171,9954261
anglo,Yarnell,1.32193e-05,9954261,9954389
anglo,Yates,0.000248491,9954389,9956786
anglo,Yawn,9.84867e-06,9956786,9956882
anglo,Yeager,8.8917e-05,9956882,9957740
anglo,Yeary,1.10704e-05,9957740,9957848
anglo,Yelton,1.04458e-05,9957848,9957950
anglo,Yeoman,9.04334e-06,9957950,9958038
anglo,Yeomans,1.17461e-05,9958038,9958152
anglo,Yetter,1.14043e-05,9958152,9958263
anglo,Yingling,1.78745e-05,9958263,9958436
anglo,Yoakum,9.40869e-06,9958436,9958528
anglo,Yocum,2.55508e-05,9958528,9958775
anglo,Yoder,0.000221605,9958775,9960913
anglo,Yohe,9.36154e-06,9960913,9961004
anglo,Yoho,1.08269e-05,9961004,9961109
anglo,York,0.000548178,9961109,9966396
anglo,Yost,7.54659e-05,9966396,9967125
anglo,Youmans,2.00038e-05,9967125,9967319
anglo,Young,0.00192995,9967319,9985930
anglo,Youngman,1.10076e-05,9985930,9986037
anglo,Youngs,1.9552e-05,9986037,9986227
anglo,Yount,3.07089e-05,9986227,9986524
anglo,Yousef,9.05512e-06,9986524,9986612
anglo,Yousif,1.62246e-05,9986612,9986769
anglo,Youssef,1.45353e-05,9986769,9986910
anglo,Yow,9.20441e-06,9986910,9987000
anglo,Yowell,1.30072e-05,9987000,9987126
anglo,Yuhas,9.66797e-06,9987126,9987220
anglo,Zabel,1.46021e-05,9987220,9987362
anglo,Zachary,2.6415e-05,9987362,9987618
anglo,Zack,1.62678e-05,9987618,9987776
anglo,Zajac,2.0703e-05,9987776,9987977
anglo,Zak,2.03377e-05,9987977,9988174
anglo,Zander,1.77488e-05,9988174,9988346
anglo,Zaremba,9.31833e-06,9988346,9988437
anglo,Zastrow,1.09251e-05,9988437,9988543
anglo,Zehner,9.2319e-06,9988543,9988633
anglo,Zehr,1.18443e-05,9988633,9988748
anglo,Zeigler,5.16005e-05,9988748,9989247
anglo,Zell,1.19779e-05,9989247,9989363
anglo,Zeller,4.16221e-05,9989363,9989765
anglo,Zellers,1.17383e-05,9989765,9989879
anglo,Zellmer,8.82334e-06,9989879,9989965
anglo,Zellner,1.34236e-05,9989965,9990095
anglo,Zeman,1.50971e-05,9990095,9990242
anglo,Zerbe,9.38119e-06,9990242,9990333
anglo,Ziegler,9.95906e-05,9990333,9991294
anglo,Ziemba,1.10822e-05,9991294,9991402
anglo,Ziemer,9.12191e-06,9991402,9991491
anglo,Zimmerman,0.000678557,9991491,9998035
anglo,Zink,3.58826e-05,9998035,9998382
anglo,Zinn,2.2683e-05,9998382,9998602
anglo,Zirkle,1.08622e-05,9998602,9998708
anglo,Zoller,1.04772e-05,9998708,9998810
anglo,Zook,3.85933e-05,9998810,9999183
anglo,Zorn,1.77999e-05,9999183,9999356
anglo,Zuber,1.55175e-05,9999356,9999507
anglo,Zucker,1.49793e-05,9999507,9999652
anglo,Zuckerman,1.46571e-05,9999652,9999794
anglo,Zumwalt,1.22372e-05,9999794,9999913
anglo,Zwick,8.92941e-06,9999913,10000000
chinese,A,6.41695e-05,0,643
chinese,Ai,0.000333681,643,3981
chinese,An,0.000834204,3981,12324
chinese,Ao,0.000166841,12324,13993
chinese,Au,0.00225854,13993,36579
chinese,Ba,8.34204e-05,36579,37414
chinese,Bai,0.00202134,37414,57628
chinese,Ban,0.000134756,57628,58977
chinese,Bao,0.00102671,58977,69245
chinese,Bi,0.000539024,69245,74636
chinese,Bian,0.000410685,74636,78744
chinese,Bin,4.94105e-05,78744,79239
chinese,Bo,0.000243844,79239,81678
chinese,Cai,0.00340098,81678,115688
chinese,Cao,0.00385017,115688,154190
chinese,Cen,0.000250261,154190,156694
chinese,Ceng,0.00372183,156694,193912
chinese,Cha,0.000160424,193912,195517
chinese,Chai,0.000417102,195517,199689
chinese,Chan,0.0451709,199689,651387
chinese,Chang,0.00102671,651387,661655
chinese,Chao,7.05865e-05,661655,662362
chinese,Che,0.000275929,662362,665122
chinese,Chen,0.0297041,665122,962156
chinese,Cheng,0.0101445,962156,1063600
chinese,Cheung,0.0225854,1063600,1289450
chinese,Chi,0.000314431,1289450,1292595
chinese,Chiu,0.00338782,1292595,1326473
chinese,Choi,0.00451709,1326473,1371644
chinese,Chong,0.00225854,1371644,1394230
chinese,Chou,0.000192509,1394230,1396156
chinese,Chow,0.0112927,1396156,1509081
chinese,Chu,0.00512028,1509081,1560283
chinese,Chung,0.00338782,1560283,1594161
chinese,Cong,0.000173258,1594161,1595895
chinese,Cui,0.00243844,1595895,1620280
chinese,Dai,0.00218176,1620280,1642098
chinese,Dan,0.00053389,1642098,1647438
chinese,Dang,0.000250261,1647438,1649942
chinese,Deng,0.00397851,1649942,1689727
chinese,Di,0.000859871,1689727,1698326
chinese,Diao,0.000192509,1698326,1700252
chinese,Ding,0.00275929,1700252,1727845
chinese,Dong,0.00327264,1727845,1760572
chinese,Dou,0.000417102,1760572,1764744
chinese,Du,0.00301597,1764744,1794904
chinese,Duan,0.00154007,1794904,1810305
chinese,Fan,0.00327264,1810305,1843032
chinese,Fang,0.0023486,1843032,1866518
chinese,Fei,0.000250261,1866518,1869022
chinese,Feng,0.00425059,1869022,1911528
chinese,Fu,0.00320398,1911528,1943568
chinese,Fung,0.00564636,1943568,2000031
chinese,Gai,8.98373e-05,2000031,2000930
chinese,Gan,0.000655812,2000930,2007489
chinese,Gao,0.0065132,2007489,2072620
chinese,Ge,0.00103313,2072620,2082952
chinese,Geng,0.000705865,2082952,2090011
chinese,Goh,0.00169391,2090011,2106951
chinese,Gong,0.00175311,2106951,2124483
chinese,Gou,0.000254111,2124483,2127025
chinese,Gu,0.00210476,2127025,2148073
chinese,Guan,0.00120639,2148073,2160138
chinese,Gui,0.000211759,2160138,2162257
chinese,Guo,0.00733457,2162257,2235602
chinese,Ha,5.19773e-05,2235602,2236123
chinese,Hai,9.62543e-05,2236123,2237087
chinese,Han,0.00401059,2237087,2277193
chinese,Hang,6.41695e-05,2277193,2277836
chinese,Hao,0.00128339,2277836,2290671
chinese,He,0.00841262,2290671,2374796
chinese,Heng,4.04268e-05,2374796,2375201
chinese,Ho,0.0169391,2375201,2544588
chinese,Hong,0.00115505,2544588,2556139
chinese,Hou,0.00192509,2556139,2575390
chinese,Hu,0.00756173,2575390,2651006
chinese,Hua,0.000487688,2651006,2655884
chinese,Huang,0.0157215,2655884,2813096
chinese,Hui,0.00465826,2813096,2859678
chinese,Huo,0.000481271,2859678,2864492
chinese,Ji,0.00174669,2864492,2881959
chinese,Jia,0.00211759,2881959,2903135
chinese,Jian,0.000275929,2903135,2905895
chinese,Jiang,0.00737949,2905895,2979689
chinese,Jiao,0.000641695,2979689,2986107
chinese,Jie,0.000386942,2986107,2989977
chinese,Jin,0.00276571,2989977,3017634
chinese,Jing,0.000545441,3017634,3023089
chinese,Ju,0.00152338,3023089,3038323
chinese,Kang,0.00107997,3038323,3049123
chinese,Ke,0.000513356,3049123,3054257
chinese,Koh,0.00112927,3054257,3065550
chinese,Kong,0.00109088,3065550,3076460
chinese,Kou,0.000186092,3076460,3078322
chinese,Kuang,0.000361916,3078322,3081942
chinese,Kwan,0.00451709,3081942,3127113
chinese,Kwok,0.00846954,3127113,3211807
chinese,Lai,0.00800127,3211807,3291819
chinese,Lam,0.0169391,3291819,3461206
chinese,Lan,0.00110372,3461206,3472244
chinese,Lang,0.000179675,3472244,3474042
chinese,Lao,0.000121922,3474042,3475262
chinese,Lau,0.0169391,3475262,3644649
chinese,Le,0.000141173,3644649,3646062
chinese,Lei,0.00154007,3646062,3661463
chinese,Leng,0.000243844,3661463,3663902
chinese,Leong,0.00225854,3663902,3686488
chinese,Leung,0.0225854,3686488,3912338
chinese,Li,0.0466102,3912338,4378429
chinese,Lian,0.000455603,4378429,4382986
chinese,Liang,0.00545441,4382986,4437530
chinese,Liao,0.00237427,4437530,4461273
chinese,Lim,0.00338782,4461273,4495151
chinese,Lin,0.00736024,4495151,4568753
chinese,Ling,0.000500522,4568753,4573759
chinese,Liu,0.0361913,4573759,4935664
chinese,Lo,0.00564636,4935664,4992127
chinese,Long,0.00140531,4992127,5006181
chinese,Lou,0.000365766,5006181,5009840
chinese,Low,0.00169391,5009840,5026780
chinese,Lu,0.00933089,5026780,5120087
chinese,Luan,0.000192509,5120087,5122013
chinese,Luo,0.00656454,5122013,5187658
chinese,Ma,0.0118261,5187658,5305917
chinese,Mai,0.000263095,5305917,5308549
chinese,Mak,0.00451709,5308549,5353720
chinese,Man,0.00179658,5353720,5371686
chinese,Mao,0.00133216,5371686,5385008
chinese,Mei,0.000506939,5385008,5390078
chinese,Men,7.70034e-05,5390078,5390849
chinese,Meng,0.00225877,5390849,5413437
chinese,Mi,0.000224593,5413437,5415684
chinese,Miao,0.000481271,5415684,5420498
chinese,Min,0.000205342,5420498,5422552
chinese,Ming,0.000166841,5422552,5424221
chinese,Mo,0.00115505,5424221,5435772
chinese,Mou,0.000616027,5435772,5441933
chinese,Mu,0.000427369,5441933,5446208
chinese,Na,5.96776e-05,5446208,5446806
chinese,Nan,0.000134756,5446806,5448155
chinese,Ng,0.0197623,5448155,5645773
chinese,Ni,0.000770034,5645773,5653474
chinese,Nie,0.000770034,5653474,5661175
chinese,Ning,0.000532607,5661175,5666502
chinese,Niu,0.000962543,5666502,5676128
chinese,Nong,0.000301597,5676128,5679145
chinese,Ong,0.00169391,5679145,5696085
chinese,Ou,0.000705865,5696085,5703144
chinese,Ouyang,0.000436353,5703144,5707508
chinese,Pan,0.0034459,5707508,5741967
chinese,Pang,0.00365738,5741967,5778541
chinese,Pei,0.000487688,5778541,5783419
chinese,Peng,0.00372183,5783419,5820637
chinese,Pi,0.000109088,5820637,5821729
chinese,Ping,8.34204e-05,5821729,5822564
chinese,Poon,0.00338782,5822564,5856442
chinese,Pu,0.000590359,5856442,5862346
chinese,Qi,0.00162991,5862346,5878646
chinese,Qian,0.00121922,5878646,5890839
chinese,Qiang,8.98373e-05,5890839,5891738
chinese,Qiao,0.000834204,5891738,5900081
chinese,Qin,0.00186092,5900081,5918691
chinese,Qing,8.34204e-05,5918691,5919526
chinese,Qiu,0.00211759,5919526,5940702
chinese,Qu,0.0011358,5940702,5952061
chinese,Quan,0.000301597,5952061,5955078
chinese,Que,7.05865e-05,5955078,5955785
chinese,Ran,0.000468437,5955785,5960470
chinese,Rao,0.000352932,5960470,5964000
chinese,Ren,0.00263095,5964000,5990310
chinese,Rong,0.000311864,5990310,5993430
chinese,Ru,5.77526e-05,5993430,5994008
chinese,Ruan,0.00052619,5994008,5999271
chinese,Rui,7.05865e-05,5999271,5999978
chinese,Sang,0.000179675,5999978,6001776
chinese,Sha,0.000192509,6001776,6003702
chinese,Shang,0.000718698,6003702,6010890
chinese,Shao,0.00128339,6010890,6023725
chinese,She,0.000160424,6023725,6025330
chinese,Shen,0.00333681,6025330,6058698
chinese,Sheng,0.000474854,6058698,6063447
chinese,Shi,0.00501164,6063447,6113563
chinese,Shu,0.000569825,6113563,6119262
chinese,Shuai,8.98373e-05,6119262,6120161
chinese,Si,0.000327264,6120161,6123435
chinese,Siu,0.00338782,6123435,6157313
chinese,Song,0.00449187,6157313,6202231
chinese,Su,0.00312056,6202231,6233437
chinese,Sui,0.000192509,6233437,6235363
chinese,Sun,0.00885539,6235363,6323916
chinese,Suo,7.70034e-05,6323916,6324687
chinese,Szeto,0.00112927,6324687,6335980
chinese,Tai,6.41695e-05,6335980,6336623
chinese,Tam,0.00564636,6336623,6393086
chinese,Tan,0.00830181,6393086,6476103
chinese,Tang,0.0139881,6476103,6615982
chinese,Tao,0.00134756,6615982,6629458
chinese,Teng,0.000352932,6629458,6632988
chinese,Teo,0.00112927,6632988,6644281
chinese,Tian,0.00333681,6644281,6677649
chinese,Tong,0.00363813,6677649,6714030
chinese,Tsang,0.00451709,6714030,6759201
chinese,Tse,0.00846954,6759201,6843895
chinese,Tu,0.000571109,6843895,6849607
chinese,Wai,0.00112927,6849607,6860900
chinese,Wan,0.00121922,6860900,6873093
chinese,Wang,0.0483196,6873093,7356278
chinese,Wei,0.0053742,7356278,7410020
chinese,Wen,0.00209193,7410020,7430940
chinese,Weng,0.000468437,7430940,7435625
chinese,Wong,0.0508172,7435625,7943785
chinese,Wu,0.0197958,7943785,8141739
chinese,Xi,0.000340098,8141739,8145141
chinese,Xia,0.00205342,8145141,8165676
chinese,Xian,0.000168124,8165676,8167358
chinese,Xiang,0.00144381,8167358,8181797
chinese,Xiao,0.00359349,8181797,8217732
chinese,Xie,0.00487688,8217732,8266501
chinese,Xin,0.00049218,8266501,8271424
chinese,Xing,0.000940083,8271424,8280826
chinese,Xiong,0.00186092,8280826,8299436
chinese,Xiu,6.41695e-05,8299436,8300079
chinese,Xu,0.0136745,8300079,8436822
chinese,Xuan,7.70034e-05,8436822,8437593
chinese,Xue,0.00166841,8437593,8454278
chinese,Yan,0.00422235,8454278,8496501
chinese,Yang,0.0210476,8496501,8706973
chinese,Yao,0.00260528,8706973,8733026
chinese,Yap,0.00112927,8733026,8744319
chinese,Ye,0.0031257,8744319,8775576
chinese,Yeung,0.00677563,8775576,8843332
chinese,Yi,0.000979868,8843332,8853131
chinese,Yin,0.00252956,8853131,8878427
chinese,Ying,0.000211759,8878427,8880546
chinese,Yip,0.00677563,8880546,8948302
chinese,Yong,6.41695e-05,8948302,8948945
chinese,You,0.000827787,8948945,8957224
chinese,Yu,0.0079939,8957224,9037162
chinese,Yuan,0.00354152,9037162,9072577
chinese,Yue,0.000705865,9072577,9079636
chinese,Yun,7.70034e-05,9079636,9080407
chinese,Zan,4.23519e-05,9080407,9080831
chinese,Zang,0.000205342,9080831,9082885
chinese,Zhan,0.000856021,9082885,9091446
chinese,Zhang,0.0440203,9091446,9531638
chinese,Zhao,0.0128339,9531638,9659975
chinese,Zhen,0.000173258,9659975,9661709
chinese,Zheng,0.00596776,9661709,9721386
chinese,Zhi,0.000166199,9721386,9723049
chinese,Zhong,0.00274004,9723049,9750450
chinese,Zhou,0.0121922,9750450,9872370
chinese,Zhu,0.00884833,9872370,9960852
chinese,Zhuang,0.000770034,9960852,9968553
chinese,Zhuo,0.000275929,9968553,9971313
chinese,Zong,0.000218176,9971313,9973496
chinese,Zou,0.00192509,9973496,9992747
chinese,Zu,8.34204e-05,9992747,9993582
chinese,Zuo,0.000641695,9993582,10000000
vietnamese,Au,0.2,0,18763
vietnamese,Bui,2,18763,206380
vietnamese,Cao,0.6,206380,262666
vietnamese,Chau,0.4,262666,300190
vietnamese,Dang,2,300190,487807
vietnamese,Dao,0.5,487807,534712
vietnamese,Diep,0.4,534712,572236
vietnamese,Dinh,1,572236,666045
vietnamese,Do,2,666045,853662
vietnamese,Doan,0.5,853662,900567
vietnamese,Duong,1.2,900567,1013138
vietnamese,Ha,0.5,1013138,1060043
vietnamese,Ho,1.5,1060043,1200756
vietnamese,Hoang,3,1200756,1482182
vietnamese,Hua,0.3,1482182,1510326
vietnamese,Huynh,5,1510326,1979368
vietnamese,Khuu,0.2,1979368,1998131
vietnamese,Kieu,0.3,1998131,2026275
vietnamese,La,0.4,2026275,2063799
vietnamese,Lai,0.3,2063799,2091943
vietnamese,Lam,1,2091943,2185752
vietnamese,Le,9,2185752,3030027
vietnamese,Lu,0.3,3030027,3058170
vietnamese,Luong,0.8,3058170,3133218
vietnamese,Luu,0.4,3133218,3170742
vietnamese,Ly,1.2,3170742,3283313
vietnamese,Mac,0.2,3283313,3302076
vietnamese,Mai,0.8,3302076,3377124
vietnamese,Nghiem,0.2,3377124,3395887
vietnamese,Ngo,1.5,3395887,3536600
vietnamese,Nguyen,38,3536600,7101312
vietnamese,Pham,7,7101312,7757970
vietnamese,Phan,3,7757970,8039396
vietnamese,Quach,0.4,8039396,8076920
vietnamese,Quan,0.2,8076920,8095683
vietnamese,Ta,0.5,8095683,8142588
vietnamese,Tang,0.3,8142588,8170731
vietnamese,Thai,0.4,8170731,8208255
vietnamese,Tong,0.2,8208255,8227018
vietnamese,Tran,11,8227018,9258909
vietnamese,Trieu,0.3,9258909,9287052
vietnamese,Trinh,0.6,9287052,9343338
vietnamese,Truong,1.2,9343338,9455909
vietnamese,Van,0.3,9455909,9484052
vietnamese,Vinh,0.2,9484052,9502815
vietnamese,Vo,2.5,9502815,9737336
vietnamese,Vu,2.5,9737336,9971857
vietnamese,Vuong,0.3,9971857,10000000
korean,Ahn,1.3,0,143965
korean,Bae,0.8,143965,232559
korean,Baek,0.8,232559,321153
korean,Cha,0.4,321153,365451
korean,Chae,0.2,365451,387600
korean,Cho,2.1,387600,620158
korean,Choi,4.7,620158,1140644
korean,Chun,0.2,1140644,1162793
korean,Gil,0.1,1162793,1173868
korean,Ha,0.5,1173868,1229240
korean,Han,1.5,1229240,1395353
korean,Heo,0.6,1395353,1461799
korean,Hong,1.1,1461799,1583616
korean,Hwang,1.4,1583616,1738655
korean,Jang,2,1738655,1960139
korean,Jeon,1.1,1960139,2081956
korean,Jin,0.3,2081956,2115180
korean,Joo,0.4,2115180,2159478
korean,Jung,4.3,2159478,2635667
korean,Kang,2.3,2635667,2890373
korean,Kim,21.5,2890373,5271315
korean,Ko,0.9,5271315,5370983
korean,Kwak,0.4,5370983,5415281
korean,Kwon,1.4,5415281,5570320
korean,Lee,14.7,5570320,7198221
korean,Lim,1.7,7198221,7386483
korean,Min,0.3,7386483,7419707
korean,Moon,0.9,7419707,7519375
korean,Na,0.3,7519375,7552598
korean,Nam,0.6,7552598,7619044
korean,Noh,0.5,7619044,7674416
korean,Oh,1.5,7674416,7840529
korean,Park,8.4,7840529,8770758
korean,Pyo,0.1,8770758,8781833
korean,Ryu,0.3,8781833,8815056
korean,Seo,1.5,8815056,8981169
korean,Seong,0.4,8981169,9025467
korean,Shin,1.5,9025467,9191580
korean,Son,0.9,9191580,9291248
korean,Song,1.3,9291248,9435213
korean,Um,0.3,9435213,9468436
korean,Won,0.2,9468436,9490585
korean,Woo,0.4,9490585,9534883
korean,Yang,0.9,9534883,9634551
korean,Yoo,1.2,9634551,9767442
korean,Yoon,2.1,9767442,10000000
lebanese,Abboud,0.150223,0,146481
lebanese,Abdallah,0.0629213,146481,207836
lebanese,Achkar,0.0389955,207836,245861
lebanese,Alameddine,0.0361004,245861,281063
lebanese,Aoun,0.0865048,281063,365413
lebanese,Assaf,0.0505963,365413,414750
lebanese,Awad,0.127313,414750,538892
lebanese,Ayoub,0.0620879,538892,599434
lebanese,Bakhos,0.0387326,599434,637203
lebanese,Baroud,0.0501034,637203,686059
lebanese,Bitar,0.0847159,686059,768665
lebanese,Boutros,0.0612808,768665,828420
lebanese,Chahine,0.199526,828420,1022976
lebanese,Chalhoub,0.049622,1022976,1071363
lebanese,Chami,0.0516185,1071363,1121696
lebanese,Chidiac,0.0830142,1121696,1202643
lebanese,Choucair,0.038474,1202643,1240159
lebanese,Dahdah,0.0415729,1240159,1280697
lebanese,Daher,0.143587,1280697,1420708
lebanese,Daoud,0.0604987,1420708,1479700
lebanese,Diab,0.0813932,1479700,1559066
lebanese,Dib,0.0511012,1559066,1608895
lebanese,Doumit,0.0491516,1608895,1656823
lebanese,El-Hage,0.0597404,1656823,1715076
lebanese,El-Khoury,0.157656,1715076,1868805
lebanese,Elias,0.0883883,1868805,1954992
lebanese,Elmir,0.0358822,1954992,1989981
lebanese,Estephan,0.0486919,1989981,2037461
lebanese,Fakhoury,0.16605,2037461,2199375
lebanese,Farah,0.122823,2199375,2319139
lebanese,Fares,0.079847,2319139,2396998
lebanese,Farhat,0.0482426,2396998,2444040
lebanese,Fattal,0.0590048,2444040,2501576
lebanese,Frangieh,0.0382196,2501576,2538844
lebanese,Geagea,0.0783703,2538844,2615263
lebanese,Gerges,0.118699,2615263,2731005
lebanese,Ghanem,0.0582909,2731005,2787844
lebanese,Ghazal,0.0478031,2787844,2834457
lebanese,Habib,0.114896,2834457,2946491
lebanese,Haddad,0.463463,2946491,3398407
lebanese,Hage,0.0769582,3398407,3473449
lebanese,Haidar,0.0575975,3473449,3529612
lebanese,Hamad,0.111376,3529612,3638214
lebanese,Hamdan,0.0435374,3638214,3680668
lebanese,Hammoud,0.0356673,3680668,3715448
lebanese,Hanna,0.285295,3715448,3993636
lebanese,Harb,0.233258,3993636,4221083
lebanese,Hayek,0.0412661,4221083,4261322
lebanese,Hijazi,0.0473733,4261322,4307516
lebanese,Hobeika,0.0379692,4307516,4344540
lebanese,Ibrahim,0.0569238,4344540,4400046
lebanese,Issa,0.256113,4400046,4649778
lebanese,Jabbour,0.0756063,4649778,4723501
lebanese,Jaber,0.056269,4723501,4778369
lebanese,Jreige,0.0422035,4778369,4819522
lebanese,Kanaan,0.0743107,4819522,4891982
lebanese,Karam,0.186649,4891982,5073981
lebanese,Karim,0.0556321,5073981,5128228
lebanese,Kassem,0.0469528,5128228,5174012
lebanese,Kassis,0.108107,5174012,5279426
lebanese,Kazzi,0.0377228,5279426,5316210
lebanese,Kfoury,0.0409647,5316210,5356155
lebanese,Kheir,0.0428578,5356155,5397946
lebanese,Khoury,0.615572,5397946,5998181
lebanese,Lahoud,0.0730677,5998181,6069429
lebanese,Maalouf,0.071874,6069429,6139513
lebanese,Makhoul,0.105061,6139513,6241957
lebanese,Mansour,0.0550125,6241957,6295600
lebanese,Massoud,0.0374802,6295600,6332147
lebanese,Matar,0.0425276,6332147,6373616
lebanese,Merhi,0.0438871,6373616,6416411
lebanese,Mikhael,0.0403777,6416411,6455784
lebanese,Mouawad,0.0354554,6455784,6490357
lebanese,Moubayed,0.0406687,6490357,6530013
lebanese,Mourad,0.0465411,6530013,6575396
lebanese,Moussa,0.132224,6575396,6704326
lebanese,Nader,0.102216,6704326,6803996
lebanese,Najjar,0.0461382,6803996,6848986
lebanese,Nakhoul,0.0544094,6848986,6902041
lebanese,Nasser,0.378929,6902041,7271530
lebanese,Nassif,0.0707267,7271530,7340495
lebanese,Nehme,0.0400918,7340495,7379589
lebanese,Obeid,0.0696228,7379589,7447478
lebanese,Raad,0.0398107,7447478,7486298
lebanese,Rafih,0.0418853,7486298,7527141
lebanese,Rahal,0.0457436,7527141,7571746
lebanese,Rahme,0.214798,7571746,7781193
lebanese,Richa,0.0372413,7781193,7817507
lebanese,Rifai,0.0352466,7817507,7851876
lebanese,Rizk,0.0685598,7851876,7918729
lebanese,Saad,0.324131,7918729,8234785
lebanese,Saba,0.0538221,8234785,8287267
lebanese,Sabbagh,0.0675354,8287267,8353121
lebanese,Salameh,0.0370062,8353121,8389206
lebanese,Salem,0.0995509,8389206,8486278
lebanese,Saliba,0.0395344,8486278,8524828
lebanese,Sarkis,0.0453571,8524828,8569056
lebanese,Sayegh,0.0350407,8569056,8603225
lebanese,Semaan,0.17562,8603225,8774470
lebanese,Shalala,0.0449785,8774470,8818329
lebanese,Sleiman,0.0970486,8818329,8912961
lebanese,Srour,0.0431944,8912961,8955080
lebanese,Tabet,0.0367746,8955080,8990939
lebanese,Tadros,0.0392627,8990939,9029224
lebanese,Taha,0.05325,9029224,9081148
lebanese,Tannous,0.137621,9081148,9215341
lebanese,Tawk,0.0665474,9215341,9280231
lebanese,Tohme,0.0446074,9280231,9323728
lebanese,Toma,0.0946938,9323728,9416063
lebanese,Wakim,0.0365464,9416063,9451700
lebanese,Wehbe,0.0655938,9451700,9515660
lebanese,Yazbek,0.092473,9515660,9605830
lebanese,Younes,0.0646727,9605830,9668892
lebanese,Yousef,0.0526924,9668892,9720272
lebanese,Zaarour,0.0363217,9720272,9755690
lebanese,Zahra,0.0903747,9755690,9843814
lebanese,Zeitoun,0.0637824,9843814,9906008
lebanese,Zogheib,0.0442437,9906008,9949150
lebanese,Zreika,0.0521487,9949150,10000000
filipino,Abad,0.0457436,0,51243
filipino,Aguilar,0.092473,51243,154832
filipino,Agustin,0.0655938,154832,228311
filipino,Alcantara,0.0544094,228311,289262
filipino,Andrada,0.186649,289262,498347
filipino,Aquino,0.132224,498347,646465
filipino,Bautista,0.324131,646465,1009558
filipino,Bernardo,0.0538221,1009558,1069851
filipino,Bonifacio,0.0453571,1069851,1120661
filipino,Buenaventura,0.0675354,1120661,1196315
filipino,Cabrera,0.0756063,1196315,1281010
filipino,Castillo,0.17562,1281010,1477740
filipino,Castro,0.143587,1477740,1638588
filipino,Cayabyab,0.0449785,1638588,1688974
filipino,Cortez,0.05325,1688974,1748626
filipino,Cruz,0.378929,1748626,2173104
filipino,David,0.0446074,2173104,2223074
filipino,De Leon,0.111376,2223074,2347838
filipino,Del Rosario,0.0847159,2347838,2442738
filipino,Dela Cruz,0.114896,2442738,2571445
filipino,Dimaculangan,0.071874,2571445,2651959
filipino,Dimalanta,0.0526924,2651959,2710986
filipino,Dizon,0.0903747,2710986,2812225
filipino,Domingo,0.0995509,2812225,2923743
filipino,Dumlao,0.0646727,2923743,2996190
filipino,Enriquez,0.0442437,2996190,3045753
filipino,Espiritu,0.0521487,3045753,3104171
filipino,Evangelista,0.0696228,3104171,3182164
filipino,Fernandez,0.0865048,3182164,3279068
filipino,Flores,0.16605,3279068,3465079
filipino,Francisco,0.0516185,3465079,3522903
filipino,Galang,0.0637824,3522903,3594353
filipino,Garcia,0.256113,3594353,3881252
filipino,Gatchalian,0.0511012,3881252,3938497
filipino,Gonzales,0.108107,3938497,4059599
filipino,Gutierrez,0.0830142,4059599,4152593
filipino,Hernandez,0.0505963,4152593,4209272
filipino,Ignacio,0.0501034,4209272,4265399
filipino,Ilagan,0.0629213,4265399,4335885
filipino,Javier,0.0769582,4335885,4422095
filipino,Jimenez,0.049622,4422095,4477683
filipino,Lacson,0.0685598,4477683,4554485
filipino,Lapid,0.0620879,4554485,4624037
filipino,Legaspi,0.0491516,4624037,4679098
filipino,Lopez,0.105061,4679098,4796789
filipino,Macaraeg,0.0730677,4796789,4878641
filipino,Magbanua,0.0743107,4878641,4961885
filipino,Manalo,0.0970486,4961885,5070600
filipino,Mangubat,0.0612808,5070600,5139248
filipino,Mariano,0.0783703,5139248,5227040
filipino,Mendoza,0.233258,5227040,5488337
filipino,Mercado,0.118699,5488337,5621305
filipino,Morales,0.0486919,5621305,5675851
filipino,Natividad,0.0482426,5675851,5729893
filipino,Navarro,0.127313,5729893,5872510
filipino,Nepomuceno,0.0604987,5872510,5940282
filipino,Ocampo,0.285295,5940282,6259871
filipino,Padilla,0.0597404,6259871,6326793
filipino,Panganiban,0.0707267,6326793,6406022
filipino,Pascual,0.102216,6406022,6520525
filipino,Pineda,0.0478031,6520525,6574075
filipino,Quizon,0.0590048,6574075,6640173
filipino,Ramos,0.150223,6640173,6808454
filipino,Reyes,0.463463,6808454,7327627
filipino,Rivera,0.137621,7327627,7481792
filipino,Roxas,0.0473733,7481792,7534861
filipino,Salazar,0.122823,7534861,7672448
filipino,Samonte,0.0665474,7672448,7746996
filipino,Santiago,0.0813932,7746996,7838174
filipino,Santos,0.615572,7838174,8527740
filipino,Sarmiento,0.0469528,8527740,8580338
filipino,Sison,0.0582909,8580338,8645637
filipino,Soriano,0.0946938,8645637,8751714
filipino,Tan,0.0575975,8751714,8816236
filipino,Tolentino,0.079847,8816236,8905682
filipino,Tomas,0.199526,8905682,9129193
filipino,Torres,0.214798,9129193,9369811
filipino,Trinidad,0.0465411,9369811,9421947
filipino,Umali,0.0569238,9421947,9485714
filipino,Valdez,0.0883883,9485714,9584728
filipino,Valencia,0.0461382,9584728,9636413
filipino,Velasco,0.056269,9636413,9699447
filipino,Villanueva,0.157656,9699447,9876054
filipino,Yap,0.0556321,9876054,9938374
filipino,Zamora,0.0550125,9938374,10000000
greek,Adamopoulos,0.000243981,0,2441
greek,Aetopoulos,0.000296923,2441,5411
greek,Afroudakis,0.00021146,5411,7526
greek,Agaliotis,0.00195544,7526,27080
greek,Agyropoulos,0.000896036,27080,36041
greek,Akalidis,0.000197967,36041,38021
greek,Akriotis,0.0002633,38021,40655
greek,Akritidis,0.000535135,40655,46007
greek,Alafakis,0.000208296,46007,48091
greek,Alatzakis,0.000473025,48091,52822
greek,Alexandropoulos,0.000270121,52822,55524
greek,Alexiou,0.0120538,55524,176054
greek,Alexopoulos,0.000229701,176054,178352
greek,Ampatzianis,0.000290492,178352,181258
greek,Amplianitis,0.000175116,181258,183010
greek,Amygdalakis,0.000165938,183010,184670
greek,Anagnostou,0.0115924,184670,300586
greek,Anastasakis,0.000350181,300586,304089
greek,Anastasopoulos,0.00121294,304089,316218
greek,Anastopoulos,0.000530611,316218,321525
greek,Andreanidis,0.00041752,321525,325701
greek,Andrianos,0.00319271,325701,357627
greek,Andrikopoulos,0.000167495,357627,359303
greek,Andriopoulos,0.00049325,359303,364236
greek,Andriotis,0.000513292,364236,369369
greek,Androulakis,0.000173196,369369,371102
greek,Androulidakis,0.000378523,371102,374888
greek,Angelakos,0.000195211,374888,376841
greek,Angelidis,0.000167889,376841,378521
greek,Angelikas,0.000271749,378521,381239
greek,Angelis,0.000582568,381239,387065
greek,Angelopoulos,0.000162914,387065,388695
greek,Antonakos,0.000452863,388695,393224
greek,Antoneas,0.000174901,393224,394974
greek,Antoniadis,0.000318926,394974,398164
greek,Antoniou,0.0160342,398164,558494
greek,Antonopoulos,0.000185437,558494,560349
greek,Apostolakakis,0.000181158,560349,562161
greek,Apostolakis,0.00050306,562161,567192
greek,Apostolidis,0.00030505,567192,570243
greek,Apostolopoulos,0.000542077,570243,575664
greek,Arampatzis,0.000214727,575664,577812
greek,Archavlis,0.000276758,577812,580580
greek,Argyris,0.000298246,580580,583563
greek,Argyropoulos,0.00150262,583563,598589
greek,Armenis,0.00066408,598589,605230
greek,Asaridis,0.000199376,605230,607225
greek,Asimakopoulos,0.00076429,607225,614868
greek,Asimopoulos,0.000325975,614868,618128
greek,Athanasakis,0.00131049,618128,631233
greek,Athanasopoulos,0.000192799,631233,633162
greek,Avagianos,0.000614337,633162,639306
greek,Avgoustis,0.000218103,639306,641488
greek,Avramidis,0.000481997,641488,646309
greek,Avramiotis,0.00019966,646309,648306
greek,Axaopoulos,0.000326779,648306,651575
greek,Axiotis,0.00019881,651575,653564
greek,Baganas,0.000307864,653564,656643
greek,Baklavas,0.000255388,656643,659198
greek,Balaskas,0.0006605,659198,665803
greek,Baloukidis,0.00256411,665803,691443
greek,Baltagiannis,0.000235196,691443,693796
greek,Baltzis,0.000238878,693796,696186
greek,Bantes,0.000199945,696186,698186
greek,Bantis,0.000863452,698186,706821
greek,Bekos,0.000241401,706821,709236
greek,Beredimas,0.000302289,709236,712260
greek,Bermpatiotis,0.000195755,712260,714218
greek,Billas,0.000588084,714218,720099
greek,Blanas,0.000994357,720099,730043
greek,Bofos,0.000171733,730043,731761
greek,Botis,0.00060237,731761,737785
greek,Botonis,0.000329215,737785,741078
greek,Botsolis,0.000221238,741078,743291
greek,Boukos,0.000223382,743291,745526
greek,Bouloukos,0.000251154,745526,748038
greek,Bourlis,0.000283748,748038,750876
greek,Bousios,0.000223022,750876,753107
greek,Bozikis,0.00017887,753107,754897
greek,Braziotis,0.000238049,754897,757278
greek,Chachoudis,0.000202845,757278,759307
greek,Chalatsis,0.000178195,759307,761090
greek,Charalambous,0.0111689,761090,872771
greek,Charalampidis,0.000491336,872771,877685
greek,Charisiadis,0.000977769,877685,887463
greek,Charmpilas,0.000501065,887463,892474
greek,Charpantidis,0.000163659,892474,894111
greek,Charteros,0.000427214,894111,898384
greek,Chatzantonis,0.000174257,898384,900127
greek,Chatzellis,0.000344679,900127,903575
greek,Chatziaras,0.00214994,903575,925074
greek,Chatzigrigorakis,0.000175333,925074,926828
greek,Chatzikyrkos,0.00117566,926828,938585
greek,Chatzisavvas,0.00033169,938585,941903
greek,Chatzisavvidis,0.000454474,941903,946448
greek,Chatzistavrakis,0.00206742,946448,967122
greek,Chatzopoulos,0.000245292,967122,969576
greek,Chavredakis,0.000511211,969576,974689
greek,Chelios,0.00022447,974689,976935
greek,Chitos,0.000246619,976935,979402
greek,Chondrolidis,0.000166908,979402,981072
greek,Chouchoulis,0.000388694,981072,984960
greek,Choudalakis,0.00176583,984960,1002618
greek,Chouliaras,0.00100288,1002618,1012647
greek,Chountis,0.00065696,1012647,1019217
greek,Christakis,0.00046104,1019217,1023828
greek,Christakopoulos,0.000184227,1023828,1025671
greek,Christaras,0.000774109,1025671,1033412
greek,Christodoulakis,0.00292202,1033412,1062631
greek,Christodoulou,0.0250887,1062631,1313498
greek,Christopoulos,0.000245733,1313498,1315956
greek,Chronopoulos,0.000182326,1315956,1317780
greek,Chrysidis,0.000267983,1317780,1320461
greek,Chrysikos,0.000462712,1320461,1325089
greek,Chrysoulis,0.000286772,1325089,1327957
greek,Chrysovergis,0.000471272,1327957,1332670
greek,Dakanalis,0.000799866,1332670,1340669
greek,Danelis,0.000630023,1340669,1346970
greek,Danezis,0.000170908,1346970,1348680
greek,Daniilidis,0.000167103,1348680,1350352
greek,Daras,0.000398233,1350352,1354335
greek,Davas,0.000234394,1354335,1356680
greek,Delios,0.00077912,1356680,1364472
greek,Demetriou,0.0107787,1364472,1472252
greek,Dermitzakis,0.000177971,1472252,1474033
greek,Desyllas,0.000515391,1474033,1479187
greek,Diakakis,0.000179778,1479187,1480986
greek,Diamantis,0.000184709,1480986,1482834
greek,Digas,0.000714653,1482834,1489981
greek,Dimiskis,0.00108711,1489981,1500852
greek,Dimitriou,0.0365404,1500852,1866228
greek,Dimitropoulos,0.000337621,1866228,1869605
greek,Dimopoulos,0.000161993,1869605,1871226
greek,Dimovelis,0.000341111,1871226,1874638
greek,Dinezakis,0.000706349,1874638,1881702
greek,Dokos,0.00067507,1881702,1888453
greek,Dosis,0.000431515,1888453,1892769
greek,Dotis,0.000269583,1892769,1895466
greek,Doukas,0.00276686,1895466,1923133
greek,Doukatzis,0.000694267,1923133,1930076
greek,Doulamis,0.00029367,1930076,1933013
greek,Doulgerakis,0.0025033,1933013,1958045
greek,Doulias,0.000745418,1958045,1965500
greek,Doumas,0.000361761,1965500,1969118
greek,Dounis,0.000750043,1969118,1976619
greek,Douranis,0.00393335,1976619,2015950
greek,Douvikas,0.000240554,2015950,2018356
greek,Douvropoulos,0.000164411,2018356,2020001
greek,Dovas,0.000206751,2020001,2022069
greek,Drakakis,0.000456097,2022069,2026631
greek,Drakopoulos,0.00030645,2026631,2029696
greek,Draziotis,0.000226309,2029696,2031960
greek,Droulias,0.000406994,2031960,2036031
greek,Economou,0.0131139,2036031,2167160
greek,Efkarpidis,0.000413506,2167160,2171296
greek,Efstratopoulos,0.00032124,2171296,2174509
greek,Eftaxias,0.000213736,2174509,2176647
greek,Emporopoulos,0.000446539,2176647,2181113
greek,Epsimos,0.00161126,2181113,2197225
greek,Esperidis,0.00104789,2197225,2207704
greek,Evangelatos,0.000227804,2207704,2209983
greek,Evangelinos,0.000327587,2209983,2213260
greek,Falieros,0.000182561,2213260,2215086
greek,Fanourgakis,0.000252082,2215086,2217608
greek,Feideropoulos,0.000177748,2217608,2219386
greek,Ferentinos,0.00028924,2219386,2222279
greek,Filippakis,0.000220533,2222279,2224485
greek,Filippatos,0.000176422,2224485,2226250
greek,Filippopoulos,0.000235599,2226250,2228607
greek,Fokadelis,0.00020314,2228607,2230639
greek,Fokas,0.000805236,2230639,2238692
greek,Fotoglidis,0.000289865,2238692,2241591
greek,Fotopoulos,0.000316647,2241591,2244758
greek,Fountzoulas,0.000197409,2244758,2246733
greek,Fousiekis,0.000233598,2246733,2249070
greek,Fouskas,0.000435909,2249070,2253430
greek,Foutsitzis,0.000174471,2253430,2255176
greek,Fragopoulos,0.000487555,2255176,2260052
greek,Frantzis,0.000564092,2260052,2265693
greek,Frogakis,0.000294962,2265693,2268643
greek,Fydanis,0.000161627,2268643,2270260
greek,Gagaoudakis,0.000328399,2270260,2273545
greek,Gagas,0.000667701,2273545,2280222
greek,Galatoulas,0.000794571,2280222,2288168
greek,Ganatsios,0.000294315,2288168,2291112
greek,Garoufalis,0.00123922,2291112,2303504
greek,Garyfalidis,0.000199092,2303504,2305496
greek,Gatos,0.000211782,2305496,2307615
greek,Gatzogiannis,0.000183034,2307615,2309446
greek,Gavridakis,0.000272845,2309446,2312175
greek,Genetzakis,0.000258787,2312175,2314764
greek,Gennimatas,0.000168883,2314764,2316454
greek,Gentimis,0.000253488,2316454,2318990
greek,Georgakopoulos,0.000228938,2318990,2321280
greek,Georgalas,0.000164601,2321280,2322927
greek,Georgalis,0.00107702,2322927,2333697
greek,Georgiou,0.054986,2333697,2883514
greek,Georgoudis,0.000348327,2883514,2886998
greek,Georgoulas,0.000620512,2886998,2893204
greek,Gerardis,0.000489438,2893204,2898099
greek,Gerodimos,0.000269048,2898099,2900790
greek,Geropoulos,0.000571857,2900790,2906509
greek,Giannakeas,0.00202862,2906509,2926795
greek,Giannakis,0.000478365,2926795,2931579
greek,Giannakitsas,0.000394598,2931579,2935526
greek,Giannakopoulos,0.00035491,2935526,2939076
greek,Giannakoudakis,0.000451265,2939076,2943589
greek,Giannelos,0.000262791,2943589,2946218
greek,Giannes,0.00329515,2946218,2979168
greek,Giannopoulos,0.000325176,2979168,2982420
greek,Giannoukos,0.000212754,2982420,2984548
greek,Giapatzis,0.000174686,2984548,2986296
greek,Giasimakis,0.000192271,2986296,2988220
greek,Giatromanolakis,0.000690335,2988220,2995124
greek,Gikas,0.000189935,2995124,2997024
greek,Gikopoulos,0.00116377,2997024,3008662
greek,Ginis,0.000188158,3008662,3010544
greek,Gioldelis,0.000232808,3010544,3012873
greek,Giotakis,0.000165746,3012873,3014531
greek,Giotis,0.000869767,3014531,3023229
greek,Gitsakis,0.0017947,3023229,3041176
greek,Gotsis,0.0004258,3041176,3045435
greek,Gourgoulis,0.000457732,3045435,3050013
greek,Gousios,0.000639847,3050013,3056412
greek,Gouskos,0.000190707,3056412,3058320
greek,Goutzamanis,0.000197131,3058320,3060292
greek,Gouvelos,0.000686451,3060292,3067157
greek,Grammatikopoulos,0.000464398,3067157,3071802
greek,Grammatikos,0.000262283,3071802,3074426
greek,Gratsias,0.000727504,3074426,3081701
greek,Gretos,0.00210783,3081701,3102779
greek,Grevenaris,0.000347407,3102779,3106254
greek,Grigoriadis,0.000214065,3106254,3108395
greek,Grigoropoulos,0.00057716,3108395,3114167
greek,Grivas,0.00040319,3114167,3118200
greek,Iakovakis,0.000187408,3118200,3120075
greek,Iatropoulos,0.000409573,3120075,3124171
greek,Intzes,0.000187908,3124171,3126051
greek,Ioannou,0.0228326,3126051,3354360
greek,Iosifidis,0.000449678,3354360,3358857
greek,Isaris,0.00032438,3358857,3362102
greek,Iseris,0.000376338,3362102,3365866
greek,Kafantaris,0.0005218,3365866,3371085
greek,Kafiris,0.000441917,3371085,3375505
greek,Kakatsos,0.000248412,3375505,3377990
greek,Kakavos,0.000353002,3377990,3381521
greek,Kakosaios,0.000181623,3381521,3383338
greek,Kalaitzakis,0.000193596,3383338,3385275
greek,Kalamarakis,0.000410875,3385275,3389384
greek,Kalamaras,0.000234795,3389384,3391733
greek,Kalampalikis,0.00017955,3391733,3393529
greek,Kalapodis,0.000217078,3393529,3395701
greek,Kalargyros,0.000434434,3395701,3400046
greek,Kaliampos,0.000175985,3400046,3401807
greek,Kalitsounakis,0.000197687,3401807,3403785
greek,Kampakas,0.000495179,3403785,3408737
greek,Kamperidis,0.000261778,3408737,3411356
greek,Kamposakis,0.000170499,3411356,3413062
greek,Kanavos,0.000209235,3413062,3415155
greek,Kanellopoulos,0.000165554,3415155,3416811
greek,Kapatsoris,0.00165952,3416811,3433406
greek,Kapetanios,0.000315895,3433406,3436566
greek,Kapounis,0.000224836,3436566,3438815
greek,Kapsalis,0.000170703,3438815,3440523
greek,Karadimos,0.000211139,3440523,3442635
greek,Karagiannis,0.0201445,3442635,3644065
greek,Karaiskos,0.000254434,3644065,3646610
greek,Karakastanias,0.000566655,3646610,3652277
greek,Karakaxis,0.000272296,3652277,3655001
greek,Karalis,0.000203436,3655001,3657036
greek,Karamanos,0.000230085,3657036,3659338
greek,Karampas,0.00021308,3659338,3661470
greek,Karamsalis,0.00146337,3661470,3676103
greek,Karanikas,0.000430071,3676103,3680404
greek,Karanikolas,0.000718883,3680404,3687593
greek,Karanis,0.000313661,3687593,3690730
greek,Karantzopoulos,0.000678819,3690730,3697519
greek,Karatzaferis,0.000288001,3697519,3700400
greek,Karatzikos,0.00017194,3700400,3702120
greek,Karountzos,0.00158822,3702120,3718002
greek,Karousos,0.000857232,3718002,3726575
greek,Kartas,0.000297583,3726575,3729552
greek,Karypidis,0.000373111,3729552,3733284
greek,Kasoutsas,0.000440399,3733284,3737689
greek,Kastanis,0.000179096,3737689,3739481
greek,Katakis,0.000191225,3739481,3741394
greek,Katarachias,0.000248865,3741394,3743883
greek,Katevatis,0.00199132,3743883,3763796
greek,Katirtzis,0.000759478,3763796,3771391
greek,Katsamanis,0.000889313,3771391,3780284
greek,Katsantonis,0.000186911,3780284,3782154
greek,Katsaros,0.000405718,3782154,3786212
greek,Katsavos,0.000205533,3786212,3788268
greek,Katsifos,0.000171113,3788268,3789980
greek,Katsigiannis,0.000187657,3789980,3791857
greek,Katsilis,0.000334205,3791857,3795200
greek,Katsipis,0.000163472,3795200,3796836
greek,Katsogiannis,0.000574495,3796836,3802581
greek,Kavouris,0.000209865,3802581,3804680
greek,Kazanopoulos,0.000178644,3804680,3806467
greek,Kechagias,0.000219833,3806467,3808666
greek,Kelaidonis,0.000355872,3808666,3812225
greek,Kellaris,0.000266927,3812225,3814895
greek,Kerasovitis,0.000165171,3814895,3816548
greek,Kesalidis,0.00185554,3816548,3835103
greek,Kesemidis,0.000636536,3835103,3841469
greek,Kioses,0.000236004,3841469,3843830
greek,Kioupliotis,0.000176862,3843830,3845599
greek,Kiousis,0.000173407,3845599,3847334
greek,Kissas,0.000469534,3847334,3852030
greek,Kitinos,0.000237227,3852030,3854403
greek,Klimis,0.00173792,3854403,3871782
greek,Kokordelis,0.000277326,3871782,3874556
greek,Kolchouris,0.000209549,3874556,3876652
greek,Kolkas,0.000444988,3876652,3881103
greek,Kolokathis,0.000184951,3881103,3882953
greek,Kolovos,0.000204628,3882953,3885000
greek,Komkoudis,0.000191747,3885000,3886918
greek,Kompolias,0.000204329,3886918,3888962
greek,Kondylidis,0.000175549,3888962,3890718
greek,Konidaris,0.000251617,3890718,3893235
greek,Konstantakopoulos,0.000285554,3893235,3896091
greek,Konstantas,0.000505072,3896091,3901142
greek,Konstantinidis,0.0281356,3901142,4182476
greek,Konstantopoulos,0.000816208,4182476,4190638
greek,Kontakos,0.00182458,4190638,4208883
greek,Kontogiannis,0.00111862,4208883,4220069
greek,Kontokostas,0.000769167,4220069,4227761
greek,Kontos,0.00163501,4227761,4244111
greek,Kordatzis,0.000608291,4244111,4250194
greek,Kormpopoulos,0.00125281,4250194,4262722
greek,Koromilas,0.000339357,4262722,4266116
greek,Kostakis,0.00233783,4266116,4289493
greek,Kostalis,0.000271204,4289493,4292206
greek,Kostidis,0.00219387,4292206,4314144
greek,Kostopoulos,0.0106142,4314144,4420279
greek,Kostoulas,0.0001944,4420279,4422224
greek,Kotoulas,0.000163286,4422224,4423858
greek,Kotsaris,0.000166518,4423858,4425524
greek,Kotsidis,0.000276191,4425524,4428287
greek,Kotsikoris,0.00105742,4428287,4438861
greek,Kottas,0.00036377,4438861,4442499
greek,Kottikas,0.000196029,4442499,4444460
greek,Kouklatzis,0.000293029,4444460,4447391
greek,Koukouliantas,0.000220885,4447391,4449601
greek,Koukouvinos,0.000216739,4449601,4451769
greek,Koulidis,0.00057985,4451769,4457568
greek,Koulizos,0.000173831,4457568,4459307
greek,Koulouriotis,0.000938744,4459307,4468695
greek,Koumiotis,0.000231632,4468695,4471012
greek,Kourakos,0.000166713,4471012,4472680
greek,Kourelis,0.000237637,4472680,4475057
greek,Kouris,0.000301607,4475057,4478074
greek,Kourkoutas,0.000221948,4478074,4480294
greek,Koursaris,0.000476571,4480294,4485060
greek,Koursoumidis,0.000526166,4485060,4490322
greek,Kourtis,0.000185194,4490322,4492175
greek,Koutalios,0.000183987,4492175,4494016
greek,Koutchias,0.000303663,4494016,4497053
greek,Koutelieris,0.000319693,4497053,4500251
greek,Koutentakis,0.000295613,4500251,4503208
greek,Koutris,0.000551633,4503208,4508725
greek,Koutsikopoulos,0.000201966,4508725,4510745
greek,Koutsikos,0.000517509,4510745,4515921
greek,Koutsogiannis,0.00118782,4515921,4527799
greek,Koutsogiannopoulos,0.000188662,4527799,4529686
greek,Koutsoulis,0.000172566,4529686,4531413
greek,Koutsouras,0.000241827,4531413,4533832
greek,Koutsourelis,0.000239713,4533832,4536230
greek,Kouvas,0.00154417,4536230,4551671
greek,Kravvaritis,0.000204929,4551671,4553721
greek,Kremmydas,0.000969692,4553721,4563418
greek,Krialis,0.000740853,4563418,4570827
greek,Kritselis,0.00135757,4570827,4584403
greek,Ktenidis,0.000391033,4584403,4588314
greek,Kymparis,0.000238463,4588314,4590699
greek,Kypraios,0.000192009,4590699,4592620
greek,Kypriotis,0.000341996,4592620,4596041
greek,Kyrgiakis,0.00025396,4596041,4598581
greek,Kyriakakis,0.000180006,4598581,4600382
greek,Kyriakidis,0.000182091,4600382,4602204
greek,Kyriakou,0.0137275,4602204,4739469
greek,Kyriatsoulis,0.000322019,4739469,4742690
greek,Kyriazis,0.000261274,4742690,4745304
greek,Kyritsis,0.000372048,4745304,4749025
greek,Lafatzis,0.000342886,4749025,4752455
greek,Lagogiannis,0.000249319,4752455,4754949
greek,Lagopatis,0.000189679,4754949,4756847
greek,Lakkas,0.000377427,4756847,4760622
greek,Lalas,0.000277897,4760622,4763402
greek,Lamprinos,0.000544433,4763402,4768847
greek,Langousis,0.000179323,4768847,4770641
greek,Laourdekis,0.00016181,4770641,4772260
greek,Lappas,0.000200231,4772260,4774263
greek,Latskos,0.000286162,4774263,4777125
greek,Lazaridis,0.0019209,4777125,4796333
greek,Leledakis,0.000200518,4796333,4798339
greek,Lelekas,0.000275066,4798339,4801090
greek,Lemonis,0.00023641,4801090,4803455
greek,Leventis,0.00033676,4803455,4806823
greek,Lianakis,0.000318162,4806823,4810005
greek,Liolios,0.000358791,4810005,4813594
greek,Lioutas,0.000172775,4813594,4815323
greek,Lithoxoidis,0.00223973,4815323,4837720
greek,Litinas,0.000549211,4837720,4843213
greek,Livanos,0.000174044,4843213,4844954
greek,Lolos,0.000210819,4844954,4847063
greek,Loulakis,0.000287385,4847063,4849938
greek,Loupasakis,0.000599454,4849938,4855933
greek,Lourantos,0.000213408,4855933,4858068
greek,Lygouras,0.00129555,4858068,4871023
greek,Lymperis,0.00039946,4871023,4875018
greek,Magoufis,0.000252549,4875018,4877544
greek,Makariadis,0.000230856,4877544,4879853
greek,Makris,0.0102703,4879853,4982549
greek,Makrygiannis,0.000270661,4982549,4985256
greek,Makrykostas,0.000626818,4985256,4991525
greek,Mammis,0.000180465,4991525,4993330
greek,Mandalos,0.000200806,4993330,4995339
greek,Mandros,0.000247512,4995339,4997815
greek,Manelidis,0.000424396,4997815,5002060
greek,Manikas,0.000166324,5002060,5003724
greek,Maniotis,0.000194669,5003724,5005672
greek,Manolakis,0.000247961,5005672,5008152
greek,Manoleas,0.000414835,5008152,5012301
greek,Manos,0.0015231,5012301,5027532
greek,Manoukas,0.000217419,5027532,5029707
greek,Manouselis,0.00144454,5029707,5044152
greek,Manousiadis,0.000485687,5044152,5049009
greek,Mantaris,0.000162176,5049009,5050632
greek,Mantas,0.00168481,5050632,5067480
greek,Mantzoros,0.000298912,5067480,5070470
greek,Mantzouranis,0.000617408,5070470,5076645
greek,Maragos,0.00171093,5076645,5093754
greek,Marakas,0.000164034,5093754,5095395
greek,Margaris,0.000240132,5095395,5097797
greek,Margaronis,0.000192535,5097797,5099723
greek,Markopoulos,0.00132579,5099723,5112981
greek,Marras,0.000243114,5112981,5115413
greek,Masgalas,0.000882695,5115413,5124240
greek,Masopoulos,0.000232023,5124240,5126561
greek,Mastoras,0.000365803,5126561,5130220
greek,Mastrogiannis,0.00075473,5130220,5137768
greek,Mastrogiorgis,0.000480174,5137768,5142570
greek,Matsoukas,0.000300253,5142570,5145573
greek,Mavrikakis,0.000202258,5145573,5147596
greek,Mavroeidakos,0.000448103,5147596,5152078
greek,Mavrogonatos,0.000194131,5152078,5154020
greek,Mavromanolakis,0.000375256,5154020,5157773
greek,Mavrommatis,0.000273951,5157773,5160513
greek,Mavroudis,0.000280207,5160513,5163316
greek,Mavroutsos,0.000985989,5163316,5173176
greek,Mazarakis,0.0010974,5173176,5184150
greek,Meimaris,0.00022557,5184150,5186407
greek,Melitsopoulos,0.000253017,5186407,5188938
greek,Metaxas,0.000585312,5188938,5194792
greek,Michaelides,0.0144096,5194792,5338878
greek,Michailidis,0.000459379,5338878,5343472
greek,Michalakis,0.000184468,5343472,5345318
greek,Michalellis,0.000214396,5345318,5347463
greek,Michos,0.001391,5347463,5361373
greek,Milioris,0.000421617,5361373,5365590
greek,Mischos,0.00262812,5365590,5391870
greek,Mitridis,0.000428638,5391870,5396157
greek,Mitropoulos,0.000193863,5396157,5398096
greek,Mitsopoulos,0.000164223,5398096,5399739
greek,Mokas,0.000240976,5399739,5402150
greek,Monachas,0.000300929,5402150,5405160
greek,Moraitis,0.000418876,5405160,5409349
greek,Moros,0.000305748,5409349,5412407
greek,Moschopoulos,0.000317403,5412407,5415582
greek,Mouselimis,0.000379625,5415582,5419379
greek,Moutousidis,0.00020403,5419379,5421420
greek,Mylonas,0.00025635,5421420,5423984
greek,Mysirlis,0.00034378,5423984,5427423
greek,Myteletsis,0.000244854,5427423,5429872
greek,Nanouris,0.000183509,5429872,5431708
greek,Nasikas,0.000507101,5431708,5436780
greek,Nasiopoulos,0.000322802,5436780,5440009
greek,Nastatos,0.000546811,5440009,5445478
greek,Nastos,0.000190191,5445478,5447381
greek,Nelos,0.000483834,5447381,5452220
greek,Nikitopoulos,0.000931329,5452220,5461534
greek,Nikolaidis,0.000736346,5461534,5468898
greek,Nikolaou,0.0436819,5468898,5905683
greek,Nikolopoulos,0.000296267,5905683,5908646
greek,Nikoulis,0.000653461,5908646,5915181
greek,Nitsotolis,0.00031219,5915181,5918304
greek,Nousis,0.000162544,5918304,5919930
greek,Orfanakis,0.000169284,5919930,5921624
greek,Orfaniotis,0.000723167,5921624,5928856
greek,Otsos,0.000260773,5928856,5931465
greek,Pagalos,0.00040445,5931465,5935510
greek,Palaiologos,0.00038185,5935510,5939329
greek,Palios,0.000335904,5939329,5942689
greek,Pallas,0.000382973,5942689,5946519
greek,Panagiotakopoulos,0.000226681,5946519,5948787
greek,Panagiotopoulos,0.00977171,5948787,6046497
greek,Pandis,0.00142622,6046497,6060759
greek,Panos,0.000185681,6060759,6062617
greek,Panousis,0.000257319,6062617,6065191
greek,Pantazis,0.000250233,6065191,6067694
greek,Pantos,0.000332524,6067694,6071020
greek,Pantzartzidis,0.000359775,6071020,6074618
greek,Pantzekos,0.000338486,6074618,6078004
greek,Papadakis,0.0321353,6078004,6399332
greek,Papadimitrakis,0.000243547,6399332,6401768
greek,Papadimitriadis,0.000232414,6401768,6404093
greek,Papadopoulos,0.0769057,6404093,7173089
greek,Papafotis,0.000497125,7173089,7178061
greek,Papagiannakopoulos,0.00148272,7178061,7192888
greek,Papagiannis,0.000611299,7192888,7199001
greek,Papagiannopoulos,0.000671364,7199001,7205715
greek,Papapanos,0.000215393,7205715,7207870
greek,Paparoidamis,0.00106712,7207870,7218541
greek,Papatrechas,0.00025491,7218541,7221091
greek,Papoudis,0.000215728,7221091,7223249
greek,Papoulis,0.000229319,7223249,7225543
greek,Pappas,0.0184897,7225543,7410427
greek,Paraskevopoulos,0.000408279,7410427,7414510
greek,Parganas,0.000186664,7414510,7416377
greek,Parousis,0.000466097,7416377,7421039
greek,Passalidis,0.00038524,7421039,7424892
greek,Patelis,0.000282557,7424892,7427718
greek,Patmanidis,0.000369942,7427718,7431418
greek,Patsouras,0.000274508,7431418,7434164
greek,Pefkianakis,0.000320464,7434164,7437369
greek,Peppas,0.000170092,7437369,7439071
greek,Perakis,0.000288619,7439071,7441958
greek,Perdikakis,0.00364898,7441958,7478446
greek,Perdikis,0.000307156,7478446,7481518
greek,Peristeropoulos,0.000228559,7481518,7483804
greek,Perpinias,0.000412186,7483804,7487927
greek,Perrakis,0.00156587,7487927,7503585
greek,Perrotis,0.00016236,7503585,7505209
greek,Petrakis,0.000532863,7505209,7510538
greek,Petridis,0.0028422,7510538,7538959
greek,Petritakis,0.000333362,7538959,7542293
greek,Petrogiannis,0.000364784,7542293,7545942
greek,Petropoulos,0.000519645,7545942,7551139
greek,Petrou,0.0125588,7551139,7676717
greek,Petsas,0.000201675,7676717,7678735
greek,Piagos,0.000239295,7678735,7681129
greek,Pikounis,0.000216064,7681129,7683290
greek,Pikros,0.000177526,7683290,7685066
greek,Piperakis,0.000279626,7685066,7687863
greek,Piperigos,0.000173619,7687863,7689600
greek,Pippas,0.000201095,7689600,7691612
greek,Pischinas,0.000275628,7691612,7694369
greek,Pissios,0.000169687,7694369,7696067
greek,Piteros,0.000312924,7696067,7699197
greek,Pitsakis,0.00038986,7699197,7703096
greek,Pitsis,0.000202551,7703096,7705122
greek,Pitsolis,0.000205836,7705122,7707181
greek,Plakotaris,0.000400695,7707181,7711189
greek,Pliatsikas,0.000509147,7711189,7716281
greek,Polychronidis,0.000256833,7716281,7718850
greek,Polychronis,0.00020614,7718850,7720912
greek,Polychronopoulos,0.000180696,7720912,7722720
greek,Polyzoakis,0.000304355,7722720,7725764
greek,Porichis,0.000224106,7725764,7728006
greek,Pouftsis,0.000223743,7728006,7730244
greek,Pouliezos,0.000393402,7730244,7734179
greek,Poulimenos,0.00023047,7734179,7736485
greek,Poulogiannopoulos,0.00140838,7736485,7750569
greek,Provis,0.00021506,7750569,7752720
greek,Psaltis,0.000186171,7752720,7754583
greek,Psychias,0.000268514,7754583,7757269
greek,Psyllakis,0.000314402,7757269,7760414
greek,Pylarinos,0.000247065,7760414,7762885
greek,Rachmanidis,0.00016498,7762885,7764536
greek,Rachovitsas,0.000278471,7764536,7767321
greek,Radovalis,0.000190449,7767321,7769226
greek,Rafios,0.000242254,7769226,7771649
greek,Ragousis,0.000177304,7771649,7773423
greek,Rallis,0.000961754,7773423,7783041
greek,Raptis,0.000258296,7783041,7785625
greek,Regas,0.000646578,7785625,7792091
greek,Rentas,0.000596568,7792091,7798057
greek,Rentzos,0.000346493,7798057,7801523
greek,Reppos,0.00115212,7801523,7813044
greek,Rigas,0.00269561,7813044,7839999
greek,Rigos,0.000219485,7839999,7842195
greek,Rinos,0.0002105,7842195,7844301
greek,Risvas,0.000166131,7844301,7845963
greek,Rizos,0.000702272,7845963,7852986
greek,Rizoulis,0.00037418,7852986,7856728
greek,Rodis,0.000198528,7856728,7858714
greek,Rogaris,0.000163847,7858714,7860353
greek,Roidoulis,0.000162729,7860353,7861981
greek,Rokas,0.000309292,7861981,7865075
greek,Roupakas,0.000264326,7865075,7867719
greek,Rousianos,0.000169485,7867719,7869415
greek,Salichos,0.000250692,7869415,7871923
greek,Saltaouras,0.000310734,7871923,7875031
greek,Samakidis,0.000310011,7875031,7878132
greek,Samanidis,0.000218791,7878132,7880321
greek,Samaras,0.000176642,7880321,7882088
greek,Saoulidis,0.000539742,7882088,7887486
greek,Sarafidis,0.000291754,7887486,7890404
greek,Sarantinos,0.00112956,7890404,7901700
greek,Sarikas,0.000178419,7901700,7903485
greek,Sarros,0.000168285,7903485,7905169
greek,Satlas,0.000222662,7905169,7907396
greek,Sdrallis,0.00036786,7907396,7911075
greek,Sefekos,0.000352056,7911075,7914596
greek,Sevdas,0.00352242,7914596,7949818
greek,Sfounis,0.00026588,7949818,7952478
greek,Sfyrlas,0.000821814,7952478,7960696
greek,Sgouros,0.000219137,7960696,7962888
greek,Sideris,0.000266403,7962888,7965553
greek,Sidiropoulos,0.000186417,7965553,7967418
greek,Siganos,0.000172148,7967418,7969140
greek,Sikalidis,0.000183271,7969140,7970974
greek,Siomos,0.000845073,7970974,7979425
greek,Sioris,0.000395802,7979425,7983384
greek,Sitopoulos,0.000423002,7983384,7987615
greek,Skarlatos,0.000207366,7987615,7989689
greek,Skarpetas,0.000172985,7989689,7991420
greek,Skordakis,0.000605315,7991420,7997474
greek,Skordos,0.00426894,7997474,8040161
greek,Skoularidis,0.000167692,8040161,8041839
greek,Skrekas,0.000537428,8041839,8047214
greek,Skrimpas,0.000279047,8047214,8050005
greek,Smardas,0.000208608,8050005,8052092
greek,Smponias,0.000416173,8052092,8056254
greek,Smprinis,0.000198247,8056254,8058237
greek,Smyrniotis,0.000169083,8058237,8059929
greek,Sofianos,0.000242684,8059929,8062357
greek,Solakoudis,0.000528379,8062357,8067641
greek,Sotiralis,0.000839129,8067641,8076033
greek,Sotiropoulos,0.00948109,8076033,8170837
greek,Soulintzis,0.000236818,8170837,8173206
greek,Sourmpis,0.000176203,8173206,8174969
greek,Spalas,0.000349251,8174969,8178462
greek,Spandonidis,0.000189424,8178462,8180357
greek,Spanos,0.000731897,8180357,8187676
greek,Spanoudakis,0.000362763,8187676,8191304
greek,Spasopoulos,0.000171526,8191304,8193020
greek,Spathopoulos,0.000228181,8193020,8195303
greek,Spiliotis,0.000366829,8195303,8198972
greek,Spordilis,0.000437395,8198972,8203347
greek,Spyridakis,0.000833272,8203347,8211680
greek,Spyropoulos,0.00114072,8211680,8223087
greek,Stamatiadis,0.000784199,8223087,8230929
greek,Stamatis,0.000189169,8230929,8232822
greek,Stamelos,0.00103855,8232822,8243208
greek,Stamopoulos,0.000386384,8243208,8247073
greek,Stamoulis,0.000281966,8247073,8249893
greek,Stathatos,0.000233996,8249893,8252234
greek,Stathopoulos,0.000201384,8252234,8254249
greek,Stavrianos,0.00026536,8254249,8256903
greek,Stavropoulos,0.000207058,8256903,8258974
greek,Stavrou,0.0170135,8258974,8429097
greek,Stergialis,0.000165362,8429097,8430751
greek,Stergioudis,0.000180235,8430751,8432554
greek,Stoforiadis,0.000263812,8432554,8435193
greek,Stogios,0.000196579,8435193,8437160
greek,Stravosnichis,0.00018841,8437160,8439045
greek,Sykas,0.000188915,8439045,8440935
greek,Sylligardos,0.000193064,8440935,8442866
greek,Syrgis,0.000168484,8442866,8444552
greek,Syrris,0.00019494,8444552,8446502
greek,Tachas,0.000207985,8446502,8448583
greek,Tachmazidis,0.00029239,8448583,8451508
greek,Tachtsidis,0.000206445,8451508,8453573
greek,Takantzas,0.00309677,8453573,8484539
greek,Tamiolakis,0.000175767,8484539,8486298
greek,Tarnaris,0.000335052,8486298,8489649
greek,Tasios,0.00018139,8489649,8491464
greek,Tasioulas,0.00340479,8491464,8525510
greek,Tavernarakis,0.000559038,8525510,8531101
greek,Temourtzidis,0.000356839,8531101,8534670
greek,Terzidis,0.0040939,8534670,8575607
greek,Terzis,0.000643194,8575607,8582039
greek,Theocharis,0.000593712,8582039,8587977
greek,Theodorikakos,0.000284347,8587977,8590821
greek,Theodoropoulos,0.000330036,8590821,8594122
greek,Theodorou,0.0151732,8594122,8745843
greek,Theologos,0.00122593,8745843,8758102
greek,Thivaios,0.000177083,8758102,8759874
greek,Thomas,0.000467809,8759874,8764553
greek,Thomopoulos,0.00378554,8764553,8802406
greek,Todoris,0.00110791,8802406,8813485
greek,Toloudis,0.000902867,8813485,8822514
greek,Toromidis,0.00228767,8822514,8845390
greek,Tournavitis,0.000384103,8845390,8849232
greek,Trachilis,0.000168683,8849232,8850920
greek,Triantakonstantis,0.000380734,8850920,8854728
greek,Trivellas,0.000474791,8854728,8859477
greek,Tsagliotis,0.000623648,8859477,8865714
greek,Tsagrasoulis,0.000267454,8865714,8868389
greek,Tsakalos,0.00920922,8868389,8960475
greek,Tsakanikas,0.00239036,8960475,8984378
greek,Tsakmakis,0.00028079,8984378,8987187
greek,Tsalamandris,0.000195483,8987187,8989143
greek,Tsamados,0.00025928,8989143,8991737
greek,Tsamaslidis,0.000357812,8991737,8995316
greek,Tsandilas,0.000264842,8995316,8997965
greek,Tsapralis,0.000212429,8997965,9000090
greek,Tsaramiadis,0.000368898,9000090,9003780
greek,Tsarkos,0.000210182,9003780,9005883
greek,Tsatsanis,0.000225202,9005883,9008136
greek,Tseas,0.000246175,9008136,9010599
greek,Tsegas,0.000420242,9010599,9014802
greek,Tselios,0.000183748,9014802,9016640
greek,Tsellos,0.00188762,9016640,9035516
greek,Tsemperlidis,0.000208921,9035516,9037606
greek,Tsentouros,0.00446057,9037606,9082209
greek,Tsiakos,0.000299581,9082209,9085206
greek,Tsiamitas,0.00043297,9085206,9089536
greek,Tsiamouras,0.000827501,9089536,9097811
greek,Tsiantas,0.000231243,9097811,9100124
greek,Tsiaras,0.000185926,9100124,9101984
greek,Tsiatis,0.000196855,9101984,9103953
greek,Tsigaridas,0.000212105,9103953,9106075
greek,Tsiknias,0.0001631,9106075,9107707
greek,Tsironis,0.000171319,9107707,9109421
greek,Tsitouras,0.000353953,9109421,9112961
greek,Tsolkas,0.000207675,9112961,9115039
greek,Tsomokos,0.00016479,9115039,9116688
greek,Tsonis,0.000916865,9116688,9125857
greek,Tsopanidis,0.000281377,9125857,9128672
greek,Tsotras,0.000180927,9128672,9130482
greek,Tsotsis,0.000170295,9130482,9132186
greek,Tsouknidas,0.00031146,9132186,9135301
greek,Tsoumos,0.000330861,9135301,9138610
greek,Tsoupras,0.00102039,9138610,9148814
greek,Tyralis,0.000561553,9148814,9154430
greek,Tzallas,0.000387535,9154430,9158306
greek,Tzanoudakis,0.00065,9158306,9164806
greek,Tzavellas,0.000556546,9164806,9170372
greek,Tzekos,0.000810683,9170372,9178479
greek,Tzevelekos,0.000315146,9178479,9181631
greek,Tziaras,0.000590884,9181631,9187540
greek,Tziavas,0.00120024,9187540,9199542
greek,Tzikas,0.00102938,9199542,9209836
greek,Tzinieris,0.000167299,9209836,9211510
greek,Tziortzios,0.000443447,9211510,9215945
greek,Tziotzis,0.000340232,9215945,9219348
greek,Tzoumakis,0.000710475,9219348,9226453
greek,Tzouvelis,0.000227428,9226453,9228728
greek,Vachouthianakis,0.000308577,9228728,9231815
greek,Vaitsopoulos,0.000193329,9231815,9233749
greek,Vakalakis,0.00244545,9233749,9258203
greek,Vakalis,0.000909809,9258203,9267301
greek,Valasidis,0.00126672,9267301,9279968
greek,Valavanis,0.000438892,9279968,9284358
greek,Valtas,0.000172357,9284358,9286082
greek,Vamvakas,0.000257806,9286082,9288661
greek,Vandoros,0.000302975,9288661,9291691
greek,Varaklis,0.000259776,9291691,9294290
greek,Vardakis,0.000220183,9294290,9296493
greek,Varsamis,0.000169889,9296493,9298193
greek,Varsos,0.000291122,9298193,9301105
greek,Vasilakis,0.000397013,9301105,9305076
greek,Vasiliou,0.00895429,9305076,9394613
greek,Vasilogiannis,0.000370992,9394613,9398324
greek,Vassis,0.000682613,9398324,9405151
greek,Vavoulidis,0.000499087,9405151,9410142
greek,Vavourakis,0.000523973,9410142,9415382
greek,Velentzas,0.000182797,9415382,9417211
greek,Vidalakis,0.000633262,9417211,9423544
greek,Vildos,0.000876181,9423544,9432306
greek,Violatos,0.000168087,9432306,9433988
greek,Vitsaxis,0.000216401,9433988,9436153
greek,Vlachonikoleas,0.000221592,9436153,9438370
greek,Vlachos,0.00128096,9438370,9451180
greek,Vlahos,0.020987,9451180,9661034
greek,Vlisaroulis,0.000953953,9661034,9670574
greek,Volikakis,0.000227054,9670574,9672845
greek,Vorlokas,0.000233202,9672845,9675178
greek,Vossos,0.000222305,9675178,9677402
greek,Voukas,0.000249775,9677402,9679901
greek,Voulgaris,0.000255868,9679901,9682460
greek,Voulkos,0.000284949,9682460,9685310
greek,Vouras,0.00137407,9685310,9699051
greek,Voutsas,0.000191486,9699051,9700967
greek,Voutselas,0.000946284,9700967,9710430
greek,Xanthakis,0.000360765,9710430,9714038
greek,Xenos,0.0087147,9714038,9801179
greek,Xirogiannis,0.000569243,9801179,9806872
greek,Xiros,0.000323589,9806872,9810109
greek,Zafeiris,0.000392214,9810109,9814032
greek,Zarafetas,0.000924037,9814032,9823273
greek,Zenempisis,0.000225939,9823273,9825533
greek,Zervos,0.00848907,9825533,9910418
greek,Zevgitis,0.00021776,9910418,9912596
greek,Ziakas,0.000260273,9912596,9915200
greek,Zidianakis,0.000789349,9915200,9923094
greek,Zimatikas,0.000203733,9923094,9925132
greek,Ziogos,0.000345583,9925132,9928589
greek,Ziros,0.000181857,9928589,9930408
greek,Zolotas,0.000190966,9930408,9932318
greek,Zonios,0.00300671,9932318,9962384
greek,Zormpas,0.000273397,9962384,9965119
greek,Zotos,0.00101155,9965119,9975235
greek,Zoukis,0.000244416,9975235,9977680
greek,Zouloumis,0.000401938,9977680,9981700
greek,Zounis,0.000283151,9981700,9984532
greek,Ztoukos,0.00134148,9984532,9997947
greek,Zygouris,0.00020523,9997947,10000000
italian,Abatantuono,0.000163699,0,1638
italian,Abate,0.000203543,1638,3674
italian,Abba,0.000417067,3674,7845
italian,Abbagnale,0.0003674,7845,11520
italian,Accardo,0.000423651,11520,15757
italian,Acerbi,0.000648277,15757,22240
italian,Adinolfi,0.000445965,22240,26700
italian,Agazzi,0.000225183,26700,28953
italian,Agnesi,0.000257069,28953,31524
italian,Agostinelli,0.000246958,31524,33994
italian,Agostini,0.000285017,33994,36845
italian,Ajello,0.000248101,36845,39327
italian,Albertini,0.000233607,39327,41664
italian,Alboni,0.000214885,41664,43814
italian,Aldobrandi,0.00175263,43814,61339
italian,Alfieri,0.000373776,61339,65077
italian,Alfonsi,0.000217413,65077,67252
italian,Alighieri,0.000187906,67252,69132
italian,Almagia,0.000204468,69132,71177
italian,Aloisio,0.00104148,71177,81592
italian,Alonzi,0.000211817,81592,83711
italian,Altera,0.000275208,83711,86464
italian,Amaldi,0.00105621,86464,97026
italian,Amato,0.00279348,97026,124958
italian,Ammaniti,0.000254303,124958,127502
italian,Anastasi,0.000408049,127502,131583
italian,Andreotti,0.000333172,131583,134915
italian,Andreozzi,0.000758253,134915,142498
italian,Angeli,0.000371623,142498,146215
italian,Angiolello,0.000495561,146215,151171
italian,Anguillara,0.000301309,151171,154185
italian,Anguissola,0.000169684,154185,155883
italian,Anichini,0.000889834,155883,164781
italian,Antelami,0.000505308,164781,169834
italian,Antonacci,0.000312426,169834,172959
italian,Antonelli,0.000307218,172959,176032
italian,Antonello,0.000592007,176032,181952
italian,Antonetti,0.000197841,181952,183931
italian,Antonini,0.000175522,183931,185687
italian,Antonioni,0.000459295,185687,190280
italian,Antonucci,0.000243324,190280,192714
italian,Aporti,0.000961985,192714,202334
italian,Argan,0.000216987,202334,204505
italian,Argentero,0.00137855,204505,218290
italian,Argenti,0.000255831,218290,220849
italian,Argento,0.000162692,220849,222477
italian,Argurio,0.000336556,222477,225843
italian,Ariasso,0.000387307,225843,229717
italian,Ariosto,0.00118367,229717,241553
italian,Armani,0.000613151,241553,247685
italian,Armellini,0.000227283,247685,249959
italian,Asmundo,0.000406298,249959,254022
italian,Asprucci,0.000171414,254022,255737
italian,Aulenti,0.000259904,255737,258337
italian,Avogadro,0.000765424,258337,265991
italian,Babati,0.000250717,265991,268499
italian,Babato,0.000164492,268499,270145
italian,Babbo,0.00220618,270145,292205
italian,Bacosi,0.000200825,292205,294214
italian,Badoer,0.000359269,294214,297807
italian,Badoglio,0.000178615,297807,299594
italian,Baggio,0.000452519,299594,304120
italian,Baglioni,0.00026151,304120,306736
italian,Bajamonti,0.000241146,306736,309148
italian,Bajardi,0.000494203,309148,314090
italian,Balbi,0.00017712,314090,315862
italian,Balbo,0.000215302,315862,318016
italian,Balla,0.000216141,318016,320178
italian,Balotelli,0.00247377,320178,344914
italian,Bandello,0.000166925,344914,346584
italian,Baracca,0.000222225,346584,348807
italian,Barbarigo,0.000184149,348807,350649
italian,Barberini,0.000201722,350649,352667
italian,Barbieri,0.00573627,352667,410024
italian,Barcaccia,0.000209433,410024,412119
italian,Barcella,0.000279264,412119,414912
italian,Barese,0.000256449,414912,417477
italian,Baresi,0.000186837,417477,419346
italian,Barillaro,0.000220668,419346,421553
italian,Baroffio,0.000238485,421553,423939
italian,Barone,0.0021974,423939,445911
italian,Barozzi,0.00018169,445911,447729
italian,Barracco,0.000570557,447729,453435
italian,Barsanti,0.000186383,453435,455300
italian,Bartoli,0.000174735,455300,457048
italian,Barzini,0.000213033,457048,459179
italian,Basadonna,0.000769066,459179,466870
italian,Basile,0.00194551,466870,486324
italian,Bassi,0.000247528,486324,488800
italian,Basso,0.00043962,488800,493197
italian,Bataglia,0.000164835,493197,494846
italian,Battaglia,0.00206357,494846,515480
italian,Battelli,0.000348418,515480,518965
italian,Battisti,0.000178068,518965,520746
italian,Bazzi,0.0012238,520746,532983
italian,Beccaria,0.000483631,532983,537820
italian,Beccheria,0.00047603,537820,542581
italian,Beffa,0.000378167,542581,546363
italian,Belletini,0.000520009,546363,551563
italian,Bellini,0.0030128,551563,581688
italian,Bello,0.000180418,581688,583493
italian,Bellocchio,0.000173956,583493,585233
italian,Bellucci,0.00136509,585233,598883
italian,Bembo,0.000421746,598883,603101
italian,Benedetti,0.00285312,603101,631630
italian,Benigni,0.000563183,631630,637262
italian,Benussi,0.000166807,637262,638931
italian,Berengario,0.000168351,638931,640615
italian,Bergoglio,0.000227756,640615,642893
italian,Berlusconi,0.000332616,642893,646220
italian,Bernardi,0.00270373,646220,673255
italian,Bernardini,0.000311465,673255,676370
italian,Bernetti,0.00072455,676370,683616
italian,Bernini,0.000280772,683616,686424
italian,Berre,0.000193629,686424,688361
italian,Bersani,0.000206346,688361,690425
italian,Bertoli,0.000264789,690425,693074
italian,Bertolucci,0.000574327,693074,698818
italian,Bertoni,0.000212221,698818,700941
italian,Bettin,0.000309089,700941,704033
italian,Bettoni,0.000192648,704033,705960
italian,Bevilacqua,0.00073762,705960,713336
italian,Biagi,0.000255524,713336,715892
italian,Biagiotti,0.000291456,715892,718807
italian,Bianchi,0.0174983,718807,893770
italian,Bianchini,0.000884781,893770,902618
italian,Bianco,0.00307309,902618,933346
italian,Bignami,0.000552515,933346,938871
italian,Bignardi,0.000225414,938871,941126
italian,Binaghi,0.000185036,941126,942977
italian,Bixio,0.000418924,942977,947167
italian,Blasi,0.00016944,947167,948862
italian,Boaga,0.00142081,948862,963069
italian,Bocca,0.000162249,963069,964692
italian,Boccaccio,0.00269747,964692,991664
italian,Boccherini,0.000173184,991664,993397
italian,Boccioni,0.000204282,993397,995441
italian,Bocelli,0.00021827,995441,997624
italian,Bodoni,0.000411603,997624,1001741
italian,Boezio,0.000162359,1001741,1003365
italian,Boiardo,0.000691147,1003365,1010277
italian,Boitani,0.000164378,1010277,1011922
italian,Boito,0.000179859,1011922,1013721
italian,Boldu,0.000203912,1013721,1015761
italian,Bombieri,0.00026748,1015761,1018436
italian,Bompiani,0.000198708,1018436,1020424
italian,Bonanno,0.000161044,1020424,1022035
italian,Bonatti,0.000334855,1022035,1025384
italian,Bonaventura,0.000181122,1025384,1027196
italian,Bondumier,0.00021593,1027196,1029356
italian,Bongiorno,0.00050389,1029356,1034395
italian,Bonino,0.00151476,1034395,1049542
italian,Bonolis,0.000492853,1049542,1054471
italian,Bonomo,0.000245266,1054471,1056924
italian,Borghese,0.000222674,1056924,1059151
italian,Borgia,0.000842051,1059151,1067571
italian,Borrani,0.000263466,1067571,1070206
italian,Borromeo,0.000300865,1070206,1073215
italian,Borromini,0.0010714,1073215,1083929
italian,Borroni,0.000195794,1083929,1085888
italian,Borsellino,0.000433475,1085888,1090223
italian,Borsiere,0.000214264,1090223,1092366
italian,Borzomi,0.000201362,1092366,1094380
italian,Bosio,0.00160454,1094380,1110424
italian,Bossi,0.000243049,1110424,1112855
italian,Bosurgi,0.000355999,1112855,1116416
italian,Botta,0.000258006,1116416,1118997
italian,Bottaro,0.000245827,1118997,1121456
italian,Botticelli,0.000213646,1121456,1123593
italian,Bottigliero,0.000259586,1123593,1126190
italian,Bova,0.000374499,1126190,1129936
italian,Bragadin,0.000208263,1129936,1132019
italian,Bragaglia,0.000178341,1132019,1133803
italian,Bramante,0.000180138,1133803,1135605
italian,Brambilla,0.000189145,1135605,1137497
italian,Brancaccio,0.000708926,1137497,1144586
italian,Branciforte,0.000482345,1144586,1149410
italian,Brenna,0.00233137,1149410,1172722
italian,Bresciani,0.000174474,1172722,1174468
italian,Briccialdi,0.000524609,1174468,1179714
italian,Brichese,0.000176184,1179714,1181477
italian,Broggini,0.000168472,1181477,1183162
italian,Broschi,0.000187446,1183162,1185037
italian,Brugnaro,0.000366016,1185037,1188698
italian,Brunelleschi,0.00170725,1188698,1205769
italian,Brunello,0.000342372,1205769,1209193
italian,Bruno,0.00948853,1209193,1304068
italian,Bruscantini,0.000604492,1304068,1310113
italian,Bulzoni,0.00111165,1310113,1321229
italian,Buonauro,0.000187599,1321229,1323106
italian,Burcardo,0.000333731,1323106,1326444
italian,Buscetta,0.000379656,1326444,1330241
italian,Busoni,0.000554262,1330241,1335784
italian,Cabibbo,0.000281916,1335784,1338604
italian,Caboto,0.000182694,1338604,1340432
italian,Cabrini,0.000179442,1340432,1342227
italian,Caccianemico,0.0002948,1342227,1345176
italian,Caccioppoli,0.00025013,1345176,1347678
italian,Cadorna,0.000192486,1347678,1349604
italian,Caetani,0.000435502,1349604,1353959
italian,Cafarchia,0.000292284,1353959,1356882
italian,Caffarelli,0.000281152,1356882,1359694
italian,Cagnin,0.000262158,1359694,1362316
italian,Cagnotto,0.000160395,1362316,1363921
italian,Cainero,0.000170297,1363921,1365625
italian,Caironi,0.000715084,1365625,1372776
italian,Calabro,0.00163051,1372776,1389080
italian,Calarco,0.000207877,1389080,1391160
italian,Calbo,0.00182604,1391160,1409419
italian,Calgari,0.00028541,1409419,1412274
italian,Callegari,0.00139232,1412274,1426196
italian,Callegaro,0.000163474,1426196,1427832
italian,Calvo,0.0002229,1427832,1430062
italian,Camanni,0.000328237,1430062,1433345
italian,Camicione,0.000352796,1433345,1436874
italian,Camilleri,0.000332061,1436874,1440195
italian,Camiscione,0.000226813,1440195,1442464
italian,Cammarata,0.000561373,1442464,1448078
italian,Campanella,0.000258636,1448078,1450665
italian,Campano,0.000626677,1450665,1456932
italian,Campise,0.000679839,1456932,1463731
italian,Camuccini,0.000377427,1463731,1467506
italian,Canali,0.000598176,1467506,1473488
italian,Canetta,0.000310509,1473488,1476594
italian,Canevascini,0.000192,1476594,1478515
italian,Canil,0.000181548,1478515,1480331
italian,Cannizzaro,0.000179998,1480331,1482132
italian,Canova,0.000927107,1482132,1491403
italian,Cantimori,0.000298231,1491403,1494386
italian,Capecchi,0.000366706,1494386,1498054
italian,Capone,0.00209517,1498054,1519004
italian,Cappelli,0.00031437,1519004,1522148
italian,Capuana,0.000173056,1522148,1523879
italian,Caputo,0.0021504,1523879,1545381
italian,Caracciolo,0.000160935,1545381,1546991
italian,Carbone,0.00227242,1546991,1569713
italian,Cardano,0.000208651,1569713,1571800
italian,Carducci,0.00130195,1571800,1584819
italian,Carfagna,0.000523066,1584819,1590050
italian,Carli,0.000208457,1590050,1592135
italian,Carnera,0.00153181,1592135,1607452
italian,Carocci,0.000249256,1607452,1609945
italian,Carosone,0.000291869,1609945,1612864
italian,Carpaccio,0.00034119,1612864,1616276
italian,Carriera,0.000405428,1616276,1620331
italian,Carullo,0.000177255,1620331,1622104
italian,Caruso,0.00508285,1622104,1672927
italian,Casadei,0.000250423,1672927,1675432
italian,Casagrande,0.000407171,1675432,1679504
italian,Casale,0.00119342,1679504,1691438
italian,Casaleggio,0.000375957,1691438,1695198
italian,Casalodi,0.000285804,1695198,1698057
italian,Casarin,0.000161918,1698057,1699677
italian,Casellati,0.000286994,1699677,1702548
italian,Casini,0.000718208,1702548,1709730
italian,Cassara,0.000247243,1709730,1712203
italian,Castelli,0.000921568,1712203,1721419
italian,Castellitto,0.000275571,1721419,1724175
italian,Castiglione,0.000213852,1724175,1726314
italian,Castioni,0.000535708,1726314,1731671
italian,Catalano,0.000167873,1731671,1733351
italian,Catenazzi,0.00263736,1733351,1759722
italian,Cattaneo,0.00268783,1759722,1786598
italian,Cavalcanti,0.000304915,1786598,1789648
italian,Cavanna,0.00199598,1789648,1809606
italian,Ceci,0.00123431,1809606,1821949
italian,Celentano,0.000721363,1821949,1829163
italian,Cendron,0.000219789,1829163,1831362
italian,Ceravolo,0.00047111,1831362,1836074
italian,Ceri,0.000326096,1836074,1839336
italian,Cerquiglini,0.000390465,1839336,1843241
italian,Cerutti,0.000230154,1843241,1845543
italian,Cesaroni,0.000160718,1845543,1847151
italian,Cesarotti,0.000212019,1847151,1849272
italian,Ceschi,0.000537337,1849272,1854646
italian,Chechi,0.000461604,1854646,1859262
italian,Cheda,0.000166222,1859262,1860925
italian,Cherubini,0.000176317,1860925,1862689
italian,Chiappetta,0.000260865,1862689,1865298
italian,Chiaramonte,0.000441713,1865298,1869716
italian,Chiesa,0.000219353,1869716,1871910
italian,Chigi,0.000532483,1871910,1877235
italian,Chindamo,0.000360596,1877235,1880842
italian,Chinnici,0.000203359,1880842,1882876
italian,Chittolini,0.000170668,1882876,1884583
italian,Ciampi,0.00041986,1884583,1888782
italian,Cianciolo,0.00017739,1888782,1890557
italian,Ciani,0.000572435,1890557,1896282
italian,Cibin,0.000168112,1896282,1897964
italian,Cicala,0.000472329,1897964,1902688
italian,Cicilia,0.000182262,1902688,1904511
italian,Cignaroli,0.000205967,1904511,1906571
italian,Cilea,0.000313881,1906571,1909710
italian,Cilibrasi,0.000193794,1909710,1911649
italian,Cimarosa,0.000540628,1911649,1917056
italian,Cimini,0.000233357,1917056,1919390
italian,Cipolla,0.000221778,1919390,1921608
italian,Civaschi,0.000373055,1921608,1925339
italian,Coardi,0.000799678,1925339,1933336
italian,Cocci,0.00113747,1933336,1944710
italian,Cociarelli,0.000224035,1944710,1946951
italian,Colletti,0.000462769,1946951,1951579
italian,Collina,0.000328778,1951579,1954867
italian,Collodi,0.000578152,1954867,1960649
italian,Colombo,0.0128853,1960649,2089488
italian,Columbo,0.000176584,2089488,2091255
italian,Combi,0.000236146,2091255,2093617
italian,Comboni,0.00030265,2093617,2096644
italian,Comencini,0.000316341,2096644,2099808
italian,Comeriato,0.000189928,2099808,2101708
italian,Comisso,0.000214471,2101708,2103853
italian,Comolli,0.000165641,2103853,2105510
italian,Condoleo,0.000178478,2105510,2107296
italian,Contarini,0.000298667,2107296,2110283
italian,Conte,0.00353712,2110283,2145651
italian,Conti,0.00992057,2145651,2244846
italian,Contrafatto,0.000202264,2244846,2246869
italian,Coppola,0.0039714,2246869,2286579
italian,Corbo,0.000993398,2286579,2296513
italian,Corcos,0.000932722,2296513,2305840
italian,Corradi,0.00154929,2305840,2321332
italian,Correr,0.000179303,2321332,2323126
italian,Cortese,0.000565007,2323126,2328776
italian,Cossiga,0.000199057,2328776,2330767
italian,Costa,0.00740068,2330767,2404766
italian,Costalonga,0.000240074,2404766,2407167
italian,Costantini,0.00181043,2407167,2425270
italian,Costanzi,0.000273407,2425270,2428005
italian,Cremonesi,0.000203176,2428005,2430038
italian,Crespi,0.000999961,2430038,2440037
italian,Crisafulli,0.000209237,2440037,2442130
italian,Crispi,0.000702886,2442130,2449159
italian,Cristoforetti,0.00158564,2449159,2465014
italian,Cuda,0.0014064,2465014,2479077
italian,Cugia,0.000184444,2479077,2480922
italian,Cundari,0.00305151,2480922,2511434
italian,Cuomo,0.000268848,2511434,2514123
italian,Curatoli,0.00028307,2514123,2516954
italian,Curci,0.00031935,2516954,2520148
italian,Curiel,0.000587972,2520148,2526028
italian,Cusano,0.000218486,2526028,2528214
italian,Cutrufo,0.000443827,2528214,2532653
italian,Cutuli,0.000163925,2532653,2534293
italian,Cuzzocrea,0.000375226,2534293,2538046
italian,D'Amico,0.00173615,2538046,2555406
italian,D'Angelo,0.00355566,2555406,2590959
italian,Dalla,0.000306754,2590959,2594027
italian,Dallape,0.000363283,2594027,2597660
italian,Dallara,0.000190402,2597660,2599565
italian,Damico,0.00170831,2599565,2616647
italian,Dandolo,0.000179719,2616647,2618445
italian,De Angelis,0.00279674,2618445,2646410
italian,De Luca,0.00779282,2646410,2724330
italian,De Rosa,0.00200224,2724330,2744351
italian,De Santis,0.00362841,2744351,2780632
italian,Deledda,0.000161698,2780632,2782250
italian,Delle,0.000224952,2782250,2784500
italian,Dellucci,0.000194955,2784500,2786450
italian,Depero,0.000254,2786450,2788991
italian,Desio,0.000224263,2788991,2791234
italian,Detti,0.000249838,2791234,2793733
italian,Dibiasi,0.00023064,2793733,2796040
italian,Disdero,0.000325038,2796040,2799291
italian,Doglioni,0.000584,2799291,2805131
italian,Dona,0.000338277,2805131,2808514
italian,Donarelli,0.000391264,2808514,2812427
italian,Donati,0.00347687,2812427,2847192
italian,Donatoni,0.000191038,2847192,2849103
italian,Donini,0.000317337,2849103,2852277
italian,Doria,0.00016325,2852277,2853910
italian,Dossetti,0.000221555,2853910,2856126
italian,Dossi,0.000207684,2856126,2858204
italian,Dovara,0.000696961,2858204,2865174
italian,Draghi,0.000202628,2865174,2867201
italian,Druso,0.00034178,2867201,2870619
italian,Dulbecco,0.00135191,2870619,2884137
italian,Duodo,0.000211416,2884137,2886252
italian,Durante,0.000666276,2886252,2892915
italian,Duse,0.000188368,2892915,2894799
italian,Eco,0.000210618,2894799,2896906
italian,Einaudi,0.000194621,2896906,2898853
italian,Emanuelli,0.00023162,2898853,2901170
italian,Emo,0.000368096,2901170,2904852
italian,Endrizzi,0.000178204,2904852,2906635
italian,Errani,0.000174866,2906635,2908384
italian,Errigo,0.000212423,2908384,2910509
italian,Esposito,0.0193058,2910509,3103545
italian,Fabbri,0.00336589,3103545,3137201
italian,Fabrizi,0.000302201,3137201,3140224
italian,Faggiani,0.000165872,3140224,3141884
italian,Fagiani,0.000385749,3141884,3145742
italian,Fagotto,0.000335987,3145742,3149102
italian,Falcone,0.000184887,3149102,3150952
italian,Falier,0.000236662,3150952,3153319
italian,Fallaci,0.000224492,3153319,3155565
italian,Falloppio,0.000473555,3155565,3160301
italian,Fantini,0.000276667,3160301,3163068
italian,Fantoni,0.000178752,3163068,3164856
italian,Fantozzi,0.000172421,3164856,3166581
italian,Fanucci,0.000166338,3166581,3168245
italian,Faranda,0.000197153,3168245,3170217
italian,Farina,0.00288032,3170217,3199018
italian,Farinelli,0.000195289,3199018,3200972
italian,Farnese,0.000179027,3200972,3202763
italian,Fattori,0.000237961,3202763,3205143
italian,Faugno,0.000166105,3205143,3206805
italian,Favata,0.000179165,3206805,3208597
italian,Federici,0.0010871,3208597,3219468
italian,Federico,0.000508173,3219468,3224550
italian,Fermi,0.000364644,3224550,3228197
italian,Ferrabosco,0.000170174,3228197,3229900
italian,Ferragamo,0.000622094,3229900,3236121
italian,Ferragni,0.000744356,3236121,3243565
italian,Ferrante,0.000173441,3243565,3245300
italian,Ferrara,0.00497066,3245300,3295002
italian,Ferrari,0.0226538,3295002,3521513
italian,Ferraris,0.000220448,3521513,3523718
italian,Ferraro,0.00323592,3523718,3556074
italian,Ferrata,0.000860457,3556074,3564679
italian,Ferrazzi,0.000186685,3564679,3566547
italian,Ferretti,0.00258318,3566547,3592377
italian,Ferri,0.00317952,3592377,3624169
italian,Ferrucci,0.000169318,3624169,3625863
italian,Fibonacci,0.000344762,3625863,3629311
italian,Ficino,0.000223579,3629311,3631548
italian,Fieramosca,0.000196471,3631548,3633513
italian,Filangieri,0.000169562,3633513,3635209
italian,Filippelli,0.000382675,3635209,3639036
italian,Filippini,0.000337701,3639036,3642414
italian,Filogamo,0.000232113,3642414,3644736
italian,Filzi,0.000201542,3644736,3646752
italian,Finetti,0.000196132,3646752,3648714
italian,Finotto,0.000185333,3648714,3650568
italian,Finzi,0.000636074,3650568,3656929
italian,Fioravanti,0.000226578,3656929,3659195
italian,Fiore,0.00202199,3659195,3679413
italian,Fiorucci,0.00016137,3679413,3681027
italian,Fischetti,0.00110333,3681027,3692060
italian,Fittipaldi,0.00023589,3692060,3694420
italian,Flaiano,0.000163362,3694420,3696054
italian,Florio,0.000310986,3696054,3699164
italian,Fo,0.000663636,3699164,3705801
italian,Foa,0.000377772,3705801,3709579
italian,Foconi,0.00115546,3709579,3721133
italian,Fogazzaro,0.000226111,3721133,3723395
italian,Foletti,0.000220228,3723395,3725598
italian,Folliero,0.000204654,3725598,3727645
italian,Fontana,0.00553586,3727645,3782998
italian,Fornaciari,0.000169196,3782998,3784691
italian,Forza,0.000200114,3784691,3786693
italian,Foscari,0.000313395,3786693,3789828
italian,Fracci,0.000388091,3789828,3793709
italian,Franceschi,0.000175919,3793709,3795469
italian,Franscini,0.000337128,3795469,3798841
italian,Franzese,0.000256759,3798841,3801409
italian,Frescobaldi,0.000436524,3801409,3805775
italian,Fusani,0.000422696,3805775,3810002
italian,Fuseli,0.00071199,3810002,3817122
italian,Gabba,0.000167279,3817122,3818796
italian,Gabbana,0.000265122,3818796,3821448
italian,Gabrieli,0.000244986,3821448,3823899
italian,Gadda,0.000254607,3823899,3826446
italian,Gaggini,0.000191197,3826446,3828359
italian,Gagliano,0.000380406,3828359,3832164
italian,Gagliardi,0.00050248,3832164,3837189
italian,Gaiatto,0.00018084,3837189,3838998
italian,Gaito,0.000165294,3838998,3840652
italian,Galeati,0.000195457,3840652,3842607
italian,Galiazzo,0.000438583,3842607,3846993
italian,Galilei,0.000330959,3846993,3850303
italian,Galli,0.00459885,3850303,3896287
italian,Gallo,0.00873802,3896287,3983657
italian,Galtarossa,0.000361264,3983657,3987270
italian,Galuppi,0.000176718,3987270,3989038
italian,Galvani,0.00112011,3989038,4000239
italian,Gangemi,0.000259268,4000239,4002832
italian,Gargallo,0.000189301,4002832,4004726
italian,Garibaldi,0.000227048,4004726,4006997
italian,Garobbio,0.000167635,4006997,4008674
italian,Garozzo,0.00019056,4008674,4010580
italian,Garrone,0.000499686,4010580,4015577
italian,Garzoni,0.000167161,4015577,4017249
italian,Gasperi,0.000329864,4017249,4020548
italian,Gatti,0.00275599,4020548,4048106
italian,Gatto,0.0010343,4048106,4058449
italian,Gelli,0.000183128,4058449,4060281
italian,Gemito,0.000287394,4060281,4063156
italian,Gentile,0.00414721,4063156,4104624
italian,Gentileschi,0.00081604,4104624,4112784
italian,Gentili,0.000400299,4112784,4116787
italian,Gentilini,0.000283845,4116787,4119626
italian,Geraci,0.000365329,4119626,4123280
italian,Germano,0.000199937,4123280,4125280
italian,Giacconi,0.000183418,4125280,4127115
italian,Giacometti,0.000262484,4127115,4129741
italian,Giammusso,0.00060237,4129741,4135765
italian,Gianetti,0.000398621,4135765,4139752
italian,Gianinazzi,0.00193549,4139752,4159106
italian,Giannelli,0.000559576,4159106,4164702
italian,Giannetti,0.000307683,4164702,4167779
italian,Giannini,0.000515499,4167779,4172934
italian,Giannone,0.000243875,4172934,4175373
italian,Giannotti,0.000172801,4175373,4177102
italian,Giannuzzi,0.000224722,4177102,4179350
italian,Gianvecchio,0.000169928,4179350,4181050
italian,Gibilisco,0.00033041,4181050,4184355
italian,Gigli,0.000529302,4184355,4189648
italian,Gilardoni,0.000401992,4189648,4193668
italian,Ginese,0.000556021,4193668,4199229
italian,Ginesio,0.00035861,4199229,4202816
italian,Gioberti,0.000215093,4202816,4204968
italian,Giolitti,0.000900136,4204968,4213969
italian,Giordano,0.00705031,4213969,4284465
italian,Giorgetti,0.000426546,4284465,4288731
italian,Giovine,0.000176852,4288731,4290500
italian,Giradello,0.000171916,4290500,4292220
italian,Giuliani,0.00224678,4292220,4314686
italian,Giulietti,0.00100662,4314686,4324752
italian,Giunti,0.00133902,4324752,4338142
italian,Giusti,0.00023692,4338142,4340512
italian,Goldoni,0.000186534,4340512,4342378
italian,Goldstein,0.00129011,4342378,4355278
italian,Golgi,0.000589982,4355278,4361178
italian,Golino,0.00022967,4361178,4363475
italian,Gonzaga,0.000261187,4363475,4366088
italian,Gori,0.000269538,4366088,4368784
italian,Gottardi,0.000210419,4368784,4370889
italian,Gotti,0.000363962,4370889,4374529
italian,Govoni,0.000190719,4374529,4376437
italian,Gozzano,0.000550781,4376437,4381945
italian,Gozzi,0.000293536,4381945,4384881
italian,Gradenigo,0.000180699,4384881,4386689
italian,Gramsci,0.000165525,4386689,4388345
italian,Granatelli,0.000215511,4388345,4390501
italian,Grassi,0.00264408,4390501,4416940
italian,Grasso,0.0033297,4416940,4450234
italian,Gravina,0.000164606,4450234,4451881
italian,Greco,0.0101842,4451881,4553712
italian,Greggio,0.000655855,4553712,4560271
italian,Gregori,0.000460446,4560271,4564876
italian,Gregorio,0.000409817,4564876,4568975
italian,Gremese,0.000289003,4568975,4571866
italian,Grifeo,0.000811879,4571866,4579985
italian,Grimani,0.00242417,4579985,4604225
italian,Grisoni,0.000192974,4604225,4606155
italian,Gritti,0.000226344,4606155,4608419
italian,Grossi,0.000174996,4608419,4610170
italian,Gualandi,0.000167754,4610170,4611848
italian,Gualtieri,0.00124503,4611848,4624298
italian,Guarana,0.000543966,4624298,4629738
italian,Guarato,0.000192324,4629738,4631662
italian,Guariento,0.000339436,4631662,4635057
italian,Guarneri,0.000185781,4635057,4636916
italian,Gucci,0.000244429,4636916,4639361
italian,Guerra,0.0021056,4639361,4660415
italian,Guglielmi,0.000968088,4660415,4670096
italian,Guicciardini,0.000290223,4670096,4672999
italian,Guidone,0.000223352,4672999,4675233
italian,Guidotti,0.000222001,4675233,4677454
italian,Guinizzelli,0.000230396,4677454,4679759
italian,Gullotta,0.000164265,4679759,4681402
italian,Gulotta,0.000453633,4681402,4685939
italian,Gussoni,0.000175654,4685939,4687696
italian,Iacobucci,0.000162803,4687696,4689325
italian,Iacovelli,0.000372337,4689325,4693049
italian,Iadanza,0.000273765,4693049,4695787
italian,Iannelli,0.000346579,4695787,4699253
italian,Iannello,0.00161831,4699253,4715435
italian,Iannotti,0.000477278,4715435,4720208
italian,Iannucci,0.00091071,4720208,4729315
italian,Iannuzzi,0.000384975,4729315,4733165
italian,Impastato,0.00069404,4733165,4740106
italian,Infantino,0.000172294,4740106,4741830
italian,Innocenti,0.000209041,4741830,4743921
italian,Interiano,0.00051254,4743921,4749047
italian,Interminei,0.000245546,4749047,4751503
italian,Interminelli,0.00107919,4751503,4762295
italian,Inzaghi,0.000176051,4762295,4764056
italian,Ioppi,0.00016247,4764056,4765681
italian,Jacuzzi,0.000740971,4765681,4773091
italian,Jilani,0.00038967,4773091,4776988
italian,Jovinelli,0.000251603,4776988,4779505
italian,Juvara,0.00054735,4779505,4784979
italian,Lamborghini,0.000166572,4784979,4786646
italian,Lancisi,0.000705892,4786646,4793705
italian,Lanfranchi,0.000481067,4793705,4798516
italian,Lattuada,0.000303551,4798516,4801552
italian,Leblanc,0.000388879,4801552,4805441
italian,Legnante,0.000191357,4805441,4807355
italian,Leonardi,0.000325566,4807355,4810611
italian,Leoncavallo,0.000369498,4810611,4814307
italian,Leone,0.0045214,4814307,4859516
italian,Leonetti,0.000289409,4859516,4862411
italian,Leopardi,0.00190676,4862411,4881477
italian,Lercari,0.000410708,4881477,4885585
italian,Lerner,0.000526163,4885585,4890847
italian,Letta,0.000357953,4890847,4894427
italian,Lettiere,0.000170051,4894427,4896128
italian,Ligorio,0.000251307,4896128,4898642
italian,Liguori,0.00023411,4898642,4900984
italian,Lippomano,0.000319858,4900984,4904183
italian,Littizzetto,0.000241416,4904183,4906598
italian,Liverotti,0.000283457,4906598,4909433
italian,Lollobrigida,0.00027234,4909433,4912157
italian,Lombardi,0.00638825,4912157,4976033
italian,Lombardo,0.00431539,4976033,5019183
italian,Lombroso,0.00121348,5019183,5031317
italian,Longhena,0.00017766,5031317,5033094
italian,Longo,0.00425057,5033094,5075596
italian,Lopresti,0.000288196,5075596,5078479
italian,Loredan,0.000331509,5078479,5081795
italian,Lovato,0.000280016,5081795,5084596
italian,Lucarelli,0.000658426,5084596,5091180
italian,Lucchesi,0.000168592,5091180,5092867
italian,Lucciano,0.000184739,5092867,5094715
italian,Luciani,0.000585978,5094715,5100575
italian,Ludovisi,0.000297798,5100575,5103554
italian,Luna,0.000235123,5103554,5105906
italian,Lupo,0.000228708,5105906,5108194
italian,Luria,0.00120336,5108194,5120227
italian,Lussu,0.000241958,5120227,5122647
italian,Luxardo,0.000231866,5122647,5124966
italian,Luzi,0.000219571,5124966,5127162
italian,Maccanelli,0.000420801,5127162,5131370
italian,Maderna,0.000351532,5131370,5134886
italian,Maderno,0.000340018,5134886,5138287
italian,Maffei,0.00022752,5138287,5140563
italian,Maggioli,0.000191678,5140563,5142481
italian,Maglio,0.000177932,5142481,5144261
italian,Magnani,0.000182838,5144261,5146090
italian,Magrassi,0.000227993,5146090,5148371
italian,Majewski,0.000162581,5148371,5149998
italian,Majorana,0.00077647,5149998,5157763
italian,Malacarne,0.000327699,5157763,5161041
italian,Malaparte,0.000186989,5161041,5162912
italian,Malatesta,0.000211216,5162912,5165025
italian,Malenchini,0.00053409,5165025,5170366
italian,Malipiero,0.000270233,5170366,5173069
italian,Malpighi,0.000225646,5173069,5175326
italian,Mammone,0.00165554,5175326,5191880
italian,Manacorda,0.000235378,5191880,5194234
italian,Mancini,0.00740953,5194234,5268321
italian,Mannoia,0.00162396,5268321,5284560
italian,Manolesso,0.000527727,5284560,5289838
italian,Mantegazza,0.000196301,5289838,5291802
italian,Mantegna,0.000223126,5291802,5294034
italian,Manunta,0.000166455,5294034,5295699
italian,Manzoni,0.000189614,5295699,5297596
italian,Marangoni,0.00030815,5297596,5300678
italian,Marazzi,0.00066102,5300678,5307288
italian,Marcacci,0.000582036,5307288,5313109
italian,Marchetti,0.00348611,5313109,5347967
italian,Marconi,0.000323464,5347967,5351202
italian,Marenzio,0.000218918,5351202,5353392
italian,Mariani,0.00517864,5353392,5405173
italian,Marinetti,0.000751232,5405173,5412685
italian,Marini,0.00531071,5412685,5465787
italian,Marino,0.0119251,5465787,5585025
italian,Marrone,0.000257381,5585025,5587599
italian,Marsili,0.000381159,5587599,5591411
italian,Martinelli,0.00453688,5591411,5636775
italian,Martini,0.0044758,5636775,5681529
italian,Martino,0.00204219,5681529,5701949
italian,Martucci,0.000413406,5701949,5706084
italian,Marzorati,0.000244707,5706084,5708532
italian,Mascagni,0.000327163,5708532,5711804
italian,Mascheroni,0.000171539,5711804,5713520
italian,Maspero,0.000304459,5713520,5716565
italian,Mastandrea,0.000275935,5716565,5719325
italian,Mastroianni,0.000279639,5719325,5722122
italian,Mattarella,0.000484925,5722122,5726972
italian,Matteotti,0.00066894,5726972,5733662
italian,Mazza,0.00238195,5733662,5757480
italian,Mazzacurati,0.000202083,5757480,5759502
italian,Mazzanti,0.000615359,5759502,5765656
italian,Mazzeo,0.000320879,5765656,5768865
italian,Mazzi,0.000271282,5768865,5771578
italian,Mazzini,0.00039696,5771578,5775548
italian,Mazzocchi,0.000239012,5775548,5777939
italian,Medici,0.000284625,5777939,5780786
italian,Mengolo,0.000263138,5780786,5783418
italian,Mennea,0.000260223,5783418,5786021
italian,Mercadante,0.000163587,5786021,5787658
italian,Mercalli,0.000195122,5787658,5789610
italian,Mercantini,0.000167992,5789610,5791291
italian,Mercati,0.0002862,5791291,5794154
italian,Merisi,0.000164151,5794154,5795796
italian,Messina,0.00288247,5795796,5824618
italian,Metella,0.000338856,5824618,5828007
italian,Meucci,0.000353431,5828007,5831542
italian,Mezzetta,0.000349036,5831542,5835033
italian,Micca,0.000619831,5835033,5841232
italian,Michelangeli,0.000299542,5841232,5844228
italian,Micheletti,0.000384205,5844228,5848071
italian,Migliaccio,0.000617586,5848071,5854247
italian,Milanesi,0.000194455,5854247,5856192
italian,Milani,0.001795,5856192,5874141
italian,Mimun,0.000521532,5874141,5879357
italian,Miniati,0.000167397,5879357,5881032
italian,Missoni,0.00033542,5881032,5884387
italian,Moccia,0.000181406,5884387,5886202
italian,Mocenigo,0.000185184,5886202,5888055
italian,Modiano,0.000217841,5888055,5890234
italian,Modigliani,0.000201182,5890234,5892247
italian,Modugno,0.000277403,5892247,5895022
italian,Mogherini,0.0002519,5895022,5897542
italian,Molesini,0.000349656,5897542,5901039
italian,Monaco,0.000345971,5901039,5904499
italian,Mondadori,0.000228948,5904499,5906789
italian,Mondaini,0.000322943,5906789,5910019
italian,Monduzzi,0.000650781,5910019,5916527
italian,Moneta,0.000309561,5916527,5919623
italian,Monicelli,0.000200468,5919623,5921628
italian,Montalcini,0.000486226,5921628,5926491
italian,Montalti,0.00017958,5926491,5928288
italian,Montanari,0.00235018,5928288,5951788
italian,Montanariello,0.00017645,5951788,5953553
italian,Montanelli,0.00017042,5953553,5955258
italian,Monte,0.000608787,5955258,5961346
italian,Montecchi,0.000174215,5961346,5963089
italian,Montesano,0.000163138,5963089,5964721
italian,Montessori,0.000162028,5964721,5966342
italian,Monteverdi,0.00061096,5966342,5972452
italian,Monti,0.00431326,5972452,6015580
italian,Morabito,0.000293956,6015580,6018520
italian,Morandi,0.000568694,6018520,6024207
italian,Morandini,0.0002927,6024207,6027135
italian,Morellato,0.000174085,6027135,6028877
italian,Morelli,0.00247227,6028877,6053598
italian,Moresi,0.000193301,6053598,6055532
italian,Moretti,0.006369,6055532,6119215
italian,Morgagni,0.000210221,6119215,6121318
italian,Morlacchi,0.000198534,6121318,6123304
italian,Morosini,0.000194289,6123304,6125248
italian,Morpurgo,0.00018255,6125248,6127074
italian,Morricone,0.000429485,6127074,6131369
italian,Morrocco,0.000189457,6131369,6133264
italian,Mortati,0.000281533,6133264,6136080
italian,Morucci,0.000187752,6136080,6137958
italian,Moschino,0.000653307,6137958,6144491
italian,Mozart,0.000257693,6144491,6147069
italian,Munari,0.000206536,6147069,6149135
italian,Muratori,0.00037669,6149135,6152902
italian,Murialdo,0.000191839,6152902,6154821
italian,Murri,0.00196521,6154821,6174472
italian,Musatti,0.000184591,6174472,6176319
italian,Muti,0.000347802,6176319,6179798
italian,Naccari,0.00035471,6179798,6183346
italian,Nadi,0.000295224,6183346,6186299
italian,Napolitano,0.000182983,6186299,6188130
italian,Natta,0.000395313,6188130,6192084
italian,Navarria,0.000233107,6192084,6194416
italian,Navone,0.000491511,6194416,6199332
italian,Necci,0.000246674,6199332,6201799
italian,Negri,0.00169477,6201799,6218746
italian,Neri,0.00182615,6218746,6237006
italian,Nibali,0.0004285,6237006,6241291
italian,Nicoletti,0.000807766,6241291,6249369
italian,Nicolini,0.00185208,6249369,6267889
italian,Nicolosi,0.00159451,6267889,6283833
italian,Nicolucci,0.000304004,6283833,6286874
italian,Nievo,0.000169075,6286874,6288566
italian,Niggli,0.000161152,6288566,6290178
italian,Niscoromni,0.000164038,6290178,6291819
italian,Nitti,0.000247814,6291819,6294298
italian,Nitto,0.000784036,6294298,6302138
italian,Nolcini,0.000277773,6302138,6304916
italian,Nonis,0.00016541,6304916,6306571
italian,Norbiato,0.000202993,6306571,6308602
italian,Nordio,0.000294377,6308602,6311546
italian,Nosiglia,0.000230884,6311546,6313856
italian,Notarbartolo,0.00020484,6313856,6315905
italian,Novaro,0.000278516,6315905,6318691
italian,Nugnes,0.000214057,6318691,6320832
italian,Odescalchi,0.000253396,6320832,6323367
italian,Offredi,0.000787882,6323367,6331246
italian,Oliboni,0.000392872,6331246,6335175
italian,Olivetti,0.000479797,6335175,6339973
italian,Omma,0.000172929,6339973,6341703
italian,Onio,0.000200291,6341703,6343707
italian,Onisto,0.000944184,6343707,6353149
italian,Opizzi,0.00102025,6353149,6363351
italian,Orengo,0.000321907,6363351,6366571
italian,Orlando,0.00213642,6366571,6387934
italian,Orsini,0.00037891,6387934,6391724
italian,Ortese,0.000228469,6391724,6394009
italian,Ortolani,0.000265456,6394009,6396664
italian,Oscuro,0.00020281,6396664,6398693
italian,Ossani,0.000606631,6398693,6404760
italian,Ossola,0.00016061,6404760,6406367
italian,Ostinelli,0.00143555,6406367,6420722
italian,Ottino,0.000501078,6420722,6425733
italian,Ovadia,0.000181264,6425733,6427546
italian,Pace,0.00017539,6427546,6429301
italian,Pacelli,0.000514015,6429301,6434442
italian,Pacetti,0.000167043,6434442,6436113
italian,Pacillo,0.000261834,6436113,6438732
italian,Pacomio,0.000170544,6438732,6440438
italian,Padovano,0.000198187,6440438,6442421
italian,Paganini,0.000233858,6442421,6444760
italian,Pagano,0.00177987,6444760,6462558
italian,Pagliaro,0.000498302,6462558,6467541
italian,Pagnotto,0.000318844,6467541,6470730
italian,Palazzo,0.000248966,6470730,6473220
italian,Palladio,0.000383439,6473220,6477055
italian,Palmieri,0.00208397,6477055,6497893
italian,Palmisano,0.000727768,6497893,6505171
italian,Palombi,0.000454753,6505171,6509719
italian,Paltrinieri,0.000361934,6509719,6513339
italian,Palumbo,0.00286549,6513339,6541991
italian,Panatta,0.0002172,6541991,6544164
italian,Panicucci,0.000161261,6544164,6545777
italian,Panzera,0.000162914,6545777,6547407
italian,Paoletti,0.000468692,6547407,6552094
italian,Paolini,0.0003031,6552094,6555126
italian,Paolucci,0.000193465,6555126,6557061
italian,Papafava,0.000239542,6557061,6559457
italian,Papetti,0.00258018,6559457,6585257
italian,Pareto,0.000754725,6585257,6592804
italian,Parini,0.000269193,6592804,6595497
italian,Parisi,0.00378834,6595497,6633377
italian,Parmitano,0.000185931,6633377,6635237
italian,Parpinel,0.000682627,6635237,6642063
italian,Parri,0.000207108,6642063,6644135
italian,Paruta,0.000310034,6644135,6647236
italian,Pascarella,0.00117409,6647236,6658976
italian,Pasolini,0.00102722,6658976,6669248
italian,Pasqua,0.00023718,6669248,6671620
italian,Passalacqua,0.00172961,6671620,6688915
italian,Pastine,0.00042752,6688915,6693191
italian,Pausini,0.000185482,6693191,6695047
italian,Pavanello,0.000193137,6695047,6696979
italian,Pavarotti,0.000186081,6696979,6698841
italian,Pavone,0.000506736,6698841,6703909
italian,Peano,0.000296504,6703909,6706875
italian,Pederiva,0.000201902,6706875,6708895
italian,Pedersoli,0.000870004,6708895,6717595
italian,Pedrazzini,0.000186232,6717595,6719458
italian,Pedroni,0.000354069,6719458,6722999
italian,Pellegrini,0.00299544,6722999,6752951
italian,Pellegrino,0.00229873,6752951,6775936
italian,Pelli,0.000172168,6775936,6777658
italian,Pellico,0.000370203,6777658,6781361
italian,Pennetta,0.000202446,6781361,6783386
italian,Pepe,0.000448126,6783386,6787868
italian,Peranda,0.000566843,6787868,6793537
italian,Pergolesi,0.000343562,6793537,6796973
italian,Perini,0.000160503,6796973,6798579
italian,Perozzo,0.000392066,6798579,6802500
italian,Persico,0.000212626,6802500,6804627
italian,Pertile,0.000316838,6804627,6807796
italian,Pertini,0.000731019,6807796,6815106
italian,Peruzzi,0.000287794,6815106,6817985
italian,Petralli,0.000180558,6817985,6819791
italian,Petrassi,0.000188833,6819791,6821680
italian,Petrocelli,0.000478534,6821680,6826466
italian,Petrucci,0.000252197,6826466,6828989
italian,Petrucelli,0.00109515,6828989,6839940
italian,Petruzzi,0.000288599,6839940,6842827
italian,Pezzali,0.00031486,6842827,6845976
italian,Piacentini,0.000265791,6845976,6848635
italian,Piane,0.00017179,6848635,6850354
italian,Piazzi,0.000300422,6850354,6853359
italian,Piccinni,0.000218055,6853359,6855540
italian,Piccio,0.000165989,6855540,6857201
italian,Pietrangeli,0.00237675,6857201,6880967
italian,Pigafetta,0.000260544,6880967,6883573
italian,Pignatti,0.000249547,6883573,6886069
italian,Pinamonte,0.000253095,6886069,6888601
italian,Pincherle,0.000177525,6888601,6890377
italian,Pininfarina,0.000350279,6890377,6893880
italian,Piovani,0.000209826,6893880,6895979
italian,Pirandello,0.000168833,6895979,6897668
italian,Piras,0.00189226,6897668,6916589
italian,Pirelli,0.000161589,6916589,6918206
italian,Pisacane,0.000167516,6918206,6919882
italian,Pisani,0.000403702,6919882,6923920
italian,Pisano,0.000359931,6923920,6927520
italian,Pisaroni,0.000299103,6927520,6930512
italian,Pistoletto,0.000190878,6930512,6932422
italian,Pizzamano,0.000345365,6932422,6935876
italian,Pizzetti,0.000496927,6935876,6940846
italian,Pizziol,0.000234869,6940846,6943195
italian,Pizzo,0.000295649,6943195,6946152
italian,Platini,0.000209629,6946152,6948249
italian,Poerio,0.000894951,6948249,6957198
italian,Polani,0.000174604,6957198,6958945
italian,Polesel,0.000444893,6958945,6963394
italian,Polizzi,0.00166444,6963394,6980037
italian,Pometta,0.000172547,6980037,6981763
italian,Pontecorvo,0.000190086,6981763,6983665
italian,Ponti,0.000466302,6983665,6988328
italian,Porcellato,0.000865201,6988328,6996980
italian,Porzio,0.000176986,6996980,6998751
italian,Pozzecco,0.000449215,6998751,7003244
italian,Prada,0.000297365,7003244,7006218
italian,Praga,0.000645794,7006218,7012676
italian,Pratesi,0.000198014,7012676,7014657
italian,Prati,0.000266127,7014657,7017319
italian,Priuli,0.000188523,7017319,7019205
italian,Procacci,0.00149814,7019205,7034186
italian,Prodi,0.000229188,7034186,7036479
italian,Proietti,0.000168712,7036479,7038167
italian,Pucci,0.0002377,7038167,7040545
italian,Puccini,0.00164392,7040545,7056983
italian,Pugliese,0.0022462,7056983,7079443
italian,Puglisi,0.00023236,7079443,7081767
italian,Pulci,0.000780233,7081767,7089569
italian,Quasimodo,0.000162138,7089569,7091191
italian,Querini,0.000182406,7091191,7093016
italian,Raimondi,0.00019976,7093016,7095014
italian,Ramazzotti,0.000170915,7095014,7096724
italian,Randazzo,0.000164949,7096724,7098374
italian,Rapisardi,0.000305831,7098374,7101433
italian,Rastelli,0.000299981,7101433,7104433
italian,Raurica,0.000340603,7104433,7107840
italian,Ravaglioli,0.000206726,7107840,7109908
italian,Redi,0.000511075,7109908,7115019
italian,Regge,0.000315845,7115019,7118178
italian,Renault,0.000172041,7118178,7119899
italian,Renier,0.000254912,7119899,7122449
italian,Rensi,0.00020807,7122449,7124530
italian,Renzi,0.000282299,7124530,7127354
italian,Respighi,0.000248677,7127354,7129841
italian,Riccardi,0.00187898,7129841,7148629
italian,Riccati,0.00024223,7148629,7151052
italian,Ricci,0.0119377,7151052,7270415
italian,Ricciardi,0.000194788,7270415,7272364
italian,Ricolfi,0.000270581,7272364,7275070
italian,Rienzo,0.000469897,7275070,7279769
italian,Righi,0.000455879,7279769,7284328
italian,Rinaldi,0.00521566,7284328,7336479
italian,Rismondo,0.000381915,7336479,7340299
italian,Ritacca,0.000874868,7340299,7349048
italian,Riva,0.00192739,7349048,7368321
italian,Rizzi,0.00257067,7368321,7394026
italian,Rizzo,0.00673667,7394026,7461385
italian,Rizzoli,0.000393682,7461385,7465322
italian,Rocca,0.000305372,7465322,7468376
italian,Roccabonella,0.000225878,7468376,7470635
italian,Roero,0.000255218,7470635,7473188
italian,Romagnoli,0.000173698,7473188,7474926
italian,Romano,0.0148689,7474926,7623598
italian,Romiti,0.000490178,7623598,7628500
italian,Roncalli,0.00213075,7628500,7649806
italian,Rosiello,0.000465118,7649806,7654458
italian,Rosmini,0.0002073,7654458,7656532
italian,Rosselli,0.00031291,7656532,7659662
italian,Rossellini,0.00131405,7659662,7672802
italian,Rossetti,0.00247537,7672802,7697554
italian,Rossi,0.0393953,7697554,8091460
italian,Rossini,0.000190244,8091460,8093363
italian,Roth,0.000264457,8093363,8096008
italian,Rubbia,0.000221332,8096008,8098222
italian,Ruberto,0.000397788,8098222,8102200
italian,Ruffini,0.000228231,8102200,8104483
italian,Ruggeri,0.00145064,8104483,8118989
italian,Ruggieri,0.000206156,8118989,8121051
italian,Ruggiero,0.00176502,8121051,8138700
italian,Russo,0.0284022,8138700,8422688
italian,Rusticucci,0.000191518,8422688,8424604
italian,Sabatini,0.000594047,8424604,8430545
italian,Sabbatini,0.0013264,8430545,8443808
italian,Saffi,0.000270931,8443808,8446518
italian,Sagese,0.00206089,8446518,8467125
italian,Sagnelli,0.000193959,8467125,8469065
italian,Sagredo,0.000170791,8469065,8470774
italian,Sala,0.00283888,8470774,8499160
italian,Salandra,0.000289815,8499160,8502059
italian,Salata,0.000408931,8502059,8506149
italian,Salgari,0.00020559,8506149,8508206
italian,Salieri,0.000516992,8508206,8513376
italian,Salvemini,0.000451412,8513376,8517891
italian,Salvini,0.000173827,8517891,8519630
italian,Salvo,0.000242775,8519630,8522058
italian,Samele,0.000183856,8522058,8523897
italian,Sandi,0.000542291,8523897,8529320
italian,Sanguineti,0.000183273,8529320,8531153
italian,Sanna,0.00264135,8531153,8557564
italian,Sansoni,0.000205402,8557564,8559619
italian,Santi,0.00017104,8559619,8561330
italian,Santorio,0.000192162,8561330,8563252
italian,Santoro,0.00618814,8563252,8625127
italian,Sanudo,0.000986932,8625127,8634996
italian,Saraceno,0.000457011,8634996,8639567
italian,Saracino,0.000820249,8639567,8647769
italian,Saragat,0.000207491,8647769,8649845
italian,Sartori,0.00184219,8649845,8668266
italian,Satriani,0.00043247,8668266,8672591
italian,Satta,0.000171289,8672591,8674305
italian,Sauli,0.000169806,8674305,8676004
italian,Sauro,0.00106374,8676004,8686641
italian,Savorgnan,0.000181833,8686641,8688460
italian,Sbarbaro,0.000284234,8688460,8691303
italian,Scaduto,0.000232609,8691303,8693630
italian,Scalera,0.000824508,8693630,8701875
italian,Scalfaro,0.000424611,8701875,8706122
italian,Scamarcio,0.000317837,8706122,8709301
italian,Scandone,0.000213237,8709301,8711434
italian,Scaramucci,0.000168954,8711434,8713124
italian,Scarfoglio,0.000417993,8713124,8717304
italian,Scarlatti,0.000467494,8717304,8721979
italian,Scarpa,0.00282748,8721979,8750251
italian,Scarpetta,0.000181976,8750251,8752072
italian,Scarponi,0.000253697,8752072,8754610
italian,Schiaparelli,0.000208846,8754610,8756699
italian,Schiavo,0.000846569,8756699,8765165
italian,Schiavone,0.000434486,8765165,8769510
italian,Schicchi,0.000545652,8769510,8774967
italian,Scialpi,0.000192811,8774967,8776896
italian,Scotti,0.00125597,8776896,8789455
italian,Scotto,0.000440664,8789455,8793862
italian,Seddio,0.000425576,8793862,8798118
italian,Segni,0.000293117,8798118,8801050
italian,Segre,0.000220889,8801050,8803260
italian,Semitecolo,0.000174344,8803260,8805004
italian,Serao,0.000322424,8805004,8808229
italian,Sergi,0.00160631,8808229,8824291
italian,Serlupi,0.00019836,8824291,8826275
italian,Sermonti,0.000197668,8826275,8828252
italian,Serra,0.00378448,8828252,8866093
italian,Serraglio,0.000671628,8866093,8872809
italian,Sforza,0.0029725,8872809,8902531
italian,Sgalambro,0.000268162,8902531,8905213
italian,Sgarbi,0.000450311,8905213,8909717
italian,Sibilia,0.000638473,8909717,8916102
italian,Siffredi,0.000239277,8916102,8918495
italian,Silvestri,0.00331661,8918495,8951658
italian,Simeoni,0.000350904,8951658,8955168
italian,Sinisi,0.000734303,8955168,8962511
italian,Sismondi,0.00101338,8962511,8972645
italian,Smirnoff,0.000974279,8972645,8982388
italian,Sobrero,0.000160827,8982388,8983997
italian,Soderini,0.000164721,8983997,8985645
italian,Soffici,0.00252572,8985645,9010900
italian,Sokolov,0.000246109,9010900,9013362
italian,Solari,0.000175259,9013362,9015115
italian,Solimena,0.00027305,9015115,9017846
italian,Sollima,0.000277035,9017846,9020617
italian,Sommaruga,0.000183564,9020617,9022453
italian,Sonnino,0.000278144,9022453,9025235
italian,Soprano,0.000201003,9025235,9027246
italian,Soranzo,0.000175786,9027246,9029005
italian,Sordi,0.000206917,9029005,9031075
italian,Sorrentino,0.00268887,9031075,9057961
italian,Spadafora,0.00026782,9057961,9060640
italian,Spallanzani,0.000291044,9060640,9063551
italian,Spanevello,0.000557792,9063551,9069129
italian,Speri,0.000518496,9069129,9074314
italian,Spinelli,0.00181649,9074314,9092478
italian,Spinola,0.00289795,9092478,9121455
italian,Squarcione,0.000324511,9121455,9124701
italian,Sraffa,0.000315352,9124701,9127855
italian,Staglieno,0.000160287,9127855,9129459
italian,Stefanelli,0.000311945,9129459,9132579
italian,Stein,0.000188214,9132579,9134462
italian,Stoppani,0.000180277,9134462,9136266
italian,Storladi,0.000772748,9136266,9143994
italian,Stradivari,0.000430475,9143994,9148299
italian,Strangio,0.000218702,9148299,9150487
italian,Stucchi,0.000234615,9150487,9152834
italian,Surian,0.000290633,9152834,9155741
italian,Tacchini,0.00021572,9155741,9157899
italian,Taccola,0.000980559,9157899,9167704
italian,Tafuri,0.000306292,9167704,9170768
italian,Tagliafierro,0.000628997,9170768,9177058
italian,Taliani,0.000803699,9177058,9185095
italian,Taliercio,0.000488853,9185095,9189984
italian,Tamborini,0.000231129,9189984,9192296
italian,Tamburello,0.000197324,9192296,9194270
italian,Tamburi,0.000442767,9194270,9198698
italian,Tamburini,0.000851142,9198698,9207209
italian,Tanzini,0.000210023,9207209,9209310
italian,Tarantini,0.000234362,9209310,9211654
italian,Tarantino,0.00026281,9211654,9214283
italian,Tarchetti,0.000185632,9214283,9216140
italian,Tartaglia,0.00189614,9216140,9235100
italian,Tartini,0.000251011,9235100,9237611
italian,Tasca,0.000274124,9237611,9240353
italian,Tasso,0.000633695,9240353,9246690
italian,Tassoni,0.000828816,9246690,9254978
italian,Tebaldi,0.000271986,9254978,9257699
italian,Tedesco,0.000280393,9257699,9260504
italian,Telesio,0.000386526,9260504,9264370
italian,Tencalla,0.000404563,9264370,9268416
italian,Terragni,0.00018806,9268416,9270297
italian,Testa,0.00235347,9270297,9293830
italian,Tiepolo,0.000549059,9293830,9299321
italian,Tirabassi,0.000195625,9299321,9301278
italian,Togliatti,0.000175127,9301278,9303030
italian,Tognazzi,0.000187293,9303030,9304904
italian,Toldo,0.000195962,9304904,9306864
italian,Tolentino,0.000171664,9306864,9308581
italian,Tomaselli,0.000232857,9308581,9310910
italian,Tomasetti,0.000323987,9310910,9314150
italian,Tomasini,0.000321392,9314150,9317365
italian,Tomei,0.000184003,9317365,9319206
italian,Tommaseo,0.00043755,9319206,9323582
italian,Toninelli,0.000955968,9323582,9333141
italian,Tonisto,0.00079177,9333141,9341059
italian,Torlonia,0.00025614,9341059,9343621
italian,Tornatore,0.000241687,9343621,9346039
italian,Torricelli,0.000362607,9346039,9349666
italian,Toscani,0.000296076,9349666,9352627
italian,Toscanini,0.000203727,9352627,9354665
italian,Toselli,0.000272695,9354665,9357393
italian,Tosi,0.000308619,9357393,9360480
italian,Toso,0.000394496,9360480,9364425
italian,Tosto,0.000271633,9364425,9367142
italian,Totino,0.000237439,9367142,9369517
italian,Tozzi,0.000236404,9369517,9371882
italian,Tozzo,0.00032932,9371882,9375176
italian,Traetta,0.000296934,9375176,9378146
italian,Trapanese,0.00180081,9378146,9396153
italian,Trapani,0.000168232,9396153,9397836
italian,Travaglia,0.000855771,9397836,9406394
italian,Travaglio,0.000263795,9406394,9409033
italian,Traversa,0.000276301,9409033,9411797
italian,Travia,0.000596103,9411797,9417758
italian,Trebbi,0.000580087,9417758,9423559
italian,Treccani,0.000269885,9423559,9426259
italian,Tremonti,0.000189771,9426259,9428157
italian,Trentin,0.000747777,9428157,9435635
italian,Trentini,0.000347189,9435635,9439107
italian,Tresoldi,0.000204097,9439107,9441149
italian,Treves,0.000231374,9441149,9443463
italian,Trevisan,0.000211616,9443463,9445580
italian,Trevisani,0.00202785,9445580,9465857
italian,Trezzini,0.000416145,9465857,9470019
italian,Trillini,0.000576232,9470019,9475782
italian,Trincavelli,0.000833175,9475782,9484114
italian,Trobbiani,0.000216775,9484114,9486282
italian,Troisi,0.000458149,9486282,9490864
italian,Trombetta,0.000165064,9490864,9492515
italian,Tron,0.000220008,9492515,9494716
italian,Tropea,0.000182119,9494716,9496538
italian,Trotta,0.000200646,9496538,9498545
italian,Trupiano,0.000244152,9498545,9500987
italian,Trussardi,0.000246391,9500987,9503452
italian,Turati,0.000196641,9503452,9505419
italian,Turchetta,0.000210816,9505419,9507528
italian,Turchi,0.000216563,9507528,9509694
italian,Turci,0.00043147,9509694,9514009
italian,Turrini,0.000229911,9514009,9516309
italian,Tutino,0.000248389,9516309,9518794
italian,Tuzzolino,0.000282684,9518794,9521621
italian,Ubaldi,0.000184296,9521621,9523465
italian,Udinese,0.000199408,9523465,9525460
italian,Udinesi,0.00276076,9525460,9553065
italian,Ughi,0.000274484,9553065,9555810
italian,Ungaretti,0.000264126,9555810,9558452
italian,Valentini,0.0029276,9558452,9587725
italian,Valentino,0.000357299,9587725,9591299
italian,Valguarnera,0.000212829,9591299,9593428
italian,Valier,0.00026714,9593428,9596100
italian,Valmarana,0.000258951,9596100,9598690
italian,Vanvitelli,0.000188989,9598690,9600581
italian,Varano,0.000239808,9600581,9602980
italian,Vasari,0.000165756,9602980,9604638
italian,Vattimo,0.000205778,9604638,9606697
italian,Vecellio,0.000217626,9606697,9608874
italian,Vecoli,0.000188678,9608874,9610762
italian,Veltroni,0.000370911,9610762,9614472
italian,Vendetti,0.00112872,9614472,9625759
italian,Venditti,0.000401144,9625759,9629771
italian,Veneziano,0.00126712,9629771,9642442
italian,Venier,0.000268505,9642442,9645128
italian,Vento,0.00148192,9645128,9659946
italian,Venturi,0.000240341,9659946,9662350
italian,Vercelloni,0.000180981,9662350,9664161
italian,Verdi,0.00068828,9664161,9671044
italian,Verdone,0.00050962,9671044,9676141
italian,Verga,0.000199232,9676141,9678134
italian,Vergassola,0.000412502,9678134,9682260
italian,Vergerio,0.000474789,9682260,9687008
italian,Verri,0.000165179,9687008,9688661
italian,Versace,0.000163026,9688661,9690292
italian,Vespa,0.000624376,9690292,9696536
italian,Vespucci,0.000356648,9696536,9700103
italian,Vezzali,0.000399458,9700103,9704098
italian,Vianello,0.000194124,9704098,9706040
italian,Vidoni,0.000243599,9706040,9708477
italian,Vigliotti,0.000643333,9708477,9714911
italian,Vigorelli,0.000177796,9714911,9716690
italian,Villa,0.00335578,9716690,9750245
italian,Villadicani,0.000266463,9750245,9752910
italian,Villarosa,0.000173312,9752910,9754644
italian,Viola,0.00016669,9754644,9756312
italian,Virgilio,0.000685441,9756312,9763167
italian,Visconti,0.000216352,9763167,9765331
italian,Visintini,0.000795702,9765331,9773288
italian,Vismara,0.000258321,9773288,9775872
italian,Vitale,0.00395652,9775872,9815433
italian,Vitali,0.00187523,9815433,9834184
italian,Vittadello,0.000326629,9834184,9837451
italian,Vitturi,0.000171164,9837451,9839163
italian,Vivaldi,0.000320367,9839163,9842367
italian,Viviani,0.000229428,9842367,9844662
italian,Volta,0.000238749,9844662,9847050
italian,Volterra,0.0014661,9847050,9861710
italian,Zabarella,0.000396134,9861710,9865672
italian,Zaccagnini,0.000205214,9865672,9867725
italian,Zaccardo,0.000163812,9867725,9869364
italian,Zacchia,0.000950035,9869364,9878864
italian,Zacco,0.000916103,9878864,9888025
italian,Zaguri,0.00022111,9888025,9890237
italian,Zamengo,0.000252496,9890237,9892763
italian,Zamorani,0.000199584,9892763,9894760
italian,Zampa,0.00116469,9894760,9906406
italian,Zanazzo,0.000402845,9906406,9910435
italian,Zanichelli,0.000223807,9910435,9912674
italian,Zanzi,0.000699909,9912674,9919673
italian,Zappia,0.00166839,9919673,9936356
italian,Zarlino,0.000344161,9936356,9939798
italian,Zecchini,0.000235634,9939798,9942155
italian,Zeffirelli,0.000879793,9942155,9950953
italian,Zetticci,0.000252795,9950953,9953482
italian,Ziani,0.00046394,9953482,9958122
italian,Zichichi,0.000238223,9958122,9960505
italian,Zito,0.000677077,9960505,9967276
italian,Zola,0.000342966,9967276,9970706
italian,Zoppetti,0.00076182,9970706,9978324
italian,Zoppetto,0.00216773,9978324,10000000
indian,Acharya,0.00915757,0,9331
indian,Agarwal,0.0658117,9331,76382
indian,Agate,0.0377989,76382,114893
indian,Aggarwal,0.00863323,114893,123690
indian,Agrawal,0.00786426,123690,131703
indian,Ahluwalia,0.00810824,131703,139965
indian,Ahuja,0.0122251,139965,152421
indian,Amble,0.0114496,152421,164087
indian,Anand,0.0138221,164087,178170
indian,Andra,0.00669674,178170,184994
indian,Anne,0.0127678,184994,198003
indian,Apte,0.00724621,198003,205387
indian,Arora,0.054472,205387,260885
indian,Arya,0.0118047,260885,272913
indian,Atwal,0.0116597,272913,284793
indian,Aurora,0.0232748,284793,308507
indian,Babu,0.00895519,308507,317632
indian,Badal,0.0102934,317632,328120
indian,Badami,0.0197575,328120,348250
indian,Bahl,0.0341974,348250,383092
indian,Bahri,0.0132238,383092,396566
indian,Bail,0.0179691,396566,414874
indian,Bains,0.0124276,414874,427536
indian,Bajaj,0.00702147,427536,434691
indian,Bajwa,0.011484,434691,446392
indian,Bakshi,0.0069874,446392,453512
indian,Bal,0.00943663,453512,463127
indian,Bala,0.0117317,463127,475080
indian,Balakrishnan,0.014485,475080,489839
indian,Balan,0.00865144,489839,498654
indian,Balasubramanian,0.0128561,498654,511753
indian,Balay,0.00990558,511753,521846
indian,Bali,0.00812406,521846,530124
indian,Bandi,0.00711416,530124,537373
indian,Banerjee,0.0581762,537373,596645
indian,Banik,0.0146621,596645,611584
indian,Bansal,0.0198754,611584,631835
indian,Barad,0.00755445,631835,639533
indian,Baral,0.0126378,639533,652410
indian,Baria,0.0113815,652410,664007
indian,Barman,0.00672769,664007,670862
indian,Basak,0.0163532,670862,687524
indian,Bassi,0.0142562,687524,702050
indian,Basu,0.0103752,702050,712621
indian,Bath,0.00760873,712621,720374
indian,Batra,0.00909578,720374,729642
indian,Batta,0.00767782,729642,737465
indian,Bava,0.0300281,737465,768059
indian,Bawa,0.0247241,768059,793249
indian,Bedi,0.00773412,793249,801130
indian,Behl,0.0160535,801130,817487
indian,Ben,0.0286065,817487,846633
indian,Bera,0.00649831,846633,853255
indian,Bhagat,0.0100824,853255,863528
indian,Bhakta,0.00748782,863528,871158
indian,Bhalla,0.0104304,871158,881786
indian,Bhandari,0.0115887,881786,893594
indian,Bhardwaj,0.00796894,893594,901714
indian,Bhargava,0.0125527,901714,914504
indian,Bhasin,0.00978348,914504,924473
indian,Bhat,0.00765001,924473,932268
indian,Bhatia,0.0641078,932268,997583
indian,Bhatnagar,0.00714964,997583,1004868
indian,Bhatt,0.00746153,1004868,1012471
indian,Bhattacharyya,0.0139278,1012471,1026662
indian,Bhatti,0.00744847,1026662,1034252
indian,Bhavsar,0.0255281,1034252,1060262
indian,Bir,0.0085257,1060262,1068949
indian,Biswas,0.00643194,1068949,1075503
indian,Boase,0.0125107,1075503,1088250
indian,Bobal,0.0104864,1088250,1098935
indian,Bora,0.0089355,1098935,1108040
indian,Borah,0.00813994,1108040,1116334
indian,Borde,0.0154222,1116334,1132047
indian,Borra,0.0155576,1132047,1147898
indian,Bose,0.0393822,1147898,1188022
indian,Brahmbhatt,0.00647919,1188022,1194624
indian,Brar,0.0100312,1194624,1204845
indian,Buch,0.00891591,1204845,1213930
indian,Bumb,0.00842115,1213930,1222511
indian,Butala,0.0135155,1222511,1236282
indian,Chacko,0.0283401,1236282,1265157
indian,Chad,0.0227791,1265157,1288366
indian,Chada,0.00676946,1288366,1295264
indian,Chadha,0.00883851,1295264,1304270
indian,Chahal,0.0156263,1304270,1320191
indian,Chakrabarti,0.00684398,1320191,1327165
indian,Chakraborty,0.00699872,1327165,1334296
indian,Chana,0.0113142,1334296,1345824
indian,Chand,0.0145435,1345824,1360642
indian,Chanda,0.0068874,1360642,1367660
indian,Chander,0.0253216,1367660,1393459
indian,Chandra,0.0363519,1393459,1430496
indian,Chandran,0.0116956,1430496,1442413
indian,Char,0.00723398,1442413,1449784
indian,Chatterjee,0.0595411,1449784,1510447
indian,Chaudhari,0.00707908,1510447,1517660
indian,Chaudhary,0.0330364,1517660,1551319
indian,Chaudhry,0.00924144,1551319,1560735
indian,Chaudhuri,0.00652723,1560735,1567386
indian,Chaudry,0.0166658,1567386,1584367
indian,Chauhan,0.041123,1584367,1626265
indian,Chawla,0.0150313,1626265,1641580
indian,Cheema,0.00922031,1641580,1650975
indian,Cherian,0.00809249,1650975,1659221
indian,Chhabra,0.0151591,1659221,1674666
indian,Chokshi,0.0129913,1674666,1687903
indian,Chopra,0.0695462,1687903,1758759
indian,Choudhary,0.00880037,1758759,1767726
indian,Choudhry,0.0259527,1767726,1794168
indian,Choudhury,0.00655644,1794168,1800849
indian,Chowdhury,0.00658595,1800849,1807560
indian,Comar,0.00727082,1807560,1814969
indian,Contractor,0.0109598,1814969,1826136
indian,DAlia,0.0129459,1826136,1839327
indian,Dada,0.00911627,1839327,1848616
indian,Dalal,0.0350239,1848616,1884300
indian,Dani,0.019191,1884300,1903853
indian,Dar,0.0373023,1903853,1941858
indian,Dara,0.0109909,1941858,1953057
indian,Das,0.0609802,1953057,2015186
indian,Dasgupta,0.00889642,2015186,2024251
indian,Dash,0.00776262,2024251,2032161
indian,Dass,0.00644133,2032161,2038725
indian,Date,0.0188682,2038725,2057949
indian,Datta,0.0182579,2057949,2076552
indian,Dave,0.0119917,2076552,2088770
indian,Dayal,0.00950377,2088770,2098454
indian,De,0.012469,2098454,2111159
indian,Deep,0.0208787,2111159,2132432
indian,Deo,0.00706747,2132432,2139633
indian,Deol,0.00828614,2139633,2148076
indian,Desai,0.0813987,2148076,2231008
indian,Deshmukh,0.00881939,2231008,2239994
indian,Deshpande,0.0170761,2239994,2257392
indian,Devan,0.00847306,2257392,2266026
indian,Devi,0.00857909,2266026,2274768
indian,Dewan,0.0073206,2274768,2282227
indian,Dey,0.0288786,2282227,2311650
indian,Dhaliwal,0.0239748,2311650,2336077
indian,Dhar,0.00656624,2336077,2342768
indian,Dhawan,0.0118415,2342768,2354833
indian,Dhillon,0.0512593,2354833,2407058
indian,Dhingra,0.0105431,2407058,2417801
indian,Din,0.00825314,2417801,2426210
indian,Divan,0.00769181,2426210,2434048
indian,Dixit,0.00849053,2434048,2442699
indian,Doctor,0.00868814,2442699,2451552
indian,Dora,0.0223066,2451552,2474279
indian,Doshi,0.0312859,2474279,2506155
indian,Dua,0.0206173,2506155,2527161
indian,Dube,0.00983191,2527161,2537179
indian,Dubey,0.00792369,2537179,2545253
indian,Dugal,0.0111824,2545253,2556647
indian,Dugar,0.026171,2556647,2583312
indian,Dutt,0.0194132,2583312,2603092
indian,Dutta,0.0388381,2603092,2642662
indian,Dyal,0.0187633,2642662,2661779
indian,Edwin,0.00735844,2661779,2669277
indian,Gaba,0.0266203,2669277,2696399
indian,Gade,0.022154,2696399,2718971
indian,Gala,0.0115187,2718971,2730708
indian,Gandhi,0.0149683,2730708,2745959
indian,Ganesan,0.0177821,2745959,2764077
indian,Ganesh,0.00659585,2764077,2770798
indian,Ganguly,0.0241573,2770798,2795411
indian,Gara,0.0101083,2795411,2805711
indian,Garde,0.0115536,2805711,2817483
indian,Garg,0.0127241,2817483,2830448
indian,Gera,0.0096882,2830448,2840320
indian,Ghose,0.0101604,2840320,2850673
indian,Ghosh,0.0383106,2850673,2889706
indian,Gill,0.0533517,2889706,2944063
indian,Goda,0.0112479,2944063,2955524
indian,Goel,0.00959499,2955524,2965301
indian,Gokhale,0.00712594,2965301,2972562
indian,Gola,0.00740958,2972562,2980112
indian,Gole,0.0231069,2980112,3003655
indian,Golla,0.00964134,3003655,3013479
indian,Gopal,0.00747465,3013479,3021095
indian,Goswami,0.00663579,3021095,3027857
indian,Gour,0.0121071,3027857,3040193
indian,Goyal,0.00971183,3040193,3050089
indian,Grewal,0.0502806,3050089,3101317
indian,Grover,0.0118787,3101317,3113420
indian,Guha,0.0116241,3113420,3125264
indian,Gulati,0.0133194,3125264,3138835
indian,Gupta,0.114585,3138835,3255577
indian,Halder,0.0140898,3255577,3269933
indian,Handa,0.0159082,3269933,3286142
indian,Hans,0.0138747,3286142,3300279
indian,Hari,0.0152239,3300279,3315790
indian,Hayer,0.0129008,3315790,3328935
indian,Hayre,0.0158367,3328935,3345071
indian,Hegde,0.0218556,3345071,3367339
indian,Hora,0.00985633,3367339,3377382
indian,Issac,0.013616,3377382,3391255
indian,Iyengar,0.0183565,3391255,3409958
indian,Iyer,0.0948412,3409958,3506585
indian,Jaggi,0.0175995,3506585,3524517
indian,Jain,0.0444471,3524517,3569802
indian,Jani,0.00948127,3569802,3579463
indian,Jayaraman,0.00905511,3579463,3588690
indian,Jha,0.0202387,3588690,3609311
indian,Jhaveri,0.0121462,3609311,3621687
indian,Johal,0.008404,3621687,3630250
indian,Joshi,0.0843455,3630250,3716184
indian,Kadakia,0.0268516,3716184,3743542
indian,Kade,0.00713777,3743542,3750815
indian,Kakar,0.00780581,3750815,3758769
indian,Kala,0.0102665,3758769,3769230
indian,Kale,0.0100567,3769230,3779477
indian,Kalita,0.00694256,3779477,3786551
indian,Kalla,0.00945889,3786551,3796189
indian,Kamdar,0.0161273,3796189,3812621
indian,Kanda,0.00787902,3812621,3820649
indian,Kannan,0.0245318,3820649,3845644
indian,Kant,0.00759508,3845644,3853383
indian,Kapadia,0.0107469,3853383,3864333
indian,Kapoor,0.0625,3864333,3928010
indian,Kapur,0.00705591,3928010,3935200
indian,Kar,0.0067485,3935200,3942077
indian,Kara,0.0354543,3942077,3978200
indian,Karan,0.00692038,3978200,3985252
indian,Kari,0.00926268,3985252,3994690
indian,Karnik,0.0185574,3994690,4013598
indian,Karpe,0.00725849,4013598,4020994
indian,Kashyap,0.0193014,4020994,4040660
indian,Kata,0.0135655,4040660,4054482
indian,Kaul,0.00673808,4054482,4061348
indian,Kaur,0.121087,4061348,4184715
indian,Keer,0.0121855,4184715,4197131
indian,Khalsa,0.011215,4197131,4208558
indian,Khan,0.0761462,4208558,4286138
indian,Khanna,0.0184564,4286138,4304943
indian,Khare,0.00795379,4304943,4313048
indian,Khatri,0.0076362,4313048,4320829
indian,Khosla,0.0199949,4320829,4341201
indian,Khurana,0.0113477,4341201,4352763
indian,Kibe,0.0106293,4352763,4363593
indian,Kohli,0.0100058,4363593,4373788
indian,Konda,0.00830274,4373788,4382248
indian,Korpal,0.0105716,4382248,4393020
indian,Koshy,0.00654667,4393020,4399691
indian,Kota,0.00801477,4399691,4407858
indian,Kothari,0.0215661,4407858,4429831
indian,Krish,0.0323104,4429831,4462750
indian,Krishna,0.00818803,4462750,4471093
indian,Krishnamurthy,0.0120299,4471093,4483350
indian,Krishnan,0.0475806,4483350,4531827
indian,Kulkarni,0.00720965,4531827,4539173
indian,Kumar,0.136979,4539173,4678732
indian,Kumer,0.00660578,4678732,4685463
indian,Kunda,0.0066865,4685463,4692276
indian,Kurian,0.00907539,4692276,4701523
indian,Kuruvilla,0.00934874,4701523,4711049
indian,Lad,0.0112809,4711049,4722543
indian,Lal,0.0111177,4722543,4733871
indian,Lala,0.0249197,4733871,4759261
indian,Lall,0.0132714,4759261,4772783
indian,Lalla,0.0111499,4772783,4784144
indian,Lanka,0.0171609,4784144,4801629
indian,Lata,0.00952639,4801629,4811336
indian,Loke,0.00843837,4811336,4819934
indian,Loyal,0.0224617,4819934,4842819
indian,Luthra,0.00835303,4842819,4851330
indian,Madan,0.0125951,4851330,4864163
indian,Magar,0.0174211,4864163,4881913
indian,Mahajan,0.00998051,4881913,4892082
indian,Mahal,0.0108674,4892082,4903155
indian,Maharaj,0.00729561,4903155,4910589
indian,Majumdar,0.00683323,4910589,4917552
indian,Malhotra,0.067621,4917552,4986447
indian,Mall,0.0101343,4986447,4996773
indian,Mallick,0.00685478,4996773,5003758
indian,Mammen,0.0134167,5003758,5017428
indian,Mand,0.00917838,5017428,5026780
indian,Manda,0.00799943,5026780,5034931
indian,Mandal,0.0226191,5034931,5057977
indian,Mander,0.00678,5057977,5064886
indian,Mane,0.0141448,5064886,5079298
indian,Mangal,0.0168272,5079298,5096443
indian,Mangat,0.00784955,5096443,5104441
indian,Mani,0.0107767,5104441,5115422
indian,Mann,0.00739672,5115422,5122959
indian,Mannan,0.0137699,5122959,5136989
indian,Manne,0.019082,5136989,5156431
indian,Master,0.0229417,5156431,5179806
indian,Mehta,0.0910282,5179806,5272549
indian,Memon,0.0303318,5272549,5303453
indian,Menon,0.0715993,5303453,5376401
indian,Merchant,0.00754102,5376401,5384085
indian,Minhas,0.0186597,5384085,5403097
indian,Mishra,0.0423835,5403097,5446279
indian,Misra,0.0237954,5446279,5470523
indian,Mistry,0.0273279,5470523,5498366
indian,Mital,0.0162771,5498366,5514950
indian,Mitra,0.00897497,5514950,5524095
indian,Mittal,0.00831943,5524095,5532572
indian,Mitter,0.00680118,5532572,5539502
indian,Modi,0.00737115,5539502,5547013
indian,Mody,0.0149059,5547013,5562200
indian,Mohan,0.00752764,5562200,5569870
indian,Mohanty,0.00670702,5569870,5576704
indian,Morar,0.0064602,5576704,5583287
indian,More,0.0147222,5583287,5598287
indian,Mukherjee,0.0568798,5598287,5656238
indian,Mukhopadhyay,0.00954914,5656238,5665968
indian,Muni,0.0280792,5665968,5694577
indian,Munshi,0.0139814,5694577,5708823
indian,Murthy,0.0368202,5708823,5746337
indian,Murty,0.0162018,5746337,5762845
indian,Mutti,0.00662576,5762845,5769596
indian,Nadig,0.00995539,5769596,5779740
indian,Nadkarni,0.00651756,5779740,5786381
indian,Nagar,0.0159805,5786381,5802663
indian,Nagarajan,0.00874385,5802663,5811572
indian,Nagi,0.0102397,5811572,5822005
indian,Nagy,0.0164301,5822005,5838745
indian,Naidu,0.0484438,5838745,5888102
indian,Naik,0.00973558,5888102,5898022
indian,Nair,0.0990335,5898022,5998920
indian,Nanda,0.0147829,5998920,6013982
indian,Narain,0.0102131,6013982,6024388
indian,Narang,0.0107172,6024388,6035308
indian,Narasimhan,0.0130832,6035308,6048638
indian,Narayan,0.00789385,6048638,6056681
indian,Narayanan,0.0338003,6056681,6091118
indian,Narula,0.0137182,6091118,6105095
indian,Natarajan,0.00872519,6105095,6113985
indian,Nath,0.00783491,6113985,6121968
indian,Natt,0.0106004,6121968,6132769
indian,Nayak,0.0169093,6132769,6149998
indian,Nayar,0.0068225,6149998,6156950
indian,Nazareth,0.0175098,6156950,6174790
indian,Nigam,0.0082042,6174790,6183150
indian,Nori,0.0133679,6183150,6196770
indian,Oak,0.0319606,6196770,6229333
indian,Om,0.00717351,6229333,6236643
indian,Oommen,0.00804566,6236643,6244841
indian,Oza,0.00743546,6244841,6252417
indian,Padmanabhan,0.023619,6252417,6276482
indian,Pai,0.00719756,6276482,6283816
indian,Pal,0.00803018,6283816,6291998
indian,Palan,0.00836994,6291998,6300526
indian,Pall,0.0110539,6300526,6311789
indian,Palla,0.00648874,6311789,6318401
indian,Panchal,0.0104027,6318401,6329001
indian,Pandey,0.0430471,6329001,6372859
indian,Pandit,0.00838693,6372859,6381405
indian,Pandya,0.00733316,6381405,6388877
indian,Pant,0.0207471,6388877,6410016
indian,Parekh,0.00657608,6410016,6416717
indian,Parikh,0.00928403,6416717,6426177
indian,Parmar,0.00798415,6426177,6434312
indian,Parmer,0.0123052,6434312,6446850
indian,Parsa,0.0119161,6446850,6458991
indian,Patel,0.146854,6458991,6608610
indian,Pathak,0.00901484,6608610,6617796
indian,Patil,0.00870662,6617796,6626668
indian,Patla,0.0154896,6626668,6642450
indian,Pau,0.00774834,6642450,6650345
indian,Peri,0.00703291,6650345,6657511
indian,Pillai,0.073794,6657511,6732695
indian,Pillay,0.00993042,6732695,6742813
indian,Pingle,0.0165079,6742813,6759633
indian,Prabhakar,0.0173333,6759633,6777294
indian,Prabhu,0.00687649,6777294,6784301
indian,Pradhan,0.0140354,6784301,6798602
indian,Prakash,0.00716155,6798602,6805899
indian,Prasad,0.0451863,6805899,6851937
indian,Prashad,0.0167461,6851937,6868999
indian,Puri,0.0131765,6868999,6882425
indian,Purohit,0.00661575,6882425,6889166
indian,Radhakrishnan,0.0104583,6889166,6899822
indian,Raghavan,0.009572,6899822,6909575
indian,Rai,0.00681182,6909575,6916516
indian,Raj,0.00845568,6916516,6925132
indian,Raja,0.00751431,6925132,6932789
indian,Rajagopal,0.00645075,6932789,6939362
indian,Rajagopalan,0.012265,6939362,6951859
indian,Rajan,0.00758148,6951859,6959584
indian,Raju,0.0143695,6959584,6974225
indian,Ram,0.00666611,6974225,6981018
indian,Rama,0.00939245,6981018,6990588
indian,Ramachandran,0.0217098,6990588,7012707
indian,Ramakrishnan,0.0291566,7012707,7042413
indian,Raman,0.024343,7042413,7067215
indian,Ramanathan,0.0297312,7067215,7097507
indian,Ramaswamy,0.0108067,7097507,7108518
indian,Ramesh,0.0220036,7108518,7130937
indian,Rana,0.011768,7130937,7142928
indian,Randhawa,0.0180642,7142928,7161333
indian,Ranganathan,0.0119537,7161333,7173513
indian,Rao,0.078674,7173513,7253669
indian,Rastogi,0.0181605,7253669,7272172
indian,Ratta,0.00777696,7272172,7280096
indian,Rattan,0.0087626,7280096,7289025
indian,Ratti,0.00823675,7289025,7297418
indian,Rau,0.00738391,7297418,7304942
indian,Raval,0.0146025,7304942,7319820
indian,Ravel,0.00854341,7319820,7328525
indian,Ravi,0.0169922,7328525,7345838
indian,Ray,0.00887702,7345838,7354883
indian,Reddy,0.103667,7354883,7460502
indian,Rege,0.00850807,7460502,7469171
indian,Rout,0.00866975,7469171,7478005
indian,Roy,0.0110223,7478005,7489236
indian,Sabharwal,0.00686562,7489236,7496232
indian,Sachar,0.00693145,7496232,7503295
indian,Sachdev,0.0106584,7503295,7514155
indian,Sachdeva,0.010837,7514155,7525197
indian,Sagar,0.00899486,7525197,7534362
indian,Saha,0.0358968,7534362,7570935
indian,Sahni,0.00756794,7570935,7578646
indian,Sahota,0.00771996,7578646,7586512
indian,Saini,0.0080612,7586512,7594726
indian,Salvi,0.00653694,7594726,7601387
indian,Sama,0.0294408,7601387,7631383
indian,Sami,0.00750104,7631383,7639026
indian,Sampath,0.0346051,7639026,7674283
indian,Samra,0.0120684,7674283,7686580
indian,Sandal,0.0134659,7686580,7700300
indian,Sandhu,0.052282,7700300,7753567
indian,Sane,0.0211477,7753567,7775114
indian,Sangha,0.0081559,7775114,7783424
indian,Sanghvi,0.0203632,7783424,7804171
indian,Sani,0.0214246,7804171,7826000
indian,Sankar,0.00689836,7826000,7833029
indian,Sankaran,0.00980763,7833029,7843022
indian,Sant,0.0152894,7843022,7858600
indian,Saraf,0.00833619,7858600,7867094
indian,Saran,0.00822044,7867094,7875470
indian,Sarin,0.0136669,7875470,7889395
indian,Sarkar,0.00856121,7889395,7898118
indian,Sarma,0.00903492,7898118,7907324
indian,Sarna,0.0251189,7907324,7932917
indian,Sarraf,0.00817193,7932917,7941244
indian,Sastry,0.014427,7941244,7955944
indian,Sathe,0.00679057,7955944,7962863
indian,Savant,0.0131297,7962863,7976241
indian,Sawhney,0.00782033,7976241,7984210
indian,Saxena,0.0399438,7984210,8024907
indian,Sehgal,0.00885772,8024907,8033932
indian,Sekhon,0.0306425,8033932,8065152
indian,Sem,0.0103205,8065152,8075668
indian,Sen,0.00913687,8075668,8084978
indian,Sengupta,0.0204894,8084978,8105854
indian,Seshadri,0.00859705,8105854,8114614
indian,Seth,0.0153555,8114614,8130259
indian,Sethi,0.0556466,8130259,8186954
indian,Setty,0.0157659,8186954,8203018
indian,Sha,0.00730808,8203018,8210465
indian,Shah,0.108819,8210465,8321333
indian,Shan,0.0143126,8321333,8335916
indian,Shankar,0.00650792,8335916,8342547
indian,Shanker,0.0082696,8342547,8350973
indian,Sharaf,0.0257385,8350973,8377197
indian,Sharma,0.128483,8377197,8508099
indian,Shenoy,0.0126808,8508099,8521019
indian,Shere,0.0123457,8521019,8533598
indian,Sheth,0.0114154,8533598,8545229
indian,Shetty,0.00697613,8545229,8552337
indian,Shroff,0.0105147,8552337,8563051
indian,Shukla,0.00701007,8563051,8570194
indian,Sibal,0.00728319,8570194,8577615
indian,Sidhu,0.049343,8577615,8627888
indian,Singh,0.158489,8627888,8789361
indian,Singhal,0.00734578,8789361,8796846
indian,Sinha,0.00770585,8796846,8804698
indian,Sodhi,0.00790874,8804698,8812757
indian,Solanki,0.00975946,8812757,8822701
indian,Som,0.0156957,8822701,8838693
indian,Soman,0.013037,8838693,8851976
indian,Soni,0.0234455,8851976,8875864
indian,Sood,0.00932706,8875864,8885368
indian,Sridhar,0.0196412,8885368,8905380
indian,Srinivas,0.00941448,8905380,8914973
indian,Srinivasan,0.00930549,8914973,8924455
indian,Srivastava,0.00919929,8924455,8933828
indian,Subramaniam,0.0109288,8933828,8944963
indian,Subramanian,0.0467513,8944963,8992595
indian,Sule,0.0270874,8992595,9020193
indian,Sundaram,0.0309605,9020193,9051737
indian,Sunder,0.0069649,9051737,9058834
indian,Sur,0.00966471,9058834,9068682
indian,Sura,0.00878144,9068682,9077630
indian,Suresh,0.017875,9077630,9095842
indian,Suri,0.00742249,9095842,9103405
indian,Swaminathan,0.00695371,9103405,9110491
indian,Swamy,0.010898,9110491,9121595
indian,Tailor,0.0195265,9121595,9141490
indian,Tak,0.0189745,9141490,9160823
indian,Talwar,0.0263935,9160823,9187714
indian,Tandon,0.00664586,9187714,9194486
indian,Taneja,0.0106877,9194486,9205376
indian,Tank,0.0326689,9205376,9238661
indian,Tara,0.0110857,9238661,9249956
indian,Tata,0.00722179,9249956,9257315
indian,Tella,0.0142002,9257315,9271784
indian,Thaker,0.00646968,9271784,9278376
indian,Thakkar,0.0275733,9278376,9306469
indian,Thakur,0.0437345,9306469,9351028
indian,Thaman,0.0165864,9351028,9367928
indian,Tiwari,0.0417426,9367928,9410457
indian,Toor,0.0210122,9410457,9431866
indian,Tripathi,0.00690935,9431866,9438906
indian,Trivedi,0.0128118,9438906,9451960
indian,Upadhyay,0.00937054,9451960,9461508
indian,Uppal,0.0123865,9461508,9474129
indian,Vaidya,0.0278236,9474129,9502477
indian,Vala,0.0334135,9502477,9536520
indian,Varghese,0.00718551,9536520,9543842
indian,Varkey,0.0172466,9543842,9561414
indian,Varma,0.00671734,9561414,9568259
indian,Varty,0.0148441,9568259,9583384
indian,Varughese,0.00709073,9583384,9590609
indian,Vasa,0.00988089,9590609,9600677
indian,Venkataraman,0.00675897,9600677,9607564
indian,Venkatesh,0.0459538,9607564,9654384
indian,Verma,0.0875436,9654384,9743576
indian,Vig,0.00807681,9743576,9751806
indian,Virk,0.0150949,9751806,9767186
indian,Viswanathan,0.00762243,9767186,9774953
indian,Vohra,0.00710242,9774953,9782190
indian,Vora,0.00793871,9782190,9790279
indian,Vyas,0.00961811,9790279,9800079
indian,Wable,0.00766389,9800079,9807888
indian,Wadhwa,0.00861509,9807888,9816666
indian,Wagle,0.0101867,9816666,9827045
indian,Wali,0.0316192,9827045,9859260
indian,Walia,0.00665597,9859260,9866042
indian,Walla,0.00704439,9866042,9873220
indian,Warrior,0.0103477,9873220,9883764
indian,Wason,0.0212851,9883764,9905451
indian,Yadav,0.0405238,9905451,9946738
indian,Yogi,0.00667629,9946738,9953541
indian,Yohannan,0.00779136,9953541,9961480
indian,Zacharia,0.020116,9961480,9981976
indian,Zachariah,0.0176903,9981976,10000000
japanese,Abe,0.115544,0,264269
japanese,Aoki,0.0780901,264269,442875
japanese,Endo,0.0331812,442875,518767
japanese,Fujii,0.0514959,518767,636548
japanese,Fujita,0.0532751,636548,758398
japanese,Fujiwara,0.0353586,758398,839270
japanese,Fukuda,0.042987,839270,937589
japanese,Goto,0.0338749,937589,1015067
japanese,Hasegawa,0.038781,1015067,1103766
japanese,Hashimoto,0.0645658,1103766,1251440
japanese,Hayashi,0.0418474,1251440,1347153
japanese,Ikeda,0.0378612,1347153,1433749
japanese,Inoue,0.0295752,1433749,1501393
japanese,Ishii,0.0369864,1501393,1585988
japanese,Ishikawa,0.125893,1585988,1873926
japanese,Ito,0.173545,1873926,2270853
japanese,Kato,0.0468372,2270853,2377978
japanese,Kimura,0.0674641,2377978,2532281
japanese,Kobayashi,0.0361531,2532281,2614970
japanese,Kondo,0.0994148,2614970,2842349
japanese,Maeda,0.0312689,2842349,2913867
japanese,Matsuda,0.0741745,2913867,3083517
japanese,Matsumoto,0.0454752,3083517,3187527
japanese,Miura,0.0325169,3187527,3261899
japanese,Mori,0.0306819,3261899,3332075
japanese,Murakami,0.0441942,3332075,3433155
japanese,Nakagawa,0.0498377,3433155,3547143
japanese,Nakajima,0.153893,3547143,3899123
japanese,Nakamura,0.0619184,3899123,4040741
japanese,Nishimura,0.106841,4040741,4285104
japanese,Ogawa,0.0824692,4285104,4473726
japanese,Okada,0.0572545,4473726,4604677
japanese,Okamoto,0.0551892,4604677,4730905
japanese,Ota,0.0482883,4730905,4841349
japanese,Saito,0.03188,4841349,4914265
japanese,Sakamoto,0.0407698,4914265,5007513
japanese,Sasaki,0.0594901,5007513,5143578
japanese,Sato,0.535887,5143578,6369240
japanese,Shimizu,0.0346,6369240,6448377
japanese,Suzuki,0.372041,6448377,7299297
japanese,Takahashi,0.287175,7299297,7956113
japanese,Tanaka,0.234924,7956113,8493423
japanese,Watanabe,0.199372,8493423,8949420
japanese,Yamada,0.0706516,8949420,9111013
japanese,Yamaguchi,0.0397491,9111013,9201927
japanese,Yamamoto,0.0301178,9201927,9270812
japanese,Yamashita,0.0874013,9270812,9470714
japanese,Yamazaki,0.0930004,9470714,9683422
japanese,Yoshida,0.138415,9683422,10000000
german,Ackermann,0.0346051,0,35182
german,Adler,0.0198754,35182,55389
german,Adolph,0.00980763,55389,65361
german,Albers,0.0373023,65361,103285
german,Anders,0.0203632,103285,123988
german,Atzler,0.0085257,123988,132657
german,Aumann,0.0247241,132657,157793
german,Austermuhle,0.0383106,157793,196742
german,Bachmann,0.0110223,196742,207949
german,Bahr,0.0111499,207949,219285
german,Barer,0.00911627,219285,228554
german,Barkholz,0.0218556,228554,250774
german,Barth,0.00943663,250774,260369
german,Bauer,0.0105147,260369,271060
german,Baum,0.017875,271060,289233
german,Becker,0.0423835,289233,332323
german,Beckmann,0.0165079,332323,349107
german,Beer,0.0162018,349107,365579
german,Beier,0.0107767,365579,376536
german,Bender,0.0137699,376536,390536
german,Benthin,0.0210122,390536,411899
german,Berger,0.0116956,411899,423790
german,Beyer,0.0134167,423790,437431
german,Bien,0.0169093,437431,454623
german,Biggen,0.00861509,454623,463382
german,Binner,0.0595411,463382,523915
german,Birnbaum,0.0641078,523915,589091
german,Bloch,0.0138747,589091,603198
german,Blumel,0.00983191,603198,613195
german,Bohlander,0.0123865,613195,625789
german,Bohnbach,0.0127678,625789,638770
german,Bolander,0.0300281,638770,669299
german,Bolnbach,0.00919929,669299,678652
german,Bolzmann,0.0316192,678652,710798
german,Bonbach,0.00952639,710798,720484
german,Borner,0.0154896,720484,736232
german,Boucsein,0.0103205,736232,746725
german,Briemer,0.0257385,746725,772893
german,Bruder,0.0170761,772893,790254
german,Buchholz,0.0117317,790254,802182
german,Budig,0.0142562,802182,816676
german,Butte,0.0125107,816676,829396
german,Carsten,0.0177821,829396,847475
german,Caspar,0.0150313,847475,862757
german,Christoph,0.00887702,862757,871783
german,Cichorius,0.0197575,871783,891870
german,Conradi,0.00889642,891870,900915
german,Davids,0.0475806,900915,949288
german,Dehmel,0.0128118,949288,962314
german,Dietz,0.00895519,962314,971419
german,Dippel,0.0142002,971419,985857
german,Ditschlerin,0.0183565,985857,1004520
german,Dobes,0.0175098,1004520,1022322
german,Dohn,0.0275733,1022322,1050355
german,Doring,0.00939245,1050355,1059905
german,Dorr,0.0118787,1059905,1071982
german,Dorschner,0.0126378,1071982,1084831
german,Dowerg,0.172427,1084831,1260129
german,Drewes,0.00937054,1260129,1269656
german,Drub,0.00836994,1269656,1278166
german,Drubin,0.0125951,1278166,1290972
german,Eberhardt,0.0167461,1290972,1307998
german,Ebert,0.0484438,1307998,1357249
german,Eberth,0.012265,1357249,1369719
german,Eckbauer,0.0259527,1369719,1396105
german,Ehlert,0.0181605,1396105,1414569
german,Eigenwillig,0.0109598,1414569,1425712
german,Eimer,0.041123,1425712,1467520
german,Ernst,0.0286065,1467520,1496604
german,Etzler,0.0393822,1496604,1536643
german,Etzold,0.00932706,1536643,1546126
german,Faust,0.0220036,1546126,1568497
german,Fechner,0.0147829,1568497,1583527
german,Fiebig,0.00978348,1583527,1593474
german,Finke,0.0843455,1593474,1679224
german,Fischer,0.0350239,1679224,1714832
german,Flantz,0.00866975,1714832,1723647
german,Fliegner,0.0875436,1723647,1812648
german,Forster,0.0122251,1812648,1825078
german,Franke,0.0149059,1825078,1840233
german,Freudenberger,0.019082,1840233,1859634
german,Fritsch,0.00930549,1859634,1869095
german,Frohlich,0.009572,1869095,1878827
german,Gehringer,0.0166658,1878827,1895771
german,Geisel,0.00934874,1895771,1905276
german,Geisler,0.0239748,1905276,1929651
german,Geissler,0.0145435,1929651,1944437
german,Gerlach,0.00915757,1944437,1953748
german,Gertz,0.00901484,1953748,1962914
german,Gierschner,0.00928403,1962914,1972354
german,Giess,0.0245318,1972354,1997295
german,Girschner,0.0110539,1997295,2008534
german,Gnatz,0.0224617,2008534,2031370
german,Gorlitz,0.0100312,2031370,2041569
german,Gotthard,0.0175995,2041569,2059462
german,Graf,0.0158367,2059462,2075563
german,Grottner,0.0126808,2075563,2088456
german,Gude,0.00849053,2088456,2097089
german,Gumprich,0.0152239,2097089,2112567
german,Gunpf,0.0108674,2112567,2123616
german,Gute,0.0101604,2123616,2133946
german,Gutknecht,0.0695462,2133946,2204651
german,Haase,0.0255281,2204651,2230605
german,Haering,0.00995539,2230605,2240727
german,Hahn,0.0273279,2240727,2268511
german,Hamann,0.0193014,2268511,2288135
german,Hande,0.011484,2288135,2299811
german,Hanel,0.0467513,2299811,2347341
german,Haring,0.0100824,2347341,2357592
german,Harloff,0.0128561,2357592,2370663
german,Hartmann,0.0082696,2370663,2379071
german,Hartung,0.00856121,2379071,2387776
german,Hauffer,0.0131765,2387776,2401173
german,Hecker,0.0266203,2401173,2428237
german,Heidrich,0.00993042,2428237,2438334
german,Hein,0.146854,2438334,2587633
german,Heinrich,0.0226191,2587633,2610630
german,Heintze,0.0116597,2610630,2622485
german,Heinz,0.0309605,2622485,2653962
german,Hellwig,0.0291566,2653962,2683605
german,Henck,0.0087626,2683605,2692514
german,Hendriks,0.0195265,2692514,2712366
german,Henk,0.00833619,2712366,2720842
german,Henschel,0.0270874,2720842,2748381
german,Hentschel,0.0115887,2748381,2760164
german,Hering,0.00865144,2760164,2768960
german,Hermann,0.128483,2768960,2899582
german,Hermighausen,0.0111177,2899582,2910886
german,Herrmann,0.00926268,2910886,2920304
german,Hertrampf,0.0288786,2920304,2949664
german,Heser,0.0227791,2949664,2972823
german,Hess,0.0114496,2972823,2984464
german,Hesse,0.0106877,2984464,2995331
german,Hethur,0.0179691,2995331,3013600
german,Hettner,0.00897497,3013600,3022725
german,Heuser,0.136979,3022725,3161985
german,Heydrich,0.0206173,3161985,3182946
german,Hiller,0.103667,3182946,3288339
german,Hoffmann,0.014485,3288339,3303066
german,Hofig,0.0130832,3303066,3316368
german,Hofmann,0.00966471,3316368,3326195
german,Holsten,0.00975946,3326195,3336118
german,Holt,0.0140354,3336118,3350388
german,Holzapfel,0.052282,3350388,3403541
german,Holzenbecher,0.0223066,3403541,3426220
german,Horle,0.0212851,3426220,3447860
german,Hornich,0.00859705,3447860,3456601
german,Hornig,0.0140898,3456601,3470926
german,Hovel,0.0910282,3470926,3563470
german,Hubel,0.0102131,3563470,3573854
german,Huhn,0.0229417,3573854,3597178
german,Jacob,0.00973558,3597178,3607077
german,Jahn,0.0102397,3607077,3617488
german,Jakel,0.0180642,3617488,3635854
german,Jantsch,0.0173333,3635854,3653477
german,Jessel,0.0127241,3653477,3666414
german,Jockel,0.0188682,3666414,3685597
german,Johann,0.0253216,3685597,3711341
german,Jopich,0.00850807,3711341,3719992
german,Junck,0.078674,3719992,3799976
german,Juncken,0.114585,3799976,3916469
german,Jungfer,0.0132714,3916469,3929962
german,Junitz,0.0217098,3929962,3952034
german,Junk,0.00922031,3952034,3961409
german,Junken,0.0112809,3961409,3972879
german,Juttner,0.0237954,3972879,3997071
german,Kabus,0.00959499,3997071,4006827
german,Kade,0.0151591,4006827,4022239
german,Kallert,0.014427,4022239,4036907
german,Kambs,0.0568798,4036907,4094734
german,Karge,0.0107469,4094734,4105661
german,Karz,0.00845568,4105661,4114258
german,Kaster,0.0107172,4114258,4125155
german,Kaul,0.0096882,4125155,4135005
german,Kensy,0.0368202,4135005,4172439
german,Keudel,0.010837,4172439,4183457
german,Killer,0.00825314,4183457,4191848
german,Kitzmann,0.0232748,4191848,4215511
german,Klapp,0.0280792,4215511,4244058
german,Klemm,0.0148441,4244058,4259150
german,Klemt,0.0363519,4259150,4296108
german,Klingelhofer,0.012469,4296108,4308785
german,Klotz,0.0241573,4308785,4333345
german,Knappe,0.0101867,4333345,4343702
german,Kobelt,0.0104583,4343702,4354335
german,Koch,0.0251189,4354335,4379873
german,Kohl,0.00842115,4379873,4388435
german,Kohler,0.0119537,4388435,4400589
german,Koster,0.0109909,4400589,4411764
german,Kostolzin,0.0194132,4411764,4431501
german,Kramer,0.00883851,4431501,4440488
german,Kranz,0.00990558,4440488,4450559
german,Kraus,0.0211477,4450559,4472060
german,Krause,0.008404,4472060,4480605
german,Kraushaar,0.0159805,4480605,4496852
german,Krebs,0.0143126,4496852,4511404
german,Krein,0.0609802,4511404,4573400
german,Kreusel,0.189465,4573400,4766018
german,Kroker,0.0101083,4766018,4776295
german,Kruschwitz,0.0182579,4776295,4794858
german,Kuhl,0.0119917,4794858,4807050
german,Kuhnert,0.0146025,4807050,4821897
german,Kusch,0.0169922,4821897,4839173
german,Lachmann,0.0109288,4839173,4850285
german,Ladeck,0.275946,4850285,5130824
german,Lange,0.0113815,5130824,5142396
german,Langern,0.0990335,5142396,5243078
german,Lehmann,0.00917838,5243078,5252410
german,Liebelt,0.00950377,5252410,5262073
german,Lindau,0.0231069,5262073,5285565
german,Lindner,0.00854341,5285565,5294252
german,Linke,0.0111824,5294252,5305621
german,Lochel,0.0149683,5305621,5320839
german,Loffler,0.0116241,5320839,5332658
german,Loos,0.0761462,5332658,5410072
german,Lorch,0.00891591,5410072,5419137
german,Losekann,0.0136669,5419137,5433032
german,Lower,0.0112479,5433032,5444468
german,Lubs,0.00985633,5444468,5454489
german,Malzer,0.0161273,5454489,5470886
german,Mangold,0.0164301,5470886,5487591
german,Mans,0.0137182,5487591,5501538
german,Margraf,0.0139278,5501538,5515699
german,Martin,0.00998051,5515699,5525847
german,Matthai,0.00830274,5525847,5534289
german,Meister,0.0405238,5534289,5575488
german,Mende,0.073794,5575488,5650511
german,Mentzel,0.0139814,5650511,5664726
german,Metz,0.0399438,5664726,5705336
german,Meyer,0.0143695,5705336,5719946
german,Mielcarek,0.00903492,5719946,5729132
german,Mies,0.0172466,5729132,5746667
german,Misicher,0.0204894,5746667,5767498
german,Mitschke,0.0120684,5767498,5779768
german,Mochlichen,0.0187633,5779768,5798845
german,Mohaupt,0.0123457,5798845,5811397
german,Mosemann,0.0502806,5811397,5862515
german,Mude,0.0459538,5862515,5909235
german,Muhle,0.0129913,5909235,5922443
german,Mulichen,0.00838693,5922443,5930971
german,Muller,0.0108067,5930971,5941959
german,Naser,0.00971183,5941959,5951833
german,Nerger,0.00885772,5951833,5960839
german,Nette,0.0129459,5960839,5974001
german,Neureuther,0.0214246,5974001,5995783
german,Neuschafer,0.0451863,5995783,6041722
german,Niemeier,0.00872519,6041722,6050593
german,Noack,0.0110857,6050593,6061864
german,Nohlmans,0.0813987,6061864,6144618
german,Oderwald,0.0174211,6144618,6162330
german,Oestrovsky,0.00954914,6162330,6172039
german,Ortmann,0.0105716,6172039,6182788
german,Otto,0.0100058,6182788,6192961
german,Paffrath,0.0249197,6192961,6218296
german,Partzelt,0.0417426,6218296,6260734
german,Patberg,0.0106584,6260734,6271571
german,Pechel,0.0185574,6271571,6290438
german,Pergande,0.0330364,6290438,6324025
german,Peukert,0.0160535,6324025,6340347
german,Pieper,0.0135655,6340347,6354139
german,Plath,0.0089355,6354139,6363224
german,Pohl,0.0152894,6363224,6378769
german,Politz,0.010898,6378769,6389849
german,Preiss,0.0123052,6389849,6402360
german,Pruschke,0.0189745,6402360,6421651
german,Putz,0.0115536,6421651,6433398
german,Radel,0.00881939,6433398,6442365
german,Radisch,0.0184564,6442365,6461130
german,Reichmann,0.0168272,6461130,6478238
german,Reinhardt,0.0186597,6478238,6497209
german,Reising,0.0948412,6497209,6593629
german,Renner,0.0202387,6593629,6614206
german,Reuter,0.0171609,6614206,6631653
german,Riehl,0.024343,6631653,6656402
german,Ring,0.0105431,6656402,6667122
german,Ritter,0.0163532,6667122,6683748
german,Rogge,0.022154,6683748,6706272
german,Rogner,0.0103477,6706272,6716793
german,Rohleder,0.0146621,6716793,6731700
german,Rohrdanz,0.0303318,6731700,6762538
german,Rohricht,0.067621,6762538,6831285
german,Roht,0.00909578,6831285,6840533
german,Romer,0.00907539,6840533,6849760
german,Rorricht,0.00905511,6849760,6858967
german,Rose,0.210825,6858967,7073301
german,Rosemann,0.00874385,7073301,7082191
german,Rosenow,0.0354543,7082191,7118236
german,Roskoth,0.00863323,7118236,7127014
german,Rudolph,0.0154222,7127014,7142694
german,Ruppersberger,0.054472,7142694,7198073
german,Ruppert,0.00831943,7198073,7206532
german,Rust,0.0556466,7206532,7263106
german,Sager,0.0156263,7263106,7278993
german,Salz,0.0533517,7278993,7333234
german,Sauberlich,0.00880037,7333234,7342182
german,Sauer,0.026171,7342182,7368790
german,Schaaf,0.00870662,7368790,7377643
german,Schacht,0.0106293,7377643,7388450
german,Schafer,0.0341974,7388450,7423217
german,Scheel,0.108819,7423217,7533848
german,Scheibe,0.0101343,7533848,7544152
german,Schenk,0.0121071,7544152,7556462
german,Scheuermann,0.00878144,7556462,7565391
german,Schinke,0.0234455,7565391,7589228
german,Schleich,0.0388381,7589228,7628713
german,Schlosser,0.0121462,7628713,7641062
german,Schmidt,0.00847306,7641062,7649677
german,Schmidtke,0.0162771,7649677,7666226
german,Schmiedecke,0.0715993,7666226,7739018
german,Schmiedt,0.0134659,7739018,7752709
german,Scholl,0.0278236,7752709,7780997
german,Scholtz,0.00857909,7780997,7789720
german,Scholz,0.0323104,7789720,7822569
german,Schomber,0.0118415,7822569,7834609
german,Schonland,0.0124276,7834609,7847244
german,Schottin,0.0141448,7847244,7861625
german,Schuchhardt,0.013616,7861625,7875469
german,Schuler,0.00964134,7875469,7885272
german,Schulz,0.00941448,7885272,7894844
german,Schuster,0.0512593,7894844,7946957
german,Schweitzer,0.0263935,7946957,7973791
german,Schwital,0.00948127,7973791,7983431
german,Segebahn,0.0121855,7983431,7995820
german,Seidel,0.0306425,7995820,8026973
german,Seifert,0.0133194,8026973,8040515
german,Seip,0.0125527,8040515,8053278
german,Siering,0.0100567,8053278,8063503
german,Soding,0.0131297,8063503,8076852
german,Solzer,0.0334135,8076852,8110823
german,Sontag,0.0165864,8110823,8127686
german,Sorgatz,0.0102934,8127686,8138152
german,Speer,0.00988089,8138152,8148198
german,Spiess,0.0430471,8148198,8191962
german,Stadelmann,0.023619,8191962,8215975
german,Stahr,0.0319606,8215975,8248468
german,Staude,0.00913687,8248468,8257758
german,Steckel,0.0103752,8257758,8268307
german,Steinberg,0.00843837,8268307,8276887
german,Steuer,0.0120299,8276887,8289118
german,Stey,0.020116,8289118,8309570
german,Stiebitz,0.0294408,8309570,8339502
german,Stiffel,0.0338003,8339502,8373866
german,Stoll,0.0156957,8373866,8389824
german,Stolze,0.00924144,8389824,8399220
german,Striebitz,0.0118047,8399220,8411222
german,Stroh,0.0114154,8411222,8422828
german,Stumpf,0.013037,8422828,8436083
german,Sussebier,0.0155576,8436083,8451901
german,Tasche,0.0102665,8451901,8462339
german,Textor,0.0283401,8462339,8491152
german,Thanel,0.0297312,8491152,8521379
german,Thies,0.0150949,8521379,8536726
german,Tintzmann,0.0138221,8536726,8550779
german,Tlustek,0.0133679,8550779,8564370
german,Trapp,0.0147222,8564370,8579338
german,Trommler,0.0199949,8579338,8599667
german,Trost,0.0581762,8599667,8658812
german,Trub,0.0176903,8658812,8676798
german,Trubin,0.00945889,8676798,8686415
german,Trupp,0.0157659,8686415,8702444
german,Tschentscher,0.0132238,8702444,8715889
german,Ullmann,0.121087,8715889,8838992
german,Ullrich,0.0377989,8838992,8877421
german,Vogt,0.0153555,8877421,8893033
german,Vollbrecht,0.0115187,8893033,8904744
german,Wagenknecht,0.011215,8904744,8916147
german,Wagner,0.0625,8916147,8979688
german,Wahner,0.0104864,8979688,8990350
german,Walter,0.0326689,8990350,9023564
german,Warmer,0.0113477,9023564,9035102
german,Weihmann,0.0215661,9035102,9057028
german,Weimer,0.019191,9057028,9076539
german,Weinhage,0.0196412,9076539,9096508
german,Weinhold,0.0444471,9096508,9141696
german,Weiss,0.00828614,9141696,9150121
german,Weitzel,0.011768,9150121,9162086
german,Weller,0.00961811,9162086,9171865
german,Wende,0.0437345,9171865,9216328
german,Wernecke,0.0207471,9216328,9237421
german,Werner,0.0106004,9237421,9248199
german,Wesack,0.0358968,9248199,9284694
german,Wiek,0.0129008,9284694,9297811
german,Wieloch,0.0658117,9297811,9364719
german,Wilms,0.0159082,9364719,9380893
german,Wilmsen,0.0312859,9380893,9412701
german,Winkler,0.00899486,9412701,9421847
german,Wirth,0.0268516,9421847,9449146
german,Wohlgemut,0.0135155,9449146,9462887
german,Wulf,0.0113142,9462887,9474391
german,Wulff,0.238495,9474391,9716856
german,Zahn,0.0104027,9716856,9727433
german,Zanker,0.0119161,9727433,9739548
german,Ziegert,0.158489,9739548,9900676
german,Zimmer,0.0104304,9900676,9911281
german,Zirme,0.0208787,9911281,9932508
german,Zobel,0.049343,9932508,9982673
german,Zorbach,0.00835303,9982673,9991166
german,van der Dussen,0.00868814,9991166,10000000
dutch,Aalts,0.00934874,0,7131
dutch,Aarden,0.0581762,7131,51502
dutch,Aarts,0.00456825,51502,54987
dutch,Adelaar,0.00446669,54987,58395
dutch,Adriaansen,0.00847306,58395,64858
dutch,Adriaensdr,0.0189745,64858,79330
dutch,Adriaense,0.00672769,79330,84462
dutch,Adryaens,0.00660578,84462,89501
dutch,Aeije,0.00500064,89501,93316
dutch,Alpaidis,0.013037,93316,103260
dutch,Amalrada,0.0211477,103260,119390
dutch,Ansems,0.00408264,119390,122505
dutch,Appelman,0.00418309,122505,125696
dutch,Arens,0.0040592,125696,128793
dutch,Arent,0.00433503,128793,132100
dutch,Ariens,0.00903492,132100,138992
dutch,Arnold,0.00419381,138992,142192
dutch,Arts,0.00505448,142192,146048
dutch,Aschman,0.00474491,146048,149668
dutch,Backer,0.00551088,149668,153872
dutch,Bakker,0.0609802,153872,200381
dutch,Barents,0.00422267,200381,203603
dutch,Bartels,0.0108067,203603,211846
dutch,Bastiaanse,0.00792369,211846,217890
dutch,Bastiaense,0.052282,217890,257765
dutch,Bave,0.0234455,257765,275647
dutch,Becht,0.00492225,275647,279402
dutch,Beekman,0.00547148,279402,283576
dutch,Beernink,0.0105431,283576,291618
dutch,Beijring,0.00823675,291618,297901
dutch,Bekbergen,0.00861509,297901,304473
dutch,Bellemans,0.0451863,304473,338937
dutch,Belpere,0.00631264,338937,343753
dutch,Beourgeois,0.0363519,343753,371479
dutch,Berends,0.00580567,371479,375908
dutch,Berendse,0.0229417,375908,393406
dutch,Bernaards,0.00601479,393406,397994
dutch,Bertho,0.00470279,397994,401582
dutch,Bezemer,0.00412354,401582,404728
dutch,Bierstraten,0.00570353,404728,409079
dutch,Bijlsma,0.00796894,409079,415158
dutch,Billung,0.00532001,415158,419216
dutch,Blaak,0.0081559,419216,425437
dutch,Blees,0.0055175,425437,429646
dutch,Bleijenberg,0.00727082,429646,435192
dutch,Blewanus,0.00427802,435192,438456
dutch,Bloemendaal,0.0064602,438456,443384
dutch,Blokland,0.00525964,443384,447396
dutch,Blom,0.005633,447396,451693
dutch,Blonk,0.00804566,451693,457830
dutch,Boddaugh,0.00471673,457830,461428
dutch,Boer,0.00561223,461428,465709
dutch,Boers,0.00714964,465709,471163
dutch,Boeser,0.00504904,471163,475015
dutch,Boetet,0.0102665,475015,482846
dutch,Bokenkamp,0.00610495,482846,487503
dutch,Bolkesteijn,0.0115536,487503,496316
dutch,Booden,0.00442585,496316,499693
dutch,Boogaerts,0.0161273,499693,511994
dutch,Borman,0.00465696,511994,515547
dutch,Bos,0.00563997,515547,519849
dutch,Bosch,0.0316192,519849,543965
dutch,Bosman,0.0067485,543965,549113
dutch,Boudewijns,0.00595896,549113,553659
dutch,Bouhuizen,0.00600674,553659,558241
dutch,Bouthoorn,0.00710242,558241,563659
dutch,Bouwhuisen,0.00439378,563659,567011
dutch,Brandon,0.0106293,567011,575119
dutch,Brands,0.0100824,575119,582810
dutch,Brandt,0.0109288,582810,591146
dutch,Brese,0.00447911,591146,594563
dutch,Bresse,0.00474964,594563,598186
dutch,Breugelensis,0.00514908,598186,602114
dutch,Briere,0.00437794,602114,605454
dutch,Brievingh,0.014485,605454,616502
dutch,Brisee,0.0114154,616502,625209
dutch,Brizee,0.0388381,625209,654831
dutch,Broeckx,0.0134659,654831,665102
dutch,Broeders,0.0100312,665102,672754
dutch,Broek,0.0218556,672754,689424
dutch,Broekhoven,0.00518343,689424,693378
dutch,Broeshart,0.00555092,693378,697613
dutch,Bronder,0.00454667,697613,701082
dutch,Brouwer,0.210825,701082,861875
dutch,Bruggeman,0.0207471,861875,877699
dutch,Brugman,0.00471207,877699,881294
dutch,Brumleve,0.00475438,881294,884921
dutch,Bruynzeels,0.005478,884921,889100
dutch,Bud,0.00459887,889100,892608
dutch,Buijs,0.0113815,892608,901289
dutch,Butselaar,0.00828614,901289,907610
dutch,Cadefau,0.00492739,907610,911369
dutch,Cammel,0.00843837,911369,917806
dutch,Cant,0.00417954,917806,920995
dutch,Carnotte,0.0040295,920995,924069
dutch,Charon,0.00891591,924069,930870
dutch,Chevresson,0.00421541,930870,934086
dutch,Chotzen,0.0054911,934086,938275
dutch,Chrodtrud,0.00758148,938275,944058
dutch,Claassen,0.00617245,944058,948767
dutch,Claesdr,0.0166658,948767,961479
dutch,Claesner,0.00759508,961479,967273
dutch,Coenen,0.00494288,967273,971044
dutch,Coolen,0.0156957,971044,983016
dutch,Coret,0.00483668,983016,986706
dutch,Coret-Coredo,0.0147829,986706,997982
dutch,Cornelisse,0.00482683,997982,1001664
dutch,Cornelissen,0.0126808,1001664,1011336
dutch,Corstiaens,0.0129008,1011336,1021176
dutch,Cosman,0.00803018,1021176,1027301
dutch,Courtier,0.00420098,1027301,1030506
dutch,Dachgelder,0.0358968,1030506,1057885
dutch,Dachgeldt,0.00410981,1057885,1061020
dutch,Dachgelt,0.0167461,1061020,1073793
dutch,David,0.00926268,1073793,1080858
dutch,Dekker,0.00813994,1080858,1087067
dutch,Demmendaal,0.012469,1087067,1096578
dutch,Dennenberg,0.0226191,1096578,1113830
dutch,Diesbergen,0.0104864,1113830,1121829
dutch,Dijkman,0.00462548,1121829,1125358
dutch,Dijkstra,0.00704439,1125358,1130732
dutch,Dircken,0.0193014,1130732,1145454
dutch,Dirksen,0.00833619,1145454,1151813
dutch,Dirven,0.00676946,1151813,1156977
dutch,Doesburg,0.0172466,1156977,1170132
dutch,Doorhof,0.0300281,1170132,1193035
dutch,Doornhem,0.00628581,1193035,1197830
dutch,Dorsman,0.00945889,1197830,1205045
dutch,Doyle,0.00733316,1205045,1210639
dutch,Draaisma,0.0113142,1210639,1219269
dutch,Dries,0.00429684,1219269,1222547
dutch,Driessen,0.00411666,1222547,1225688
dutch,Drysdale,0.00583562,1225688,1230140
dutch,Dubois,0.0196412,1230140,1245121
dutch,Duivenvoorden,0.00512085,1245121,1249028
dutch,Eckhardt,0.00611329,1249028,1253691
dutch,Eelman,0.00510965,1253691,1257589
dutch,Eerden,0.00503279,1257589,1261428
dutch,Ehlert,0.00766389,1261428,1267274
dutch,Eijkelboom,0.00496895,1267274,1271065
dutch,Elberts,0.0319606,1271065,1295442
dutch,Elbertse,0.00562606,1295442,1299734
dutch,Ellis,0.0116241,1299734,1308600
dutch,Elsemulder,0.00765001,1308600,1314436
dutch,Elsenaar,0.0106584,1314436,1322566
dutch,Emmen,0.00536944,1322566,1326662
dutch,Engels,0.0164301,1326662,1339194
dutch,Erhout,0.00870662,1339194,1345835
dutch,Ernst,0.00644133,1345835,1350749
dutch,Estey,0.0045726,1350749,1354237
dutch,Everde,0.0165864,1354237,1366888
dutch,Evers,0.0080612,1366888,1373037
dutch,Everts,0.0103205,1373037,1380909
dutch,Fechant,0.00425939,1380909,1384159
dutch,Feenstra,0.0104583,1384159,1392136
dutch,Feltzer,0.0288786,1392136,1414162
dutch,Ferran,0.00545848,1414162,1418326
dutch,Fiere,0.00722179,1418326,1423835
dutch,Flink,0.00494807,1423835,1427610
dutch,Fortuyn,0.00530174,1427610,1431655
dutch,Francois,0.0104027,1431655,1439590
dutch,Francoise,0.00830274,1439590,1445923
dutch,Frankhuizen,0.00537569,1445923,1450024
dutch,Fredriks,0.00564695,1450024,1454332
dutch,Fremie,0.00606359,1454332,1458958
dutch,Frerichs,0.0127678,1458958,1468697
dutch,Freshour,0.00652723,1468697,1473676
dutch,Friehus,0.00856121,1473676,1480206
dutch,Furda,0.00755445,1480206,1485969
dutch,Galenzone,0.00430822,1485969,1489256
dutch,Galijn,0.00455097,1489256,1492728
dutch,Garret,0.00746153,1492728,1498420
dutch,Geerling,0.0103477,1498420,1506313
dutch,Geerts,0.00633973,1506313,1511149
dutch,Geertsen,0.00780581,1511149,1517103
dutch,Geldens,0.00623291,1517103,1521858
dutch,Gellemeyer,0.00669674,1521858,1526966
dutch,Gemen,0.00812406,1526966,1533163
dutch,Geneart,0.00458132,1533163,1536658
dutch,Genefaas,0.00495327,1536658,1540437
dutch,Gerrits,0.00405255,1540437,1543529
dutch,Gerritse,0.00428177,1543529,1546796
dutch,Gerritsen,0.00461213,1546796,1550315
dutch,Gervais,0.00822044,1550315,1556586
dutch,Ghoerle,0.0163532,1556586,1569059
dutch,Giselmeyer,0.00468893,1569059,1572636
dutch,Glasses,0.00426682,1572636,1575891
dutch,Gnodde,0.00465243,1575891,1579440
dutch,Goderts,0.00593539,1579440,1583968
dutch,Goedhart,0.00922031,1583968,1591001
dutch,Goudriaan,0.00579824,1591001,1595424
dutch,Govarts,0.00409617,1595424,1598549
dutch,Greij,0.00817193,1598549,1604783
dutch,Groen,0.00513774,1604783,1608702
dutch,Groenendaal,0.0042118,1608702,1611915
dutch,Groenestein,0.0048866,1611915,1615643
dutch,Grondel,0.00424462,1615643,1618881
dutch,Groote,0.0194132,1618881,1633688
dutch,Gruijl,0.00793871,1633688,1639744
dutch,Guit,0.00941448,1639744,1646925
dutch,Haack,0.0048665,1646925,1650638
dutch,Haengreve,0.00719756,1650638,1656128
dutch,Hagendoorn,0.0184564,1656128,1670205
dutch,Hak,0.00737115,1670205,1675828
dutch,Hakker,0.0202387,1675828,1691265
dutch,Haneberg,0.00438981,1691265,1694614
dutch,Hanegraaff,0.00651756,1694614,1699586
dutch,Haring,0.00401321,1699586,1702648
dutch,Haselaar,0.00578344,1702648,1707060
dutch,Hazenveld,0.00403606,1707060,1710139
dutch,Heere,0.00484162,1710139,1713833
dutch,Heerkens,0.00481214,1713833,1717504
dutch,Heerschop,0.00436614,1717504,1720835
dutch,Hehl,0.0048615,1720835,1724544
dutch,Heijman,0.0556466,1724544,1766985
dutch,Heijmans,0.0231069,1766985,1784609
dutch,Heijmen,0.0297312,1784609,1807285
dutch,Heinrichs,0.0057323,1807285,1811658
dutch,Hekker,0.0179691,1811658,1825364
dutch,Hellevoort,0.00506541,1825364,1829228
dutch,Helmerhorst,0.0330364,1829228,1854425
dutch,Hendricks,0.00435442,1854425,1857747
dutch,Hendriks,0.0188682,1857747,1872138
dutch,Hendrikse,0.00516619,1872138,1876079
dutch,Hermans,0.00854341,1876079,1882596
dutch,Hexspoor,0.00423727,1882596,1885829
dutch,Heymans,0.00527759,1885829,1889855
dutch,Heyne,0.00724621,1889855,1895383
dutch,Hoedemakers,0.00501131,1895383,1899206
dutch,Hoeks,0.0169093,1899206,1912103
dutch,Hoekstra,0.0278236,1912103,1933324
dutch,Hoelen,0.00418666,1933324,1936518
dutch,Hoes,0.00648874,1936518,1941468
dutch,Hofman,0.0224617,1941468,1958600
dutch,Hollander,0.0595411,1958600,2004012
dutch,Holthuis,0.0087626,2004012,2010696
dutch,Hondeveld,0.00782033,2010696,2016661
dutch,Honing,0.00762243,2016661,2022475
dutch,Hoogers,0.00565395,2022475,2026788
dutch,Hoppenbrouwer,0.00404264,2026788,2029872
dutch,Horrocks,0.0111499,2029872,2038377
dutch,Houdijk,0.00699872,2038377,2043716
dutch,Huberts,0.0136669,2043716,2054140
dutch,Huel,0.00446257,2054140,2057545
dutch,Huijben,0.0220036,2057545,2074328
dutch,Huijbrechts,0.00523592,2074328,2078322
dutch,Huijs,0.0135155,2078322,2088631
dutch,Huijzing,0.0215661,2088631,2105080
dutch,Huisman,0.0990335,2105080,2180612
dutch,Huls,0.00647919,2180612,2185555
dutch,Hulshouts,0.00438189,2185555,2188898
dutch,Hulskes,0.00504361,2188898,2192746
dutch,Hulst,0.00525369,2192746,2196754
dutch,Huurdeman,0.00751431,2196754,2202486
dutch,Jaceps,0.0053139,2202486,2206540
dutch,Jacobi,0.0373023,2206540,2234991
dutch,Jacobs,0.0046077,2234991,2238506
dutch,Jacquot,0.0149059,2238506,2249875
dutch,Jans,0.00545201,2249875,2254034
dutch,Jansdr,0.0114496,2254034,2262767
dutch,Janse,0.0217098,2262767,2279326
dutch,Jansen,0.00913687,2279326,2286295
dutch,Jansse,0.00966471,2286295,2293667
dutch,Janssen,0.00887702,2293667,2300438
dutch,Janssens,0.00919929,2300438,2307455
dutch,Jdotte,0.00473077,2307455,2311064
dutch,Jeggij,0.00530781,2311064,2315113
dutch,Jekel,0.00403934,2315113,2318195
dutch,Jerusalem,0.00520079,2318195,2322163
dutch,Jochems,0.00526561,2322163,2326180
dutch,Jones,0.00874385,2326180,2332850
dutch,Jonker,0.00756794,2332850,2338623
dutch,Jonkman,0.0354543,2338623,2365664
dutch,Joosten,0.00489166,2365664,2369396
dutch,Jorlink,0.0082696,2369396,2375704
dutch,Jorrisen,0.00863323,2375704,2382289
dutch,Jurrijens,0.00667629,2382289,2387382
dutch,Kallen,0.0169922,2387382,2400343
dutch,Kalman,0.0259527,2400343,2420138
dutch,Kamp,0.00659585,2420138,2425170
dutch,Kamper,0.0107767,2425170,2433390
dutch,Karels,0.00541992,2433390,2437525
dutch,Kas,0.00614694,2437525,2442214
dutch,Kathagen,0.00663579,2442214,2447276
dutch,Keijser,0.0183565,2447276,2461277
dutch,Keijzer,0.0294408,2461277,2483732
dutch,Keltenie,0.0948412,2483732,2556066
dutch,Kerkhof,0.0113477,2556066,2564722
dutch,Ketel,0.0146621,2564722,2575905
dutch,Ketting,0.121087,2575905,2668257
dutch,Kirpenstein,0.0146025,2668257,2679395
dutch,Kisman,0.00657608,2679395,2684411
dutch,Kleibrink,0.00730808,2684411,2689986
dutch,Kleijse,0.00784955,2689986,2695974
dutch,Klein,0.00883851,2695974,2702716
dutch,Klerks,0.0122251,2702716,2712041
dutch,Kleybrink,0.0089355,2712041,2718857
dutch,Kloppert,0.00417599,2718857,2722043
dutch,Knoers,0.00535699,2722043,2726130
dutch,Knuf,0.0111824,2726130,2734660
dutch,Koeman,0.024343,2734660,2753227
dutch,Kof,0.00419023,2753227,2756424
dutch,Kok,0.0459538,2756424,2791473
dutch,Kolen,0.0214246,2791473,2807814
dutch,Kolster,0.00740958,2807814,2813466
dutch,Koning,0.00694256,2813466,2818762
dutch,Konings,0.00576139,2818762,2823157
dutch,Koret,0.00414783,2823157,2826321
dutch,Korsman,0.00658595,2826321,2831345
dutch,Korstman,0.00769181,2831345,2837212
dutch,Kort,0.00640396,2837212,2842097
dutch,Kortman,0.00415133,2842097,2845264
dutch,Kosten,0.00466604,2845264,2848824
dutch,Koster,0.00754102,2848824,2854576
dutch,Krabbe,0.00462102,2854576,2858101
dutch,Kramer,0.008404,2858101,2864512
dutch,Kremer,0.00838693,2864512,2870910
dutch,Kriens,0.0119917,2870910,2880057
dutch,Kronenberg,0.00432349,2880057,2883355
dutch,Kruns,0.00978348,2883355,2890818
dutch,Kuijpers,0.0137182,2890818,2901282
dutch,Kuilenburg,0.0139278,2901282,2911905
dutch,Kuiper,0.0430471,2911905,2944737
dutch,Kuipers,0.00770585,2944737,2950615
dutch,Kuit,0.00447082,2950615,2954026
dutch,Kunen,0.00405587,2954026,2957120
dutch,Kwaadland,0.0118415,2957120,2966152
dutch,Labado,0.00603908,2966152,2970759
dutch,Laffray,0.00448326,2970759,2974179
dutch,Lafleur,0.00930549,2974179,2981277
dutch,Lage,0.00750104,2981277,2986999
dutch,Lagerweij,0.0377989,2986999,3015828
dutch,Lambers,0.00527159,3015828,3019850
dutch,Lambregt,0.0049069,3019850,3023593
dutch,Lamore,0.0437345,3023593,3056949
dutch,Lamotte,0.00433118,3056949,3060253
dutch,Langevoort,0.00434664,3060253,3063569
dutch,Lankle,0.00411323,3063569,3066707
dutch,Lansink,0.0223066,3066707,3083721
dutch,Lathrope,0.0051434,3083721,3087645
dutch,Latier,0.00706747,3087645,3093036
dutch,Leene,0.0251189,3093036,3112195
dutch,Leguit,0.010898,3112195,3120508
dutch,Lelijveld,0.00771996,3120508,3126397
dutch,Lemmens,0.00695371,3126397,3131701
dutch,Lensen,0.00543913,3131701,3135850
dutch,Lether,0.019191,3135850,3150488
dutch,Levesque,0.00655644,3150488,3155489
dutch,Lieshout,0.00786426,3155489,3161488
dutch,Ligtvoet,0.00684398,3161488,3166709
dutch,Lijn,0.00943663,3166709,3173907
dutch,Lind,0.00428929,3173907,3177179
dutch,Linschoten,0.00422996,3177179,3180406
dutch,Lips,0.0082042,3180406,3186664
dutch,Loep,0.00998051,3186664,3194277
dutch,Lommert,0.00608006,3194277,3198915
dutch,Lonen,0.0105147,3198915,3206935
dutch,Loreal,0.0120684,3206935,3216140
dutch,Lorreijn,0.00818803,3216140,3222386
dutch,Louws,0.00500597,3222386,3226205
dutch,Luboch,0.00773412,3226205,3232105
dutch,Lucas,0.0286065,3232105,3253924
dutch,Luster,0.00480727,3253924,3257591
dutch,Lutterveld,0.00620684,3257591,3262326
dutch,Maas,0.00512646,3262326,3266237
dutch,Maaswinkel,0.0417426,3266237,3298074
dutch,Mahieu,0.00425569,3298074,3301321
dutch,Mallien,0.00402297,3301321,3304390
dutch,Mangel,0.0393822,3304390,3334427
dutch,Manne,0.0241573,3334427,3352852
dutch,Mansveld,0.00445025,3352852,3356247
dutch,Mansvelt,0.011215,3356247,3364801
dutch,Marceron,0.0195265,3364801,3379694
dutch,Marchal,0.00552415,3379694,3383908
dutch,Marchand,0.0174211,3383908,3397196
dutch,Martel,0.0266203,3397196,3417500
dutch,Martens,0.0165079,3417500,3430091
dutch,Massa,0.136979,3430091,3534563
dutch,Mater,0.00571069,3534563,3538919
dutch,Mathieu,0.00523003,3538919,3542909
dutch,Mathol,0.00907539,3542909,3549832
dutch,Mathurin,0.00868814,3549832,3556459
dutch,Matthews,0.00440175,3556459,3559817
dutch,Meeres,0.0102934,3559817,3567669
dutch,Meeusen,0.00650792,3567669,3572633
dutch,Meijer,0.00517192,3572633,3576579
dutch,Meis,0.00476867,3576579,3580217
dutch,Melet,0.00493771,3580217,3583984
dutch,Mens,0.00666611,3583984,3589069
dutch,Mercks,0.0111177,3589069,3597549
dutch,Merckx,0.00491712,3597549,3601300
dutch,Merkx,0.0102397,3601300,3609111
dutch,Meyer,0.00744847,3609111,3614793
dutch,Michiels,0.00479755,3614793,3618453
dutch,Michielsen,0.00401646,3618453,3621517
dutch,Middelkoop,0.0054072,3621517,3625642
dutch,Mijsberg,0.00608833,3625642,3630286
dutch,Miltenburg,0.00557119,3630286,3634536
dutch,Miner,0.0475806,3634536,3670826
dutch,Moenen,0.0187633,3670826,3685137
dutch,Moensendijk,0.00444208,3685137,3688526
dutch,Moet,0.00452107,3688526,3691975
dutch,Mol,0.00581312,3691975,3696410
dutch,Molegraaf,0.00479271,3696410,3700066
dutch,Molen,0.00612167,3700066,3704736
dutch,Molenaar,0.00725849,3704736,3710273
dutch,Momberg,0.00484657,3710273,3713970
dutch,Mosley,0.00557798,3713970,3718225
dutch,Mudden,0.00507089,3718225,3722093
dutch,Muijs,0.00431584,3722093,3725386
dutch,Mulder,0.00599072,3725386,3729956
dutch,Mulders,0.00414434,3729956,3733118
dutch,Muller,0.0212851,3733118,3749353
dutch,Nedermeijer,0.00680118,3749353,3754541
dutch,Nek,0.00420458,3754541,3757749
dutch,Neuteboom,0.00703291,3757749,3763114
dutch,Neuzerling,0.0150949,3763114,3774628
dutch,Niermann,0.0121855,3774628,3783923
dutch,Nieuwstraten,0.00809249,3783923,3790096
dutch,Nihoe,0.0312859,3790096,3813958
dutch,Nijman,0.00798415,3813958,3820048
dutch,Nollee,0.0423835,3820048,3852374
dutch,Noordijk,0.00885772,3852374,3859131
dutch,Oda,0.0069874,3859131,3864461
dutch,Oemencs,0.0134167,3864461,3874695
dutch,Oennen,0.0127241,3874695,3884400
dutch,Olthof,0.00937054,3884400,3891548
dutch,Olykan,0.00630367,3891548,3896357
dutch,Ooms,0.0157659,3896357,3908382
dutch,Oosterhek,0.0338003,3908382,3934162
dutch,Oosterhout,0.00654667,3934162,3939156
dutch,Oostveen,0.00577607,3939156,3943562
dutch,Opmans,0.00469354,3943562,3947143
dutch,Osterhoudt,0.00431966,3947143,3950439
dutch,Otte,0.0154222,3950439,3962202
dutch,Otto,0.00409957,3962202,3965330
dutch,Ouwel,0.00511524,3965330,3969232
dutch,Ouwerkerk,0.0137699,3969232,3979735
dutch,Overdijk,0.0303318,3979735,4002869
dutch,Overeem,0.0291566,4002869,4025107
dutch,Oversteeg,0.00449578,4025107,4028537
dutch,Paillet,0.00835303,4028537,4034909
dutch,Palman,0.00961811,4034909,4042246
dutch,Pasman,0.00427055,4042246,4045504
dutch,Passchiers,0.0102131,4045504,4053294
dutch,Pastoors,0.0105716,4053294,4061358
dutch,Pauwels,0.00491201,4061358,4065105
dutch,Peeters,0.00801477,4065105,4071219
dutch,Perck,0.0055375,4071219,4075443
dutch,Perkins,0.00440574,4075443,4078804
dutch,Peronne,0.00490181,4078804,4082544
dutch,Perrono,0.00556441,4082544,4086789
dutch,Persijn,0.0159082,4086789,4098923
dutch,Peters,0.0512593,4098923,4138018
dutch,Peterse,0.0068225,4138018,4143222
dutch,Phillipsen,0.00457695,4143222,4146714
dutch,Pierson,0.00417245,4146714,4149897
dutch,Pieters,0.00664586,4149897,4154967
dutch,Pison,0.00678,4154967,4160139
dutch,Poncelet,0.00711416,4160139,4165566
dutch,Ponci,0.0112479,4165566,4174146
dutch,Pons,0.0568798,4174146,4217528
dutch,Post,0.00849053,4217528,4224005
dutch,Postma,0.00665597,4224005,4229082
dutch,Potters,0.00447496,4229082,4232496
dutch,Pratt,0.00881939,4232496,4239223
dutch,Prins,0.00866975,4239223,4245836
dutch,Prinsen,0.00559847,4245836,4250107
dutch,Puig,0.00613007,4250107,4254783
dutch,Rackham,0.00450418,4254783,4258219
dutch,Rademaker,0.0138747,4258219,4268802
dutch,Ramaker,0.00488156,4268802,4272526
dutch,Recer,0.0405238,4272526,4303434
dutch,Recers,0.158489,4303434,4424311
dutch,Rehorst,0.00454238,4424311,4427776
dutch,Reijers,0.00643194,4427776,4432683
dutch,Reimes,0.00482192,4432683,4436362
dutch,Rek,0.0049742,4436362,4440157
dutch,Remmers,0.0257385,4440157,4459788
dutch,Ridder,0.0761462,4459788,4517864
dutch,Riem,0.0061982,4517864,4522592
dutch,Rietveld,0.0170761,4522592,4535617
dutch,Rijcken,0.00909578,4535617,4542555
dutch,Rijks,0.0044299,4542555,4545935
dutch,Rijn,0.00589656,4545935,4550433
dutch,Rijntjes,0.00646968,4550433,4555368
dutch,Rippey,0.0142562,4555368,4566242
dutch,Risma,0.00675897,4566242,4571398
dutch,Roessink,0.019082,4571398,4585952
dutch,Romijn,0.00450838,4585952,4589391
dutch,Roodesteijn,0.00692038,4589391,4594670
dutch,Room,0.00548454,4594670,4598854
dutch,Roose,0.00477346,4598854,4602496
dutch,Roosenboom,0.00464341,4602496,4606038
dutch,Rotteveel,0.0118047,4606038,4615042
dutch,Roukes,0.00452531,4615042,4618494
dutch,Rousselet,0.00516047,4618494,4622431
dutch,Rouwenhorst,0.0050382,4622431,4626275
dutch,Rouwhorst,0.00558479,4626275,4630535
dutch,Rubben,0.00487653,4630535,4634255
dutch,Ruijs,0.0326689,4634255,4659172
dutch,Rutten,0.00595108,4659172,4663712
dutch,Salet,0.0275733,4663712,4684743
dutch,Sam,0.00409278,4684743,4687865
dutch,Sanders,0.00505994,4687865,4691725
dutch,Sarneel,0.0076362,4691725,4697550
dutch,Sas,0.00473547,4697550,4701163
dutch,Saxo,0.00787902,4701163,4707173
dutch,Scardino,0.0052836,4707173,4711204
dutch,Schagen,0.00559162,4711204,4715470
dutch,Schakelaar,0.0158367,4715470,4727549
dutch,Scharroo,0.00928403,4727549,4734631
dutch,Schatteleijn,0.0185574,4734631,4748785
dutch,Scheer,0.00435052,4748785,4752104
dutch,Scheffers,0.012265,4752104,4761459
dutch,Schellekens,0.00679057,4761459,4766639
dutch,Schelvis,0.00575409,4766639,4771029
dutch,Schenk,0.0139814,4771029,4781693
dutch,Schenkel,0.0309605,4781693,4805307
dutch,Scherms,0.0060554,4805307,4809926
dutch,Schiffer,0.0044916,4809926,4813353
dutch,Schilt,0.00597479,4813353,4817911
dutch,Schipper,0.00579083,4817911,4822329
dutch,Schokman,0.00939245,4822329,4829493
dutch,Scholten,0.0177821,4829493,4843056
dutch,Schotte,0.00645075,4843056,4847977
dutch,Schouten,0.0467513,4847977,4883634
dutch,Schrant,0.00618959,4883634,4888356
dutch,Schrik,0.00670702,4888356,4893472
dutch,Schroeff,0.00461657,4893472,4896994
dutch,Schulten,0.0117317,4896994,4905943
dutch,Schuurmans,0.00760873,4905943,4911747
dutch,Schuylenborch,0.0057468,4911747,4916131
dutch,Schwartsbach,0.00995539,4916131,4923725
dutch,Scuylenborchs,0.00642258,4923725,4928624
dutch,Segerszoen,0.00434276,4928624,4931937
dutch,Serra,0.00414086,4931937,4935096
dutch,Sestig,0.00407256,4935096,4938203
dutch,Shupe,0.00872519,4938203,4944859
dutch,Simonis,0.00408601,4944859,4947976
dutch,Simons,0.00402623,4947976,4951048
dutch,Sire,0.0145435,4951048,4962141
dutch,Sitters,0.00401971,4962141,4965208
dutch,Slaetsdochter,0.00444616,4965208,4968600
dutch,Slagmolen,0.0154896,4968600,4980415
dutch,Slingerland,0.0162018,4980415,4992773
dutch,Smeets,0.00455528,4992773,4996248
dutch,Smit,0.00560534,4996248,5000524
dutch,Smith,0.00424094,5000524,5003759
dutch,Smits,0.00533843,5003759,5007832
dutch,Soos,0.0119537,5007832,5016950
dutch,Spaan,0.0131297,5016950,5026965
dutch,Spanhaak,0.00624166,5026965,5031726
dutch,Speijer,0.0118787,5031726,5040787
dutch,Spier,0.00410298,5040787,5043917
dutch,Spies,0.00905511,5043917,5050824
dutch,Spiker,0.00413391,5050824,5053978
dutch,Spreeuw,0.00880037,5053978,5060691
dutch,Sprong,0.0096882,5060691,5068081
dutch,Spruit,0.00596686,5068081,5072633
dutch,Spruyt,0.275946,5072633,5283092
dutch,Stamrood,0.00701007,5283092,5288439
dutch,Stange,0.189465,5288439,5432941
dutch,Steenbakkers,0.00499003,5432941,5436748
dutch,Steenbeek,0.00591202,5436748,5441258
dutch,Steinmeiern,0.0399438,5441258,5471723
dutch,Sterkman,0.00625924,5471723,5476498
dutch,Stettyn,0.0641078,5476498,5525393
dutch,Stichter,0.0168272,5525393,5538228
dutch,Stinis,0.049343,5538228,5575862
dutch,Stoffel,0.00924144,5575862,5582911
dutch,Stook,0.0101867,5582911,5590681
dutch,Strijker,0.00739672,5590681,5596323
dutch,Strik,0.011484,5596323,5605083
dutch,Stuivenberg,0.00897497,5605083,5611929
dutch,Suijker,0.00413045,5611929,5615080
dutch,Symons,0.00443801,5615080,5618466
dutch,Takkelenburg,0.00566802,5618466,5622790
dutch,Tammerijn,0.00971183,5622790,5630198
dutch,Tamsma,0.0125527,5630198,5639773
dutch,Terry,0.0116956,5639773,5648694
dutch,Teunissen,0.00729561,5648694,5654259
dutch,Texier,0.00441376,5654259,5657626
dutch,Thatcher,0.0273279,5657626,5678469
dutch,Thomas,0.00673808,5678469,5683609
dutch,Thout,0.00842115,5683609,5690033
dutch,Tielemans,0.0042483,5690033,5693274
dutch,Tillmanno,0.0121071,5693274,5702509
dutch,Timmerman,0.00467517,5702509,5706076
dutch,Timmermans,0.00507639,5706076,5709949
dutch,Tins,0.00430062,5709949,5713230
dutch,Tirie,0.00728319,5713230,5718786
dutch,Totwiller,0.0085257,5718786,5725289
dutch,Tuithof,0.00649831,5725289,5730246
dutch,Uittenbosch,0.0208787,5730246,5746171
dutch,Ulrich,0.0041201,5746171,5749314
dutch,Uphaus,0.0910282,5749314,5818740
dutch,Uphuis,0.00467975,5818740,5822310
dutch,Uphus,0.00988089,5822310,5829847
dutch,Vaessen,0.00419739,5829847,5833049
dutch,Vallenduuk,0.00561913,5833049,5837336
dutch,Vandenbergh,0.00441778,5837336,5840706
dutch,Vastenhouw,0.238495,5840706,6022602
dutch,Veenendaal,0.0051892,6022602,6026561
dutch,Veenstra,0.0125951,6026561,6036168
dutch,Vegt,0.00529568,6036168,6040208
dutch,Velderman,0.0101083,6040208,6047918
dutch,Veltman,0.0175098,6047918,6061273
dutch,Verbeeck,0.0153555,6061273,6072985
dutch,Verbeek,0.00495849,6072985,6076768
dutch,Verboom,0.00705591,6076768,6082150
dutch,Verbruggen,0.00415834,6082150,6085322
dutch,Verda,0.0149683,6085322,6096739
dutch,Vergeer,0.00478307,6096739,6100388
dutch,Verhaar,0.00406253,6100388,6103487
dutch,Verhagen,0.0132714,6103487,6113610
dutch,Verharen,0.00774834,6113610,6119520
dutch,Verheij,0.0306425,6119520,6142891
dutch,Verheuvel,0.0045381,6142891,6146353
dutch,Verhoeven,0.00831943,6146353,6152699
dutch,Verkade,0.0123865,6152699,6162147
dutch,Vermeulen,0.067621,6162147,6213721
dutch,Verschuere,0.0334135,6213721,6239206
dutch,Verschut,0.00463442,6239206,6242742
dutch,Versluijs,0.0350239,6242742,6269455
dutch,Vertoor,0.0813987,6269455,6331537
dutch,Vertooren,0.00690935,6331537,6336808
dutch,Vervoort,0.00702147,6336808,6342164
dutch,Verwoert,0.00443395,6342164,6345547
dutch,Vial,0.00487151,6345547,6349263
dutch,Vierdag,0.00713777,6349263,6354708
dutch,Vignon,0.0110223,6354708,6363115
dutch,Vink,0.00433889,6363115,6366425
dutch,Visser,0.00569638,6366425,6370771
dutch,Volcke,0.00586591,6370771,6375246
dutch,Voortman,0.00901484,6375246,6382122
dutch,Vos,0.00636708,6382122,6386979
dutch,Vrancken,0.00463891,6386979,6390518
dutch,Waardeloo,0.103667,6390518,6469584
dutch,Wagenvoort,0.0140354,6469584,6480289
dutch,Walsteijn,0.00568926,6480289,6484629
dutch,Walter,0.00807681,6484629,6490790
dutch,Weeldenburg,0.00975946,6490790,6498234
dutch,Weerdenburg,0.00445845,6498234,6501635
dutch,Weijland,0.00607181,6501635,6506267
dutch,Weijters,0.00983191,6506267,6513767
dutch,Welf,0.011768,6513767,6522743
dutch,Wendt,0.00720965,6522743,6528243
dutch,Wensen,0.0051321,6528243,6532158
dutch,Werdes,0.00535079,6532158,6536240
dutch,Westerbeek,0.0175995,6536240,6549664
dutch,Westerburg,0.00748782,6549664,6555376
dutch,Westermann,0.0104304,6555376,6563332
dutch,Wever,0.00952639,6563332,6570599
dutch,Weyland,0.0115887,6570599,6579438
dutch,Weylant,0.00520661,6579438,6583410
dutch,Wigman,0.00515477,6583410,6587342
dutch,Wijland,0.0108674,6587342,6595631
dutch,Wilcken,0.0109909,6595631,6604015
dutch,Wildschut,0.00618101,6604015,6608730
dutch,Willems,0.00857909,6608730,6615274
dutch,Willemsen,0.00889642,6615274,6622060
dutch,Wilmont,0.078674,6622060,6682064
dutch,Wilson,0.0125107,6682064,6691607
dutch,Winnrich,0.00416186,6691607,6694782
dutch,Winters,0.0106877,6694782,6702934
dutch,Wipstrik,0.00686562,6702934,6708171
dutch,Wolffel,0.0383106,6708171,6737391
dutch,Wolfsdr,0.0100058,6737391,6745023
dutch,Wolfswinkel,0.00416891,6745023,6748204
dutch,Wolters,0.00449998,6748204,6751637
dutch,Wolzak,0.0151591,6751637,6763200
dutch,Wooning,0.00425199,6763200,6766444
dutch,Woudenberg,0.0101343,6766444,6774174
dutch,Wouters,0.0107172,6774174,6782349
dutch,Wright,0.00468433,6782349,6785923
dutch,Wunderink,0.00498474,6785923,6789726
dutch,Wutke,0.0203632,6789726,6805258
dutch,Zaal,0.00641326,6805258,6810150
dutch,Zeemans,0.00634881,6810150,6814993
dutch,Zeldenrust,0.00825314,6814993,6821288
dutch,Zevenboom,0.00475913,6821288,6824919
dutch,Zijlemans,0.00456392,6824919,6828401
dutch,Zijlmans,0.0533517,6828401,6869092
dutch,Zuidweg,0.0069649,6869092,6874405
dutch,Zuijdveld,0.0249197,6874405,6893412
dutch,Zwart,0.00533227,6893412,6897480
dutch,Zwijsen,0.0066865,6897480,6902581
dutch,de Backer,0.00687649,6902581,6907827
dutch,de Beer,0.00932706,6907827,6914942
dutch,de Bock,0.00980763,6914942,6922423
dutch,de Boer,0.0204894,6922423,6938051
dutch,de Bont,0.00406921,6938051,6941155
dutch,de Bruijn,0.00415483,6941155,6944325
dutch,de Bruin,0.00948127,6944325,6951557
dutch,de Bruyn,0.00697613,6951557,6956879
dutch,de Graaf,0.00716155,6956879,6962342
dutch,de Gratie,0.00810824,6962342,6968527
dutch,de Groot,0.0128561,6968527,6978333
dutch,de Grote,0.0247241,6978333,6997191
dutch,de Gruijl,0.0142002,6997191,7008022
dutch,de Gruijter,0.00427428,7008022,7011283
dutch,de Gruil,0.00420818,7011283,7014493
dutch,de Grunt,0.0055442,7014493,7018722
dutch,de Gruson,0.00496371,7018722,7022509
dutch,de Haan,0.00550426,7022509,7026708
dutch,de Haas,0.0128118,7026708,7036480
dutch,de Heer,0.00532613,7036480,7040543
dutch,de Hoog,0.00718551,7040543,7046024
dutch,de Hoogh,0.0658117,7046024,7096218
dutch,de Jager,0.0155576,7096218,7108084
dutch,de Jong,0.0232748,7108084,7125836
dutch,de Jonge,0.0131765,7125836,7135886
dutch,de Kale,0.0263935,7135886,7156017
dutch,de Keijser,0.00790874,7156017,7162050
dutch,de Keijzer,0.073794,7162050,7218332
dutch,de Kok,0.00950377,7218332,7225581
dutch,de Koning,0.00671734,7225581,7230705
dutch,de Korte,0.00954914,7230705,7237989
dutch,de Lange,0.0101604,7237989,7245739
dutch,de Leeuw,0.0129459,7245739,7255614
dutch,de Man,0.00573954,7255614,7259992
dutch,de Marduras,0.00407927,7259992,7263104
dutch,de Mol,0.00497946,7263104,7266903
dutch,de Nijs,0.00709073,7266903,7272312
dutch,de Pauw,0.0126378,7272312,7281952
dutch,de Plantard,0.00915757,7281952,7288937
dutch,de Reede,0.0115187,7288937,7297723
dutch,de Roo,0.00438584,7297723,7301069
dutch,de Roos,0.00543271,7301069,7305213
dutch,de Ruiter,0.0116597,7305213,7314107
dutch,de Smit,0.00742249,7314107,7319769
dutch,de Strigter,0.00964134,7319769,7327123
dutch,de Swart,0.00452956,7327123,7330579
dutch,de Vos,0.00539455,7330579,7334694
dutch,de Vries,0.00435832,7334694,7338019
dutch,de Vroege,0.0110539,7338019,7346451
dutch,de Vrome,0.00637625,7346451,7351315
dutch,de Werd,0.00489673,7351315,7355051
dutch,de Wit,0.0237954,7355051,7373200
dutch,de la Fleche,0.0054263,7373200,7377340
dutch,van Alenburg,0.00599872,7377340,7381916
dutch,van Allemanie,0.00592758,7381916,7386438
dutch,van Amstel,0.00519499,7386438,7390401
dutch,van Arkel,0.00528963,7390401,7394436
dutch,van Arnsberg,0.00549767,7394436,7398630
dutch,van Asten,0.00517767,7398630,7402580
dutch,van Baalen,0.0323104,7402580,7427223
dutch,van Beaumont,0.00431202,7427223,7430513
dutch,van Beeck,0.00436223,7430513,7433841
dutch,van Beek,0.00485154,7433841,7437542
dutch,van Beieren,0.00568216,7437542,7441877
dutch,van Bentheim,0.00609663,7441877,7446528
dutch,van Bergen,0.00990558,7446528,7454084
dutch,van Berkel,0.00735844,7454084,7459697
dutch,van Berkum,0.00662576,7459697,7464751
dutch,van Bernicia,0.00445435,7464751,7468149
dutch,van Boulogne,0.00439776,7468149,7471504
dutch,van Boven,0.00553082,7471504,7475723
dutch,van Bovene,0.00544556,7475723,7479877
dutch,van Bovenen,0.00451683,7479877,7483323
dutch,van Brenen,0.00689836,7483323,7488585
dutch,van Breugel,0.0120299,7488585,7497761
dutch,van Breukeleveen,0.00429306,7497761,7501036
dutch,van Breukelveen,0.0160535,7501036,7513281
dutch,van Bruchem,0.00474018,7513281,7516897
dutch,van Brunswijk,0.0046706,7516897,7520460
dutch,van Bunschoten,0.00632164,7520460,7525282
dutch,van Buuren,0.00462994,7525282,7528814
dutch,van Clootwijck,0.00493254,7528814,7532577
dutch,van Cuijck,0.00638546,7532577,7537448
dutch,van Daal,0.172427,7537448,7668956
dutch,van Dagsburg,0.00693145,7668956,7674243
dutch,van Dalem,0.0047214,7674243,7677845
dutch,van Dam,0.0130832,7677845,7687824
dutch,van Dijk,0.0133679,7687824,7698020
dutch,van Dillen,0.0106004,7698020,7706106
dutch,van Dokkum,0.00602286,7706106,7710701
dutch,van Dommelen,0.00555766,7710701,7714941
dutch,van Dongen,0.00795379,7714941,7721008
dutch,van Dooren,0.0152239,7721008,7732620
dutch,van Doorn,0.00464792,7732620,7736166
dutch,van Drenthe,0.0063947,7736166,7741044
dutch,van Duivenvoorde,0.00410639,7741044,7744177
dutch,van Duvenvoirde,0.0283401,7744177,7765792
dutch,van Duyvenvoorde,0.0050819,7765792,7769669
dutch,van Eck,0.00622419,7769669,7774417
dutch,van Egisheim,0.020116,7774417,7789760
dutch,van Embden,0.054472,7789760,7831306
dutch,van Emmelen,0.0058206,7831306,7835746
dutch,van Engeland,0.00437007,7835746,7839080
dutch,van Engelen,0.00408939,7839080,7842200
dutch,van Enschot,0.026171,7842200,7862161
dutch,van Es,0.00442181,7862161,7865534
dutch,van Este,0.00587354,7865534,7870015
dutch,van Evelingen,0.00421904,7870015,7873234
dutch,van Formbach,0.00590428,7873234,7877738
dutch,van Gastel,0.0045126,7877738,7881181
dutch,van Geenen,0.0123052,7881181,7890567
dutch,van Geest,0.00777696,7890567,7896499
dutch,van Geffen,0.00836994,7896499,7902884
dutch,van Gelder,0.00591979,7902884,7907400
dutch,van Gemert,0.00423361,7907400,7910630
dutch,van Gent,0.00538825,7910630,7914741
dutch,van Ghoerle,0.00404594,7914741,7917828
dutch,van Gils,0.00625043,7917828,7922596
dutch,van Ginkel,0.00723398,7922596,7928114
dutch,van Ginneke,0.0245318,7928114,7946825
dutch,van Goerle,0.00458569,7946825,7950323
dutch,van Gorp,0.0171609,7950323,7963412
dutch,van Grinsven,0.0239748,7963412,7981698
dutch,van Grondelle,0.00448743,7981698,7985121
dutch,van Haarlem,0.0058583,7985121,7989590
dutch,van Haeften,0.0186597,7989590,8003822
dutch,van Hagen,0.00472608,8003822,8007427
dutch,van Ham,0.00566098,8007427,8011746
dutch,van Hamaland,0.00430442,8011746,8015030
dutch,van Haspengouw,0.00422631,8015030,8018254
dutch,van Hemert,0.0270874,8018254,8038914
dutch,van Henegouwen,0.00712594,8038914,8044350
dutch,van Herstal,0.00404924,8044350,8047439
dutch,van Heusden,0.0058281,8047439,8051885
dutch,van Holland,0.00598274,8051885,8056449
dutch,van Hostaden,0.00460328,8056449,8059961
dutch,van Hulten,0.0843455,8059961,8124291
dutch,van Jumiege,0.00407591,8124291,8127401
dutch,van Kasteelen,0.00604723,8127401,8132014
dutch,van Kempen,0.00799943,8132014,8138116
dutch,van Klaarwater,0.00985633,8138116,8145634
dutch,van Kuijc,0.009572,8145634,8152935
dutch,van Kusen,0.0138221,8152935,8163478
dutch,van Laar,0.00502202,8163478,8167309
dutch,van Laarhoven,0.00681182,8167309,8172505
dutch,van Landen,0.013616,8172505,8182891
dutch,van Laon,0.00508742,8182891,8186772
dutch,van Leeuwen,0.00717351,8186772,8192244
dutch,van Leuven,0.00412699,8192244,8195393
dutch,van Liendert,0.00536321,8195393,8199484
dutch,van Limburg,0.128483,8199484,8297476
dutch,van Loon,0.00413738,8297476,8300632
dutch,van Lucel,0.114585,8300632,8388024
dutch,van Luin,0.0141448,8388024,8398813
dutch,van Luinenburg,0.0050274,8398813,8402648
dutch,van Luxemburg,0.00576872,8402648,8407049
dutch,van Luyssel,0.0484438,8407049,8443997
dutch,van Maaren,0.0148441,8443997,8455319
dutch,van Maasgouw,0.0156263,8455319,8467238
dutch,van Mare,0.0502806,8467238,8505587
dutch,van Metz,0.0152894,8505587,8517249
dutch,van Mil,0.00432733,8517249,8520550
dutch,van Mispelen,0.00572507,8520550,8524917
dutch,van Mook,0.00626807,8524917,8529699
dutch,van Munster,0.00403277,8529699,8532776
dutch,van Nederlotharingen,0.00917838,8532776,8539777
dutch,van Nes,0.00524183,8539777,8543776
dutch,van Nimwegen,0.0227791,8543776,8561150
dutch,van Noordeloos,0.00993042,8561150,8568725
dutch,van Noort,0.0210122,8568725,8584752
dutch,van Northeim,0.0109598,8584752,8593112
dutch,van Nus,0.00453383,8593112,8596571
dutch,van Ochten,0.0147222,8596571,8607800
dutch,van Oirschot,0.00635793,8607800,8612650
dutch,van Olst,0.0199949,8612650,8627901
dutch,van Ommeren,0.0625,8627901,8675569
dutch,van Ooste,0.00959499,8675569,8682888
dutch,van Oosten,0.00752764,8682888,8688630
dutch,van Oostendorp,0.00878144,8688630,8695328
dutch,van Ooyen,0.00661575,8695328,8700375
dutch,van Opper-Lotharingen,0.0135655,8700375,8710722
dutch,van Orleans,0.00911627,8710722,8717676
dutch,van Oudewater,0.00789385,8717676,8723697
dutch,van Parijs,0.108819,8723697,8806692
dutch,van Poppel,0.010837,8806692,8814958
dutch,van Praagh,0.0047639,8814958,8818592
dutch,van Rheineck,0.0110857,8818592,8827048
dutch,van Riet,0.0346051,8827048,8853442
dutch,van Rijnsbergen,0.0198754,8853442,8868602
dutch,van Rijthoven,0.00899486,8868602,8875463
dutch,van Roijen,0.0129913,8875463,8885372
dutch,van Rooij,0.00485651,8885372,8889077
dutch,van Rossum,0.0253216,8889077,8908390
dutch,van Saksen,0.00738391,8908390,8914023
dutch,van Salm,0.0100567,8914023,8921694
dutch,van Salmen,0.0197575,8921694,8936764
dutch,van Santen,0.0715993,8936764,8991372
dutch,van Schevinghuizen,0.0140898,8991372,9002119
dutch,van Schweinfurt,0.0159805,9002119,9014308
dutch,van Soest,0.00428553,9014308,9017577
dutch,van Spreeuwel,0.0176903,9017577,9031070
dutch,van Spreuwel,0.0180642,9031070,9044848
dutch,van Straaten,0.00603096,9044848,9049449
dutch,van Stralen,0.00416538,9049449,9052627
dutch,van Suinvorde,0.00683323,9052627,9057840
dutch,van Susa,0.0255281,9057840,9077311
dutch,van Tours,0.00470742,9077311,9080902
dutch,van Tuijl,0.00633067,9080902,9085731
dutch,van Veen,0.00483175,9085731,9089417
dutch,van Velthoven,0.0341974,9089417,9115500
dutch,van Velzen,0.00973558,9115500,9122926
dutch,van Venrooy,0.0062155,9122926,9127667
dutch,van Verdun,0.00707908,9127667,9133067
dutch,van Vermandois,0.004374,9133067,9136404
dutch,van Vlaanderen,0.00776262,9136404,9142325
dutch,van Vliet,0.0046615,9142325,9145881
dutch,van Voorhout,0.0181605,9145881,9159733
dutch,van Voorst,0.146854,9159733,9271736
dutch,van Waas,0.00455959,9271736,9275215
dutch,van Wallaert,0.00859705,9275215,9281773
dutch,van Wassenaar,0.023619,9281773,9299788
dutch,van Wel,0.00585072,9299788,9304251
dutch,van Wessex,0.00541355,9304251,9308381
dutch,van Westfalen,0.00584316,9308381,9312838
dutch,van Wickerode,0.00588119,9312838,9317324
dutch,van Wijk,0.00469816,9317324,9320908
dutch,van Wijland,0.00627692,9320908,9325696
dutch,van Zwaben,0.00615542,9325696,9330392
dutch,van den Assem,0.0206173,9330392,9346117
dutch,van den Berg,0.0103752,9346117,9354031
dutch,van den Bergh,0.0162771,9354031,9366446
dutch,van den Bosch,0.00588887,9366446,9370938
dutch,van den Brand,0.00481703,9370938,9374613
dutch,van den Brink,0.017875,9374613,9388247
dutch,van den Broek,0.00510407,9388247,9392141
dutch,van den Corput,0.00509296,9392141,9396026
dutch,van den Eerenbeemt,0.00406586,9396026,9399128
dutch,van den Eijssel,0.00477826,9399128,9402773
dutch,van den Henst,0.0073206,9402773,9408357
dutch,van den Heuvel,0.0280792,9408357,9429773
dutch,van den Hoek,0.00509851,9429773,9433663
dutch,van den Nieuwenhuijsen,0.0121462,9433663,9442928
dutch,van den Nuwenhijsen,0.00440975,9442928,9446292
dutch,van den Nuwenhuijzen,0.00656624,9446292,9451301
dutch,van den Nuwenhuysen,0.00594322,9451301,9455835
dutch,van den Nyeuwenhuysen,0.0143695,9455835,9466795
dutch,van den Oever,0.022154,9466795,9483692
dutch,van den Pol,0.00522415,9483692,9487677
dutch,van den Velde,0.0119161,9487677,9496766
dutch,van den Velden,0.0112809,9496766,9505371
dutch,van den Wittenboer,0.00478788,9505371,9509024
dutch,van der Avoirt,0.00459007,9509024,9512526
dutch,van der Berg,0.0143126,9512526,9523443
dutch,van der Brink,0.00567508,9523443,9527772
dutch,van der Flaas,0.00524775,9527772,9531775
dutch,van der Heiden,0.00499533,9531775,9535586
dutch,van der Heijden,0.00850807,9535586,9542076
dutch,van der Heyden,0.0068874,9542076,9547330
dutch,van der Hoeven,0.00571787,9547330,9551692
dutch,van der Horst,0.00521244,9551692,9555668
dutch,van der Kaay,0.0268516,9555668,9576148
dutch,van der Kint,0.0132238,9576148,9586235
dutch,van der Klein,0.00613849,9586235,9590918
dutch,van der Klijn,0.00616392,9590918,9595620
dutch,van der Laan,0.00865144,9595620,9602219
dutch,van der Laar,0.00501666,9602219,9606046
dutch,van der Laarse,0.0133194,9606046,9616205
dutch,van der Lede,0.0107469,9616205,9624402
dutch,van der Leek,0.00767782,9624402,9630259
dutch,van der Linden,0.00734578,9630259,9635862
dutch,van der Loo,0.00459447,9635862,9639367
dutch,van der Maath,0.00685478,9639367,9644596
dutch,van der Maes,0.014427,9644596,9655600
dutch,van der Mast,0.0124276,9655600,9665079
dutch,van der Meer,0.0444471,9665079,9698979
dutch,van der Meulen,0.0150313,9698979,9710444
dutch,van der Noot,0.0123457,9710444,9719861
dutch,van der Plas,0.0173333,9719861,9733082
dutch,van der Ploeg,0.00845568,9733082,9739532
dutch,van der Pluijm,0.00546497,9739532,9743701
dutch,van der Pol,0.0695462,9743701,9796743
dutch,van der Pouw,0.00629472,9796743,9801545
dutch,van der Sande,0.0368202,9801545,9829628
dutch,van der Schuijt,0.00779136,9829628,9835571
dutch,van der Sloot,0.00538196,9835571,9839677
dutch,van der Smeede,0.00540087,9839677,9843797
dutch,van der Spaendonc,0.00480241,9843797,9847461
dutch,van der Spaendonck,0.00653694,9847461,9852448
dutch,van der Stael,0.00743546,9852448,9858120
dutch,van der Steen,0.00521829,9858120,9862101
dutch,van der Strigt,0.00747465,9862101,9867803
dutch,van der Veen,0.041123,9867803,9899168
dutch,van der Veiver,0.0042631,9899168,9902420
dutch,van der Velde,0.00783491,9902420,9908397
dutch,van der Velden,0.0053446,9908397,9912474
dutch,van der Ven,0.0182579,9912474,9926400
dutch,van der Wal,0.0875436,9926400,9993169
dutch,van der Zijl,0.00895519,9993169,10000000
croatian,Abicic,0.0273279,0,22276
croatian,Abramovic,0.121087,22276,120974
croatian,Adzijevic,0.00810824,120974,127584
croatian,Akmacic,0.00502202,127584,131678
croatian,Alkovic,0.00695371,131678,137347
croatian,Amanovic,0.0237954,137347,156743
croatian,Amidzic,0.00928403,156743,164311
croatian,Andrasek,0.0111824,164311,173427
croatian,Andrijasevic,0.00557119,173427,177969
croatian,Andrijevic,0.0300281,177969,202446
croatian,Anicic,0.0125527,202446,212679
croatian,Antic,0.00975946,212679,220635
croatian,Antolkovic,0.0150313,220635,232888
croatian,Antonic,0.0288786,232888,256428
croatian,Babic,0.0843455,256428,325178
croatian,Bacak,0.0049742,325178,329233
croatian,Bacic,0.00523003,329233,333497
croatian,Bajan,0.00647919,333497,338779
croatian,Baksa,0.0115887,338779,348226
croatian,Balatinac,0.0146025,348226,360129
croatian,Balic,0.0119537,360129,369873
croatian,Balincic,0.00754102,369873,376021
croatian,Baljak,0.0223066,376021,394204
croatian,Ban,0.00525369,394204,398487
croatian,Banicevic,0.00565395,398487,403096
croatian,Banko,0.0405238,403096,436128
croatian,Banovac,0.0100824,436128,444347
croatian,Barac,0.00548454,444347,448818
croatian,Barbic,0.00628581,448818,453943
croatian,Barbieri,0.0051892,453943,458174
croatian,Barbir,0.00727082,458174,464101
croatian,Baresic,0.0217098,464101,481797
croatian,Baric,0.008404,481797,488648
croatian,Baricevic,0.00818803,488648,495323
croatian,Barisic,0.0089355,495323,502607
croatian,Barkovic,0.0108067,502607,511416
croatian,Barnaba,0.0119917,511416,521191
croatian,Barusic,0.010898,521191,530075
croatian,Basic,0.0423835,530075,564622
croatian,Basnec,0.0641078,564622,616877
croatian,Batrac,0.00973558,616877,624813
croatian,Batrnek,0.00899486,624813,632146
croatian,Bazjak,0.0199949,632146,648445
croatian,Bebic,0.00709073,648445,654226
croatian,Begonja,0.00738391,654226,660246
croatian,Beletic,0.00618101,660246,665285
croatian,Belosevic,0.00830274,665285,672053
croatian,Bencic,0.00573954,672053,676732
croatian,Benic,0.00723398,676732,682629
croatian,Berakovic,0.00676946,682629,688148
croatian,Bernardic,0.00569638,688148,692792
croatian,Bertosa,0.00515477,692792,696995
croatian,Bezic,0.00665597,696995,702421
croatian,Bicak,0.00774834,702421,708738
croatian,Bicanic,0.0081559,708738,715387
croatian,Bijelic,0.00543271,715387,719816
croatian,Bingula,0.0695462,719816,776503
croatian,Birkic,0.00887702,776503,783740
croatian,Birtic,0.00479271,783740,787648
croatian,Bjelis,0.00615542,787648,792666
croatian,Blagaic,0.00656624,792666,798019
croatian,Blazek,0.0211477,798019,815257
croatian,Blazevic,0.00660578,815257,820642
croatian,Blazicko,0.041123,820642,854162
croatian,Boban,0.024343,854162,874005
croatian,Bobanovic,0.00641326,874005,879233
croatian,Bogadi,0.00945889,879233,886944
croatian,Bogdan,0.189465,886944,1041376
croatian,Bogovic,0.011215,1041376,1050518
croatian,Bojanic,0.00631264,1050518,1055664
croatian,Bolcevic,0.00595108,1055664,1060516
croatian,Boljkovac,0.0151591,1060516,1072873
croatian,Borak,0.00782033,1072873,1079248
croatian,Borojevic,0.00883851,1079248,1086453
croatian,Borosak,0.00919929,1086453,1093952
croatian,Bosilj,0.0067485,1093952,1099454
croatian,Bosnjak,0.00842115,1099454,1106319
croatian,Bosnjakovic,0.0133679,1106319,1117216
croatian,Botic,0.0069649,1117216,1122894
croatian,Botica,0.0171609,1122894,1136883
croatian,Bozanic,0.0140898,1136883,1148369
croatian,Bozanovic,0.0107469,1148369,1157130
croatian,Bozic,0.0875436,1157130,1228487
croatian,Bozicevic,0.0179691,1228487,1243134
croatian,Bozickovic,0.00787902,1243134,1249557
croatian,Bozikovic,0.0206173,1249557,1266363
croatian,Bracun,0.00481214,1266363,1270286
croatian,Bradic,0.0184564,1270286,1285331
croatian,Brajkovic,0.00541355,1285331,1289745
croatian,Bralic,0.00643194,1289745,1294989
croatian,Brandic,0.052282,1294989,1337605
croatian,Brankovic,0.0126378,1337605,1347907
croatian,Brcko,0.00872519,1347907,1355020
croatian,Brezjan,0.00555766,1355020,1359551
croatian,Britvec,0.0188682,1359551,1374931
croatian,Brlas,0.0128118,1374931,1385375
croatian,Brlek,0.0393822,1385375,1417476
croatian,Brletic,0.00863323,1417476,1424514
croatian,Bucanac,0.00847306,1424514,1431421
croatian,Bucar,0.0173333,1431421,1445550
croatian,Bukvic,0.00825314,1445550,1452278
croatian,Buljan,0.00750104,1452278,1458393
croatian,Buncic,0.00571069,1458393,1463049
croatian,Bungic,0.0159082,1463049,1476017
croatian,Bunic,0.00490181,1476017,1480013
croatian,Burcul,0.00937054,1480013,1487652
croatian,Buric,0.00743546,1487652,1493714
croatian,Bursic,0.00770585,1493714,1499996
croatian,Busljeta,0.0326689,1499996,1526625
croatian,Butkovic,0.00589656,1526625,1531432
croatian,Buzov,0.00596686,1531432,1536297
croatian,Cafuk,0.00508742,1536297,1540445
croatian,Cagalj,0.0051434,1540445,1544638
croatian,Car,0.00633973,1544638,1549806
croatian,Cargonja,0.00533227,1549806,1554153
croatian,Caric,0.0259527,1554153,1575308
croatian,Cestaric,0.00767782,1575308,1581567
croatian,Ciganovic,0.0152239,1581567,1593977
croatian,Cik,0.00769181,1593977,1600248
croatian,Cindric,0.0297312,1600248,1624483
croatian,Cis,0.0113815,1624483,1633761
croatian,Cizmesija,0.0103477,1633761,1642196
croatian,Cizmic,0.0106293,1642196,1650861
croatian,Colic,0.0135655,1650861,1661919
croatian,Cop,0.00880037,1661919,1669093
croatian,Coric,0.0127241,1669093,1679465
croatian,Cosic,0.00512085,1679465,1683640
croatian,Cotic,0.00804566,1683640,1690199
croatian,Covic,0.0154222,1690199,1702770
croatian,Crevar,0.00950377,1702770,1710517
croatian,Crnekovic,0.0153555,1710517,1723034
croatian,Crnkovic,0.00679057,1723034,1728570
croatian,Cubric,0.00484162,1728570,1732517
croatian,Cucek,0.103667,1732517,1817016
croatian,Cudic,0.0180642,1817016,1831741
croatian,Cukman,0.0142002,1831741,1843316
croatian,Cukon,0.0155576,1843316,1855998
croatian,Culi,0.0195265,1855998,1871915
croatian,Culina,0.0162018,1871915,1885122
croatian,Culjak,0.0140354,1885122,1896563
croatian,Cupic,0.0055442,1896563,1901083
croatian,Curic,0.00477826,1901083,1904979
croatian,Cvenic,0.00536944,1904979,1909357
croatian,Cvetkovic,0.0189745,1909357,1924824
croatian,Cvetnic,0.00717351,1924824,1930672
croatian,Cvitan,0.0268516,1930672,1952559
croatian,Cvrtila,0.0147829,1952559,1964609
croatian,Dabo,0.0123865,1964609,1974706
croatian,Damijanic,0.0105431,1974706,1983301
croatian,Damjanovic,0.0451863,1983301,2020133
croatian,Darojkovic,0.00655644,2020133,2025478
croatian,Dautanec,0.0058206,2025478,2030223
croatian,Dautovic,0.0111177,2030223,2039286
croatian,Debelic,0.0116956,2039286,2048820
croatian,Derezic,0.00498474,2048820,2052884
croatian,Deze,0.00482683,2052884,2056819
croatian,Didovic,0.014485,2056819,2068627
croatian,Dizdar,0.00607181,2068627,2073577
croatian,Dobric,0.00561913,2073577,2078158
croatian,Dolic,0.00546497,2078158,2082613
croatian,Dolinar,0.00681182,2082613,2088166
croatian,Dominikovic,0.0257385,2088166,2109146
croatian,Dominkovic,0.00484657,2109146,2113097
croatian,Doncevic,0.0100058,2113097,2121254
croatian,Dragicevic,0.00568216,2121254,2125886
croatian,Dragobratovic,0.00687649,2125886,2131492
croatian,Dragojevic,0.0198754,2131492,2147693
croatian,Drakulic,0.00608833,2147693,2152657
croatian,Drandic,0.00608006,2152657,2157614
croatian,Drazic,0.0203632,2157614,2174213
croatian,Dretvic,0.00713777,2174213,2180032
croatian,Dubovecak,0.00891591,2180032,2187300
croatian,Dujmovic,0.0358968,2187300,2216560
croatian,Dukic,0.00756794,2216560,2222730
croatian,Durasevic,0.00728319,2222730,2228667
croatian,Durinic,0.00922031,2228667,2236183
croatian,Duvancic,0.0103205,2236183,2244596
croatian,Dvojak,0.0107767,2244596,2253381
croatian,Dzapo,0.00675897,2253381,2258891
croatian,Erceg,0.00522415,2258891,2263150
croatian,Ercegovic,0.0129913,2263150,2273740
croatian,Ergotic,0.0087626,2273740,2280883
croatian,Ersek,0.0761462,2280883,2342950
croatian,Eterovic,0.00568926,2342950,2347588
croatian,Fabijanic,0.00630367,2347588,2352727
croatian,Ferenac,0.0149683,2352727,2364929
croatian,Filar,0.00635793,2364929,2370112
croatian,Filipcic,0.0102131,2370112,2378438
croatian,Filipovic,0.0430471,2378438,2413526
croatian,Flego,0.0129008,2413526,2424042
croatian,Forjan,0.067621,2424042,2479160
croatian,Franic,0.00640396,2479160,2484381
croatian,Franicevic,0.013616,2484381,2495480
croatian,Franjic,0.0120684,2495480,2505318
croatian,Franusic,0.00603096,2505318,2510235
croatian,Friscic,0.0169093,2510235,2524019
croatian,Frketic,0.00654667,2524019,2529356
croatian,Fucek,0.0388381,2529356,2561014
croatian,Gabud,0.00779136,2561014,2567366
croatian,Galesic,0.0145435,2567366,2579221
croatian,Galic,0.00765001,2579221,2585457
croatian,Galovic,0.0383106,2585457,2616685
croatian,Gegic,0.00504361,2616685,2620797
croatian,Gelemanovic,0.00527159,2620797,2625095
croatian,Glasnovic,0.00786426,2625095,2631506
croatian,Glavan,0.00966471,2631506,2639385
croatian,Glavor,0.012469,2639385,2649549
croatian,Gligora,0.0166658,2649549,2663134
croatian,Godinic,0.00521829,2663134,2667388
croatian,Golubic,0.00838693,2667388,2674225
croatian,Gotic,0.00850807,2674225,2681161
croatian,Govorcinovic,0.00559847,2681161,2685725
croatian,Gracin,0.0054911,2685725,2690202
croatian,Grba,0.022154,2690202,2708260
croatian,Grbac,0.0125107,2708260,2718458
croatian,Gredicak,0.0055175,2718458,2722956
croatian,Gregov,0.0122251,2722956,2732922
croatian,Grgic,0.00625043,2732922,2738018
croatian,Grgurevic,0.0128561,2738018,2748498
croatian,Grguric,0.00817193,2748498,2755160
croatian,Grgurovac,0.0147222,2755160,2767161
croatian,Grubisic,0.00784955,2767161,2773560
croatian,Grzetic,0.00540087,2773560,2777963
croatian,Grzincic,0.00604723,2777963,2782893
croatian,Guberovic,0.00492739,2782893,2786910
croatian,Gudelj,0.0270874,2786910,2808990
croatian,Gulan,0.054472,2808990,2853391
croatian,Gustin,0.0133194,2853391,2864249
croatian,Hadrovic,0.00907539,2864249,2871647
croatian,Hadzic,0.00532613,2871647,2875989
croatian,Halambek,0.00587354,2875989,2880777
croatian,Halapir,0.00495849,2880777,2884820
croatian,Hanzek,0.00719756,2884820,2890688
croatian,Harapin,0.00637625,2890688,2895886
croatian,Hardi,0.00578344,2895886,2900601
croatian,Hecimovic,0.00771996,2900601,2906894
croatian,Herceg,0.158489,2906894,3036078
croatian,Herout,0.00712594,3036078,3041887
croatian,Hinic,0.00513774,3041887,3046076
croatian,Hodak,0.00913687,3046076,3053524
croatian,Horak,0.00629472,3053524,3058656
croatian,Horvat,0.00483175,3058656,3062595
croatian,Horvatek,0.0163532,3062595,3075925
croatian,Horvatic,0.00823675,3075925,3082640
croatian,Horvatinec,0.0197575,3082640,3098745
croatian,Hrabar,0.00594322,3098745,3103590
croatian,Hranic,0.00718551,3103590,3109448
croatian,Hranj,0.0142562,3109448,3121069
croatian,Hrastinski,0.00579083,3121069,3125790
croatian,Hren,0.00988089,3125790,3133845
croatian,Hrsak,0.0148441,3133845,3145945
croatian,Hrvojic,0.00517192,3145945,3150162
croatian,Hrzenjak,0.020116,3150162,3166559
croatian,Huljev,0.00557798,3166559,3171107
croatian,Husnjak,0.00762243,3171107,3177321
croatian,Ignac,0.0121071,3177321,3187190
croatian,Ilic,0.00868814,3187190,3194273
croatian,Ilijic,0.00528963,3194273,3198586
croatian,Ilinovic,0.0104304,3198586,3207089
croatian,Ivancan,0.00543913,3207089,3211523
croatian,Ivandic,0.0119161,3211523,3221237
croatian,Ivanovic,0.00710242,3221237,3227027
croatian,Ivsic,0.00889642,3227027,3234279
croatian,Jagarinec,0.00932706,3234279,3241882
croatian,Jagecic,0.00801477,3241882,3248416
croatian,Jakopec,0.00530781,3248416,3252743
croatian,Jakopovic,0.00722179,3252743,3258630
croatian,Jakovac,0.00930549,3258630,3266216
croatian,Jakovic,0.00516047,3266216,3270423
croatian,Jakovljevic,0.0283401,3270423,3293524
croatian,Jakupic,0.00680118,3293524,3299069
croatian,Jakus,0.00650792,3299069,3304375
croatian,Jasprica,0.00514908,3304375,3308573
croatian,Jelavic,0.0220036,3308573,3326509
croatian,Jelic,0.275946,3326509,3551431
croatian,Jemric,0.00793871,3551431,3557903
croatian,Jerkovic,0.00748782,3557903,3564007
croatian,Jonjic,0.00901484,3564007,3571356
croatian,Josipovic,0.0127678,3571356,3581764
croatian,Jovanovac,0.0303318,3581764,3606488
croatian,Jovanovic,0.0126808,3606488,3616825
croatian,Jovic,0.0294408,3616825,3640823
croatian,Jozic,0.0149059,3640823,3652974
croatian,Jugovac,0.00964134,3652974,3660834
croatian,Jukic,0.00666611,3660834,3666268
croatian,Jurcic,0.0182579,3666268,3681151
croatian,Juresko,0.00606359,3681151,3686094
croatian,Juretic,0.0068874,3686094,3691709
croatian,Juric,0.0137699,3691709,3702934
croatian,Jurisic,0.00998051,3702934,3711070
croatian,Jurjevic,0.00500064,3711070,3715147
croatian,Jurkovic,0.023619,3715147,3734400
croatian,Jurlina,0.00747465,3734400,3740494
croatian,Kadija,0.00703291,3740494,3746227
croatian,Kahlina,0.0194132,3746227,3762051
croatian,Kalanjos,0.0363519,3762051,3791682
croatian,Kalazic,0.0101867,3791682,3799986
croatian,Kaniski,0.0113142,3799986,3809209
croatian,Karagic,0.00494807,3809209,3813243
croatian,Karamarko,0.0249197,3813243,3833556
croatian,Karlovic,0.00961811,3833556,3841397
croatian,Karmelic,0.00917838,3841397,3848879
croatian,Karuza,0.00941448,3848879,3856554
croatian,Katic,0.108819,3856554,3945252
croatian,Kauzlaric,0.00552415,3945252,3949756
croatian,Kelecic,0.00809249,3949756,3956353
croatian,Kelekovic,0.0185574,3956353,3971480
croatian,Kelic,0.0137182,3971480,3982663
croatian,Kerekovic,0.0114154,3982663,3991969
croatian,Kevo,0.00897497,3991969,3999285
croatian,Kinkela,0.0116241,3999285,4008761
croatian,Kirincic,0.0319606,4008761,4034813
croatian,Klanac,0.0232748,4034813,4053785
croatian,Klaric,0.0181605,4053785,4068588
croatian,Klarin,0.0118415,4068588,4078241
croatian,Klasic,0.011484,4078241,4087603
croatian,Kligl,0.00575409,4087603,4092294
croatian,Knezevic,0.00813994,4092294,4098930
croatian,Knezovic,0.00796894,4098930,4105426
croatian,Kocijancic,0.00642258,4105426,4110662
croatian,Kokanovic,0.00658595,4110662,4116031
croatian,Kokoric,0.00874385,4116031,4123159
croatian,Kolarec,0.010837,4123159,4131993
croatian,Kolega,0.0117317,4131993,4141556
croatian,Kolic,0.0052836,4141556,4145864
croatian,Komar,0.00706747,4145864,4151626
croatian,Komljenovic,0.0157659,4151626,4164478
croatian,Kopjar,0.00507639,4164478,4168617
croatian,Kos,0.00572507,4168617,4173284
croatian,Kosanovic,0.005478,4173284,4177750
croatian,Koscevic,0.0118787,4177750,4187433
croatian,Kosic,0.00551088,4187433,4191926
croatian,Koski,0.00538196,4191926,4196314
croatian,Kostanic,0.0101083,4196314,4204554
croatian,Kostelac,0.0154896,4204554,4217180
croatian,Kovac,0.0609802,4217180,4266885
croatian,Kovacek,0.00611329,4266885,4271869
croatian,Kovacevic,0.00485154,4271869,4275824
croatian,Kovacic,0.00672769,4275824,4281309
croatian,Krajcar,0.0177821,4281309,4295804
croatian,Kralj,0.00581312,4295804,4300543
croatian,Kraljevic,0.0350239,4300543,4329092
croatian,Kraljic,0.00610495,4329092,4334069
croatian,Kramaric,0.00995539,4334069,4342185
croatian,Krcelic,0.0073206,4342185,4348153
croatian,Kresonja,0.00720965,4348153,4354031
croatian,Krizan,0.00516619,4354031,4358243
croatian,Krpan,0.0111499,4358243,4367332
croatian,Krsanac,0.00559162,4367332,4371891
croatian,Krzelj,0.0234455,4371891,4391002
croatian,Krznaric,0.00760873,4391002,4397205
croatian,Kucic,0.00501666,4397205,4401295
croatian,Kujundzic,0.00496895,4401295,4405346
croatian,Kukucka,0.00870662,4405346,4412444
croatian,Kunac,0.00595896,4412444,4417302
croatian,Kupsjak,0.00586591,4417302,4422084
croatian,Kurtoic,0.00854341,4422084,4429049
croatian,Kuscevic,0.00644133,4429049,4434300
croatian,Kuvezdic,0.00980763,4434300,4442295
croatian,Kuzmic,0.00591979,4442295,4447121
croatian,Labas,0.0055375,4447121,4451636
croatian,Labinjan,0.00777696,4451636,4457976
croatian,Ladavac,0.00520079,4457976,4462216
croatian,Lakoseljac,0.00934874,4462216,4469837
croatian,Lasic,0.00652723,4469837,4475158
croatian,Lazar,0.00690935,4475158,4480791
croatian,Legovic,0.0143695,4480791,4492504
croatian,Lelas,0.00495327,4492504,4496542
croatian,Lenic,0.00535079,4496542,4500904
croatian,Lescic,0.00566802,4500904,4505525
croatian,Lesic,0.0316192,4505525,4531298
croatian,Leskovic,0.0241573,4531298,4550989
croatian,Liber,0.00507089,4550989,4555123
croatian,Licul,0.00724621,4555123,4561030
croatian,Liovic,0.0160535,4561030,4574116
croatian,Lisica,0.0138747,4574116,4585426
croatian,Ljubetic,0.00509851,4585426,4589583
croatian,Ljubic,0.00509296,4589583,4593735
croatian,Ljubicic,0.00843837,4593735,4600614
croatian,Lojen,0.00758148,4600614,4606795
croatian,Lorencin,0.00603908,4606795,4611718
croatian,Lovric,0.0239748,4611718,4631261
croatian,Lucic,0.00924144,4631261,4638795
croatian,Lukic,0.00501131,4638795,4642881
croatian,Lukinic,0.0312859,4642881,4668383
croatian,Luksa,0.00527759,4668383,4672686
croatian,Luksic,0.00623291,4672686,4677767
croatian,Macan,0.0286065,4677767,4701085
croatian,Macesic,0.00592758,4701085,4705918
croatian,Madunic,0.0063947,4705918,4711131
croatian,Magic,0.00622419,4711131,4716205
croatian,Mahnet,0.0207471,4716205,4733117
croatian,Majdenic,0.00716155,4733117,4738955
croatian,Majstorovic,0.00620684,4738955,4744015
croatian,Makovac,0.0990335,4744015,4824737
croatian,Maletic,0.00776262,4824737,4831065
croatian,Malnar,0.0112809,4831065,4840261
croatian,Maloca,0.0253216,4840261,4860901
croatian,Mamic,0.0058281,4860901,4865652
croatian,Mamula,0.00538825,4865652,4870045
croatian,Maras,0.0226191,4870045,4888483
croatian,Marasovic,0.0100567,4888483,4896681
croatian,Mardesic,0.0107172,4896681,4905417
croatian,Maretic,0.0132714,4905417,4916235
croatian,Maric,0.0208787,4916235,4933254
croatian,Maricevic,0.00835303,4933254,4940063
croatian,Marijanovic,0.00624166,4940063,4945152
croatian,Marin,0.00597479,4945152,4950023
croatian,Marinkovic,0.0484438,4950023,4989510
croatian,Marinovic,0.00510407,4989510,4993671
croatian,Marjanovic,0.00539455,4993671,4998069
croatian,Markanjevic,0.00504904,4998069,5002185
croatian,Markovac,0.0533517,5002185,5045672
croatian,Markovic,0.00683323,5045672,5051243
croatian,Markus,0.00881939,5051243,5058433
croatian,Marsic,0.0051321,5058433,5062617
croatian,Martic,0.0263935,5062617,5084131
croatian,Martincevic,0.114585,5084131,5177529
croatian,Martinic,0.0377989,5177529,5208339
croatian,Martinovic,0.00525964,5208339,5212627
croatian,Marusic,0.0053446,5212627,5216984
croatian,Marzic,0.0245318,5216984,5236981
croatian,Matahlija,0.0459538,5236981,5274438
croatian,Matana,0.0115536,5274438,5283856
croatian,Matas,0.00600674,5283856,5288753
croatian,Matesa,0.00499003,5288753,5292821
croatian,Matic,0.00537569,5292821,5297204
croatian,Matijas,0.0280792,5297204,5320092
croatian,Matijevic,0.00497946,5320092,5324152
croatian,Matko,0.0175995,5324152,5338498
croatian,Matkovic,0.026171,5338498,5359831
croatian,Matokanovic,0.00524183,5359831,5364105
croatian,Matosevic,0.0568798,5364105,5410468
croatian,Matovina,0.0475806,5410468,5449251
croatian,Matulic,0.0354543,5449251,5478150
croatian,Matulin,0.00646968,5478150,5483424
croatian,Mavra,0.00990558,5483424,5491499
croatian,Medac,0.00588119,5491499,5496294
croatian,Medic,0.0156957,5496294,5509088
croatian,Medved,0.00659585,5509088,5514465
croatian,Meic,0.0193014,5514465,5530198
croatian,Merkas,0.00496371,5530198,5534245
croatian,Mesaric,0.0291566,5534245,5558011
croatian,Mesic,0.00822044,5558011,5564712
croatian,Micetic,0.0130832,5564712,5575377
croatian,Mihalic,0.00512646,5575377,5579557
croatian,Mihaljevic,0.0910282,5579557,5653754
croatian,Mihelcic,0.0101604,5653754,5662037
croatian,Mihic,0.00633067,5662037,5667198
croatian,Mikic,0.0275733,5667198,5689674
croatian,Miklecic,0.00563997,5689674,5694272
croatian,Mikulandra,0.011768,5694272,5703865
croatian,Mikulcic,0.00895519,5703865,5711165
croatian,Mikulec,0.00602286,5711165,5716075
croatian,Milas,0.0102665,5716075,5724444
croatian,Milatic,0.0138221,5724444,5735711
croatian,Miletic,0.0121462,5735711,5745612
croatian,Milevoj,0.00505994,5745612,5749737
croatian,Milicic,0.0049069,5749737,5753738
croatian,Milina,0.073794,5753738,5813888
croatian,Miloslavic,0.00905511,5813888,5821270
croatian,Milotic,0.0152894,5821270,5833733
croatian,Milovac,0.0057468,5833733,5838418
croatian,Mimica,0.00511524,5838418,5842588
croatian,Miocic,0.0121855,5842588,5852521
croatian,Mirosavljevic,0.00627692,5852521,5857638
croatian,Mirt,0.00510965,5857638,5861804
croatian,Misak,0.00478307,5861804,5865704
croatian,Mise,0.0172466,5865704,5879763
croatian,Miskovic,0.0444471,5879763,5915992
croatian,Mocibob,0.00734578,5915992,5921980
croatian,Modric,0.0106584,5921980,5930669
croatian,Mofardin,0.0196412,5930669,5946679
croatian,Moric,0.0658117,5946679,6000322
croatian,Moscarda,0.00492225,6000322,6004335
croatian,Moslavac,0.00692038,6004335,6009977
croatian,Mraovic,0.00939245,6009977,6017634
croatian,Mudri,0.00588887,6017634,6022435
croatian,Mudronja,0.00524775,6022435,6026713
croatian,Muscet,0.0224617,6026713,6045022
croatian,Mustac,0.00954914,6045022,6052806
croatian,Mustapic,0.0104027,6052806,6061286
croatian,Muzic,0.013037,6061286,6071913
croatian,Muzina,0.0109909,6071913,6080873
croatian,Nacinovic,0.00807681,6080873,6087457
croatian,Nakic,0.00549767,6087457,6091939
croatian,Nedic,0.0105147,6091939,6100510
croatian,Nikolic,0.0054072,6100510,6104918
croatian,Nimac,0.00903492,6104918,6112283
croatian,Nisevic,0.00653694,6112283,6117612
croatian,Nizetic,0.00733316,6117612,6123590
croatian,Norac,0.0581762,6123590,6171010
croatian,Novak,0.0715993,6171010,6229371
croatian,Novosel,0.00664586,6229371,6234789
croatian,Obradovic,0.0556466,6234789,6280147
croatian,Obratov,0.0266203,6280147,6301846
croatian,Odobasic,0.00500597,6301846,6305927
croatian,Orbanic,0.0346051,6305927,6334134
croatian,Oreskovic,0.00673808,6334134,6339627
croatian,Orlic,0.0330364,6339627,6366556
croatian,Orlovic,0.00561223,6366556,6371131
croatian,Orsolic,0.00878144,6371131,6378290
croatian,Orsos,0.0368202,6378290,6408303
croatian,Orsulic,0.00661575,6408303,6413696
croatian,Ozimec,0.00740958,6413696,6419736
croatian,Pajur,0.0174211,6419736,6433937
croatian,Palic,0.0136669,6433937,6445078
croatian,Pamic,0.009572,6445078,6452881
croatian,Panduric,0.0131765,6452881,6463622
croatian,Papak,0.00685478,6463622,6469210
croatian,Paparic,0.00915757,6469210,6476675
croatian,Paradi,0.0123052,6476675,6486706
croatian,Pavelic,0.00485651,6486706,6490666
croatian,Pavic,0.00699872,6490666,6496372
croatian,Pavicic,0.00521244,6496372,6500622
croatian,Pavin,0.0114496,6500622,6509955
croatian,Pavkovic,0.00798415,6509955,6516464
croatian,Pavlovic,0.00751431,6516464,6522590
croatian,Pecotic,0.00536321,6522590,6526963
croatian,Pecur,0.128483,6526963,6631689
croatian,Pedisic,0.00742249,6631689,6637740
croatian,Peharda,0.00518343,6637740,6641966
croatian,Penic,0.00755445,6641966,6648125
croatian,Perak,0.136979,6648125,6759776
croatian,Percic,0.0110857,6759776,6768813
croatian,Peric,0.00737115,6768813,6774822
croatian,Perisic,0.0062155,6774822,6779889
croatian,Perkov,0.00560534,6779889,6784459
croatian,Perkovic,0.00533843,6784459,6788811
croatian,Peros,0.00952639,6788811,6796577
croatian,Perusko,0.0125951,6796577,6806844
croatian,Pesa,0.00480241,6806844,6810759
croatian,Pesic,0.00562606,6810759,6815346
croatian,Petek,0.00866975,6815346,6822414
croatian,Peterlik,0.0104583,6822414,6830940
croatian,Petric,0.0066865,6830940,6836391
croatian,Petricevic,0.0247241,6836391,6856544
croatian,Petrovic,0.00579824,6856544,6861271
croatian,Pikec,0.00617245,6861271,6866303
croatian,Piljek,0.0139278,6866303,6877656
croatian,Pintaric,0.00789385,6877656,6884091
croatian,Plantak,0.0108674,6884091,6892950
croatian,Plantek,0.0169922,6892950,6906801
croatian,Plazanin,0.00812406,6906801,6913424
croatian,Plese,0.0399438,6913424,6945983
croatian,Pokas,0.0054263,6945983,6950407
croatian,Pokos,0.0129459,6950407,6960960
croatian,Polic,0.0123457,6960960,6971024
croatian,Poljak,0.00725849,6971024,6976941
croatian,Polonijo,0.0341974,6976941,7004816
croatian,Polovic,0.00612167,7004816,7009807
croatian,Pongrac,0.00493771,7009807,7013833
croatian,Popovic,0.0156263,7013833,7026571
croatian,Poropat,0.00909578,7026571,7033986
croatian,Poslon,0.00532001,7033986,7038323
croatian,Pozder,0.0116597,7038323,7047828
croatian,Pozega,0.0176903,7047828,7062248
croatian,Predovan,0.00795379,7062248,7068732
croatian,Prelec,0.0048866,7068732,7072716
croatian,Preocanin,0.019082,7072716,7088271
croatian,Pribanic,0.0050382,7088271,7092379
croatian,Priselac,0.00491712,7092379,7096388
croatian,Prpic,0.0100312,7096388,7104565
croatian,Prskalo,0.00545848,7104565,7109015
croatian,Prtenjaca,0.0334135,7109015,7136251
croatian,Puharic,0.00479755,7136251,7140162
croatian,Puljiz,0.0069874,7140162,7145858
croatian,Puskaric,0.00663579,7145858,7151268
croatian,Putinja,0.0105716,7151268,7159886
croatian,Radelic,0.00707908,7159886,7165657
croatian,Radenovic,0.049343,7165657,7205877
croatian,Radic,0.00626807,7205877,7210987
croatian,Radin,0.00828614,7210987,7217742
croatian,Radinovic,0.0139814,7217742,7229139
croatian,Radman,0.00735844,7229139,7235138
croatian,Radocaj,0.00649831,7235138,7240436
croatian,Radojkovic,0.0102934,7240436,7248827
croatian,Radolovic,0.0124276,7248827,7258958
croatian,Radosevic,0.0134659,7258958,7269935
croatian,Radovic,0.0048615,7269935,7273899
croatian,Raguz,0.00547148,7273899,7278360
croatian,Rahija,0.0112479,7278360,7287529
croatian,Rajcic,0.00985633,7287529,7295564
croatian,Rajn,0.0186597,7295564,7310774
croatian,Rakela,0.00780581,7310774,7317137
croatian,Rakuljic,0.00576872,7317137,7321840
croatian,Raljevic,0.00671734,7321840,7327316
croatian,Raseta,0.00686562,7327316,7332913
croatian,Rasic,0.00544556,7332913,7337353
croatian,Raspor,0.172427,7337353,7477898
croatian,Rastija,0.00636708,7477898,7483089
croatian,Razov,0.00978348,7483089,7491064
croatian,Rebic,0.0168272,7491064,7504781
croatian,Rendulic,0.0109598,7504781,7513715
croatian,Resanovic,0.0058583,7513715,7518491
croatian,Ribaric,0.00701007,7518491,7524206
croatian,Ribic,0.00744847,7524206,7530278
croatian,Ribicic,0.0251189,7530278,7550753
croatian,Ricko,0.00523592,7550753,7555022
croatian,Rijetkovic,0.012265,7555022,7565020
croatian,Risek,0.00493254,7565020,7569041
croatian,Ritosa,0.00836994,7569041,7575864
croatian,Roca,0.0159805,7575864,7588891
croatian,Roce,0.00645075,7588891,7594150
croatian,Rogosic,0.019191,7594150,7609793
croatian,Rojnic,0.00657608,7609793,7615154
croatian,Roso,0.0068225,7615154,7620716
croatian,Rubesa,0.238495,7620716,7815112
croatian,Rubinic,0.00545201,7815112,7819557
croatian,Rukavina,0.00746153,7819557,7825640
croatian,Rumora,0.0204894,7825640,7842342
croatian,Sabljak,0.00550426,7842342,7846829
croatian,Sabol,0.0948412,7846829,7924134
croatian,Sakac,0.0132238,7924134,7934914
croatian,Salic,0.0143126,7934914,7946581
croatian,Salopek,0.0170761,7946581,7960501
croatian,Santic,0.078674,7960501,8024628
croatian,Sardelic,0.00849053,8024628,8031550
croatian,Sargac,0.00752764,8031550,8037687
croatian,Saric,0.00503279,8037687,8041790
croatian,Sarlija,0.00558479,8041790,8046343
croatian,Sedlar,0.0231069,8046343,8065178
croatian,Segovic,0.0106877,8065178,8073890
croatian,Selendic,0.00555092,8073890,8078416
croatian,Semialjac,0.0227791,8078416,8096984
croatian,Senicic,0.00739672,8096984,8103014
croatian,Separovic,0.0813987,8103014,8169362
croatian,Sersic,0.0057323,8169362,8174035
croatian,Sestak,0.0210122,8174035,8191163
croatian,Sestan,0.0150949,8191163,8203468
croatian,Sever,0.0053139,8203468,8207800
croatian,Sibalic,0.0076362,8207800,8214025
croatian,Sikiric,0.00790874,8214025,8220472
croatian,Simara,0.00477346,8220472,8224364
croatian,Simic,0.0118047,8224364,8233987
croatian,Simicic,0.0110223,8233987,8242972
croatian,Simunic,0.00678,8242972,8248499
croatian,Simunovic,0.0162771,8248499,8261767
croatian,Sinkovic,0.0214246,8261767,8279231
croatian,Sinozic,0.00704439,8279231,8284974
croatian,Sipek,0.0323104,8284974,8311311
croatian,Sipic,0.0085257,8311311,8318261
croatian,Sirotic,0.0082042,8318261,8324949
croatian,Situm,0.017875,8324949,8339520
croatian,Skara,0.00517767,8339520,8343741
croatian,Skoda,0.0309605,8343741,8368978
croatian,Skrlin,0.00571787,8368978,8373640
croatian,Skrnicki,0.0109288,8373640,8382549
croatian,Skrtic,0.00591202,8382549,8387369
croatian,Skugor,0.00783491,8387369,8393756
croatian,Skunca,0.00803018,8393756,8400302
croatian,Skupnjak,0.00865144,8400302,8407355
croatian,Sladonja,0.0212851,8407355,8424705
croatian,Slavica,0.0050819,8424705,8428848
croatian,Smokovic,0.0175098,8428848,8443121
croatian,Smolic,0.00599072,8443121,8448005
croatian,Sobota,0.00694256,8448005,8453665
croatian,Sokac,0.00553082,8453665,8458174
croatian,Sokcevic,0.0202387,8458174,8474671
croatian,Sokic,0.00759508,8474671,8480863
croatian,Sokol,0.00634881,8480863,8486039
croatian,Soldo,0.00773412,8486039,8492344
croatian,Solomun,0.00480727,8492344,8496263
croatian,Soric,0.00613007,8496263,8501261
croatian,Sosic,0.0113477,8501261,8510511
croatian,Sostaric,0.0417426,8510511,8544536
croatian,Spika,0.00702147,8544536,8550260
croatian,Spisic,0.00697613,8550260,8555947
croatian,Spoljaric,0.0218556,8555947,8573762
croatian,Spralja,0.00766389,8573762,8580010
croatian,Srsen,0.00730808,8580010,8585968
croatian,Stancin,0.0255281,8585968,8606777
croatian,Stanic,0.00705591,8606777,8612529
croatian,Stanicic,0.0167461,8612529,8626180
croatian,Starcevic,0.0187633,8626180,8641475
croatian,Stefanec,0.00570353,8641475,8646125
croatian,Stefovic,0.0106004,8646125,8654766
croatian,Stifanic,0.00577607,8654766,8659475
croatian,Stimac,0.00526561,8659475,8663768
croatian,Stipanovic,0.00590428,8663768,8668582
croatian,Stiperski,0.0306425,8668582,8693559
croatian,Stojanov,0.0110539,8693559,8702570
croatian,Stojcevic,0.00689836,8702570,8708194
croatian,Stojnic,0.0183565,8708194,8723157
croatian,Stolnik,0.00971183,8723157,8731074
croatian,Stosic,0.0437345,8731074,8766723
croatian,Strazicic,0.00618959,8766723,8771769
croatian,Strbac,0.00911627,8771769,8779201
croatian,Strinavic,0.00993042,8779201,8787296
croatian,Strljic,0.00616392,8787296,8792321
croatian,Stupalo,0.0512593,8792321,8834103
croatian,Sturlan,0.00567508,8834103,8838730
croatian,Sunjic,0.00714964,8838730,8844559
croatian,Supraha,0.00856121,8844559,8851538
croatian,Surac,0.00831943,8851538,8858320
croatian,Suran,0.00669674,8858320,8863779
croatian,Surbek,0.0080612,8863779,8870351
croatian,Surina,0.0158367,8870351,8883260
croatian,Sverko,0.0161273,8883260,8896406
croatian,Svetlicic,0.00505448,8896406,8900527
croatian,Tepes,0.0102397,8900527,8908874
croatian,Terlevic,0.00684398,8908874,8914453
croatian,Terzic,0.00613849,8914453,8919457
croatian,Tesija,0.00585072,8919457,8924227
croatian,Tisaj,0.0229417,8924227,8942928
croatian,Toic,0.00584316,8942928,8947692
croatian,Tolj,0.00494288,8947692,8951722
croatian,Tomic,0.0502806,8951722,8992706
croatian,Tomicic,0.00625924,8992706,8997809
croatian,Tomljanovic,0.00593539,8997809,9002648
croatian,Tonc,0.0096882,9002648,9010546
croatian,Topic,0.00599872,9010546,9015437
croatian,Totic,0.0101343,9015437,9023698
croatian,Trbovic,0.0103752,9023698,9032156
croatian,Trgovcic,0.00861509,9032156,9039179
croatian,Triplat,0.00488156,9039179,9043159
croatian,Trnski,0.00662576,9043159,9048561
croatian,Trutanic,0.00833619,9048561,9055357
croatian,Tuda,0.00948127,9055357,9063086
croatian,Tudic,0.00576139,9063086,9067783
croatian,Tudor,0.0134167,9067783,9078720
croatian,Tuksar,0.0082696,9078720,9085461
croatian,Turcinov,0.00535699,9085461,9089828
croatian,Turina,0.0215661,9089828,9107407
croatian,Turk,0.0164301,9107407,9120800
croatian,Turudic,0.00566098,9120800,9125415
croatian,Tusek,0.00845568,9125415,9132308
croatian,Tuskan,0.210825,9132308,9304150
croatian,Ugrinic,0.0048665,9304150,9308118
croatian,Ukic,0.0165864,9308118,9321638
croatian,Urlic,0.00483668,9321638,9325581
croatian,Usic,0.00943663,9325581,9333274
croatian,Vaci,0.00670702,9333274,9338742
croatian,Valentic,0.00729561,9338742,9344690
croatian,Valjetic,0.0060554,9344690,9349627
croatian,Varga,0.00530174,9349627,9353949
croatian,Veic,0.0141448,9353949,9365479
croatian,Vela,0.00859705,9365479,9372487
croatian,Vidakovic,0.00487653,9372487,9376463
croatian,Vidas,0.0467513,9376463,9414571
croatian,Vidov,0.0165079,9414571,9428027
croatian,Vidovic,0.0115187,9428027,9437417
croatian,Viljevac,0.00638546,9437417,9442623
croatian,Vincetic,0.00529568,9442623,9446940
croatian,Vitasovic,0.0338003,9446940,9474491
croatian,Vizintin,0.00482192,9474491,9478422
croatian,Vladislavic,0.00614694,9478422,9483433
croatian,Vlasic,0.0120299,9483433,9493239
croatian,Vojkovic,0.00489166,9493239,9497227
croatian,Volarevic,0.00519499,9497227,9501462
croatian,Volaric,0.00564695,9501462,9506066
croatian,Vorkapic,0.00601479,9506066,9510970
croatian,Vozila,0.00983191,9510970,9518985
croatian,Vrabelj,0.00541992,9518985,9523404
croatian,Vranic,0.00580567,9523404,9528137
croatian,Vrban,0.00598274,9528137,9533014
croatian,Vretenar,0.146854,9533014,9652714
croatian,Vrhovec,0.00857909,9652714,9659708
croatian,Vucetic,0.0064602,9659708,9664975
croatian,Vucin,0.0625,9664975,9715919
croatian,Vuckovic,0.00711416,9715919,9721719
croatian,Vugdelija,0.00926268,9721719,9729270
croatian,Vugec,0.005633,9729270,9733862
croatian,Vuk,0.00520661,9733862,9738107
croatian,Vukman,0.0135155,9738107,9749124
croatian,Vukobratovic,0.00651756,9749124,9754437
croatian,Vukovic,0.0061982,9754437,9759490
croatian,Vukusic,0.00632164,9759490,9764644
croatian,Vuljak,0.00506541,9764644,9768774
croatian,Zabjacan,0.00959499,9768774,9776596
croatian,Zagar,0.0131297,9776596,9787299
croatian,Zakinja,0.0146621,9787299,9799251
croatian,Zanoski,0.00799943,9799251,9805772
croatian,Zeba,0.0595411,9805772,9854304
croatian,Zebec,0.00481703,9854304,9858231
croatian,Zelic,0.00885772,9858231,9865452
croatian,Zerjav,0.00792369,9865452,9871912
croatian,Zezelic,0.00667629,9871912,9877355
croatian,Zgorelec,0.00583562,9877355,9882113
croatian,Zic,0.0278236,9882113,9904793
croatian,Zikovic,0.014427,9904793,9916553
croatian,Zivic,0.00487151,9916553,9920525
croatian,Zivkovic,0.00499533,9920525,9924598
croatian,Zmaic,0.00556441,9924598,9929135
croatian,Zrilic,0.00489673,9929135,9933127
croatian,Zrinski,0.00648874,9933127,9938417
croatian,Zubcic,0.0050274,9938417,9942516
croatian,Zufika,0.00609663,9942516,9947486
croatian,Zugec,0.00491201,9947486,9951491
croatian,Zunec,0.00693145,9951491,9957142
croatian,Zupanic,0.0373023,9957142,9987548
croatian,Zuvela,0.00478788,9987548,9991452
croatian,Zuzic,0.0104864,9991452,10000000
spanish,Abad,0.00568216,0,4273
spanish,Abascal,0.00559162,4273,8478
spanish,Abella,0.00467975,8478,11997
spanish,Abellan,0.0206173,11997,27499
spanish,Abril,0.00490181,27499,31185
spanish,Acedo,0.00743546,31185,36776
spanish,Acero,0.00569638,36776,41060
spanish,Acevedo,0.0089355,41060,47779
spanish,Acosta,0.00409957,47779,50862
spanish,Acuna,0.00930549,50862,57859
spanish,Adadia,0.00750104,57859,63500
spanish,Adan,0.00495849,63500,67229
spanish,Aguado,0.00394326,67229,70195
spanish,Agudo,0.0568798,70195,112961
spanish,Aguila,0.00533843,112961,116976
spanish,Aguilar,0.0149059,116976,128184
spanish,Aguilera,0.00471207,128184,131728
spanish,Aguilo,0.00436614,131728,135012
spanish,Aguirre,0.00675897,135012,140095
spanish,Agullo,0.00767782,140095,145868
spanish,Agusti,0.00465243,145868,149367
spanish,Agustin,0.00466604,149367,152876
spanish,Alamo,0.0237954,152876,170767
spanish,Alarcon,0.00471673,170767,174314
spanish,Alba,0.00697613,174314,179560
spanish,Alberdi,0.00489673,179560,183243
spanish,Albero,0.0101867,183243,190903
spanish,Alberola,0.00663579,190903,195893
spanish,Alberto,0.004374,195893,199183
spanish,Alcala,0.0113815,199183,207741
spanish,Alcalde,0.0417426,207741,239126
spanish,Alcantara,0.00964134,239126,246376
spanish,Alcaraz,0.00919929,246376,253293
spanish,Alcazar,0.0111499,253293,261677
spanish,Alcolea,0.00423727,261677,264864
spanish,Alegre,0.0117317,264864,273685
spanish,Alegria,0.0203632,273685,288996
spanish,Aleman,0.0101343,288996,296616
spanish,Alemany,0.00593539,296616,301079
spanish,Alfaro,0.009572,301079,308277
spanish,Alfonso,0.0251189,308277,327163
spanish,Aliaga,0.00863323,327163,333655
spanish,Aller,0.00505994,333655,337460
spanish,Almagro,0.00812406,337460,343569
spanish,Almansa,0.00564695,343569,347816
spanish,Almazan,0.00880037,347816,354433
spanish,Almeida,0.00438189,354433,357728
spanish,Alonso,0.00474491,357728,361296
spanish,Alsina,0.00856121,361296,367734
spanish,Alvarado,0.0875436,367734,433554
spanish,Alvarez,0.00475913,433554,437133
spanish,Alvaro,0.00722179,437133,442564
spanish,Amador,0.00738391,442564,448117
spanish,Amat,0.00660578,448117,453085
spanish,Amaya,0.00774834,453085,458912
spanish,Amigo,0.00390016,458912,461845
spanish,Amo,0.00633973,461845,466612
spanish,Amor,0.00459447,466612,470067
spanish,Amores,0.0268516,470067,490256
spanish,Amoros,0.00576139,490256,494589
spanish,Anaya,0.00425199,494589,497787
spanish,Andrade,0.00392774,497787,500741
spanish,Andres,0.00427802,500741,503958
spanish,Andreu,0.00561913,503958,508184
spanish,Angel,0.00585072,508184,512584
spanish,Anglada,0.0049069,512584,516274
spanish,Anguita,0.0595411,516274,561040
spanish,Angulo,0.00427428,561040,564255
spanish,Anton,0.00562606,564255,568486
spanish,Antunez,0.00461657,568486,571958
spanish,Aparicio,0.0048866,571958,575633
spanish,Aragon,0.00684398,575633,580780
spanish,Aragones,0.00415483,580780,583905
spanish,Aramburu,0.0136669,583905,594181
spanish,Arana,0.00817193,594181,600326
spanish,Aranda,0.00414434,600326,603443
spanish,Araujo,0.00702147,603443,608723
spanish,Arce,0.00440574,608723,612036
spanish,Arco,0.00777696,612036,617884
spanish,Arcos,0.0625,617884,664875
spanish,Arellano,0.0194132,664875,679472
spanish,Arenas,0.00625043,679472,684172
spanish,Arevalo,0.0066865,684172,689200
spanish,Arias,0.019082,689200,703548
spanish,Arino,0.00752764,703548,709209
spanish,Ariza,0.0116597,709209,717976
spanish,Arjona,0.00499003,717976,721729
spanish,Armas,0.0106293,721729,729722
spanish,Armengol,0.00599072,729722,734227
spanish,Arnaiz,0.00498474,734227,737976
spanish,Arnal,0.00598274,737976,742475
spanish,Arnau,0.00766389,742475,748238
spanish,Aroca,0.00597479,748238,752731
spanish,Arranz,0.00420818,752731,755896
spanish,Arregui,0.0338003,755896,781309
spanish,Arribas,0.00703291,781309,786598
spanish,Arrieta,0.00517767,786598,790492
spanish,Arroyo,0.00667629,790492,795513
spanish,Arteaga,0.0196412,795513,810281
spanish,Artigas,0.00755445,810281,815962
spanish,Asenjo,0.00430062,815962,819196
spanish,Asensio,0.012469,819196,828572
spanish,Atienza,0.00690935,828572,833768
spanish,Avila,0.00600674,833768,838285
spanish,Aviles,0.0054911,838285,842414
spanish,Ayala,0.0055442,842414,846583
spanish,Ayllon,0.0109909,846583,854847
spanish,Ayuso,0.00528963,854847,858825
spanish,Azcona,0.00410981,858825,861916
spanish,Aznar,0.0128118,861916,871549
spanish,Azorin,0.00447496,871549,874914
spanish,Badia,0.00400674,874914,877927
spanish,Baena,0.00625924,877927,882634
spanish,Baez,0.00501666,882634,886407
spanish,Baeza,0.00557798,886407,890602
spanish,Balaguer,0.00720965,890602,896024
spanish,Ballester,0.0104583,896024,903888
spanish,Ballesteros,0.00710242,903888,909229
spanish,Banos,0.00901484,909229,916008
spanish,Baquero,0.0165864,916008,928479
spanish,Barba,0.00796894,928479,934471
spanish,Barbera,0.00440975,934471,937787
spanish,Barbero,0.00454667,937787,941206
spanish,Barcelo,0.0109288,941206,949424
spanish,Barcena,0.00717351,949424,954818
spanish,Barco,0.00470742,954818,958358
spanish,Baro,0.00769181,958358,964142
spanish,Baron,0.0373023,964142,992188
spanish,Barragan,0.00609663,992188,996773
spanish,Barral,0.00608833,996773,1001351
spanish,Barranco,0.00405255,1001351,1004399
spanish,Barreda,0.00787902,1004399,1010324
spanish,Barrena,0.00417954,1010324,1013467
spanish,Barrera,0.00561223,1013467,1017688
spanish,Barriga,0.00398745,1017688,1020687
spanish,Barrio,0.00469354,1020687,1024217
spanish,Barrios,0.00416186,1024217,1027347
spanish,Barros,0.00854341,1027347,1033771
spanish,Barroso,0.0068874,1033771,1038950
spanish,Bartolome,0.00643194,1038950,1043787
spanish,Bas,0.00425939,1043787,1046990
spanish,Bastida,0.0451863,1046990,1080964
spanish,Batalla,0.00488156,1080964,1084635
spanish,Batlle,0.0164301,1084635,1096989
spanish,Bautista,0.00495327,1096989,1100714
spanish,Bauza,0.00727082,1100714,1106182
spanish,Bayo,0.00661575,1106182,1111157
spanish,Bayon,0.0171609,1111157,1124060
spanish,Bayona,0.00716155,1124060,1129445
spanish,Becerra,0.00524775,1129445,1133391
spanish,Bejarano,0.0211477,1133391,1149292
spanish,Belda,0.00518343,1149292,1153190
spanish,Bellido,0.00507639,1153190,1157008
spanish,Bello,0.00889642,1157008,1163698
spanish,Belmonte,0.013037,1163698,1173501
spanish,Beltran,0.0126808,1173501,1183036
spanish,Benavent,0.00399386,1183036,1186040
spanish,Benavente,0.00435832,1186040,1189318
spanish,Benavides,0.0275733,1189318,1210050
spanish,Benet,0.00845568,1210050,1216408
spanish,Benitez,0.00493771,1216408,1220121
spanish,Benito,0.0106004,1220121,1228092
spanish,Berenguer,0.00484657,1228092,1231737
spanish,Bermejo,0.00396838,1231737,1234722
spanish,Bermudez,0.275946,1234722,1442190
spanish,Bernad,0.00504361,1442190,1445983
spanish,Bernal,0.0330364,1445983,1470822
spanish,Bernat,0.0150949,1470822,1482172
spanish,Berrocal,0.0363519,1482172,1509504
spanish,Bertran,0.0658117,1509504,1558985
spanish,Bilbao,0.00959499,1558985,1566200
spanish,Blanca,0.00452107,1566200,1569600
spanish,Blanch,0.0057468,1569600,1573922
spanish,Blanco,0.00686562,1573922,1579085
spanish,Blanes,0.00389712,1579085,1582016
spanish,Blasco,0.0058583,1582016,1586422
spanish,Blazquez,0.078674,1586422,1645573
spanish,Boada,0.0048615,1645573,1649229
spanish,Boix,0.00454238,1649229,1652645
spanish,Bolanos,0.00407927,1652645,1655713
spanish,Bonet,0.0210122,1655713,1671512
spanish,Bonilla,0.00425569,1671512,1674713
spanish,Borja,0.0046706,1674713,1678226
spanish,Borras,0.00493254,1678226,1681935
spanish,Borrego,0.00424094,1681935,1685125
spanish,Borrell,0.0437345,1685125,1718007
spanish,Bosch,0.00795379,1718007,1723988
spanish,Botella,0.0096882,1723988,1731273
spanish,Bou,0.00577607,1731273,1735617
spanish,Bravo,0.0061982,1735617,1740278
spanish,Briones,0.0177821,1740278,1753648
spanish,Bru,0.0141448,1753648,1764284
spanish,Buendia,0.00414086,1764284,1767398
spanish,Bueno,0.00937054,1767398,1774444
spanish,Burgos,0.00514908,1774444,1778316
spanish,Busquets,0.00666611,1778316,1783329
spanish,Bustamante,0.00604723,1783329,1787877
spanish,Bustos,0.00566098,1787877,1792134
spanish,Caballero,0.00462548,1792134,1795613
spanish,Cabanas,0.00428929,1795613,1798839
spanish,Cabanillas,0.0100824,1798839,1806420
spanish,Cabello,0.0212851,1806420,1822424
spanish,Cabeza,0.00477826,1822424,1826017
spanish,Cabezas,0.011768,1826017,1834866
spanish,Cabo,0.00437007,1834866,1838153
spanish,Cabrera,0.00735844,1838153,1843686
spanish,Cabrero,0.00545848,1843686,1847791
spanish,Caceres,0.0341974,1847791,1873503
spanish,Cadenas,0.00580567,1873503,1877869
spanish,Cal,0.0180642,1877869,1891451
spanish,Calatayud,0.00419023,1891451,1894602
spanish,Calderon,0.00394015,1894602,1897565
spanish,Calleja,0.00433889,1897565,1900828
spanish,Calvet,0.00433118,1900828,1904085
spanish,Calvo,0.00416891,1904085,1907220
spanish,Calzada,0.0102131,1907220,1914900
spanish,Camacho,0.0224617,1914900,1931789
spanish,Camara,0.00642258,1931789,1936619
spanish,Camino,0.00450838,1936619,1940010
spanish,Campillo,0.00887702,1940010,1946685
spanish,Campo,0.00527759,1946685,1950654
spanish,Campos,0.00733316,1950654,1956168
spanish,Campoy,0.00521244,1956168,1960088
spanish,Camps,0.0113477,1960088,1968621
spanish,Canales,0.00424462,1968621,1971813
spanish,Canals,0.0152894,1971813,1983309
spanish,Canas,0.00983191,1983309,1990702
spanish,Canellas,0.00445845,1990702,1994055
spanish,Canet,0.00482192,1994055,1997681
spanish,Canete,0.00397154,1997681,2000668
spanish,Canizares,0.00551088,2000668,2004812
spanish,Cano,0.0160535,2004812,2016883
spanish,Canovas,0.0057323,2016883,2021194
spanish,Cantero,0.00654667,2021194,2026117
spanish,Canton,0.00508742,2026117,2029943
spanish,Caparros,0.0173333,2029943,2042976
spanish,Capdevila,0.00389106,2042976,2045902
spanish,Carbajo,0.00412354,2045902,2049003
spanish,Carballo,0.00416538,2049003,2052136
spanish,Carbo,0.00665597,2052136,2057141
spanish,Carbonell,0.0120684,2057141,2066215
spanish,Cardenas,0.00838693,2066215,2072522
spanish,Cardona,0.0080612,2072522,2078584
spanish,Carlos,0.00818803,2078584,2084741
spanish,Carmona,0.00822044,2084741,2090922
spanish,Carnero,0.00547148,2090922,2095037
spanish,Caro,0.00421904,2095037,2098210
spanish,Carpio,0.00747465,2098210,2103831
spanish,Carranza,0.00474964,2103831,2107403
spanish,Carrasco,0.00651756,2107403,2112304
spanish,Carreno,0.00467517,2112304,2115820
spanish,Carrera,0.0058206,2115820,2120197
spanish,Carreras,0.0046077,2120197,2123662
spanish,Carretero,0.0140898,2123662,2134256
spanish,Carrillo,0.00403934,2134256,2137294
spanish,Carrion,0.00576872,2137294,2141632
spanish,Carro,0.00494807,2141632,2145353
spanish,Carvajal,0.189465,2145353,2287801
spanish,Casado,0.00581312,2287801,2292173
spanish,Casal,0.00487653,2292173,2295840
spanish,Casals,0.00448326,2295840,2299212
spanish,Casanova,0.00536321,2299212,2303245
spanish,Casanovas,0.0150313,2303245,2314547
spanish,Casares,0.00995539,2314547,2322033
spanish,Casas,0.00932706,2322033,2329046
spanish,Cases,0.00770585,2329046,2334841
spanish,Castaneda,0.00473077,2334841,2338399
spanish,Castejon,0.00429306,2338399,2341628
spanish,Castell,0.0104304,2341628,2349471
spanish,Castellanos,0.00765001,2349471,2355224
spanish,Castello,0.00973558,2355224,2362545
spanish,Castells,0.0143695,2362545,2373350
spanish,Castilla,0.00913687,2373350,2380220
spanish,Castillo,0.0135155,2380220,2390383
spanish,Castrillo,0.00516619,2390383,2394268
spanish,Castro,0.0312859,2394268,2417791
spanish,Catala,0.00728319,2417791,2423268
spanish,Catalan,0.00505448,2423268,2427069
spanish,Cazorla,0.00543271,2427069,2431155
spanish,Cepeda,0.0163532,2431155,2443451
spanish,Cerda,0.00413045,2443451,2446557
spanish,Cerdan,0.00543913,2446557,2450647
spanish,Cerezo,0.00497946,2450647,2454392
spanish,Cerro,0.0069874,2454392,2459646
spanish,Cervantes,0.0172466,2459646,2472614
spanish,Cervera,0.00496895,2472614,2476351
spanish,Cespedes,0.00438981,2476351,2479652
spanish,Chacon,0.024343,2479652,2497955
spanish,Chamorro,0.00792369,2497955,2503913
spanish,Chaparro,0.00446257,2503913,2507269
spanish,Chaves,0.00939245,2507269,2514332
spanish,Checa,0.00530781,2514332,2518324
spanish,Chico,0.00638546,2518324,2523126
spanish,Cid,0.00613007,2523126,2527736
spanish,Cifuentes,0.00402623,2527736,2530764
spanish,Cisneros,0.00659585,2530764,2535724
spanish,Clavero,0.00465696,2535724,2539226
spanish,Clemente,0.0217098,2539226,2555549
spanish,Cobo,0.00575409,2555549,2559876
spanish,Cobos,0.00587354,2559876,2564293
spanish,Coca,0.00456392,2564293,2567725
spanish,Codina,0.00474018,2567725,2571290
spanish,Coello,0.00408601,2571290,2574363
spanish,Coll,0.00432733,2574363,2577617
spanish,Collado,0.00549767,2577617,2581751
spanish,Colom,0.00444616,2581751,2585095
spanish,Coloma,0.0039032,2585095,2588031
spanish,Colomer,0.00413738,2588031,2591143
spanish,Comas,0.00704439,2591143,2596440
spanish,Company,0.0110857,2596440,2604776
spanish,Conde,0.00394951,2604776,2607746
spanish,Conesa,0.0135655,2607746,2617946
spanish,Contreras,0.00483175,2617946,2621580
spanish,Corbacho,0.00453383,2621580,2624990
spanish,Cordero,0.0119917,2624990,2634007
spanish,Cordoba,0.00417599,2634007,2637148
spanish,Cornejo,0.00917838,2637148,2644050
spanish,Corominas,0.00449998,2644050,2647434
spanish,Coronado,0.00709073,2647434,2652766
spanish,Corral,0.00978348,2652766,2660123
spanish,Correa,0.00439378,2660123,2663427
spanish,Cortes,0.00874385,2663427,2670002
spanish,Cortina,0.00683323,2670002,2675141
spanish,Costa,0.00870662,2675141,2681688
spanish,Cozar,0.0063947,2681688,2686497
spanish,Crespi,0.0045726,2686497,2689936
spanish,Crespo,0.00523592,2689936,2693874
spanish,Criado,0.0423835,2693874,2725741
spanish,Cruz,0.0761462,2725741,2782992
spanish,Cuadrado,0.210825,2782992,2941500
spanish,Cuellar,0.00510407,2941500,2945338
spanish,Cuenca,0.00694256,2945338,2950559
spanish,Cuervo,0.00739672,2950559,2956121
spanish,Cuesta,0.0103205,2956121,2963881
spanish,Cueto,0.00868814,2963881,2970414
spanish,Cuevas,0.00602286,2970414,2974943
spanish,Dalmau,0.00891591,2974943,2981647
spanish,Davila,0.00431202,2981647,2984890
spanish,Daza,0.0139278,2984890,2995363
spanish,Delgado,0.00588887,2995363,2999791
spanish,Diaz,0.00607181,2999791,3004357
spanish,Diego,0.00437794,3004357,3007650
spanish,Dieguez,0.00461213,3007650,3011119
spanish,Diez,0.00591202,3011119,3015565
spanish,Domenech,0.0103477,3015565,3023346
spanish,Domingo,0.00591979,3023346,3027798
spanish,Dominguez,0.00679057,3027798,3032904
spanish,Donaire,0.00459007,3032904,3036356
spanish,Donoso,0.0695462,3036356,3088645
spanish,Duarte,0.00515477,3088645,3092522
spanish,Duenas,0.0111824,3092522,3100930
spanish,Duque,0.00616392,3100930,3105565
spanish,Duran,0.00909578,3105565,3112405
spanish,Echevarria,0.00961811,3112405,3119637
spanish,Echeverria,0.0484438,3119637,3156060
spanish,Egea,0.00712594,3156060,3161419
spanish,Elias,0.00571069,3161419,3165714
spanish,Elorza,0.0040295,3165714,3168745
spanish,Enriquez,0.00850807,3168745,3175143
spanish,Escalona,0.00418309,3175143,3178289
spanish,Escamilla,0.00836994,3178289,3184583
spanish,Escobar,0.00719756,3184583,3189995
spanish,Escolano,0.0168272,3189995,3202647
spanish,Escribano,0.0220036,3202647,3219191
spanish,Escriva,0.00941448,3219191,3226270
spanish,Escudero,0.00897497,3226270,3233019
spanish,Espada,0.00532613,3233019,3237024
spanish,Espana,0.003879,3237024,3239941
spanish,Espanol,0.00476867,3239941,3243527
spanish,Esparza,0.0145435,3243527,3254462
spanish,Espejo,0.00450418,3254462,3257849
spanish,Espinosa,0.00494288,3257849,3261566
spanish,Esteban,0.00525964,3261566,3265521
spanish,Esteve,0.0326689,3265521,3290084
spanish,Estevez,0.00422996,3290084,3293265
spanish,Estrada,0.00678,3293265,3298363
spanish,Exposito,0.00480241,3298363,3301975
spanish,Fabra,0.0159805,3301975,3313991
spanish,Fabregas,0.00954914,3313991,3321171
spanish,Fabregat,0.00411666,3321171,3324267
spanish,Fajardo,0.00503279,3324267,3328052
spanish,Falco,0.0102934,3328052,3335792
spanish,Falcon,0.0134167,3335792,3345880
spanish,Farre,0.00789385,3345880,3351816
spanish,Feijoo,0.0132714,3351816,3361795
spanish,Feliu,0.0121462,3361795,3370928
spanish,Fernandez,0.00618959,3370928,3375583
spanish,Ferran,0.00546497,3375583,3379693
spanish,Ferrandez,0.0207471,3379693,3395293
spanish,Ferrandiz,0.00776262,3395293,3401130
spanish,Ferrando,0.00646968,3401130,3405995
spanish,Ferrer,0.00395264,3405995,3408968
spanish,Ferrera,0.0184564,3408968,3422845
spanish,Ferreras,0.00849053,3422845,3429230
spanish,Ferrero,0.0273279,3429230,3449777
spanish,Figueras,0.00711416,3449777,3455127
spanish,Figueroa,0.0107469,3455127,3463208
spanish,Figuerola,0.073794,3463208,3518690
spanish,Fiol,0.00409617,3518690,3521771
spanish,Flor,0.00482683,3521771,3525401
spanish,Flores,0.0183565,3525401,3539203
spanish,Folch,0.00594322,3539203,3543672
spanish,Fonseca,0.0104027,3543672,3551494
spanish,Font,0.00578344,3551494,3555843
spanish,Fortuny,0.00433503,3555843,3559103
spanish,Franch,0.0459538,3559103,3593654
spanish,Francisco,0.00613849,3593654,3598270
spanish,Franco,0.00695371,3598270,3603499
spanish,Frias,0.0174211,3603499,3616598
spanish,Frutos,0.00392158,3616598,3619547
spanish,Fuente,0.00555092,3619547,3623721
spanish,Fuentes,0.0255281,3623721,3642915
spanish,Fuertes,0.00809249,3642915,3649000
spanish,Fuster,0.0114154,3649000,3657584
spanish,Gabaldon,0.00560534,3657584,3661799
spanish,Galan,0.00442585,3661799,3665128
spanish,Galiano,0.00481703,3665128,3668751
spanish,Galindo,0.00550426,3668751,3672890
spanish,Gallardo,0.0143126,3672890,3683652
spanish,Gallart,0.0119161,3683652,3692612
spanish,Gallego,0.00669674,3692612,3697648
spanish,Gallo,0.00656624,3697648,3702586
spanish,Galvan,0.00397789,3702586,3705578
spanish,Galvez,0.00485651,3705578,3709230
spanish,Gamez,0.00945889,3709230,3716343
spanish,Garate,0.00388502,3716343,3719265
spanish,Garay,0.00426682,3719265,3722474
spanish,Garces,0.00541355,3722474,3726545
spanish,Garcia,0.049343,3726545,3763644
spanish,Gargallo,0.00537569,3763644,3767687
spanish,Garmendia,0.0042483,3767687,3770882
spanish,Garrido,0.003873,3770882,3773795
spanish,Garriga,0.00481214,3773795,3777414
spanish,Garzon,0.00706747,3777414,3782729
spanish,Gascon,0.00448743,3782729,3786104
spanish,Gaya,0.00737115,3786104,3791647
spanish,Gelabert,0.0114496,3791647,3800256
spanish,Gibert,0.00436223,3800256,3803537
spanish,Gil,0.00629472,3803537,3808271
spanish,Gilabert,0.0249197,3808271,3827008
spanish,Gimenez,0.0157659,3827008,3838862
spanish,Gimeno,0.0119537,3838862,3847850
spanish,Giner,0.067621,3847850,3898691
spanish,Giralt,0.00440175,3898691,3902001
spanish,Giron,0.0087626,3902001,3908590
spanish,Girona,0.0231069,3908590,3925964
spanish,Gisbert,0.0204894,3925964,3941370
spanish,Godoy,0.00538825,3941370,3945422
spanish,Goicoechea,0.00905511,3945422,3952231
spanish,Gomez,0.0323104,3952231,3976524
spanish,Gomila,0.00388201,3976524,3979444
spanish,Gomis,0.0195265,3979444,3994126
spanish,Goni,0.00492739,3994126,3997832
spanish,Gonzalez,0.0100058,3997832,4005356
spanish,Gonzalo,0.00744847,4005356,4010957
spanish,Gordillo,0.0159082,4010957,4022918
spanish,Gracia,0.00395577,4022918,4025893
spanish,Granados,0.00831943,4025893,4032149
spanish,Grande,0.00520661,4032149,4036065
spanish,Gras,0.00492225,4036065,4039767
spanish,Grau,0.00399707,4039767,4042773
spanish,Gual,0.0128561,4042773,4052440
spanish,Guardia,0.00517192,4052440,4056329
spanish,Guardiola,0.00530174,4056329,4060316
spanish,Guerra,0.00865144,4060316,4066822
spanish,Guerrero,0.0108674,4066822,4074994
spanish,Guijarro,0.0641078,4074994,4123194
spanish,Guillen,0.0253216,4123194,4142233
spanish,Guitart,0.00475438,4142233,4145809
spanish,Gutierrez,0.00483668,4145809,4149446
spanish,Guzman,0.0146621,4149446,4160471
spanish,Haro,0.00526561,4160471,4164431
spanish,Heras,0.00396522,4164431,4167413
spanish,Heredia,0.00391236,4167413,4170355
spanish,Hernandez,0.00641326,4170355,4175178
spanish,Hernando,0.0948412,4175178,4246484
spanish,Herranz,0.0041201,4246484,4249583
spanish,Herrera,0.0154896,4249583,4261230
spanish,Herrero,0.00407591,4261230,4264295
spanish,Hervas,0.00415133,4264295,4267417
spanish,Hervia,0.0081559,4267417,4273550
spanish,Hidalgo,0.022154,4273550,4290207
spanish,Hierro,0.00599872,4290207,4294718
spanish,Higueras,0.014485,4294718,4305609
spanish,Hoyos,0.00572507,4305609,4309914
spanish,Hoz,0.0050819,4309914,4313736
spanish,Huerta,0.0126378,4313736,4323239
spanish,Huertas,0.0259527,4323239,4342752
spanish,Huguet,0.0148441,4342752,4353913
spanish,Hurtado,0.00566802,4353913,4358175
spanish,Ibanez,0.00479755,4358175,4361783
spanish,Ibarra,0.00634881,4361783,4366557
spanish,Iborra,0.00883851,4366557,4373203
spanish,Iglesia,0.00603908,4373203,4377744
spanish,Iglesias,0.054472,4377744,4418699
spanish,Infante,0.00398107,4418699,4421693
spanish,Iniesta,0.00664586,4421693,4426691
spanish,Iniguez,0.0058281,4426691,4431074
spanish,Iriarte,0.0100567,4431074,4438636
spanish,Isern,0.013616,4438636,4448874
spanish,Izaguirre,0.0112479,4448874,4457332
spanish,Izquierdo,0.0124276,4457332,4466677
spanish,Jaen,0.0050382,4466677,4470466
spanish,Jara,0.00399065,4470466,4473467
spanish,Jaume,0.00773412,4473467,4479283
spanish,Jauregui,0.0149683,4479283,4490538
spanish,Jerez,0.00516047,4490538,4494419
spanish,Jimenez,0.0214246,4494419,4510528
spanish,Jodar,0.00386703,4510528,4513436
spanish,Jorda,0.00452956,4513436,4516843
spanish,Jordan,0.0116241,4516843,4525583
spanish,Jove,0.00751431,4525583,4531234
spanish,Jover,0.00404264,4531234,4534274
spanish,Juan,0.00645075,4534274,4539125
spanish,Juarez,0.136979,4539125,4642113
spanish,Julia,0.0076362,4642113,4647855
spanish,Julian,0.0039093,4647855,4650795
spanish,Jurado,0.00513774,4650795,4654659
spanish,Lago,0.00810824,4654659,4660756
spanish,Laguna,0.0116956,4660756,4669550
spanish,Lamas,0.0049742,4669550,4673291
spanish,Landa,0.0186597,4673291,4687321
spanish,Lara,0.0358968,4687321,4714311
spanish,Larranaga,0.0405238,4714311,4744779
spanish,Larrea,0.0105716,4744779,4752728
spanish,Lasa,0.00544556,4752728,4756823
spanish,Lastra,0.0054072,4756823,4760889
spanish,Leal,0.00455097,4760889,4764312
spanish,Ledesma,0.00754102,4764312,4769983
spanish,Leiva,0.00463442,4769983,4773468
spanish,Leon,0.00813994,4773468,4779589
spanish,Lerma,0.0101604,4779589,4787229
spanish,Lillo,0.0383106,4787229,4816033
spanish,Linares,0.00928403,4816033,4823014
spanish,Llabres,0.0127241,4823014,4832582
spanish,Llado,0.0151591,4832582,4843980
spanish,Llamas,0.0113142,4843980,4852487
spanish,Llano,0.00555766,4852487,4856666
spanish,Llanos,0.00618101,4856666,4861314
spanish,Lledo,0.00705591,4861314,4866620
spanish,Llobet,0.00843837,4866620,4872965
spanish,Llopis,0.00782033,4872965,4878846
spanish,Llorens,0.00455528,4878846,4882272
spanish,Llorente,0.0129913,4882272,4892040
spanish,Lloret,0.00409278,4892040,4895118
spanish,Lluch,0.0054263,4895118,4899199
spanish,Lobato,0.0101083,4899199,4906800
spanish,Lobo,0.00718551,4906800,4912203
spanish,Lopez,0.00734578,4912203,4917727
spanish,Lorenzo,0.0050274,4917727,4921508
spanish,Losa,0.0042631,4921508,4924714
spanish,Losada,0.0153555,4924714,4936260
spanish,Lozano,0.0162771,4936260,4948499
spanish,Lucas,0.0053139,4948499,4952495
spanish,Lucena,0.00435442,4952495,4955770
spanish,Luis,0.0533517,4955770,4995883
spanish,Lujan,0.00595108,4995883,5000358
spanish,Lumbreras,0.00400351,5000358,5003369
spanish,Luna,0.00759508,5003369,5009080
spanish,Luque,0.00907539,5009080,5015904
spanish,Luz,0.010837,5015904,5024053
spanish,Machado,0.00601479,5024053,5028576
spanish,Macias,0.00807681,5028576,5034649
spanish,Madrid,0.00388804,5034649,5037573
spanish,Madrigal,0.238495,5037573,5216884
spanish,Maestre,0.00393393,5216884,5219843
spanish,Maldonado,0.0139814,5219843,5230356
spanish,Malo,0.00603096,5230356,5234891
spanish,Mancebo,0.00725849,5234891,5240349
spanish,Manjon,0.0188682,5240349,5254536
spanish,Manrique,0.0123457,5254536,5263819
spanish,Manso,0.00943663,5263819,5270915
spanish,Manuel,0.00714964,5270915,5276291
spanish,Manzanares,0.00468893,5276291,5279817
spanish,Manzano,0.00606359,5279817,5284377
spanish,Marco,0.0067485,5284377,5289452
spanish,Marcos,0.0138747,5289452,5299885
spanish,Mari,0.00387001,5299885,5302796
spanish,Marin,0.00671734,5302796,5307847
spanish,Marino,0.00573954,5307847,5312163
spanish,Mariscal,0.0115187,5312163,5320824
spanish,Marmol,0.0502806,5320824,5358628
spanish,Marques,0.00636708,5358628,5363416
spanish,Marquez,0.0107172,5363416,5371475
spanish,Marti,0.0175995,5371475,5384708
spanish,Martin,0.00430442,5384708,5387945
spanish,Martinez,0.0715993,5387945,5441777
spanish,Martorell,0.00803018,5441777,5447815
spanish,Mas,0.0377989,5447815,5476235
spanish,Mascaro,0.0046615,5476235,5479741
spanish,Mata,0.0115887,5479741,5488455
spanish,Matas,0.0399438,5488455,5518487
spanish,Mate,0.0118047,5518487,5527363
spanish,Mateo,0.00993042,5527363,5534830
spanish,Mateos,0.00966471,5534830,5542097
spanish,Mateu,0.00445435,5542097,5545447
spanish,Mayo,0.00487151,5545447,5549111
spanish,Mayol,0.00612167,5549111,5553715
spanish,Mayoral,0.0286065,5553715,5575224
spanish,Maza,0.00499533,5575224,5578981
spanish,Medina,0.00565395,5578981,5583233
spanish,Melendez,0.00439776,5583233,5586540
spanish,Melero,0.158489,5586540,5705700
spanish,Mena,0.0147222,5705700,5716770
spanish,Mendez,0.00444208,5716770,5720111
spanish,Mendizabal,0.0118787,5720111,5729043
spanish,Mendoza,0.00431584,5729043,5732289
spanish,Menendez,0.0048665,5732289,5735949
spanish,Mercader,0.00512085,5735949,5739800
spanish,Merino,0.0165079,5739800,5752212
spanish,Mesa,0.0556466,5752212,5794050
spanish,Miguel,0.0152239,5794050,5805497
spanish,Milla,0.00538196,5805497,5809544
spanish,Millan,0.00622419,5809544,5814225
spanish,Minguez,0.00988089,5814225,5821655
spanish,Mir,0.00406921,5821655,5824715
spanish,Miralles,0.0125107,5824715,5834122
spanish,Miranda,0.00422631,5834122,5837301
spanish,Miro,0.00401646,5837301,5840322
spanish,Moles,0.00633067,5840322,5845083
spanish,Molina,0.0051892,5845083,5848985
spanish,Moliner,0.00477346,5848985,5852575
spanish,Molins,0.00524183,5852575,5856517
spanish,Moll,0.0467513,5856517,5891668
spanish,Monreal,0.00509296,5891668,5895498
spanish,Montalban,0.0162018,5895498,5907680
spanish,Montana,0.00429684,5907680,5910912
spanish,Montenegro,0.003876,5910912,5913827
spanish,Montero,0.00506541,5913827,5917636
spanish,Montes,0.0133679,5917636,5927688
spanish,Montesinos,0.00804566,5927688,5933738
spanish,Montoya,0.00611329,5933738,5938335
spanish,Montserrat,0.00563997,5938335,5942576
spanish,Mora,0.00412699,5942576,5945680
spanish,Moraleda,0.00760873,5945680,5951402
spanish,Morales,0.0388381,5951402,5980603
spanish,Moran,0.00536944,5980603,5984641
spanish,Morante,0.00971183,5984641,5991944
spanish,Morata,0.0263935,5991944,6011789
spanish,Morcillo,0.00631264,6011789,6016536
spanish,Morell,0.00420098,6016536,6019695
spanish,Moreno,0.020116,6019695,6034820
spanish,Morera,0.00635793,6034820,6039601
spanish,Morillo,0.0316192,6039601,6063375
spanish,Mosquera,0.00500597,6063375,6067140
spanish,Moya,0.012265,6067140,6076362
spanish,Mugica,0.0073206,6076362,6081867
spanish,Mulet,0.00407256,6081867,6084930
spanish,Muniz,0.00950377,6084930,6092076
spanish,Munoz,0.00443395,6092076,6095411
spanish,Mur,0.0247241,6095411,6114001
spanish,Murcia,0.00456825,6114001,6117437
spanish,Murillo,0.0045126,6117437,6120831
spanish,Muro,0.0245318,6120831,6139276
spanish,Nadal,0.00404594,6139276,6142319
spanish,Naranjo,0.00985633,6142319,6149730
spanish,Narvaez,0.0062155,6149730,6154404
spanish,Navarrete,0.0108067,6154404,6162530
spanish,Navarro,0.0813987,6162530,6223730
spanish,Navas,0.00394638,6223730,6226698
spanish,Nebot,0.0280792,6226698,6247810
spanish,Neira,0.0131297,6247810,6257682
spanish,Nevado,0.00825314,6257682,6263888
spanish,Nicolas,0.00653694,6263888,6268804
spanish,Nicolau,0.0082696,6268804,6275022
spanish,Nieto,0.00386404,6275022,6277928
spanish,Nino,0.00447911,6277928,6281297
spanish,Nogueira,0.0229417,6281297,6298547
spanish,Noguera,0.00535079,6298547,6302571
spanish,Nogues,0.0350239,6302571,6328904
spanish,Noriega,0.00431966,6328904,6332153
spanish,Novoa,0.146854,6332153,6442565
spanish,Nunez,0.010898,6442565,6450760
spanish,Ocana,0.00724621,6450760,6456209
spanish,Ochoa,0.00509851,6456209,6460043
spanish,Ojeda,0.0082042,6460043,6466212
spanish,Oliva,0.00911627,6466212,6473067
spanish,Olivares,0.00771996,6473067,6478872
spanish,Olive,0.00491201,6478872,6482566
spanish,Oliver,0.00529568,6482566,6486549
spanish,Olivera,0.00533227,6486549,6490559
spanish,Oliveras,0.00628581,6490559,6495286
spanish,Oller,0.0100312,6495286,6502829
spanish,Olmedo,0.00762243,6502829,6508561
spanish,Olmo,0.00445025,6508561,6511908
spanish,Ordonez,0.0047214,6511908,6515459
spanish,Orozco,0.00423361,6515459,6518643
spanish,Ortega,0.00400997,6518643,6521659
spanish,Ortiz,0.00460328,6521659,6525121
spanish,Ortuno,0.00626807,6525121,6529835
spanish,Osorio,0.00485154,6529835,6533484
spanish,Osuna,0.00507089,6533484,6537298
spanish,Otero,0.00650792,6537298,6542192
spanish,Pablo,0.0069649,6542192,6547429
spanish,Pacheco,0.108819,6547429,6629244
spanish,Padilla,0.0167461,6629244,6641835
spanish,Paez,0.00428553,6641835,6645058
spanish,Pages,0.00895519,6645058,6651792
spanish,Palacio,0.0283401,6651792,6673100
spanish,Palacios,0.0121071,6673100,6682204
spanish,Palau,0.0055175,6682204,6686353
spanish,Pallares,0.00655644,6686353,6691283
spanish,Palma,0.0129459,6691283,6701017
spanish,Palmer,0.00512646,6701017,6704872
spanish,Palomar,0.00652723,6704872,6709780
spanish,Palomares,0.00790874,6709780,6715727
spanish,Palomino,0.00455959,6715727,6719156
spanish,Palomo,0.00692038,6719156,6724360
spanish,Paniagua,0.00491712,6724360,6728058
spanish,Pardo,0.00413391,6728058,6731167
spanish,Paredes,0.00443801,6731167,6734505
spanish,Pareja,0.00522415,6734505,6738434
spanish,Parejo,0.005633,6738434,6742670
spanish,Parra,0.00872519,6742670,6749231
spanish,Pascual,0.00624166,6749231,6753925
spanish,Pastor,0.00410639,6753925,6757013
spanish,Patino,0.00441778,6757013,6760335
spanish,Pavon,0.00435052,6760335,6763607
spanish,Paz,0.00857909,6763607,6770058
spanish,Pazos,0.00389409,6770058,6772987
spanish,Pedraza,0.00472608,6772987,6776541
spanish,Pedrero,0.0294408,6776541,6798677
spanish,Pedro,0.0288786,6798677,6820390
spanish,Pedrosa,0.00553082,6820390,6824549
spanish,Peinado,0.0137699,6824549,6834903
spanish,Peiro,0.00401321,6834903,6837921
spanish,Pelaez,0.00798415,6837921,6843925
spanish,Pelayo,0.00823675,6843925,6850119
spanish,Pellicer,0.00434276,6850119,6853385
spanish,Pena,0.00658595,6853385,6858338
spanish,Penalver,0.00502202,6858338,6862115
spanish,Penas,0.172427,6862115,6991754
spanish,Pera,0.00590428,6991754,6996194
spanish,Peral,0.0112809,6996194,7004676
spanish,Perales,0.0102665,7004676,7012396
spanish,Peralta,0.0189745,7012396,7026663
spanish,Perea,0.00415834,7026663,7029790
spanish,Pereira,0.00632164,7029790,7034544
spanish,Perello,0.0346051,7034544,7060563
spanish,Perera,0.00510965,7060563,7064406
spanish,Perez,0.00567508,7064406,7068674
spanish,Pi,0.0123052,7068674,7077927
spanish,Pina,0.017875,7077927,7091367
spanish,Pineda,0.00570353,7091367,7095656
spanish,Pinedo,0.00670702,7095656,7100700
spanish,Pineiro,0.0147829,7100700,7111815
spanish,Pinilla,0.0120299,7111815,7120861
spanish,Pino,0.00396207,7120861,7123841
spanish,Pinol,0.0176903,7123841,7137142
spanish,Pinto,0.00586591,7137142,7141553
spanish,Pintor,0.00405587,7141553,7144603
spanish,Piquer,0.0105147,7144603,7152509
spanish,Pizarro,0.00740958,7152509,7158081
spanish,Pla,0.00556441,7158081,7162266
spanish,Plana,0.00540087,7162266,7166328
spanish,Planas,0.0232748,7166328,7183828
spanish,Plaza,0.00464792,7183828,7187323
spanish,Pol,0.0430471,7187323,7219689
spanish,Polo,0.00630367,7219689,7224429
spanish,Pomares,0.00449578,7224429,7227810
spanish,Pombo,0.0060554,7227810,7232364
spanish,Ponce,0.0142562,7232364,7243083
spanish,Pons,0.00462994,7243083,7246565
spanish,Pont,0.00589656,7246565,7250999
spanish,Porcel,0.0156263,7250999,7262749
spanish,Porras,0.00713777,7262749,7268116
spanish,Porta,0.00414783,7268116,7271236
spanish,Portero,0.0257385,7271236,7290588
spanish,Portillo,0.0044299,7290588,7293920
spanish,Posada,0.011484,7293920,7302555
spanish,Pou,0.0110223,7302555,7310843
spanish,Poza,0.0105431,7310843,7318771
spanish,Pozo,0.0122251,7318771,7327963
spanish,Pozuelo,0.00847306,7327963,7334334
spanish,Prada,0.0052836,7334334,7338307
spanish,Prado,0.0266203,7338307,7358322
spanish,Prat,0.00584316,7358322,7362716
spanish,Prats,0.0146025,7362716,7373696
spanish,Priego,0.00673808,7373696,7378763
spanish,Prieto,0.0104864,7378763,7386648
spanish,Puente,0.00548454,7386648,7390773
spanish,Puerta,0.0140354,7390773,7401326
spanish,Puga,0.0134659,7401326,7411451
spanish,Puig,0.00948127,7411451,7418580
spanish,Pujadas,0.00434664,7418580,7421849
spanish,Pujol,0.00835303,7421849,7428130
spanish,Pulido,0.00610495,7428130,7432721
spanish,Quero,0.0109598,7432721,7440962
spanish,Querol,0.00432349,7440962,7444214
spanish,Quesada,0.00408939,7444214,7447290
spanish,Quevedo,0.00676946,7447290,7452381
spanish,Quintana,0.0199949,7452381,7467415
spanish,Quintanilla,0.0990335,7467415,7541873
spanish,Quintero,0.00406586,7541873,7544931
spanish,Quiroga,0.00428177,7544931,7548151
spanish,Quiros,0.026171,7548151,7567828
spanish,Ramirez,0.00410298,7567828,7570914
spanish,Ramis,0.00866975,7570914,7577433
spanish,Ramon,0.00701007,7577433,7582704
spanish,Ramos,0.00730808,7582704,7588200
spanish,Raya,0.00975946,7588200,7595539
spanish,Real,0.00427055,7595539,7598751
spanish,Rebollo,0.0226191,7598751,7615758
spanish,Recio,0.00615542,7615758,7620387
spanish,Redondo,0.005478,7620387,7624507
spanish,Reguera,0.00496371,7624507,7628240
spanish,Reig,0.0121855,7628240,7637403
spanish,Reina,0.00559847,7637403,7641613
spanish,Requena,0.0155576,7641613,7653311
spanish,Revilla,0.00579824,7653311,7657671
spanish,Rey,0.00401971,7657671,7660694
spanish,Reyes,0.0227791,7660694,7677821
spanish,Riba,0.0068225,7677821,7682951
spanish,Ribas,0.0444471,7682951,7716369
spanish,Ribera,0.00479271,7716369,7719973
spanish,Ribes,0.0234455,7719973,7737601
spanish,Ricart,0.00723398,7737601,7743041
spanish,Rico,0.0198754,7743041,7757985
spanish,Riera,0.0393822,7757985,7787595
spanish,Rincon,0.00525369,7787595,7791546
spanish,Rio,0.00793871,7791546,7797516
spanish,Rios,0.00406253,7797516,7800571
spanish,Ripoll,0.00801477,7800571,7806598
spanish,Riquelme,0.0118415,7806598,7815502
spanish,Rius,0.0129008,7815502,7825202
spanish,Rivas,0.00571787,7825202,7829502
spanish,Rivera,0.00400028,7829502,7832511
spanish,Rivero,0.00596686,7832511,7836998
spanish,Robledo,0.0185574,7836998,7850951
spanish,Robles,0.00648874,7850951,7855830
spanish,Roca,0.0306425,7855830,7878869
spanish,Rocamora,0.00833619,7878869,7885137
spanish,Rocha,0.0055375,7885137,7889301
spanish,Roda,0.00579083,7889301,7893656
spanish,Rodenas,0.00398426,7893656,7896653
spanish,Rodrigo,0.0138221,7896653,7907046
spanish,Rodriguez,0.0106877,7907046,7915082
spanish,Roig,0.00532001,7915082,7919083
spanish,Rojas,0.0297312,7919083,7941437
spanish,Roldan,0.0132238,7941437,7951380
spanish,Roma,0.00403606,7951380,7954415
spanish,Roman,0.00447082,7954415,7957777
spanish,Romero,0.00885772,7957777,7964438
spanish,Romeu,0.00592758,7964438,7968896
spanish,Ropero,0.0179691,7968896,7982407
spanish,Ros,0.00418666,7982407,7985556
spanish,Rosa,0.0843455,7985556,8048971
spanish,Rosado,0.0241573,8048971,8067134
spanish,Rosales,0.00541992,8067134,8071210
spanish,Rosell,0.114585,8071210,8157361
spanish,Rosello,0.00419739,8157361,8160518
spanish,Rossello,0.00952639,8160518,8167681
spanish,Roura,0.00595896,8167681,8172162
spanish,Rovira,0.00452531,8172162,8175565
spanish,Royo,0.00521829,8175565,8179489
spanish,Rozas,0.0334135,8179489,8204612
spanish,Ruano,0.00458569,8204612,8208061
spanish,Rubio,0.0125951,8208061,8217532
spanish,Rueda,0.00588119,8217532,8221955
spanish,Ruiz,0.00520079,8221955,8225866
spanish,Saavedra,0.0142002,8225866,8236543
spanish,Sabater,0.00934874,8236543,8243573
spanish,Sacristan,0.0278236,8243573,8264493
spanish,Saenz,0.00500064,8264493,8268254
spanish,Saez,0.00430822,8268254,8271494
spanish,Sainz,0.0161273,8271494,8283620
spanish,Sala,0.00699872,8283620,8288883
spanish,Salamanca,0.0053446,8288883,8292902
spanish,Salas,0.00393084,8292902,8295858
spanish,Salazar,0.0303318,8295858,8318664
spanish,Salcedo,0.00462102,8318664,8322139
spanish,Saldana,0.0300281,8322139,8344716
spanish,Sales,0.0125527,8344716,8354155
spanish,Salgado,0.103667,8354155,8432097
spanish,Salinas,0.00926268,8432097,8439062
spanish,Salmeron,0.0039185,8439062,8442009
spanish,Salom,0.00729561,8442009,8447495
spanish,Salva,0.00689836,8447495,8452682
spanish,Salvador,0.00779136,8452682,8458541
spanish,Samper,0.0187633,8458541,8472649
spanish,Sanabria,0.00519499,8472649,8476556
spanish,Sanchez,0.0202387,8476556,8491773
spanish,Sancho,0.0111177,8491773,8500133
spanish,Sandoval,0.0064602,8500133,8504991
spanish,Sanjuan,0.0354543,8504991,8531648
spanish,Sanmartin,0.00558479,8531648,8535848
spanish,Sanmiguel,0.0512593,8535848,8574388
spanish,Sans,0.0181605,8574388,8588043
spanish,Santamaria,0.0102397,8588043,8595743
spanish,Santana,0.0170761,8595743,8608582
spanish,Santiago,0.0127678,8608582,8618182
spanish,Santos,0.121087,8618182,8709221
spanish,Sanz,0.00783491,8709221,8715113
spanish,Sarabia,0.00748782,8715113,8720744
spanish,Sarmiento,0.0175098,8720744,8733910
spanish,Sastre,0.00403277,8733910,8736943
spanish,Saura,0.0051321,8736943,8740803
spanish,Sebastian,0.00998051,8740803,8748308
spanish,Seco,0.00557119,8748308,8752498
spanish,Sedano,0.00480727,8752498,8756113
spanish,Segarra,0.0158367,8756113,8768021
spanish,Segovia,0.00842115,8768021,8774353
spanish,Segui,0.0609802,8774353,8820201
spanish,Segura,0.128483,8820201,8916801
spanish,Serna,0.0270874,8916801,8937167
spanish,Serra,0.00421541,8937167,8940337
spanish,Serrano,0.00680118,8940337,8945451
spanish,Sevilla,0.0106584,8945451,8953465
spanish,Sevillano,0.00614694,8953465,8958088
spanish,Sierra,0.00446669,8958088,8961447
spanish,Silva,0.00478307,8961447,8965044
spanish,Simo,0.00620684,8965044,8969712
spanish,Sobrino,0.00419381,8969712,8972866
spanish,Sola,0.00693145,8972866,8978078
spanish,Solana,0.0103752,8978078,8985879
spanish,Solano,0.0223066,8985879,9002651
spanish,Sole,0.00535699,9002651,9006680
spanish,Soler,0.0215661,9006680,9022895
spanish,Solera,0.00637625,9022895,9027690
spanish,Solis,0.00707908,9027690,9033013
spanish,Solsona,0.00422267,9033013,9036189
spanish,Somoza,0.00799943,9036189,9042204
spanish,Soria,0.00390625,9042204,9045142
spanish,Soriano,0.0319606,9045142,9069172
spanish,Sosa,0.00657608,9069172,9074117
spanish,Sotelo,0.00672769,9074117,9079176
spanish,Soto,0.00644133,9079176,9084020
spanish,Suarez,0.00583562,9084020,9088408
spanish,Sureda,0.00489166,9088408,9092087
spanish,Taboada,0.0051434,9092087,9095955
spanish,Talavera,0.00784955,9095955,9101858
spanish,Tamarit,0.00623291,9101858,9106545
spanish,Tamayo,0.023619,9106545,9124304
spanish,Tapia,0.0197575,9124304,9139160
spanish,Tejada,0.00627692,9139160,9143880
spanish,Tejedor,0.00441376,9143880,9147199
spanish,Tejera,0.0040592,9147199,9150252
spanish,Tejero,0.00859705,9150252,9156717
spanish,Tellez,0.00457695,9156717,9160159
spanish,Tello,0.0154222,9160159,9171755
spanish,Tena,0.00662576,9171755,9176738
spanish,Tenorio,0.008404,9176738,9183057
spanish,Terron,0.0208787,9183057,9198755
spanish,Teruel,0.00899486,9198755,9205519
spanish,Tirado,0.00545201,9205519,9209619
spanish,Toledo,0.00442181,9209619,9212945
spanish,Tolosa,0.0110539,9212945,9221257
spanish,Tomas,0.019191,9221257,9235687
spanish,Tome,0.00408264,9235687,9238757
spanish,Tormo,0.00470279,9238757,9242294
spanish,Toro,0.00903492,9242294,9249088
spanish,Torralba,0.00915757,9249088,9255974
spanish,Torre,0.0085257,9255974,9262385
spanish,Torrecilla,0.00922031,9262385,9269318
spanish,Torrens,0.0166658,9269318,9281849
spanish,Torrent,0.0581762,9281849,9325589
spanish,Torrents,0.014427,9325589,9336437
spanish,Torres,0.00924144,9336437,9343386
spanish,Torrijos,0.041123,9343386,9374305
spanish,Tovar,0.00539455,9374305,9378362
spanish,Trillo,0.00552415,9378362,9382516
spanish,Trujillo,0.0115536,9382516,9391203
spanish,Tudela,0.0182579,9391203,9404931
spanish,Tur,0.00393704,9404931,9407892
spanish,Ugarte,0.00878144,9407892,9414495
spanish,Urena,0.00758148,9414495,9420196
spanish,Uria,0.00511524,9420196,9424043
spanish,Uriarte,0.052282,9424043,9463352
spanish,Uribe,0.00687649,9463352,9468523
spanish,Urrutia,0.0156957,9468523,9480325
spanish,Valbuena,0.00404924,9480325,9483370
spanish,Valcarcel,0.00617245,9483370,9488012
spanish,Valderrama,0.00990558,9488012,9495460
spanish,Valdes,0.00395892,9495460,9498437
spanish,Valencia,0.00780581,9498437,9504307
spanish,Valenciano,0.0044916,9504307,9507685
spanish,Valentin,0.011215,9507685,9516118
spanish,Valenzuela,0.00568926,9516118,9520396
spanish,Valera,0.00861509,9520396,9526874
spanish,Valero,0.0169922,9526874,9539650
spanish,Vall,0.0130832,9539650,9549487
spanish,Valle,0.0131765,9549487,9559395
spanish,Vallejo,0.00756794,9559395,9565086
spanish,Valles,0.00828614,9565086,9571317
spanish,Valls,0.00417245,9571317,9574455
spanish,Valverde,0.00411323,9574455,9577548
spanish,Vaquero,0.00742249,9577548,9583130
spanish,Vara,0.00391543,9583130,9586075
spanish,Varela,0.00463891,9586075,9589564
spanish,Vargas,0.00786426,9589564,9595478
spanish,Vazquez,0.00681182,9595478,9600600
spanish,Vega,0.0475806,9600600,9636374
spanish,Velasco,0.00685478,9636374,9641529
spanish,Velazquez,0.0309605,9641529,9664807
spanish,Velez,0.00484162,9664807,9668448
spanish,Vendrell,0.00647919,9668448,9673320
spanish,Vera,0.00438584,9673320,9676618
spanish,Verdejo,0.0042118,9676618,9679786
spanish,Verdu,0.0045381,9679786,9683199
spanish,Verdugo,0.00397471,9683199,9686188
spanish,Vergara,0.00420458,9686188,9689350
spanish,Viana,0.00473547,9689350,9692911
spanish,Vicens,0.00451683,9692911,9696308
spanish,Vicente,0.0169093,9696308,9709022
spanish,Vidal,0.0047639,9709022,9712605
spanish,Vigil,0.00746153,9712605,9718216
spanish,Vila,0.00459887,9718216,9721675
spanish,Vilalta,0.00980763,9721675,9729050
spanish,Vilanova,0.00523003,9729050,9732983
spanish,Vilaplana,0.00458132,9732983,9736428
spanish,Vilar,0.0368202,9736428,9764112
spanish,Villa,0.00649831,9764112,9768999
spanish,Villalba,0.00640396,9768999,9773815
spanish,Villalobos,0.00402297,9773815,9776841
spanish,Villalonga,0.00527159,9776841,9780805
spanish,Villanueva,0.0239748,9780805,9798831
spanish,Villar,0.00392466,9798831,9801783
spanish,Villaverde,0.0291566,9801783,9823705
spanish,Villegas,0.00881939,9823705,9830337
spanish,Villena,0.00478788,9830337,9833938
spanish,Vina,0.0123865,9833938,9843252
spanish,Vinas,0.0133194,9843252,9853267
spanish,Vives,0.00464341,9853267,9856759
spanish,Vizcaino,0.0137182,9856759,9867074
spanish,Yanez,0.00830274,9867074,9873317
spanish,Yuste,0.0218556,9873317,9889750
spanish,Zabala,0.00501131,9889750,9893519
spanish,Zabaleta,0.00468433,9893519,9897042
spanish,Zamora,0.0107767,9897042,9905145
spanish,Zamorano,0.00469816,9905145,9908678
spanish,Zapata,0.0910282,9908678,9977118
spanish,Zaragoza,0.00608006,9977118,9981690
spanish,Zorrilla,0.0193014,9981690,9996203
spanish,Zurita,0.00504904,9996203,10000000
portuguese,Abreu,0.275946,0,466635
portuguese,Albuquerque,0.0948412,466635,627016
portuguese,Almeida,0.0358968,627016,687720
portuguese,Alves,0.0288786,687720,736556
portuguese,Andrade,0.0467513,736556,815615
portuguese,Aparecida,0.0245318,815615,857100
portuguese,Aragao,0.0326689,857100,912345
portuguese,Araujo,0.0251189,912345,954823
portuguese,Azevedo,0.172427,954823,1246404
portuguese,Barbosa,0.0373023,1246404,1309485
portuguese,Barros,0.0257385,1309485,1353011
portuguese,Borges,0.189465,1353011,1673403
portuguese,Brito,0.0377989,1673403,1737323
portuguese,Caldeira,0.0393822,1737323,1803921
portuguese,Camara,0.0247241,1803921,1845731
portuguese,Camargo,0.121087,1845731,2050494
portuguese,Campos,0.049343,2050494,2133936
portuguese,Cardoso,0.114585,2133936,2327704
portuguese,Carvalho,0.0316192,2327704,2381174
portuguese,Cassiano,0.0286065,2381174,2429550
portuguese,Castro,0.103667,2429550,2604855
portuguese,Cavalcante,0.0253216,2604855,2647676
portuguese,Cavalcanti,0.0270874,2647676,2693483
portuguese,Cirino,0.0294408,2693483,2743269
portuguese,Correia,0.0568798,2743269,2839456
portuguese,Costa,0.0297312,2839456,2889733
portuguese,Costela,0.041123,2889733,2959274
portuguese,Cunha,0.0641078,2959274,3067683
portuguese,Dias,0.0278236,3067683,3114735
portuguese,Duarte,0.0695462,3114735,3232341
portuguese,Farias,0.0843455,3232341,3374973
portuguese,Fernandes,0.0451863,3374973,3451386
portuguese,Ferreira,0.0430471,3451386,3524181
portuguese,Fogaca,0.0263935,3524181,3568814
portuguese,Fonseca,0.0354543,3568814,3628769
portuguese,Freitas,0.210825,3628769,3985282
portuguese,Garcia,0.0625,3985282,4090973
portuguese,Gomes,0.078674,4090973,4224014
portuguese,Goncalves,0.0330364,4224014,4279881
portuguese,Guerra,0.0475806,4279881,4360342
portuguese,Jesus,0.073794,4360342,4485131
portuguese,Leao,0.0437345,4485131,4559088
portuguese,Lima,0.067621,4559088,4673438
portuguese,Lopes,0.0283401,4673438,4721363
portuguese,Macedo,0.0388381,4721363,4787040
portuguese,Machado,0.0715993,4787040,4908118
portuguese,Marques,0.0291566,4908118,4957424
portuguese,Martins,0.0405238,4957424,5025952
portuguese,Melo,0.0533517,5025952,5116173
portuguese,Mendes,0.0444471,5116173,5191335
portuguese,Mendonca,0.052282,5191335,5279747
portuguese,Monteiro,0.136979,5279747,5511385
portuguese,Montenegro,0.0341974,5511385,5569215
portuguese,Moraes,0.0249197,5569215,5611356
portuguese,Moreira,0.0368202,5611356,5673621
portuguese,Moura,0.0459538,5673621,5751331
portuguese,Nascimento,0.0255281,5751331,5794501
portuguese,Nogueira,0.0383106,5794501,5859286
portuguese,Novaes,0.0581762,5859286,5957665
portuguese,Novais,0.0399438,5957665,6025212
portuguese,Nunes,0.0990335,6025212,6192682
portuguese,Oliveira,0.0761462,6192682,6321449
portuguese,Pacheco,0.108819,6321449,6505466
portuguese,Pastor,0.238495,6505466,6908770
portuguese,Peixoto,0.0417426,6908770,6979359
portuguese,Pereira,0.0875436,6979359,7127399
portuguese,Pimenta,0.0556466,7127399,7221500
portuguese,Pinto,0.0319606,7221500,7275547
portuguese,Pires,0.0484438,7275547,7357468
portuguese,Porto,0.0273279,7357468,7403681
portuguese,Ramos,0.0346051,7403681,7462200
portuguese,Rezende,0.026171,7462200,7506457
portuguese,Ribeiro,0.0300281,7506457,7557237
portuguese,Rios,0.0609802,7557237,7660358
portuguese,Rocha,0.0423835,7660358,7732031
portuguese,Rodrigues,0.0268516,7732031,7777439
portuguese,Sa,0.0334135,7777439,7833943
portuguese,Sales,0.146854,7833943,8082279
portuguese,Sampaio,0.0303318,8082279,8133572
portuguese,Santos,0.0512593,8133572,8220254
portuguese,Silva,0.0309605,8220254,8272610
portuguese,Silveira,0.0595411,8272610,8373297
portuguese,Siqueira,0.0813987,8373297,8510946
portuguese,Sousa,0.0275733,8510946,8557574
portuguese,Souza,0.0910282,8557574,8711507
portuguese,Teixeira,0.0338003,8711507,8768665
portuguese,Vargas,0.054472,8768665,8860780
portuguese,Vasconcelos,0.158489,8860780,9128792
portuguese,Viana,0.0306425,9128792,9180610
portuguese,Vieira,0.0323104,9180610,9235249
portuguese,da Conceicao,0.128483,9235249,9452519
portuguese,da Costa,0.0280792,9452519,9500003
portuguese,da Cruz,0.0658117,9500003,9611294
portuguese,da Cunha,0.0350239,9611294,9670522
portuguese,da Luz,0.024343,9670522,9711688
portuguese,da Mata,0.0312859,9711688,9764595
portuguese,da Mota,0.0259527,9764595,9808483
portuguese,da Paz,0.0502806,9808483,9893510
portuguese,da Rocha,0.0266203,9893510,9938527
portuguese,da Rosa,0.0363519,9938527,10000000
french,Adam,0.0451863,0,46173
french,Albert,0.0164301,46173,62962
french,Alexandre,0.011768,62962,74988
french,Allain,0.0143695,74988,89672
french,Allard,0.00978348,89672,99670
french,Alves,0.0129913,99670,112946
french,Andre,0.00889642,112946,122037
french,Antoine,0.103667,122037,227966
french,Arnaud,0.00903492,227966,237199
french,Aubert,0.00919929,237199,246600
french,Aubry,0.0134167,246600,260310
french,Auger,0.0330364,260310,294068
french,Bailly,0.00941448,294068,303689
french,Barbe,0.0224617,303689,326642
french,Barbier,0.0152239,326642,342199
french,Baron,0.00932706,342199,351730
french,Barre,0.0115536,351730,363537
french,Barthelemy,0.0300281,363537,394221
french,Baudry,0.238495,394221,637919
french,Bazin,0.0186597,637919,656987
french,Becker,0.0132238,656987,670500
french,Begue,0.0109598,670500,681700
french,Benard,0.0105147,681700,692445
french,Benoit,0.0143126,692445,707071
french,Berger,0.0138747,707071,721249
french,Bernard,0.0323104,721249,754265
french,Bernier,0.0170761,754265,771715
french,Berthelot,0.0658117,771715,838963
french,Bertin,0.0193014,838963,858686
french,Bertrand,0.00971183,858686,868611
french,Besnard,0.0112809,868611,880139
french,Besson,0.00849053,880139,888816
french,Bigot,0.0437345,888816,933505
french,Blanc,0.00995539,933505,943679
french,Blanchard,0.00959499,943679,953484
french,Blanchet,0.0113142,953484,965046
french,Blin,0.0106584,965046,975938
french,Blondel,0.00943663,975938,985581
french,Blot,0.0103752,985581,996183
french,Bodin,0.0111499,996183,1007577
french,Bonneau,0.0109909,1007577,1018809
french,Bonnet,0.0106293,1018809,1029671
french,Bonnin,0.0105431,1029671,1040445
french,Boucher,0.0259527,1040445,1066965
french,Bouchet,0.0102665,1066965,1077456
french,Boulanger,0.0105716,1077456,1088259
french,Boulay,0.0102397,1088259,1098723
french,Bourdon,0.0101867,1098723,1109133
french,Bourgeois,0.0148441,1109133,1124302
french,Bousquet,0.0237954,1124302,1148617
french,Boutin,0.0127678,1148617,1161664
french,Bouvet,0.00930549,1161664,1171173
french,Bouvier,0.0211477,1171173,1192783
french,Boyer,0.0255281,1192783,1218869
french,Breton,0.0111824,1218869,1230296
french,Briand,0.020116,1230296,1250852
french,Brun,0.0275733,1250852,1279028
french,Bruneau,0.0199949,1279028,1299460
french,Brunel,0.00926268,1299460,1308926
french,Brunet,0.00952639,1308926,1318661
french,Buisson,0.0188682,1318661,1337942
french,Camus,0.0189745,1337942,1357331
french,Carlier,0.010898,1357331,1368468
french,Caron,0.0102934,1368468,1378987
french,Carpentier,0.0220036,1378987,1401472
french,Carre,0.0135155,1401472,1415283
french,Charles,0.0303318,1415283,1446277
french,Charpentier,0.0125951,1446277,1459148
french,Charrier,0.013616,1459148,1473062
french,Chartier,0.0179691,1473062,1491424
french,Chauveau,0.0111177,1491424,1502785
french,Chauvet,0.0142002,1502785,1517296
french,Chauvin,0.00843837,1517296,1525919
french,Chevalier,0.00847306,1525919,1534578
french,Chevallier,0.0206173,1534578,1555646
french,Chretien,0.0174211,1555646,1573448
french,Clement,0.0212851,1573448,1595198
french,Clerc,0.0132714,1595198,1608760
french,Cohen,0.0100567,1608760,1619037
french,Colas,0.0625,1619037,1682901
french,Colin,0.00939245,1682901,1692499
french,Collet,0.00887702,1692499,1701571
french,Collin,0.0119537,1701571,1713786
french,Cordier,0.0278236,1713786,1742218
french,Costa,0.00922031,1742218,1751640
french,Coste,0.00865144,1751640,1760481
french,Coulon,0.0363519,1760481,1797627
french,Courtois,0.052282,1797627,1851050
french,Cousin,0.136979,1851050,1991018
french,Couturier,0.012469,1991018,2003760
french,Daniel,0.0158367,2003760,2019943
french,David,0.00838693,2019943,2028514
french,Delahaye,0.0368202,2028514,2066138
french,Delannoy,0.0137182,2066138,2080156
french,Delattre,0.0109288,2080156,2091324
french,Delaunay,0.0119917,2091324,2103578
french,Delmas,0.00998051,2103578,2113777
french,Delorme,0.0133194,2113777,2127388
french,Denis,0.0227791,2127388,2150665
french,Descamps,0.0129459,2150665,2163894
french,Deschamps,0.0273279,2163894,2191819
french,Devaux,0.0346051,2191819,2227180
french,Diallo,0.00885772,2227180,2236232
french,Dias,0.00856121,2236232,2244981
french,Diaz,0.0100312,2244981,2255232
french,Didier,0.0715993,2255232,2328394
french,Dijoux,0.0502806,2328394,2379772
french,Dubois,0.0875436,2379772,2469226
french,Dufour,0.00928403,2469226,2478714
french,Duhamel,0.0581762,2478714,2538160
french,Dumas,0.0126808,2538160,2551118
french,Dumont,0.146854,2551118,2701176
french,Dupont,0.0152894,2701176,2716800
french,Dupre,0.00985633,2716800,2726872
french,Dupuis,0.0101604,2726872,2737255
french,Dupuy,0.0609802,2737255,2799566
french,Durand,0.00973558,2799566,2809515
french,Duval,0.0103477,2809515,2820089
french,Etienne,0.00895519,2820089,2829241
french,Evrard,0.0128561,2829241,2842379
french,Fabre,0.0641078,2842379,2907886
french,Faivre,0.00861509,2907886,2916690
french,Faure,0.0141448,2916690,2931144
french,Fernandes,0.0157659,2931144,2947255
french,Fernandez,0.0232748,2947255,2971038
french,Ferrand,0.158489,2971038,3132985
french,Ferreira,0.00835303,3132985,3141521
french,Fischer,0.0306425,3141521,3172833
french,Fleury,0.0125107,3172833,3185618
french,Fontaine,0.00948127,3185618,3195307
french,Foucher,0.0334135,3195307,3229450
french,Fouquet,0.0107172,3229450,3240402
french,Fournier,0.0159805,3240402,3256732
french,Francois,0.0813987,3256732,3339907
french,Gaillard,0.121087,3339907,3463636
french,Gallet,0.010837,3463636,3474710
french,Garcia,0.00950377,3474710,3484422
french,Garnier,0.00964134,3484422,3494275
french,Gaudin,0.00911627,3494275,3503591
french,Gauthier,0.0430471,3503591,3547578
french,Gautier,0.00897497,3547578,3556750
french,Gay,0.0160535,3556750,3573155
french,Georges,0.0139278,3573155,3587388
french,Gerard,0.00961811,3587388,3597217
french,Germain,0.0131297,3597217,3610634
french,Gilbert,0.0113815,3610634,3622265
french,Gilles,0.0149059,3622265,3637497
french,Gillet,0.014485,3637497,3652299
french,Gimenez,0.0107469,3652299,3663281
french,Girard,0.0253216,3663281,3689156
french,Giraud,0.0270874,3689156,3716835
french,Godard,0.00883851,3716835,3725867
french,Gomes,0.0106004,3725867,3736700
french,Gomez,0.00937054,3736700,3746276
french,Goncalves,0.0247241,3746276,3771540
french,Gonzalez,0.0223066,3771540,3794334
french,Gosselin,0.026171,3794334,3821077
french,Gregoire,0.00863323,3821077,3829900
french,Grenier,0.041123,3829900,3871921
french,Grondin,0.0316192,3871921,3904231
french,Gros,0.012265,3904231,3916765
french,Guerin,0.0459538,3916765,3963722
french,Guibert,0.0312859,3963722,3995691
french,Guichard,0.00872519,3995691,4004608
french,Guilbert,0.019082,4004608,4024107
french,Guillaume,0.0159082,4024107,4040363
french,Guillet,0.0373023,4040363,4078480
french,Guillon,0.0162771,4078480,4095113
french,Guillot,0.0122251,4095113,4107606
french,Guillou,0.00868814,4107606,4116485
french,Guyon,0.0146025,4116485,4131407
french,Guyot,0.0151591,4131407,4146898
french,Hamel,0.128483,4146898,4278184
french,Hamon,0.073794,4278184,4353589
french,Hardy,0.0266203,4353589,4380791
french,Hebert,0.0226191,4380791,4403905
french,Henry,0.0405238,4403905,4445314
french,Hernandez,0.0383106,4445314,4484461
french,Herve,0.00880037,4484461,4493454
french,Hoarau,0.0168272,4493454,4510649
french,Hoareau,0.0241573,4510649,4535334
french,Hubert,0.0257385,4535334,4561635
french,Huet,0.00850807,4561635,4570330
french,Humbert,0.0234455,4570330,4594288
french,Imbert,0.0162018,4594288,4610844
french,Jacob,0.0085257,4610844,4619557
french,Jacques,0.00881939,4619557,4628570
french,Jacquet,0.0156957,4628570,4644609
french,Jacquot,0.0195265,4644609,4664562
french,Jean,0.022154,4664562,4687200
french,Joly,0.0113477,4687200,4698796
french,Joseph,0.0214246,4698796,4720689
french,Joubert,0.0172466,4720689,4738313
french,Jourdan,0.0169922,4738313,4755677
french,Julien,0.0110539,4755677,4766973
french,Klein,0.014427,4766973,4781716
french,Labbe,0.0142562,4781716,4796284
french,Lacombe,0.0185574,4796284,4815247
french,Lacroix,0.00990558,4815247,4825370
french,Lagarde,0.275946,4825370,5107336
french,Laine,0.0165864,5107336,5124285
french,Lambert,0.0116597,5124285,5136200
french,Lamy,0.0309605,5136200,5167837
french,Langlois,0.0147829,5167837,5182943
french,Laporte,0.0948412,5182943,5279854
french,Laroche,0.0210122,5279854,5301326
french,Launay,0.0137699,5301326,5315397
french,Laurent,0.0184564,5315397,5334257
french,Leblanc,0.0116241,5334257,5346136
french,Lebon,0.00909578,5346136,5355431
french,Lebreton,0.0107767,5355431,5366444
french,Lebrun,0.0154896,5366444,5382272
french,Leclerc,0.0104304,5382272,5392931
french,Leclercq,0.00836994,5392931,5401485
french,Lecomte,0.0595411,5401485,5462326
french,Leconte,0.0263935,5462326,5489296
french,Lecoq,0.049343,5489296,5539716
french,Ledoux,0.172427,5539716,5715905
french,Leduc,0.00901484,5715905,5725117
french,Lefebvre,0.0167461,5725117,5742229
french,Lefevre,0.0173333,5742229,5759941
french,Lefort,0.0204894,5759941,5780878
french,Legendre,0.00934874,5780878,5790432
french,Leger,0.0180642,5790432,5808891
french,Legrand,0.0165079,5808891,5825760
french,Legros,0.00842115,5825760,5834366
french,Lejeune,0.0102131,5834366,5844803
french,Leleu,0.0108067,5844803,5855846
french,Lelievre,0.0117317,5855846,5867835
french,Lemaire,0.0100058,5867835,5878060
french,Lemaitre,0.0177821,5878060,5896231
french,Lemoine,0.019191,5896231,5915842
french,Lemonnier,0.0138221,5915842,5929967
french,Lenoir,0.024343,5929967,5954842
french,Leroux,0.0231069,5954842,5978454
french,Leroy,0.0120684,5978454,5990787
french,Lesage,0.0251189,5990787,6016455
french,Letellier,0.0393822,6016455,6056697
french,Leveque,0.0358968,6056697,6093378
french,Levy,0.0139814,6093378,6107665
french,Loiseau,0.00945889,6107665,6117331
french,Lombard,0.0123865,6117331,6129989
french,Lopes,0.0350239,6129989,6165778
french,Lopez,0.011484,6165778,6177514
french,Louis,0.0203632,6177514,6198322
french,Lucas,0.00907539,6198322,6207596
french,Mace,0.0147222,6207596,6222640
french,Mahe,0.0118415,6222640,6234741
french,Maillard,0.00905511,6234741,6243995
french,Maillet,0.0145435,6243995,6258857
french,Maillot,0.00859705,6258857,6267643
french,Mallet,0.0171609,6267643,6285179
french,Marchal,0.00845568,6285179,6293820
french,Marchand,0.0291566,6293820,6323614
french,Marechal,0.0163532,6323614,6340325
french,Marie,0.013037,6340325,6353647
french,Marin,0.0207471,6353647,6374848
french,Marion,0.00899486,6374848,6384040
french,Marques,0.0140354,6384040,6398383
french,Martel,0.0910282,6398383,6491398
french,Martin,0.0104864,6491398,6502114
french,Martineau,0.0100824,6502114,6512417
french,Martinez,0.189465,6512417,6706015
french,Martins,0.0125527,6706015,6718843
french,Marty,0.00966471,6718843,6728720
french,Mary,0.0467513,6728720,6776492
french,Masse,0.0286065,6776492,6805723
french,Masson,0.0154222,6805723,6821483
french,Mathieu,0.00983191,6821483,6831530
french,Maurice,0.0288786,6831530,6861040
french,Maury,0.0128118,6861040,6874132
french,Menard,0.0176903,6874132,6892209
french,Mendes,0.0229417,6892209,6915652
french,Mercier,0.0150949,6915652,6931077
french,Merle,0.0108674,6931077,6942182
french,Meunier,0.0124276,6942182,6954882
french,Meyer,0.0843455,6954882,7041068
french,Michaud,0.00857909,7041068,7049835
french,Michel,0.0112479,7049835,7061329
french,Millet,0.0280792,7061329,7090022
french,Monnier,0.0283401,7090022,7118981
french,Moreau,0.0115887,7118981,7130823
french,Morel,0.023619,7130823,7154958
french,Moreno,0.0326689,7154958,7188340
french,Morin,0.210825,7188340,7403764
french,Morvan,0.0133679,7403764,7417424
french,Moulin,0.00878144,7417424,7426398
french,Muller,0.054472,7426398,7482059
french,Munoz,0.0101083,7482059,7492389
french,Navarro,0.009572,7492389,7502171
french,Neveu,0.0196412,7502171,7522242
french,Nguyen,0.0399438,7522242,7563058
french,Nicolas,0.114585,7563058,7680143
french,Noel,0.00993042,7680143,7690291
french,Normand,0.0126378,7690291,7703205
french,Olivier,0.0104583,7703205,7713892
french,Ollivier,0.0695462,7713892,7784956
french,Pages,0.0149683,7784956,7800252
french,Parent,0.0354543,7800252,7836481
french,Paris,0.0089355,7836481,7845612
french,Pascal,0.00891591,7845612,7854723
french,Pasquier,0.0131765,7854723,7868188
french,Paul,0.0140898,7868188,7882586
french,Payet,0.0136669,7882586,7896552
french,Pelletier,0.0166658,7896552,7913582
french,Peltier,0.0208787,7913582,7934917
french,Pereira,0.00874385,7934917,7943853
french,Perez,0.00866975,7943853,7952713
french,Peron,0.0121071,7952713,7965085
french,Perret,0.00870662,7965085,7973983
french,Perrier,0.0123457,7973983,7986599
french,Perrin,0.0116956,7986599,7998551
french,Perrot,0.0249197,7998551,8024015
french,Petit,0.0512593,8024015,8076393
french,Petitjean,0.0217098,8076393,8098577
french,Philippe,0.108819,8098577,8209770
french,Picard,0.0377989,8209770,8248394
french,Pichon,0.0761462,8248394,8326202
french,Pierre,0.00980763,8326202,8336225
french,Pineau,0.0341974,8336225,8371169
french,Pinto,0.0123052,8371169,8383744
french,Pires,0.0183565,8383744,8402502
french,Poirier,0.0338003,8402502,8437041
french,Pons,0.0127241,8437041,8450044
french,Potier,0.00975946,8450044,8460017
french,Pottier,0.0268516,8460017,8487455
french,Poulain,0.0194132,8487455,8507293
french,Prevost,0.0114154,8507293,8518958
french,Pruvost,0.011215,8518958,8530419
french,Ramos,0.0121462,8530419,8542831
french,Raymond,0.0175098,8542831,8560724
french,Raynaud,0.0297312,8560724,8591105
french,Regnier,0.0990335,8591105,8692300
french,Remy,0.0187633,8692300,8711474
french,Renard,0.0388381,8711474,8751160
french,Renaud,0.00915757,8751160,8760518
french,Renault,0.0135655,8760518,8774380
french,Rey,0.0110223,8774380,8785644
french,Reynaud,0.0175995,8785644,8803628
french,Ribeiro,0.0130832,8803628,8816998
french,Richard,0.0245318,8816998,8842066
french,Riou,0.0114496,8842066,8853766
french,Riviere,0.0150313,8853766,8869126
french,Robert,0.0161273,8869126,8885606
french,Robin,0.0087626,8885606,8894561
french,Roche,0.0104027,8894561,8905192
french,Rocher,0.008404,8905192,8913780
french,Rodrigues,0.0155576,8913780,8929678
french,Rodriguez,0.0110857,8929678,8941007
french,Roger,0.0533517,8941007,8995523
french,Rolland,0.0169093,8995523,9012802
french,Rossi,0.0484438,9012802,9062303
french,Rousseau,0.0239748,9062303,9086802
french,Roussel,0.0182579,9086802,9105459
french,Rousset,0.0181605,9105459,9124017
french,Roux,0.00854341,9124017,9132748
french,Roy,0.0146621,9132748,9147731
french,Royer,0.0118047,9147731,9159794
french,Ruiz,0.0417426,9159794,9202448
french,Salmon,0.0475806,9202448,9251067
french,Samson,0.00954914,9251067,9260825
french,Sanchez,0.0444471,9260825,9306243
french,Sauvage,0.0156263,9306243,9322211
french,Schmitt,0.0096882,9322211,9332112
french,Schneider,0.0556466,9332112,9388973
french,Seguin,0.0129008,9388973,9402156
french,Simon,0.0568798,9402156,9460277
french,Tanguy,0.00913687,9460277,9469614
french,Techer,0.0153555,9469614,9485305
french,Teixeira,0.00924144,9485305,9494749
french,Tessier,0.0106877,9494749,9505671
french,Texier,0.0118787,9505671,9517810
french,Thibault,0.0202387,9517810,9538491
french,Thierry,0.0120299,9538491,9550784
french,Thomas,0.078674,9550784,9631175
french,Torres,0.017875,9631175,9649441
french,Toussaint,0.0103205,9649441,9659988
french,Traore,0.0198754,9659988,9680298
french,Turpin,0.0218556,9680298,9702631
french,Vaillant,0.0119161,9702631,9714808
french,Valentin,0.0197575,9714808,9734997
french,Valette,0.0134659,9734997,9748758
french,Vallee,0.0115187,9748758,9760529
french,Vallet,0.0294408,9760529,9790613
french,Vasseur,0.0101343,9790613,9800969
french,Verdier,0.0423835,9800969,9844278
french,Vidal,0.067621,9844278,9913375
french,Vincent,0.0215661,9913375,9935412
french,Voisin,0.00988089,9935412,9945509
french,Wagner,0.00917838,9945509,9954889
french,Weber,0.0121855,9954889,9967341
french,Weiss,0.0319606,9967341,10000000
indonesian,Adriansyah,0.0512593,0,69933
indonesian,Agustina,0.0270874,69933,106889
indonesian,Andriani,0.121087,106889,272087
indonesian,Anggraini,0.0167461,272087,294934
indonesian,Anggriawan,0.0334135,294934,340521
indonesian,Ardianto,0.0163532,340521,362832
indonesian,Aryani,0.0166658,362832,385570
indonesian,Astuti,0.0229417,385570,416870
indonesian,Budiman,0.0198754,416870,443987
indonesian,Budiyanto,0.0283401,443987,482652
indonesian,Dabukke,0.019082,482652,508686
indonesian,Damanik,0.0177821,508686,532947
indonesian,Dongoran,0.0581762,532947,612317
indonesian,Farida,0.0176903,612317,636453
indonesian,Firgantoro,0.0214246,636453,665683
indonesian,Firmansyah,0.0257385,665683,700799
indonesian,Fujiati,0.0761462,700799,804685
indonesian,Gunarto,0.019191,804685,830868
indonesian,Gunawan,0.0388381,830868,883855
indonesian,Habibi,0.0568798,883855,961456
indonesian,Hakim,0.128483,961456,1136745
indonesian,Halim,0.0595411,1136745,1217977
indonesian,Halimah,0.0189745,1217977,1243865
indonesian,Handayani,0.0160535,1243865,1265768
indonesian,Hardiansyah,0.0245318,1265768,1299237
indonesian,Hariyah,0.0363519,1299237,1348832
indonesian,Hartati,0.0162771,1348832,1371040
indonesian,Haryanti,0.0303318,1371040,1412422
indonesian,Haryanto,0.0451863,1412422,1474070
indonesian,Hasanah,0.0159082,1474070,1495774
indonesian,Hassanah,0.0268516,1495774,1532408
indonesian,Hastuti,0.0423835,1532408,1590232
indonesian,Hidayanto,0.054472,1590232,1664548
indonesian,Hidayat,0.0300281,1664548,1705516
indonesian,Hutagalung,0.0232748,1705516,1737271
indonesian,Hutapea,0.0312859,1737271,1779955
indonesian,Hutasoit,0.0185574,1779955,1805274
indonesian,Irawan,0.0206173,1805274,1833403
indonesian,Iswahyudi,0.0168272,1833403,1856361
indonesian,Jailani,0.0159805,1856361,1878164
indonesian,Januar,0.017875,1878164,1902552
indonesian,Kurniawan,0.0164301,1902552,1924968
indonesian,Kusmawati,0.0715993,1924968,2022651
indonesian,Kusumo,0.0251189,2022651,2056921
indonesian,Kuswandari,0.0249197,2056921,2090920
indonesian,Kuswoyo,0.0194132,2090920,2117406
indonesian,Lailasari,0.024343,2117406,2150618
indonesian,Laksita,0.0813987,2150618,2261670
indonesian,Laksmiwati,0.146854,2261670,2462022
indonesian,Latupono,0.020116,2462022,2489467
indonesian,Lazuardi,0.0350239,2489467,2537251
indonesian,Lestari,0.0948412,2537251,2666643
indonesian,Mahendra,0.0273279,2666643,2703927
indonesian,Maheswara,0.049343,2703927,2771246
indonesian,Mandala,0.0202387,2771246,2798858
indonesian,Mandasari,0.0239748,2798858,2831568
indonesian,Mangunsong,0.0231069,2831568,2863093
indonesian,Mansur,0.0444471,2863093,2923733
indonesian,Manullang,0.0193014,2923733,2950067
indonesian,Marbun,0.0182579,2950067,2974977
indonesian,Mardhiyah,0.0641078,2974977,3062439
indonesian,Marpaung,0.0377989,3062439,3114009
indonesian,Maryadi,0.0227791,3114009,3145087
indonesian,Maryati,0.0326689,3145087,3189658
indonesian,Maulana,0.114585,3189658,3345986
indonesian,Mayasari,0.0215661,3345986,3375409
indonesian,Megantara,0.0625,3375409,3460678
indonesian,Melani,0.0358968,3460678,3509653
indonesian,Mulyani,0.0383106,3509653,3561921
indonesian,Mustofa,0.103667,3561921,3703354
indonesian,Nababan,0.0338003,3703354,3749468
indonesian,Nainggolan,0.0180642,3749468,3774114
indonesian,Najmudin,0.0247241,3774114,3807846
indonesian,Namaga,0.0217098,3807846,3837465
indonesian,Napitupulu,0.0183565,3837465,3862510
indonesian,Narpati,0.210825,3862510,4150136
indonesian,Nashiruddin,0.0990335,4150136,4285247
indonesian,Nasyiah,0.0255281,4285247,4320076
indonesian,Nasyidah,0.136979,4320076,4506956
indonesian,Natsir,0.0658117,4506956,4596743
indonesian,Novitasari,0.0169922,4596743,4619926
indonesian,Nugroho,0.0253216,4619926,4654473
indonesian,Nuraini,0.0161273,4654473,4676476
indonesian,Nurdiyanti,0.0346051,4676476,4723688
indonesian,Oktaviani,0.0203632,4723688,4751470
indonesian,Padmasari,0.0373023,4751470,4802362
indonesian,Palastri,0.0175098,4802362,4826251
indonesian,Pangestu,0.0288786,4826251,4865651
indonesian,Permadi,0.0171609,4865651,4889064
indonesian,Permata,0.0170761,4889064,4912362
indonesian,Pertiwi,0.023619,4912362,4944586
indonesian,Prabowo,0.0195265,4944586,4971227
indonesian,Pradana,0.0368202,4971227,5021461
indonesian,Pradipta,0.0184564,5021461,5046642
indonesian,Prakasa,0.0309605,5046642,5088882
indonesian,Pranowo,0.0211477,5088882,5117735
indonesian,Prasasta,0.0843455,5117735,5232807
indonesian,Prasetya,0.0430471,5232807,5291537
indonesian,Prasetyo,0.0197575,5291537,5318493
indonesian,Prastuti,0.0393822,5318493,5372223
indonesian,Pratama,0.0306425,5372223,5414029
indonesian,Pratiwi,0.0316192,5414029,5457168
indonesian,Prayoga,0.0162018,5457168,5479273
indonesian,Pudjiastuti,0.0263935,5479273,5515282
indonesian,Purnawati,0.0179691,5515282,5539798
indonesian,Purwanti,0.172427,5539798,5775039
indonesian,Puspasari,0.022154,5775039,5805264
indonesian,Puspita,0.0172466,5805264,5828794
indonesian,Putra,0.078674,5828794,5936129
indonesian,Rahayu,0.0533517,5936129,6008917
indonesian,Rahimah,0.0280792,6008917,6047226
indonesian,Rahmawati,0.0234455,6047226,6079213
indonesian,Rajasa,0.0910282,6079213,6203403
indonesian,Rajata,0.0226191,6203403,6234263
indonesian,Ramadan,0.0484438,6234263,6300355
indonesian,Riyanti,0.238495,6300355,6625731
indonesian,Saefullah,0.0475806,6625731,6690646
indonesian,Safitri,0.0210122,6690646,6719314
indonesian,Salahudin,0.0187633,6719314,6744914
indonesian,Samosir,0.275946,6744914,7121385
indonesian,Santoso,0.0174211,7121385,7145153
indonesian,Saptono,0.0278236,7145153,7183113
indonesian,Saputra,0.158489,7183113,7399339
indonesian,Saragih,0.0291566,7399339,7439118
indonesian,Setiawan,0.0199949,7439118,7466398
indonesian,Sihombing,0.067621,7466398,7558653
indonesian,Sihotang,0.0405238,7558653,7613940
indonesian,Simanjuntak,0.0875436,7613940,7733376
indonesian,Simbolon,0.0173333,7733376,7757025
indonesian,Sinaga,0.0259527,7757025,7792433
indonesian,Sirait,0.0223066,7792433,7822867
indonesian,Siregar,0.0218556,7822867,7852685
indonesian,Sitompul,0.108819,7852685,8001146
indonesian,Sitorus,0.0241573,8001146,8034105
indonesian,Situmorang,0.0224617,8034105,8064750
indonesian,Suartini,0.0204894,8064750,8092704
indonesian,Sudiati,0.0609802,8092704,8175900
indonesian,Suryatmi,0.0294408,8175900,8216067
indonesian,Suryono,0.0207471,8216067,8244373
indonesian,Susanti,0.0186597,8244373,8269831
indonesian,Suwarno,0.0437345,8269831,8329498
indonesian,Tamba,0.052282,8329498,8400827
indonesian,Tampubolon,0.026171,8400827,8436533
indonesian,Tarihoran,0.0399438,8436533,8491029
indonesian,Thamrin,0.041123,8491029,8547134
indonesian,Usada,0.0319606,8547134,8590738
indonesian,Usamah,0.0266203,8590738,8627057
indonesian,Utama,0.0181605,8627057,8651834
indonesian,Utami,0.0188682,8651834,8677577
indonesian,Uwais,0.0212851,8677577,8706617
indonesian,Uyainah,0.0502806,8706617,8775215
indonesian,Wacana,0.0196412,8775215,8802012
indonesian,Wahyudin,0.0556466,8802012,8877931
indonesian,Wahyuni,0.0286065,8877931,8916960
indonesian,Waluyo,0.0323104,8916960,8961042
indonesian,Wasita,0.0165079,8961042,8983564
indonesian,Waskita,0.0237954,8983564,9016029
indonesian,Wastuti,0.0169093,9016029,9039099
indonesian,Wibisono,0.0220036,9039099,9069119
indonesian,Wibowo,0.189465,9069119,9327604
indonesian,Widiastuti,0.0275733,9327604,9365223
indonesian,Widodo,0.0330364,9365223,9410295
indonesian,Wijaya,0.0297312,9410295,9450858
indonesian,Wijayanti,0.073794,9450858,9551535
indonesian,Winarno,0.0467513,9551535,9615318
indonesian,Winarsih,0.0175995,9615318,9639330
indonesian,Wulandari,0.0165864,9639330,9661960
indonesian,Yolanda,0.0695462,9661960,9756842
indonesian,Yulianti,0.0417426,9756842,9813792
indonesian,Yuliarti,0.0208787,9813792,9842278
indonesian,Yuniar,0.0341974,9842278,9888934
indonesian,Zulaika,0.0459538,9888934,9951629
indonesian,Zulkarnain,0.0354543,9951629,10000000
turkish,Akar,0.0405238,0,85352
turkish,Akca,0.0658117,85352,223965
turkish,Akcay,0.0512593,223965,331928
turkish,Akdeniz,0.0417426,331928,419847
turkish,Akgunduz,0.0990335,419847,628431
turkish,Aksu,0.0695462,628431,774909
turkish,Alemdar,0.0484438,774909,876942
turkish,Arslan,0.0383106,876942,957632
turkish,Arsoy,0.0423835,957632,1046901
turkish,Aslan,0.0467513,1046901,1145369
turkish,Bilge,0.0475806,1145369,1245584
turkish,Bilgin,0.0625,1245584,1377222
turkish,Bilir,0.0388381,1377222,1459023
turkish,Camurcuoglu,0.0377989,1459023,1538636
turkish,Cetin,0.146854,1538636,1847939
turkish,Corlu,0.0502806,1847939,1953840
turkish,Demir,0.0595411,1953840,2079246
turkish,Demirel,0.067621,2079246,2221670
turkish,Dumanli,0.0430471,2221670,2312336
turkish,Duran,0.0368202,2312336,2389887
turkish,Durdu,0.0459538,2389887,2486675
turkish,Durmus,0.136979,2486675,2775180
turkish,Eraslan,0.054472,2775180,2889909
turkish,Erdogan,0.189465,2889909,3288958
turkish,Ergul,0.0609802,3288958,3417395
turkish,Ertas,0.0761462,3417395,3577774
turkish,Firat,0.0444471,3577774,3671389
turkish,Guclu,0.210825,3671389,4115426
turkish,Gul,0.0363519,4115426,4191991
turkish,Gulen,0.238495,4191991,4694307
turkish,Hancer,0.0641078,4694307,4829331
turkish,Hayrioglu,0.128483,4829331,5099941
turkish,Ihsanoglu,0.121087,5099941,5354974
turkish,Inonu,0.0451863,5354974,5450146
turkish,Karadeniz,0.0715993,5450146,5600949
turkish,Kisakurek,0.0556466,5600949,5718152
turkish,Koruturk,0.0875436,5718152,5902536
turkish,Manco,0.0533517,5902536,6014906
turkish,Mansiz,0.049343,6014906,6118833
turkish,Ocalan,0.172427,6118833,6481998
turkish,Safak,0.052282,6481998,6592115
turkish,Sakarya,0.0910282,6592115,6783839
turkish,Sama,0.114585,6783839,7025177
turkish,Sener,0.0813987,7025177,7196619
turkish,Sensoy,0.073794,7196619,7352044
turkish,Seven,0.275946,7352044,7933239
turkish,Sezer,0.0373023,7933239,8011806
turkish,Sezgin,0.0399438,8011806,8095936
turkish,Soylu,0.103667,8095936,8314279
turkish,Tarhan,0.0437345,8314279,8406393
turkish,Tevetoglu,0.0568798,8406393,8526194
turkish,Turk,0.041123,8526194,8612808
turkish,Ulker,0.158489,8612808,8946617
turkish,Yaman,0.0393822,8946617,9029564
turkish,Yildirim,0.078674,9029564,9195267
turkish,Yilmaz,0.0581762,9195267,9317798
turkish,Yorulmaz,0.0358968,9317798,9393404
turkish,Yuksel,0.108819,9393404,9622598
turkish,Zengin,0.0843455,9622598,9800246
turkish,Zorlu,0.0948412,9800246,10000000
