culture,sex,decade,name,weight,lo,hi
anglo,M,1940,Aaron,0.00121922,0,12193
anglo,M,1940,Abdul,7.76234e-05,12193,12970
anglo,M,1940,Adam,0.000902068,12970,21991
anglo,M,1940,Adrian,0.00181211,21991,40112
anglo,M,1940,Aedan,7.66993e-05,40112,40880
anglo,M,1940,Aidan,0.000234422,40880,43225
anglo,M,1940,Aiden,0.000158472,43225,44811
anglo,M,1940,Alan,0.00987655,44811,143572
anglo,M,1940,Alastair,0.000122459,143572,144798
anglo,M,1940,Albert,0.000114897,144798,145948
anglo,M,1940,Alex,0.000472605,145948,150675
anglo,M,1940,Alexander,0.00247346,150675,175409
anglo,M,1940,Alistair,0.000193013,175409,177340
anglo,M,1940,Alister,9.10776e-05,177340,178252
anglo,M,1940,Allan,0.00793937,178252,257643
anglo,M,1940,Allen,0.00132904,257643,270934
anglo,M,1940,Anaru,7.96167e-05,270934,271731
anglo,M,1940,Andre,1.37569e-05,271731,271870
anglo,M,1940,Andrew,0.00937705,271870,365637
anglo,M,1940,Angus,0.000358609,365637,369224
anglo,M,1940,Anthony,0.0182081,369224,551297
anglo,M,1940,Antoin,6.21738e-05,551297,551920
anglo,M,1940,Anton,8.85833e-05,551920,552807
anglo,M,1940,Antony,0.000244683,552807,555255
anglo,M,1940,Aodhan,0.000153042,555255,556786
anglo,M,1940,Archer,4.12707e-05,556786,557200
anglo,M,1940,Archie,8.38413e-05,557200,558039
anglo,M,1940,Ari,0.000106589,558039,559106
anglo,M,1940,Ariki,0.000127603,559106,560383
anglo,M,1940,Arlo,6.32601e-05,560383,561017
anglo,M,1940,Arran,9.56844e-05,561017,561975
anglo,M,1940,Arron,7.54536e-05,561975,562730
anglo,M,1940,Arthur,0.00181728,562730,580903
anglo,M,1940,Asher,3.45547e-05,580903,581250
anglo,M,1940,Ashley,0.000155964,581250,582811
anglo,M,1940,Ashton,0.000133886,582811,584151
anglo,M,1940,Austin,7.45256e-05,584151,584897
anglo,M,1940,Bailey,0.000204927,584897,586947
anglo,M,1940,Bailie,8.60154e-05,586947,587808
anglo,M,1940,Barry,0.0082287,587808,670092
anglo,M,1940,Beau,5.31861e-05,670092,670625
anglo,M,1940,Beauden,1.35403e-05,670625,670761
anglo,M,1940,Ben,0.000324762,670761,674009
anglo,M,1940,Benjamin,0.00180241,674009,692033
anglo,M,1940,Benn,6.59985e-05,692033,692694
anglo,M,1940,Bernard,0.00249837,692694,717677
anglo,M,1940,Bevan,6.86762e-05,717677,718365
anglo,M,1940,Billy,0.00109747,718365,729340
anglo,M,1940,Blaine,8.4567e-05,729340,730187
anglo,M,1940,Blair,0.000310126,730187,733289
anglo,M,1940,Blake,0.000493493,733289,738225
anglo,M,1940,Bodhi,7.58254e-06,738225,738302
anglo,M,1940,Brad,0.000112981,738302,739433
anglo,M,1940,Bradley,0.00244132,739433,763846
anglo,M,1940,Brandon,0.000234061,763846,766187
anglo,M,1940,Braxton,8.02666e-05,766187,766991
anglo,M,1940,Brayden,3.43381e-05,766991,767335
anglo,M,1940,Breandan,8.18556e-05,767335,768154
anglo,M,1940,Brendan,0.000284594,768154,771001
anglo,M,1940,Brendon,0.000342623,771001,774428
anglo,M,1940,Brent,0.000602704,774428,780456
anglo,M,1940,Brett,0.00299902,780456,810446
anglo,M,1940,Brian,0.012655,810446,936990
anglo,M,1940,Brodie,2.33976e-05,936990,937225
anglo,M,1940,Brooklyn,4.39788e-05,937225,937666
anglo,M,1940,Bruce,0.0111751,937666,1049412
anglo,M,1940,Bryan,0.000478758,1049412,1054200
anglo,M,1940,Cahal,9.98507e-05,1054200,1055199
anglo,M,1940,Cahir,6.44635e-05,1055199,1055845
anglo,M,1940,Cailum,7.34383e-05,1055845,1056580
anglo,M,1940,Cal,0.000100593,1056580,1057587
anglo,M,1940,Caleb,0.000698654,1057587,1064574
anglo,M,1940,Callan,7.42604e-05,1064574,1065318
anglo,M,1940,Callum,0.00042479,1065318,1069567
anglo,M,1940,Calum,8.22914e-05,1069567,1070391
anglo,M,1940,Calvin,0.000219075,1070391,1072583
anglo,M,1940,Cameron,0.000938555,1072583,1081969
anglo,M,1940,Campbell,4.57119e-05,1081969,1082427
anglo,M,1940,Caoimhin,0.000235519,1082427,1084783
anglo,M,1940,Caolain,8.01721e-05,1084783,1085586
anglo,M,1940,Caolan,7.14097e-05,1085586,1086301
anglo,M,1940,Caomhan,9.80569e-05,1086301,1087283
anglo,M,1940,Carl,0.000445949,1087283,1091743
anglo,M,1940,Carlos,1.32153e-05,1091743,1091876
anglo,M,1940,Carter,0.000250611,1091876,1094383
anglo,M,1940,Cathal,6.15585e-05,1094383,1095000
anglo,M,1940,Charles,0.00317656,1095000,1126765
anglo,M,1940,Charlie,0.000429745,1126765,1131063
anglo,M,1940,Chase,1.8848e-05,1131063,1131252
anglo,M,1940,Che,0.000126424,1131252,1132517
anglo,M,1940,Chris,9.91228e-05,1132517,1133509
anglo,M,1940,Christian,0.000190776,1133509,1135418
anglo,M,1940,Christie,7.85778e-05,1135418,1136205
anglo,M,1940,Christopher,0.019485,1136205,1331046
anglo,M,1940,Christy,9.77084e-05,1331046,1332024
anglo,M,1940,Cianan,0.000141657,1332024,1333441
anglo,M,1940,Ciaran,7.91657e-05,1333441,1334234
anglo,M,1940,Cillian,0.000105805,1334234,1335293
anglo,M,1940,Clark,0.000187559,1335293,1337169
anglo,M,1940,Clayton,6.391e-06,1337169,1337234
anglo,M,1940,Clifford,0.000132283,1337234,1338558
anglo,M,1940,Clinton,0.000108755,1338558,1339646
anglo,M,1940,Clive,0.0002703,1339646,1342350
anglo,M,1940,Cody,0.000362936,1342350,1345980
anglo,M,1940,Cohen,1.07239e-05,1345980,1346088
anglo,M,1940,Cole,7.01927e-05,1346088,1346791
anglo,M,1940,Colin,0.0110336,1346791,1457122
anglo,M,1940,Colm,0.000102912,1457122,1458152
anglo,M,1940,Colum,0.0004553,1458152,1462706
anglo,M,1940,Conal,0.000111312,1462706,1463820
anglo,M,1940,Conall,0.000147575,1463820,1465297
anglo,M,1940,Conan,0.00010097,1465297,1466308
anglo,M,1940,Conchur,6.40101e-05,1466308,1466949
anglo,M,1940,Conn,6.16599e-05,1466949,1467567
anglo,M,1940,Connor,0.000570718,1467567,1473275
anglo,M,1940,Conor,0.000201778,1473275,1475294
anglo,M,1940,Conrad,0.000107559,1475294,1476371
anglo,M,1940,Cooper,0.000228884,1476371,1478661
anglo,M,1940,Corey,0.00048692,1478661,1483531
anglo,M,1940,Cormac,6.32366e-05,1483531,1484164
anglo,M,1940,Cory,0.000138373,1484164,1485549
anglo,M,1940,Craig,0.00541587,1485549,1539706
anglo,M,1940,Cruz,5.63275e-06,1539706,1539763
anglo,M,1940,Curtis,0.000567699,1539763,1545441
anglo,M,1940,Daire,9.07912e-05,1545441,1546350
anglo,M,1940,Dale,0.000977264,1546350,1556123
anglo,M,1940,Damian,0.000216906,1556123,1558293
anglo,M,1940,Damien,8.67648e-05,1558293,1559162
anglo,M,1940,Damon,2.2856e-05,1559162,1559392
anglo,M,1940,Daniel,0.00480724,1559392,1607463
anglo,M,1940,Danny,6.66153e-05,1607463,1608130
anglo,M,1940,Dara,0.000200503,1608130,1610136
anglo,M,1940,Darragh,0.000110823,1610136,1611245
anglo,M,1940,Darrell,0.000407719,1611245,1615323
anglo,M,1940,Darren,0.00042319,1615323,1619556
anglo,M,1940,Darrin,2.35059e-05,1619556,1619792
anglo,M,1940,Darryl,0.00232661,1619792,1643058
anglo,M,1940,Darryn,2.81637e-05,1643058,1643341
anglo,M,1940,Daryl,0.00173669,1643341,1660708
anglo,M,1940,David,0.0405337,1660708,2066026
anglo,M,1940,Deaglan,7.00899e-05,2066026,2066728
anglo,M,1940,Dean,0.00151835,2066728,2081912
anglo,M,1940,Deane,6.99472e-05,2081912,2082612
anglo,M,1940,Declan,9.67413e-05,2082612,2083580
anglo,M,1940,Denis,0.0012102,2083580,2095682
anglo,M,1940,Dennis,0.00431423,2095682,2138823
anglo,M,1940,Derek,0.00080167,2138823,2146840
anglo,M,1940,Dermot,0.000102515,2146840,2147866
anglo,M,1940,Desmond,0.00111934,2147866,2159060
anglo,M,1940,Diarmuid,7.02333e-05,2159060,2159763
anglo,M,1940,Dillon,8.17603e-05,2159763,2160582
anglo,M,1940,Dion,0.000138977,2160582,2161973
anglo,M,1940,Domhnall,7.89684e-05,2161973,2162764
anglo,M,1940,Dominic,0.000159249,2162764,2164357
anglo,M,1940,Don,0.000183718,2164357,2166195
anglo,M,1940,Donal,6.49256e-05,2166195,2166845
anglo,M,1940,Donald,0.00511917,2166845,2218035
anglo,M,1940,Douglas,0.00440627,2218035,2262096
anglo,M,1940,Duncan,0.000438629,2262096,2266483
anglo,M,1940,Dwayne,6.17436e-06,2266483,2266546
anglo,M,1940,Dylan,0.00084489,2266546,2274995
anglo,M,1940,Eamon,6.82937e-05,2274995,2275679
anglo,M,1940,Eamonn,7.23271e-05,2275679,2276403
anglo,M,1940,Edward,0.00421261,2276403,2318528
anglo,M,1940,Eli,0.000104097,2318528,2319570
anglo,M,1940,Elijah,0.000231484,2319570,2321886
anglo,M,1940,Elliot,9.41667e-05,2321886,2322829
anglo,M,1940,Elliott,0.000127823,2322829,2324108
anglo,M,1940,Emmet,0.000171766,2324108,2325827
anglo,M,1940,Emmett,6.84275e-05,2325827,2326512
anglo,M,1940,Enda,0.000807759,2326512,2334590
anglo,M,1940,Eoghan,7.68818e-05,2334590,2335360
anglo,M,1940,Eoin,0.000134674,2335360,2336708
anglo,M,1940,Eric,0.00268206,2336708,2363528
anglo,M,1940,Ethan,0.000902104,2363528,2372550
anglo,M,1940,Euan,6.91073e-05,2372550,2373242
anglo,M,1940,Eugene,6.92454e-05,2373242,2373935
anglo,M,1940,Eunan,8.43318e-05,2373935,2374779
anglo,M,1940,Evan,7.74362e-05,2374779,2375554
anglo,M,1940,Ewan,7.15604e-05,2375554,2376271
anglo,M,1940,Ezra,3.34715e-05,2376271,2376607
anglo,M,1940,Feargal,6.64907e-05,2376607,2377273
anglo,M,1940,Fearghal,8.03775e-05,2377273,2378078
anglo,M,1940,Felix,8.32997e-05,2378078,2378912
anglo,M,1940,Fergal,0.000117089,2378912,2380084
anglo,M,1940,Fergus,8.07925e-05,2380084,2380893
anglo,M,1940,Finbar,0.000123096,2380893,2382125
anglo,M,1940,Finn,0.00058833,2382125,2388009
anglo,M,1940,Fintan,7.528e-05,2388009,2388763
anglo,M,1940,Fionntan,0.000149698,2388763,2390261
anglo,M,1940,Fletcher,4.842e-05,2390261,2390746
anglo,M,1940,Flynn,0.000170824,2390746,2392455
anglo,M,1940,Francis,0.00208275,2392455,2413282
anglo,M,1940,Frank,0.00193674,2413282,2432649
anglo,M,1940,Fraser,5.52442e-06,2432649,2432705
anglo,M,1940,Frazer,8.31818e-05,2432705,2433538
anglo,M,1940,Frederick,0.00155317,2433538,2449070
anglo,M,1940,Gabriel,0.000216383,2449070,2451235
anglo,M,1940,Gareth,0.000312331,2451235,2454359
anglo,M,1940,Garrett,6.56356e-05,2454359,2455016
anglo,M,1940,Garry,0.012165,2455016,2576661
anglo,M,1940,Gary,0.0162399,2576661,2739052
anglo,M,1940,Gavin,0.000456646,2739052,2743619
anglo,M,1940,Geoffrey,0.013961,2743619,2883223
anglo,M,1940,George,0.00492444,2883223,2932466
anglo,M,1940,Gerald,7.56148e-05,2932466,2933223
anglo,M,1940,Gerard,0.000940119,2933223,2942625
anglo,M,1940,Giles,0.000923481,2942625,2951860
anglo,M,1940,Glen,0.00328742,2951860,2984733
anglo,M,1940,Glenn,0.00712581,2984733,3055988
anglo,M,1940,Gordon,0.00318325,3055988,3087820
anglo,M,1940,Graeme,0.00765947,3087820,3164412
anglo,M,1940,Graham,0.0108072,3164412,3272479
anglo,M,1940,Grahame,0.00178258,3272479,3290305
anglo,M,1940,Grant,0.00316702,3290305,3321975
anglo,M,1940,Grayson,2.80554e-05,3321975,3322257
anglo,M,1940,Gregory,0.0280549,3322257,3602792
anglo,M,1940,Guy,0.00089993,3602792,3611792
anglo,M,1940,Hamish,0.000693242,3611792,3618725
anglo,M,1940,Harley,4.36538e-05,3618725,3619162
anglo,M,1940,Harold,0.000357708,3619162,3622740
anglo,M,1940,Harrison,0.000303302,3622740,3625774
anglo,M,1940,Harry,0.000396573,3625774,3629741
anglo,M,1940,Harvey,9.40746e-05,3629741,3630683
anglo,M,1940,Hayden,0.000657098,3630683,3637255
anglo,M,1940,Hemi,0.000147318,3637255,3638729
anglo,M,1940,Henry,0.000455799,3638729,3643288
anglo,M,1940,Hoani,6.21769e-05,3643288,3643911
anglo,M,1940,Howard,0.000273989,3643911,3646652
anglo,M,1940,Hudson,3.04385e-05,3646652,3646957
anglo,M,1940,Hugh,0.000117177,3646957,3648130
anglo,M,1940,Hugo,5.88189e-05,3648130,3648719
anglo,M,1940,Hunter,0.000329732,3648719,3652017
anglo,M,1940,Iain,7.70654e-05,3652017,3652789
anglo,M,1940,Ian,0.01952,3652789,3847980
anglo,M,1940,Ihaia,5.15613e-05,3847980,3848497
anglo,M,1940,Isaac,0.00106509,3848497,3859148
anglo,M,1940,Isaiah,3.78044e-05,3859148,3859527
anglo,M,1940,Israel,5.63275e-06,3859527,3859584
anglo,M,1940,Ivan,2.5564e-05,3859584,3859841
anglo,M,1940,Jack,0.00108798,3859841,3870721
anglo,M,1940,Jackson,0.000610169,3870721,3876823
anglo,M,1940,Jacob,0.00101345,3876823,3886958
anglo,M,1940,Jaime,0.000131511,3886958,3888274
anglo,M,1940,Jake,0.000390786,3888274,3892183
anglo,M,1940,Jakob,4.98281e-06,3892183,3892234
anglo,M,1940,James,0.0145214,3892234,4037442
anglo,M,1940,Jamie,0.000631951,4037442,4043762
anglo,M,1940,Jared,0.000563362,4043762,4049396
anglo,M,1940,Jarlath,6.25932e-05,4049396,4050023
anglo,M,1940,Jarrod,8.37329e-05,4050023,4050861
anglo,M,1940,Jason,0.00171574,4050861,4068018
anglo,M,1940,Jasper,2.66472e-05,4068018,4068285
anglo,M,1940,Jaxon,6.74846e-05,4068285,4068961
anglo,M,1940,Jay,0.000154201,4068961,4070504
anglo,M,1940,Jayden,0.00049189,4070504,4075424
anglo,M,1940,Jeffery,0.0013891,4075424,4089315
anglo,M,1940,Jeffrey,0.00743419,4089315,4163654
anglo,M,1940,Jeremy,0.000637835,4163654,4170033
anglo,M,1940,Jesse,0.000658053,4170033,4176614
anglo,M,1940,Joe,6.30202e-05,4176614,4177245
anglo,M,1940,Joel,0.000414621,4177245,4181392
anglo,M,1940,John,0.0478964,4181392,4660332
anglo,M,1940,Johnathan,0.000130002,4660332,4661633
anglo,M,1940,Johnny,6.33456e-05,4661633,4662267
anglo,M,1940,Jon,0.000113842,4662267,4663406
anglo,M,1940,Jonathan,0.00095387,4663406,4672945
anglo,M,1940,Jonathon,0.000104048,4672945,4673986
anglo,M,1940,Jordan,0.000768794,4673986,4681675
anglo,M,1940,Jordon,0.00010801,4681675,4682756
anglo,M,1940,Joseph,0.00567614,4682756,4739515
anglo,M,1940,Josh,8.016e-05,4739515,4740318
anglo,M,1940,Joshua,0.00208525,4740318,4761170
anglo,M,1940,Josiah,5.63275e-06,4761170,4761227
anglo,M,1940,Jude,7.27978e-05,4761227,4761956
anglo,M,1940,Julian,0.000152249,4761956,4763479
anglo,M,1940,Justin,0.000492678,4763479,4768407
anglo,M,1940,Kahu,7.58254e-05,4768407,4769166
anglo,M,1940,Kahurangi,0.000101714,4769166,4770184
anglo,M,1940,Kaleb,5.32944e-05,4770184,4770718
anglo,M,1940,Kane,0.000201521,4770718,4772734
anglo,M,1940,Karl,0.000481772,4772734,4777552
anglo,M,1940,Kauri,0.000174723,4777552,4779300
anglo,M,1940,Kayden,1.33236e-05,4779300,4779434
anglo,M,1940,Kealan,0.000170223,4779434,4781137
anglo,M,1940,Keanu,5.84939e-06,4781137,4781196
anglo,M,1940,Keegan,3.8021e-05,4781196,4781577
anglo,M,1940,Keelan,7.97655e-05,4781577,4782376
anglo,M,1940,Keith,0.00513503,4782376,4833725
anglo,M,1940,Kelly,6.28268e-06,4833725,4833789
anglo,M,1940,Kelvin,0.000674849,4833789,4840538
anglo,M,1940,Kenneth,0.0107634,4840538,4948168
anglo,M,1940,Kerry,0.00147661,4948168,4962934
anglo,M,1940,Kevin,0.012516,4962934,5088089
anglo,M,1940,Kieran,0.000233888,5088089,5090429
anglo,M,1940,Killian,0.000315164,5090429,5093581
anglo,M,1940,Kim,0.00236845,5093581,5117265
anglo,M,1940,Kingston,7.49589e-05,5117265,5118016
anglo,M,1940,Kirk,8.91218e-05,5118016,5118908
anglo,M,1940,Kristian,9.66823e-05,5118908,5119876
anglo,M,1940,Kristopher,6.20701e-05,5119876,5120498
anglo,M,1940,Kurt,0.000130893,5120498,5121808
anglo,M,1940,Kurtis,0.000115435,5121808,5122963
anglo,M,1940,Kyle,0.00036394,5122963,5126603
anglo,M,1940,Lachlan,0.000321175,5126603,5129816
anglo,M,1940,Lance,0.000320417,5129816,5133021
anglo,M,1940,Larry,0.00182729,5133021,5151294
anglo,M,1940,Laurence,0.00093004,5151294,5160595
anglo,M,1940,Lawrence,0.0012495,5160595,5173090
anglo,M,1940,Lee,0.000358615,5173090,5176677
anglo,M,1940,Leigh,6.516e-05,5176677,5177330
anglo,M,1940,Leo,0.000320434,5177330,5180535
anglo,M,1940,Leon,0.000166714,5180535,5182203
anglo,M,1940,Leonard,0.0016227,5182203,5198430
anglo,M,1940,Leslie,0.00553049,5198430,5253733
anglo,M,1940,Levi,0.00032345,5253733,5256968
anglo,M,1940,Lewis,0.000437065,5256968,5261339
anglo,M,1940,Liam,0.00102942,5261339,5271634
anglo,M,1940,Lincoln,9.2832e-05,5271634,5272563
anglo,M,1940,Lindsay,0.00195573,5272563,5292120
anglo,M,1940,Lloyd,0.000116788,5292120,5293289
anglo,M,1940,Logan,0.000615811,5293289,5299448
anglo,M,1940,Lorcan,0.000151905,5299448,5300968
anglo,M,1940,Louis,0.000315599,5300968,5304125
anglo,M,1940,Luca,0.000142768,5304125,5305554
anglo,M,1940,Lucas,0.000439968,5305554,5309954
anglo,M,1940,Luka,1.28903e-05,5309954,5310084
anglo,M,1940,Lukas,7.58254e-06,5310084,5310161
anglo,M,1940,Luke,0.000986431,5310161,5320026
anglo,M,1940,Lyndon,0.000225276,5320026,5322280
anglo,M,1940,Macauley,6.50425e-05,5322280,5322931
anglo,M,1940,Mairtin,0.000351598,5322931,5326448
anglo,M,1940,Malachy,8.36368e-05,5326448,5327285
anglo,M,1940,Malcolm,0.00437339,5327285,5371018
anglo,M,1940,Manaaki,6.21769e-05,5371018,5371641
anglo,M,1940,Manaia,0.000155334,5371641,5373195
anglo,M,1940,Manawa,5.80606e-05,5373195,5373777
anglo,M,1940,Manus,0.000300386,5373777,5376782
anglo,M,1940,Marc,6.71199e-05,5376782,5377454
anglo,M,1940,Marco,0.000198181,5377454,5379437
anglo,M,1940,Marcus,0.000197924,5379437,5381417
anglo,M,1940,Mark,0.0280426,5381417,5661830
anglo,M,1940,Martin,0.00368145,5661830,5698644
anglo,M,1940,Martyn,7.36008e-05,5698644,5699381
anglo,M,1940,Mason,0.000283046,5699381,5702212
anglo,M,1940,Mathew,0.000514888,5702212,5707362
anglo,M,1940,Matiu,4.92865e-05,5707362,5707856
anglo,M,1940,Matthew,0.00353072,5707856,5743162
anglo,M,1940,Maurice,0.000303668,5743162,5746200
anglo,M,1940,Max,0.000593673,5746200,5752137
anglo,M,1940,Maxwell,0.00180419,5752137,5770179
anglo,M,1940,Mervyn,1.75482e-05,5770179,5770355
anglo,M,1940,Micah,5.63275e-06,5770355,5770412
anglo,M,1940,Michael,0.0389379,5770412,6159772
anglo,M,1940,Micheal,7.4141e-05,6159772,6160514
anglo,M,1940,Mikaere,0.000153059,6160514,6162045
anglo,M,1940,Mitchel,0.000103312,6162045,6163079
anglo,M,1940,Mitchell,0.000405583,6163079,6167136
anglo,M,1940,Mohamed,6.61206e-05,6167136,6167798
anglo,M,1940,Mohammad,0.000112305,6167798,6168922
anglo,M,1940,Mohammed,0.000532922,6168922,6174252
anglo,M,1940,Morgan,0.000110822,6174252,6175361
anglo,M,1940,Murray,0.00122213,6175361,6187583
anglo,M,1940,Myles,0.000247105,6187583,6190055
anglo,M,1940,Naoise,8.20727e-05,6190055,6190877
anglo,M,1940,Nate,5.19946e-06,6190877,6190930
anglo,M,1940,Nathan,0.00103604,6190930,6201291
anglo,M,1940,Nathaniel,0.000175459,6201291,6203046
anglo,M,1940,Neil,0.0074104,6203046,6277147
anglo,M,1940,Neville,0.00289766,6277147,6306123
anglo,M,1940,Niall,0.000135497,6306123,6307479
anglo,M,1940,Nicholas,0.00261771,6307479,6333656
anglo,M,1940,Nigel,0.000567427,6333656,6339331
anglo,M,1940,Nikau,0.000210361,6339331,6341435
anglo,M,1940,Niko,0.000105289,6341435,6342489
anglo,M,1940,Nikora,0.000191297,6342489,6344403
anglo,M,1940,Nixon,2.37225e-05,6344403,6344641
anglo,M,1940,Noah,0.000380319,6344641,6348445
anglo,M,1940,Noel,0.00353307,6348445,6383775
anglo,M,1940,Norman,0.00241687,6383775,6407943
anglo,M,1940,Odhran,0.000107113,6407943,6409015
anglo,M,1940,Oisin,0.000137183,6409015,6410388
anglo,M,1940,Oliver,0.000838785,6410388,6418776
anglo,M,1940,Omar,8.99462e-05,6418776,6419676
anglo,M,1940,Oran,9.02255e-05,6419676,6420579
anglo,M,1940,Oscar,0.000215236,6420579,6422732
anglo,M,1940,Owen,0.000401233,6422732,6426745
anglo,M,1940,Padraic,8.88515e-05,6426745,6427634
anglo,M,1940,Padraig,0.000155384,6427634,6429189
anglo,M,1940,Patrick,0.00433315,6429189,6472519
anglo,M,1940,Paul,0.0280549,6472519,6753054
anglo,M,1940,Pauric,0.000138927,6753054,6754444
anglo,M,1940,Peadar,9.87641e-05,6754444,6755433
anglo,M,1940,Pearce,7.11107e-05,6755433,6756145
anglo,M,1940,Pearse,8.164e-05,6756145,6756962
anglo,M,1940,Perry,0.000190777,6756962,6758871
anglo,M,1940,Peter,0.0584915,6758871,7343757
anglo,M,1940,Philip,0.00879174,7343757,7431671
anglo,M,1940,Phillip,0.0127634,7431671,7559299
anglo,M,1940,Phoenix,9.554e-05,7559299,7560255
anglo,M,1940,Piaras,0.000165808,7560255,7561914
anglo,M,1940,Pierce,0.000129265,7561914,7563208
anglo,M,1940,Quentin,7.25758e-06,7563208,7563282
anglo,M,1940,Quinn,8.0375e-05,7563282,7564087
anglo,M,1940,Ralph,0.000152026,7564087,7565608
anglo,M,1940,Rawiri,0.000168224,7565608,7567291
anglo,M,1940,Raymond,0.0104645,7567291,7671932
anglo,M,1940,Reece,0.000157825,7671932,7673511
anglo,M,1940,Regan,0.000128037,7673511,7674792
anglo,M,1940,Reginald,0.000575313,7674792,7680546
anglo,M,1940,Reuben,0.000295088,7680546,7683498
anglo,M,1940,Rex,6.07687e-05,7683498,7684107
anglo,M,1940,Rhys,0.000181265,7684107,7685921
anglo,M,1940,Rian,6.69928e-05,7685921,7686592
anglo,M,1940,Richard,0.0127374,7686592,7813960
anglo,M,1940,Ricky,0.000362406,7813960,7817585
anglo,M,1940,Riley,0.00030016,7817585,7820587
anglo,M,1940,Robbie,6.37865e-05,7820587,7821226
anglo,M,1940,Robert,0.0377731,7821226,8198939
anglo,M,1940,Robin,0.000368318,8198939,8202623
anglo,M,1940,Rodney,0.00718799,8202623,8274500
anglo,M,1940,Roger,0.00288076,8274500,8303307
anglo,M,1940,Rohan,7.264e-05,8303307,8304034
anglo,M,1940,Roman,4.64702e-05,8304034,8304500
anglo,M,1940,Ronald,0.00929318,8304500,8397428
anglo,M,1940,Ronan,8.5283e-05,8397428,8398282
anglo,M,1940,Rory,9.32151e-05,8398282,8399215
anglo,M,1940,Ross,0.00731192,8399215,8472331
anglo,M,1940,Rowan,8.10022e-05,8472331,8473142
anglo,M,1940,Roy,0.000261153,8473142,8475754
anglo,M,1940,Ruairi,8.72742e-05,8475754,8476628
anglo,M,1940,Ruari,6.63667e-05,8476628,8477293
anglo,M,1940,Russell,0.00457176,8477293,8523009
anglo,M,1940,Ryan,0.00115743,8523009,8534584
anglo,M,1940,Ryder,7.87501e-05,8534584,8535372
anglo,M,1940,Sam,0.00033833,8535372,8538756
anglo,M,1940,Samuel,0.00175131,8538756,8556269
anglo,M,1940,Saul,7.47655e-05,8556269,8557018
anglo,M,1940,Scot,9.60139e-05,8557018,8557979
anglo,M,1940,Scott,0.00240013,8557979,8581980
anglo,M,1940,Seamus,0.00011598,8581980,8583141
anglo,M,1940,Sean,0.000656842,8583141,8589710
anglo,M,1940,Sean-Paul,7.99681e-05,8589710,8590511
anglo,M,1940,Sebastian,0.00011168,8590511,8591629
anglo,M,1940,Seth,8.44912e-05,8591629,8592475
anglo,M,1940,Shane,0.00381533,8592475,8630627
anglo,M,1940,Shannon,0.000117204,8630627,8631800
anglo,M,1940,Shaun,0.000635376,8631800,8638154
anglo,M,1940,Shay,7.09624e-05,8638154,8638865
anglo,M,1940,Shayne,3.20633e-05,8638865,8639187
anglo,M,1940,Shea,0.000121209,8639187,8640400
anglo,M,1940,Simon,0.00235635,8640400,8663963
anglo,M,1940,Sione,1.78731e-05,8663963,8664143
anglo,M,1940,Spencer,5.63275e-06,8664143,8664200
anglo,M,1940,Stanley,0.000645406,8664200,8670655
anglo,M,1940,Stefan,9.50271e-05,8670655,8671606
anglo,M,1940,Stephen,0.038486,8671606,9056447
anglo,M,1940,Steven,0.0111309,9056447,9167751
anglo,M,1940,Stewart,0.000154273,9167751,9169295
anglo,M,1940,Stillborn,0.000268281,9169295,9171979
anglo,M,1940,Stuart,0.00315057,9171979,9203484
anglo,M,1940,Tai,8.58994e-05,9203484,9204344
anglo,M,1940,Taine,2.20977e-05,9204344,9204566
anglo,M,1940,Tama,0.000136161,9204566,9205929
anglo,M,1940,Tamati,0.000191297,9205929,9207843
anglo,M,1940,Tane,0.000183931,9207843,9209683
anglo,M,1940,Tangaroa,6.55348e-05,9209683,9210339
anglo,M,1940,Taylor,0.000352259,9210339,9213862
anglo,M,1940,Te Ariki,0.000154142,9213862,9215404
anglo,M,1940,Te Koha,5.81689e-05,9215404,9215987
anglo,M,1940,Terence,0.00364409,9215987,9252427
anglo,M,1940,Terrence,0.00307032,9252427,9283130
anglo,M,1940,Terry,0.00365331,9283130,9319662
anglo,M,1940,Theo,3.36882e-05,9319662,9320000
anglo,M,1940,Theodore,4.64702e-05,9320000,9320466
anglo,M,1940,Thomas,0.0061353,9320466,9381817
anglo,M,1940,Tiare,5.15613e-05,9381817,9382334
anglo,M,1940,Tiarnan,6.81606e-05,9382334,9383017
anglo,M,1940,Tiernan,7.39286e-05,9383017,9383757
anglo,M,1940,Timothy,0.00579077,9383757,9441663
anglo,M,1940,Tobias,9.43957e-05,9441663,9442608
anglo,M,1940,Toby,0.000596899,9442608,9448578
anglo,M,1940,Todd,0.000136919,9448578,9449948
anglo,M,1940,Tom,7.0607e-05,9449948,9450655
anglo,M,1940,Tomas,0.000109392,9450655,9451750
anglo,M,1940,Tony,0.00297526,9451750,9481502
anglo,M,1940,Travis,0.000119852,9481502,9482701
anglo,M,1940,Trent,5.67608e-05,9482701,9483270
anglo,M,1940,Trevor,0.00700657,9483270,9553333
anglo,M,1940,Tristan,8.38882e-05,9553333,9554173
anglo,M,1940,Troy,0.000326587,9554173,9557440
anglo,M,1940,Tyler,0.000483636,9557440,9562277
anglo,M,1940,Tyrone,0.000121369,9562277,9563492
anglo,M,1940,Tyson,5.7519e-05,9563492,9564068
anglo,M,1940,Vaughan,3.48797e-05,9564068,9564418
anglo,M,1940,Victor,0.00101419,9564418,9574560
anglo,M,1940,Vincent,0.000711149,9574560,9581672
anglo,M,1940,Walter,6.17436e-06,9581672,9581735
anglo,M,1940,Warren,0.00583344,9581735,9640067
anglo,M,1940,Warwick,0.00185328,9640067,9658600
anglo,M,1940,Wayne,0.0180705,9658600,9839297
anglo,M,1940,William,0.01472,9839297,9986490
anglo,M,1940,Wiremu,0.000208303,9986490,9988574
anglo,M,1940,Wyatt,6.28268e-06,9988574,9988638
anglo,M,1940,Xavier,0.000203537,9988638,9990674
anglo,M,1940,Zac,0.000130252,9990674,9991977
anglo,M,1940,Zach,7.78118e-05,9991977,9992756
anglo,M,1940,Zachary,0.000357844,9992756,9996335
anglo,M,1940,Zak,0.000260349,9996335,9998939
anglo,M,1940,Zane,8.24331e-05,9998939,9999764
anglo,M,1940,Zion,2.35059e-05,9999764,10000000
anglo,F,1940,Aaliyah,0.00014773,0,1478
anglo,F,1940,Abbey,5.67101e-06,1478,1536
anglo,F,1940,Abbi,6.85063e-05,1536,2222
anglo,F,1940,Abbie,9.40239e-05,2222,3163
anglo,F,1940,Abby,0.000132695,3163,4491
anglo,F,1940,Abigail,0.000362889,4491,8121
anglo,F,1940,Addison,7.6275e-05,8121,8885
anglo,F,1940,Adele,4.9702e-05,8885,9383
anglo,F,1940,Adrienne,8.86095e-05,9383,10270
anglo,F,1940,Aideen,4.67398e-05,10270,10738
anglo,F,1940,Aileen,9.13298e-05,10738,11652
anglo,F,1940,Ailis,5.75016e-05,11652,12228
anglo,F,1940,Aimee,0.000581694,12228,18046
anglo,F,1940,Aine,7.1033e-05,18046,18757
anglo,F,1940,Aisling,4.51973e-05,18757,19210
anglo,F,1940,Aislinn,4.56574e-05,19210,19668
anglo,F,1940,Alana,0.000223493,19668,21904
anglo,F,1940,Alanis,9.09615e-05,21904,22815
anglo,F,1940,Alanna,0.000158584,22815,24402
anglo,F,1940,Alannah,6.164e-05,24402,25019
anglo,F,1940,Aleisha,1.44611e-05,25019,25165
anglo,F,1940,Alex,0.000228918,25165,27455
anglo,F,1940,Alexandra,0.000445334,27455,31909
anglo,F,1940,Alexandria,0.000171068,31909,33621
anglo,F,1940,Alexis,0.000111861,33621,34741
anglo,F,1940,Alice,0.00140837,34741,48825
anglo,F,1940,Alicia,0.000175699,48825,50583
anglo,F,1940,Alisha,7.51134e-05,50583,51335
anglo,F,1940,Alison,0.00393243,51335,90658
anglo,F,1940,Alix,0.000113519,90658,91794
anglo,F,1940,Alyssa,0.000146312,91794,93258
anglo,F,1940,Amaia,9.4564e-05,93258,94205
anglo,F,1940,Amanda,0.00435104,94205,137713
anglo,F,1940,Amber,0.000670068,137713,144414
anglo,F,1940,Amelia,0.000619867,144414,150613
anglo,F,1940,Amie,9.65093e-05,150613,151579
anglo,F,1940,Amy,0.00110733,151579,162653
anglo,F,1940,Amy-Lee,4.5028e-05,162653,163104
anglo,F,1940,Amy-Leigh,6.36724e-05,163104,163742
anglo,F,1940,Ana,0.000103496,163742,164778
anglo,F,1940,Anahera,0.000249524,164778,167274
anglo,F,1940,Anastasia,0.000248013,167274,169755
anglo,F,1940,Andrea,0.000769434,169755,177450
anglo,F,1940,Angel,9.85337e-05,177450,178436
anglo,F,1940,Angela,0.00286808,178436,207116
anglo,F,1940,Angelina,6.09633e-06,207116,207178
anglo,F,1940,Anika,0.000203022,207178,209209
anglo,F,1940,Anita,0.000216349,209209,211373
anglo,F,1940,Ann,0.0082341,211373,293709
anglo,F,1940,Anna,0.00346274,293709,328335
anglo,F,1940,Annabelle,6.47912e-05,328335,328984
anglo,F,1940,Annalise,4.97752e-05,328984,329483
anglo,F,1940,Anne,0.015656,329483,486033
anglo,F,1940,Anne-Marie,5.28763e-05,486033,486563
anglo,F,1940,Annette,0.00747886,486563,561347
anglo,F,1940,Annie,5.34004e-05,561347,561882
anglo,F,1940,Antoinette,4.90555e-05,561882,562374
anglo,F,1940,Aoibheann,0.000112216,562374,563497
anglo,F,1940,Aoibhin,4.59513e-05,563497,563957
anglo,F,1940,Aoibhinn,0.00039301,563957,567888
anglo,F,1940,Aoife,5.17049e-05,567888,568406
anglo,F,1940,April,5.74707e-05,568406,568982
anglo,F,1940,Arabella,5.95456e-06,568982,569043
anglo,F,1940,Aria,0.000277879,569043,571823
anglo,F,1940,Ariana,0.000245129,571823,574275
anglo,F,1940,Arianne,7.40352e-05,574275,575016
anglo,F,1940,Aroha,0.000254628,575016,577563
anglo,F,1940,Ashlee,6.57837e-05,577563,578222
anglo,F,1940,Ashleigh,0.000497282,578222,583195
anglo,F,1940,Ashlene,9.17021e-05,583195,584113
anglo,F,1940,Ashley,0.00039907,584113,588104
anglo,F,1940,Ashling,0.000272046,588104,590825
anglo,F,1940,Ashton,5.16238e-05,590825,591342
anglo,F,1940,Ataahua,0.000124195,591342,592585
anglo,F,1940,Aurora,3.55856e-05,592585,592942
anglo,F,1940,Ava,0.000352595,592942,596469
anglo,F,1940,Awhina,8.26549e-05,596469,597296
anglo,F,1940,Ayesha,5.76096e-05,597296,597873
anglo,F,1940,Ayla,8.67664e-05,597873,598742
anglo,F,1940,Bailey,2.12663e-05,598742,598956
anglo,F,1940,Barbara,0.0102833,598956,701783
anglo,F,1940,Belinda,0.00122044,701783,713988
anglo,F,1940,Bella,0.000175518,713988,715744
anglo,F,1940,Bernadette,0.000763565,715744,723380
anglo,F,1940,Beth,8.09399e-05,723380,724190
anglo,F,1940,Bethan,9.02367e-05,724190,725093
anglo,F,1940,Bethany,7.16074e-05,725093,725810
anglo,F,1940,Beverley,0.00540268,725810,779834
anglo,F,1940,Billie,6.37988e-06,779834,779899
anglo,F,1940,Billie-Jo,6.32517e-05,779899,780532
anglo,F,1940,Blanaid,8.619e-05,780532,781395
anglo,F,1940,Brenda,0.0018929,781395,800324
anglo,F,1940,Briana,6.94698e-06,800324,800394
anglo,F,1940,Brianna,0.000104914,800394,801444
anglo,F,1940,Bridget,0.0002284,801444,803729
anglo,F,1940,Brigid,7.60067e-05,803729,804490
anglo,F,1940,Britney,9.07361e-06,804490,804582
anglo,F,1940,Brittany,0.000226569,804582,806849
anglo,F,1940,Brogan,8.98801e-05,806849,807749
anglo,F,1940,Bronach,0.00012562,807749,809006
anglo,F,1940,Bronagh,5.0296e-05,809006,809510
anglo,F,1940,Bronwyn,0.00390693,809510,848578
anglo,F,1940,Brooke,0.000563304,848578,854212
anglo,F,1940,Brooklyn,0.000162171,854212,855835
anglo,F,1940,Bryony,7.71642e-05,855835,856608
anglo,F,1940,Cailin,9.24589e-05,856608,857534
anglo,F,1940,Caitlin,0.000532088,857534,862856
anglo,F,1940,Caitlyn,0.00013819,862856,864239
anglo,F,1940,Caitriona,5.0677e-05,864239,864747
anglo,F,1940,Caoilfhionn,4.8568e-05,864747,865234
anglo,F,1940,Caoimhe,9.56615e-05,865234,866192
anglo,F,1940,Cara,5.30495e-05,866192,866723
anglo,F,1940,Caragh,5.52527e-05,866723,867276
anglo,F,1940,Carla,0.000100853,867276,868285
anglo,F,1940,Carly,9.5245e-05,868285,869238
anglo,F,1940,Carmel,0.00184361,869238,887674
anglo,F,1940,Carmen,3.30336e-05,887674,888005
anglo,F,1940,Carol,0.00888414,888005,976841
anglo,F,1940,Carole,6.99202e-05,976841,977541
anglo,F,1940,Caroline,0.000741224,977541,984954
anglo,F,1940,Carolyn,0.0058841,984954,1043792
anglo,F,1940,Carrie,4.89851e-05,1043792,1044283
anglo,F,1940,Casey,0.000201899,1044283,1046303
anglo,F,1940,Cassandra,0.000139067,1046303,1047695
anglo,F,1940,Cassie,0.000213299,1047695,1049829
anglo,F,1940,Catherine,0.0127659,1049829,1177480
anglo,F,1940,Cathy,8.81515e-05,1177480,1178362
anglo,F,1940,Catriona,4.42059e-05,1178362,1178805
anglo,F,1940,Ceara,4.80263e-05,1178805,1179286
anglo,F,1940,Celine,0.000173072,1179286,1181018
anglo,F,1940,Chantel,5.88355e-05,1181018,1181607
anglo,F,1940,Chantelle,5.79434e-05,1181607,1182187
anglo,F,1940,Charis,8.91779e-05,1182187,1183080
anglo,F,1940,Charlene,5.11446e-05,1183080,1183592
anglo,F,1940,Charlie,0.000151174,1183592,1185105
anglo,F,1940,Charlotte,0.00114403,1185105,1196545
anglo,F,1940,Chelsea,0.000330433,1196545,1199850
anglo,F,1940,Chelsey,6.1901e-05,1199850,1200470
anglo,F,1940,Cherie,0.000206592,1200470,1202537
anglo,F,1940,Cherith,0.000312981,1202537,1205668
anglo,F,1940,Cheryl,0.0157184,1205668,1362842
anglo,F,1940,Cheyenne,4.89124e-05,1362842,1363332
anglo,F,1940,Chloe,0.000716456,1363332,1370497
anglo,F,1940,Christina,0.000425499,1370497,1374753
anglo,F,1940,Christine,0.0296325,1374753,1671058
anglo,F,1940,Ciara,8.84901e-05,1671058,1671944
anglo,F,1940,Ciarrai,0.000209821,1671944,1674043
anglo,F,1940,Cindy,9.21538e-06,1674043,1674136
anglo,F,1940,Claire,0.000519022,1674136,1679327
anglo,F,1940,Clara,8.25084e-05,1679327,1680153
anglo,F,1940,Clare,6.18273e-05,1680153,1680772
anglo,F,1940,Clarissa,0.000191729,1680772,1682690
anglo,F,1940,Claudia,0.000159356,1682690,1684284
anglo,F,1940,Cliodhna,0.000360674,1684284,1687891
anglo,F,1940,Cliona,0.000124761,1687891,1689140
anglo,F,1940,Clodagh,5.6043e-05,1689140,1689701
anglo,F,1940,Codie,8.95271e-05,1689701,1690597
anglo,F,1940,Colleen,0.00555221,1690597,1746116
anglo,F,1940,Collette,6.02552e-05,1746116,1746720
anglo,F,1940,Connie,4.8363e-05,1746720,1747205
anglo,F,1940,Constance,8.74845e-05,1747205,1748081
anglo,F,1940,Cora,4.40463e-05,1748081,1748522
anglo,F,1940,Corinne,8.46416e-05,1748522,1749369
anglo,F,1940,Corrie,8.68308e-05,1749369,1750238
anglo,F,1940,Cortney,7.23928e-05,1750238,1750963
anglo,F,1940,Courteney,5.22818e-05,1750963,1751487
anglo,F,1940,Courtney,0.000594237,1751487,1757430
anglo,F,1940,Crystal,0.00011739,1757430,1758605
anglo,F,1940,Daire,0.000525915,1758605,1763865
anglo,F,1940,Dairine,4.69269e-05,1763865,1764335
anglo,F,1940,Daisy,2.79297e-05,1764335,1764615
anglo,F,1940,Dana,0.000167237,1764615,1766288
anglo,F,1940,Danielle,0.000794999,1766288,1774238
anglo,F,1940,Dara,9.05972e-05,1774238,1775145
anglo,F,1940,Darcy,4.63108e-05,1775145,1775609
anglo,F,1940,Darragh,6.12539e-05,1775609,1776222
anglo,F,1940,Dawn,0.000321259,1776222,1779435
anglo,F,1940,Dayna,8.40427e-05,1779435,1780276
anglo,F,1940,Dearbhail,6.38143e-05,1780276,1780915
anglo,F,1940,Dearbhaile,5.89504e-05,1780915,1781505
anglo,F,1940,Dearbhla,7.53341e-05,1781505,1782259
anglo,F,1940,Debbie,0.0029019,1782259,1811277
anglo,F,1940,Deborah,0.0204542,1811277,2015806
anglo,F,1940,Debra,0.0122365,2015806,2138164
anglo,F,1940,Deirbhile,4.43132e-05,2138164,2138608
anglo,F,1940,Demi,0.000109727,2138608,2139706
anglo,F,1940,Demi-Lee,6.49808e-05,2139706,2140357
anglo,F,1940,Demi-Leigh,8.71561e-05,2140357,2141230
anglo,F,1940,Denise,0.00989943,2141230,2240218
anglo,F,1940,Dervla,0.000194455,2240218,2242163
anglo,F,1940,Destiny,2.69373e-05,2242163,2242433
anglo,F,1940,Diana,0.00175848,2242433,2260018
anglo,F,1940,Diane,0.0109571,2260018,2369582
anglo,F,1940,Dianne,0.010725,2369582,2476825
anglo,F,1940,Dionne,0.000155443,2476825,2478380
anglo,F,1940,Donna,0.00563632,2478380,2534740
anglo,F,1940,Dorothy,0.00176424,2534740,2552382
anglo,F,1940,Eadaoin,6.08743e-05,2552382,2552992
anglo,F,1940,Ebony,5.17863e-05,2552992,2553511
anglo,F,1940,Edel,5.7394e-05,2553511,2554086
anglo,F,1940,Eden,0.000273133,2554086,2556818
anglo,F,1940,Eileen,5.36677e-05,2556818,2557356
anglo,F,1940,Eilis,5.6144e-05,2557356,2557918
anglo,F,1940,Eilish,0.000138495,2557918,2559304
anglo,F,1940,Eimear,6.74947e-05,2559304,2559980
anglo,F,1940,Eimer,4.86368e-05,2559980,2560467
anglo,F,1940,Eimhear,0.000110336,2560467,2561571
anglo,F,1940,Elaine,0.00164988,2561571,2578070
anglo,F,1940,Eleanor,8.68071e-05,2578070,2578939
anglo,F,1940,Elise,5.62892e-05,2578939,2579503
anglo,F,1940,Elisha,7.57807e-05,2579503,2580262
anglo,F,1940,Elizabeth,0.0178613,2580262,2758864
anglo,F,1940,Ella,0.000796135,2758864,2766826
anglo,F,1940,Ellen,0.000130443,2766826,2768131
anglo,F,1940,Ellie,0.000300762,2768131,2771139
anglo,F,1940,Eloise,5.25344e-05,2771139,2771665
anglo,F,1940,Elsie,1.37522e-05,2771665,2771804
anglo,F,1940,Emer,9.20784e-05,2771804,2772726
anglo,F,1940,Emilia,2.05574e-05,2772726,2772933
anglo,F,1940,Emilie,0.000153934,2772933,2774473
anglo,F,1940,Emily,0.00122412,2774473,2786714
anglo,F,1940,Emma,0.00193001,2786714,2806014
anglo,F,1940,Emma-Louise,0.000105162,2806014,2807067
anglo,F,1940,Enya,8.49454e-05,2807067,2807917
anglo,F,1940,Erica,0.000102053,2807917,2808938
anglo,F,1940,Erika,0.000161899,2808938,2810558
anglo,F,1940,Erin,0.000516869,2810558,2815727
anglo,F,1940,Eryn,5.38479e-05,2815727,2816266
anglo,F,1940,Esther,7.58673e-05,2816266,2817026
anglo,F,1940,Eva,0.000296331,2817026,2819990
anglo,F,1940,Eve,5.48686e-05,2819990,2820540
anglo,F,1940,Evelyn,0.000151918,2820540,2822060
anglo,F,1940,Evie,0.000123941,2822060,2823300
anglo,F,1940,Fainche,7.48944e-05,2823300,2824050
anglo,F,1940,Faith,0.000151835,2824050,2825569
anglo,F,1940,Fay,0.000248605,2825569,2828056
anglo,F,1940,Faye,4.54834e-05,2828056,2828512
anglo,F,1940,Fiona,0.00282377,2828512,2856749
anglo,F,1940,Fionnuala,7.25928e-05,2856749,2857476
anglo,F,1940,Florence,4.12566e-05,2857476,2857890
anglo,F,1940,Frances,0.00394596,2857890,2897348
anglo,F,1940,Francesca,6.95594e-05,2897348,2898045
anglo,F,1940,Frankie,2.76462e-05,2898045,2898322
anglo,F,1940,Freya,7.46906e-05,2898322,2899070
anglo,F,1940,Gabriella,1.33269e-05,2899070,2899204
anglo,F,1940,Gabrielle,0.000201063,2899204,2901215
anglo,F,1940,Gail,0.0096605,2901215,2997814
anglo,F,1940,Gayle,0.000868263,2997814,3006497
anglo,F,1940,Gaylene,1.16256e-05,3006497,3006614
anglo,F,1940,Gemma,0.00050386,3006614,3011653
anglo,F,1940,Georgia,0.000996016,3011653,3021613
anglo,F,1940,Georgina,0.0001583,3021613,3023197
anglo,F,1940,Geraldine,6.39571e-05,3023197,3023838
anglo,F,1940,Gillian,0.000300882,3023838,3026848
anglo,F,1940,Gina,9.01101e-05,3026848,3027750
anglo,F,1940,Glenda,0.00445568,3027750,3072305
anglo,F,1940,Glenys,5.81278e-05,3072305,3072887
anglo,F,1940,Gloria,0.000582005,3072887,3078708
anglo,F,1940,Grace,0.000902187,3078708,3087730
anglo,F,1940,Grainne,0.000145634,3087730,3089187
anglo,F,1940,Haley,9.21877e-05,3089187,3090110
anglo,F,1940,Hana,7.59915e-05,3090110,3090871
anglo,F,1940,Hannah,0.00144007,3090871,3105272
anglo,F,1940,Harmony,4.25325e-05,3105272,3105698
anglo,F,1940,Harper,0.000168145,3105698,3107380
anglo,F,1940,Harriet,7.90413e-05,3107380,3108171
anglo,F,1940,Hayleigh,0.00010107,3108171,3109183
anglo,F,1940,Hayley,0.000746568,3109183,3116649
anglo,F,1940,Hazel,0.000166868,3116649,3118319
anglo,F,1940,Heather,0.00626337,3118319,3180949
anglo,F,1940,Heidi,9.78739e-05,3180949,3181929
anglo,F,1940,Helen,0.0184033,3181929,3365950
anglo,F,1940,Helena,5.77183e-05,3365950,3366528
anglo,F,1940,Hilary,5.84943e-05,3366528,3367114
anglo,F,1940,Hinewai,7.59915e-05,3367114,3367875
anglo,F,1940,Hollie,4.87753e-05,3367875,3368364
anglo,F,1940,Holly,0.000677406,3368364,3375139
anglo,F,1940,Hope,2.01321e-05,3375139,3375341
anglo,F,1940,Huia,7.48573e-05,3375341,3376091
anglo,F,1940,Imogen,4.15401e-05,3376091,3376507
anglo,F,1940,Indi,5.95456e-06,3376507,3376568
anglo,F,1940,India,0.000179484,3376568,3378364
anglo,F,1940,Indie,7.00369e-05,3378364,3379065
anglo,F,1940,Iona,9.60829e-05,3379065,3380027
anglo,F,1940,Irene,0.00219203,3380027,3401947
anglo,F,1940,Isabel,7.07458e-05,3401947,3402655
anglo,F,1940,Isabella,0.000603537,3402655,3408691
anglo,F,1940,Isabelle,0.000167578,3408691,3410368
anglo,F,1940,Isla,0.000318427,3410368,3413553
anglo,F,1940,Isobel,1.20509e-05,3413553,3413675
anglo,F,1940,Ivy,8.18043e-05,3413675,3414494
anglo,F,1940,Jacqueline,0.0040628,3414494,3455120
anglo,F,1940,Jade,0.000565314,3455120,3460774
anglo,F,1940,Jaime,8.64828e-06,3460774,3460861
anglo,F,1940,Jamie,0.00031476,3460861,3464009
anglo,F,1940,Jamie-Lee,0.00013732,3464009,3465383
anglo,F,1940,Jamie-Leigh,6.22981e-05,3465383,3466007
anglo,F,1940,Jan,0.00386873,3466007,3504693
anglo,F,1940,Jana,4.55992e-05,3504693,3505150
anglo,F,1940,Jane,0.00655509,3505150,3570697
anglo,F,1940,Janelle,0.00298326,3570697,3600529
anglo,F,1940,Janet,0.00678518,3600529,3668377
anglo,F,1940,Janette,0.00389099,3668377,3707285
anglo,F,1940,Janice,0.00679824,3707285,3775264
anglo,F,1940,Janine,0.00170637,3775264,3792328
anglo,F,1940,Jasmin,8.3455e-05,3792328,3793163
anglo,F,1940,Jasmine,0.000581291,3793163,3798977
anglo,F,1940,Jayde,4.99225e-05,3798977,3799477
anglo,F,1940,Jayne,0.000149631,3799477,3800974
anglo,F,1940,Jean,0.000372535,3800974,3804700
anglo,F,1940,Jeanette,0.00403849,3804700,3845083
anglo,F,1940,Jemma,0.000130909,3845083,3846393
anglo,F,1940,Jena,0.00013843,3846393,3847778
anglo,F,1940,Jenna,0.000280991,3847778,3850589
anglo,F,1940,Jenni,0.000197287,3850589,3852563
anglo,F,1940,Jennifer,0.0350086,3852563,4202626
anglo,F,1940,Jenny,0.000624998,4202626,4208877
anglo,F,1940,Jessica,0.00191576,4208877,4228034
anglo,F,1940,Jessie,0.000159213,4228034,4229627
anglo,F,1940,Jill,0.00302944,4229627,4259920
anglo,F,1940,Jillian,0.00150657,4259920,4274986
anglo,F,1940,Joan,0.00190726,4274986,4294058
anglo,F,1940,Joanna,0.000435282,4294058,4298412
anglo,F,1940,Joanne,0.00803301,4298412,4378738
anglo,F,1940,Jocelyn,7.89687e-05,4378738,4379529
anglo,F,1940,Jodi,7.93941e-06,4379529,4379609
anglo,F,1940,Jodie,0.000118064,4379609,4380791
anglo,F,1940,Jody,5.47737e-05,4380791,4381340
anglo,F,1940,Johanna,8.23118e-05,4381340,4382164
anglo,F,1940,Jolene,9.55993e-05,4382164,4383121
anglo,F,1940,Jordan,0.00016924,4383121,4384814
anglo,F,1940,Jorja,6.46495e-05,4384814,4385461
anglo,F,1940,Josephine,0.000188192,4385461,4387344
anglo,F,1940,Joy,0.00266576,4387344,4414001
anglo,F,1940,Joyce,7.96273e-05,4414001,4414798
anglo,F,1940,Judith,0.0181693,4414798,4596479
anglo,F,1940,Julia,0.000365974,4596479,4600139
anglo,F,1940,Julie,0.0260409,4600139,4860531
anglo,F,1940,Julie-Anne,6.733e-05,4860531,4861205
anglo,F,1940,June,0.000676691,4861205,4867972
anglo,F,1940,Justine,0.000237905,4867972,4870352
anglo,F,1940,Kahurangi,0.000103496,4870352,4871388
anglo,F,1940,Kaia,0.000223438,4871388,4873623
anglo,F,1940,Kaitlin,5.71341e-05,4873623,4874195
anglo,F,1940,Kaitlyn,0.000148575,4874195,4875682
anglo,F,1940,Kara,9.73775e-05,4875682,4876657
anglo,F,1940,Karen,0.0203857,4876657,5080501
anglo,F,1940,Karla,7.9076e-05,5080501,5081293
anglo,F,1940,Karley,0.000121478,5081293,5082509
anglo,F,1940,Karyn,6.08215e-05,5082509,5083118
anglo,F,1940,Kate,0.000876504,5083118,5091883
anglo,F,1940,Katelyn,0.00014086,5091883,5093293
anglo,F,1940,Katharine,6.03777e-05,5093293,5093898
anglo,F,1940,Katherine,0.00225065,5093898,5116404
anglo,F,1940,Kathleen,0.00817061,5116404,5198105
anglo,F,1940,Kathryn,0.00634835,5198105,5261585
anglo,F,1940,Kathy,4.68019e-05,5261585,5262054
anglo,F,1940,Katie,0.000548103,5262054,5267536
anglo,F,1940,Katie-Louise,4.91262e-05,5267536,5268028
anglo,F,1940,Katrina,0.000545838,5268028,5273487
anglo,F,1940,Katy,5.19501e-05,5273487,5274007
anglo,F,1940,Kay,0.00494257,5274007,5323430
anglo,F,1940,Kaye,0.000299341,5323430,5326424
anglo,F,1940,Kayla,0.000397821,5326424,5330403
anglo,F,1940,Kayleigh,8.28781e-05,5330403,5331233
anglo,F,1940,Keely,0.000165406,5331233,5332888
anglo,F,1940,Keeva,0.00018657,5332888,5334755
anglo,F,1940,Keira,0.000107607,5334755,5335832
anglo,F,1940,Kellie,8.11588e-05,5335832,5336645
anglo,F,1940,Kelly,0.000919703,5336645,5345842
anglo,F,1940,Kelly-Anne,4.64933e-05,5345842,5346308
anglo,F,1940,Kelly-Marie,5.66559e-05,5346308,5346876
anglo,F,1940,Kelsey,0.000159842,5346876,5348475
anglo,F,1940,Keri,7.12231e-05,5348475,5349188
anglo,F,1940,Kerri,5.23657e-05,5349188,5349713
anglo,F,1940,Kerrie,0.00806511,5349713,5430359
anglo,F,1940,Kerry,0.0151317,5430359,5581666
anglo,F,1940,Khloe,1.3894e-05,5581666,5581806
anglo,F,1940,Kiera,5.09875e-05,5581806,5582317
anglo,F,1940,Kim,0.0128813,5582317,5711122
anglo,F,1940,Kimberley,0.000353882,5711122,5714662
anglo,F,1940,Kimberly,4.58921e-05,5714662,5715122
anglo,F,1940,Kira,5.08316e-05,5715122,5715631
anglo,F,1940,Kirby,0.000143123,5715631,5717063
anglo,F,1940,Kiri,1.84308e-05,5717063,5717248
anglo,F,1940,Kirsten,0.0005023,5717248,5722272
anglo,F,1940,Kirstie,0.00011992,5722272,5723472
anglo,F,1940,Kirstin,6.70037e-05,5723472,5724143
anglo,F,1940,Kirsty,0.000528638,5724143,5729430
anglo,F,1940,Kora,0.000124479,5729430,5730676
anglo,F,1940,Kori,0.000133105,5730676,5732008
anglo,F,1940,Kristin,4.58331e-05,5732008,5732467
anglo,F,1940,Kristina,4.57157e-05,5732467,5732925
anglo,F,1940,Kristy,2.43853e-05,5732925,5733170
anglo,F,1940,Krystal,9.21538e-05,5733170,5734092
anglo,F,1940,Kyla,5.81278e-06,5734092,5734151
anglo,F,1940,Kylie,0.000523434,5734151,5739386
anglo,F,1940,Lana,6.31131e-05,5739386,5740018
anglo,F,1940,Laoise,5.31366e-05,5740018,5740550
anglo,F,1940,Lara,0.000116959,5740550,5741721
anglo,F,1940,Laura,0.000719885,5741721,5748920
anglo,F,1940,Lauren,0.000538775,5748920,5754308
anglo,F,1940,Laurie,4.76959e-05,5754308,5754786
anglo,F,1940,Layla,7.59915e-05,5754786,5755547
anglo,F,1940,Leah,0.000313948,5755547,5758687
anglo,F,1940,Leanne,0.00227116,5758687,5781398
anglo,F,1940,Lee,0.00114655,5781398,5792864
anglo,F,1940,Leigh,5.7287e-05,5792864,5793438
anglo,F,1940,Leona,7.21943e-05,5793438,5794161
anglo,F,1940,Leonie,0.00540389,5794161,5848197
anglo,F,1940,Lesley,0.00621459,5848197,5910340
anglo,F,1940,Libby,6.80521e-06,5910340,5910409
anglo,F,1940,Lilly,0.000115263,5910409,5911563
anglo,F,1940,Lily,0.000502735,5911563,5916591
anglo,F,1940,Linda,0.0124456,5916591,6041040
anglo,F,1940,Lindsay,6.43905e-05,6041040,6041685
anglo,F,1940,Lindsey,7.14145e-05,6041685,6042400
anglo,F,1940,Lisa,0.00226565,6042400,6065056
anglo,F,1940,Lisa-Marie,6.25666e-05,6065056,6065683
anglo,F,1940,Lois,0.000102945,6065683,6066713
anglo,F,1940,Lola,4.86289e-05,6066713,6067200
anglo,F,1940,Lorna,5.06002e-05,6067200,6067707
anglo,F,1940,Lorraine,0.00822111,6067707,6149913
anglo,F,1940,Louise,0.00626745,6149913,6212584
anglo,F,1940,Lucia,0.000136379,6212584,6213949
anglo,F,1940,Lucinda,0.00022473,6213949,6216197
anglo,F,1940,Lucy,0.00078596,6216197,6224057
anglo,F,1940,Luna,7.51408e-06,6224057,6224133
anglo,F,1940,Lydia,9.22995e-05,6224133,6225057
anglo,F,1940,Lynda,0.00251951,6225057,6250251
anglo,F,1940,Lyndsay,0.000181765,6250251,6252070
anglo,F,1940,Lyndsey,0.000412345,6252070,6256194
anglo,F,1940,Lynette,0.0184935,6256194,6441117
anglo,F,1940,Lynley,3.23247e-05,6441117,6441441
anglo,F,1940,Lynn,0.00204609,6441441,6461901
anglo,F,1940,Lynne,0.00462421,6461901,6508141
anglo,F,1940,Lynnette,1.7013e-05,6508141,6508312
anglo,F,1940,Lynsey,6.63635e-05,6508312,6508977
anglo,F,1940,MacKenzie,9.49893e-06,6508977,6509073
anglo,F,1940,Mackenzie,0.000147304,6509073,6510547
anglo,F,1940,Maddison,0.000261717,6510547,6513165
anglo,F,1940,Madeleine,0.000110585,6513165,6514272
anglo,F,1940,Madeline,2.60866e-05,6514272,6514534
anglo,F,1940,Madison,0.000525228,6514534,6519787
anglo,F,1940,Maeve,7.06568e-05,6519787,6520495
anglo,F,1940,Mahi,7.8827e-05,6520495,6521284
anglo,F,1940,Maia,0.000277879,6521284,6524064
anglo,F,1940,Mairead,6.54331e-05,6524064,6524719
anglo,F,1940,Manaia,0.000129299,6524719,6526013
anglo,F,1940,Mandy,5.32241e-05,6526013,6526546
anglo,F,1940,Maraea,9.96679e-05,6526546,6527544
anglo,F,1940,Maree,0.00493401,6527544,6576882
anglo,F,1940,Mareikura,0.000134403,6576882,6578227
anglo,F,1940,Margaret,0.0252983,6578227,6831193
anglo,F,1940,Maria,0.00840298,6831193,6915218
anglo,F,1940,Marian,7.44004e-05,6915218,6915963
anglo,F,1940,Marie,0.00401976,6915963,6956159
anglo,F,1940,Marie-Claire,7.36153e-05,6956159,6956896
anglo,F,1940,Marilyn,0.00492131,6956896,7006107
anglo,F,1940,Marion,0.00151735,7006107,7021280
anglo,F,1940,Martha,0.000460012,7021280,7025881
anglo,F,1940,Martina,7.76405e-05,7025881,7026658
anglo,F,1940,Mary,0.0126591,7026658,7153241
anglo,F,1940,Matilda,8.08118e-05,7153241,7154050
anglo,F,1940,Maura,5.21152e-05,7154050,7154572
anglo,F,1940,Maureen,0.00592421,7154572,7213811
anglo,F,1940,Maxine,0.000274579,7213811,7216558
anglo,F,1940,Maya,6.12469e-05,7216558,7217171
anglo,F,1940,Meabh,7.04707e-05,7217171,7217877
anglo,F,1940,Meaghan,0.000797138,7217877,7225849
anglo,F,1940,Meg,5.27903e-05,7225849,7226378
anglo,F,1940,Megan,0.00156486,7226378,7242027
anglo,F,1940,Meghan,4.73072e-05,7242027,7242501
anglo,F,1940,Meibh,4.75005e-05,7242501,7242977
anglo,F,1940,Melanie,0.000695086,7242977,7249928
anglo,F,1940,Melissa,0.00103351,7249928,7260263
anglo,F,1940,Mereana,9.03108e-05,7260263,7261167
anglo,F,1940,Mia,0.000431742,7261167,7265485
anglo,F,1940,Michaela,0.000192233,7265485,7267408
anglo,F,1940,Micheala,0.000148267,7267408,7268892
anglo,F,1940,Michele,0.00460232,7268892,7314913
anglo,F,1940,Michelle,0.00811736,7314913,7396082
anglo,F,1940,Mikaela,6.80521e-06,7396082,7396151
anglo,F,1940,Mikayla,0.000211528,7396151,7398267
anglo,F,1940,Mila,0.000161482,7398267,7399883
anglo,F,1940,Millie,0.000100802,7399883,7400892
anglo,F,1940,Miriam,5.9534e-05,7400892,7401488
anglo,F,1940,Miriama,8.70499e-05,7401488,7402359
anglo,F,1940,Mollie,4.7116e-05,7402359,7402831
anglo,F,1940,Molly,0.0003001,7402831,7405833
anglo,F,1940,Monica,7.93941e-06,7405833,7405913
anglo,F,1940,Monique,0.00026356,7405913,7408549
anglo,F,1940,Morgan,0.000154425,7408549,7410094
anglo,F,1940,Mya,4.99048e-05,7410094,7410594
anglo,F,1940,Nadia,0.00120824,7410594,7422677
anglo,F,1940,Nadine,0.00020199,7422677,7424698
anglo,F,1940,Naoimh,4.44212e-05,7424698,7425143
anglo,F,1940,Naoise,0.000139565,7425143,7426540
anglo,F,1940,Naomh,7.86172e-05,7426540,7427327
anglo,F,1940,Naomi,0.000118069,7427327,7428509
anglo,F,1940,Narelle,0.00607413,7428509,7489247
anglo,F,1940,Natalie,0.000662351,7489247,7495871
anglo,F,1940,Natasha,0.000862812,7495871,7504500
anglo,F,1940,Nevaeh,9.54147e-05,7504500,7505455
anglo,F,1940,Ngaire,1.64459e-05,7505455,7505620
anglo,F,1940,Nia,9.4564e-05,7505620,7506567
anglo,F,1940,Niamh,0.000103888,7506567,7507607
anglo,F,1940,Nichola,6.2702e-05,7507607,7508235
anglo,F,1940,Nichole,6.86789e-05,7508235,7508923
anglo,F,1940,Nicola,0.00152815,7508923,7524204
anglo,F,1940,Nicole,0.000918732,7524204,7533392
anglo,F,1940,Nikita,0.000233647,7533392,7535729
anglo,F,1940,Nikki,0.000152446,7535729,7537254
anglo,F,1940,Nina,0.000102578,7537254,7538281
anglo,F,1940,Nora,4.39407e-05,7538281,7538721
anglo,F,1940,Nuala,4.48603e-05,7538721,7539171
anglo,F,1940,Olive,7.44319e-05,7539171,7539916
anglo,F,1940,Olivia,0.00132309,7539916,7553147
anglo,F,1940,Oonagh,0.000134126,7553147,7554489
anglo,F,1940,Orfhlaith,0.000123918,7554489,7555729
anglo,F,1940,Orla,0.000697248,7555729,7562702
anglo,F,1940,Orlagh,6.57394e-05,7562702,7563360
anglo,F,1940,Orlaigh,0.000135168,7563360,7564713
anglo,F,1940,Orlaith,0.000346975,7564713,7568184
anglo,F,1940,Padraigin,5.58426e-05,7568184,7568743
anglo,F,1940,Paige,0.000584126,7568743,7574585
anglo,F,1940,Pamela,0.00958326,7574585,7670412
anglo,F,1940,Paris,7.81181e-05,7670412,7671194
anglo,F,1940,Patrice,4.8431e-05,7671194,7671679
anglo,F,1940,Patricia,0.0160442,7671679,7832111
anglo,F,1940,Paula,0.00168834,7832111,7848994
anglo,F,1940,Pauline,0.00453594,7848994,7894351
anglo,F,1940,Payton,6.23811e-06,7894351,7894414
anglo,F,1940,Penelope,0.00176379,7894414,7912052
anglo,F,1940,Peyton,8.80424e-05,7912052,7912933
anglo,F,1940,Philippa,0.000192672,7912933,7914861
anglo,F,1940,Phoebe,0.000248354,7914861,7917345
anglo,F,1940,Piper,8.22296e-05,7917345,7918168
anglo,F,1940,Pippa,5.89785e-05,7918168,7918759
anglo,F,1940,Polly,4.73714e-05,7918759,7919234
anglo,F,1940,Poppy,0.000119375,7919234,7920429
anglo,F,1940,Quinn,3.01981e-05,7920429,7920732
anglo,F,1940,Rachael,0.00055521,7920732,7926285
anglo,F,1940,Rachel,0.00144197,7926285,7940705
anglo,F,1940,Rachelle,5.73012e-05,7940705,7941279
anglo,F,1940,Raewyn,0.000430855,7941279,7945588
anglo,F,1940,Rebecca,0.00173896,7945588,7962977
anglo,F,1940,Rebekah,0.000236086,7962977,7965339
anglo,F,1940,Regan,8.01454e-05,7965339,7966141
anglo,F,1940,Renee,0.000480192,7966141,7970944
anglo,F,1940,Rhian,7.78817e-05,7970944,7971724
anglo,F,1940,Rhianna,4.36797e-05,7971724,7972162
anglo,F,1940,Rhianne,5.24499e-05,7972162,7972687
anglo,F,1940,Rhiannon,0.000242846,7972687,7975116
anglo,F,1940,Rhonda,0.00972159,7975116,8072326
anglo,F,1940,Ria,9.96679e-05,8072326,8073324
anglo,F,1940,Riley,9.584e-05,8073324,8074283
anglo,F,1940,Rita,7.08442e-05,8074283,8074992
anglo,F,1940,Roberta,8.31652e-05,8074992,8075825
anglo,F,1940,Robin,0.00125787,8075825,8088404
anglo,F,1940,Robyn,0.0197213,8088404,8285604
anglo,F,1940,Rochelle,0.000295743,8285604,8288562
anglo,F,1940,Roise,8.88322e-05,8288562,8289451
anglo,F,1940,Roisin,4.71795e-05,8289451,8289924
anglo,F,1940,Rose,0.000277698,8289924,8292702
anglo,F,1940,Roseanna,4.35764e-05,8292702,8293139
anglo,F,1940,Rosemary,0.00514691,8293139,8344606
anglo,F,1940,Rosie,7.55565e-05,8344606,8345363
anglo,F,1940,Roslyn,0.00530605,8345363,8398421
anglo,F,1940,Ruby,0.00061417,8398421,8404563
anglo,F,1940,Ruth,0.00419861,8404563,8446547
anglo,F,1940,Sabrina,5.65525e-05,8446547,8447113
anglo,F,1940,Sacha,0.000100588,8447113,8448120
anglo,F,1940,Sadie,2.1408e-05,8448120,8448335
anglo,F,1940,Sally,0.00346509,8448335,8482985
anglo,F,1940,Samantha,0.00111822,8482985,8494167
anglo,F,1940,Sandra,0.0136344,8494167,8630503
anglo,F,1940,Saoirse,6.88526e-05,8630503,8631192
anglo,F,1940,Sara,0.000206495,8631192,8633258
anglo,F,1940,Sarah,0.00287615,8633258,8662018
anglo,F,1940,Sarah-Jane,7.91179e-05,8662018,8662810
anglo,F,1940,Sarah-Louise,4.43671e-05,8662810,8663255
anglo,F,1940,Sasha,0.000110864,8663255,8664365
anglo,F,1940,Saskia,4.934e-05,8664365,8664859
anglo,F,1940,Savannah,0.000106695,8664859,8665927
anglo,F,1940,Scarlett,0.000148155,8665927,8667409
anglo,F,1940,Seana,6.10001e-05,8667409,8668020
anglo,F,1940,Seanan,5.59426e-05,8668020,8668580
anglo,F,1940,Seaneen,6.06246e-05,8668580,8669187
anglo,F,1940,Seanna,0.000127385,8669187,8670462
anglo,F,1940,Selina,6.15106e-05,8670462,8671078
anglo,F,1940,Seona,7.62345e-05,8671078,8671841
anglo,F,1940,Serena,0.000129218,8671841,8673134
anglo,F,1940,Shakira,7.37231e-06,8673134,8673209
anglo,F,1940,Shania,9.62151e-05,8673209,8674172
anglo,F,1940,Shanice,0.000119161,8674172,8675365
anglo,F,1940,Shanna,0.000114185,8675365,8676508
anglo,F,1940,Shannan,4.41525e-05,8676508,8676950
anglo,F,1940,Shannen,5.37576e-05,8676950,8677489
anglo,F,1940,Shannon,0.000405964,8677489,8681549
anglo,F,1940,Sharlene,3.11905e-05,8681549,8681862
anglo,F,1940,Sharon,0.0122183,8681862,8804037
anglo,F,1940,Shauna,0.000490032,8804037,8808938
anglo,F,1940,Shauneen,0.000220741,8808938,8811146
anglo,F,1940,Sheila,5.03716e-05,8811146,8811651
anglo,F,1940,Shelby,0.000375918,8811651,8815411
anglo,F,1940,Shelley,0.000428904,8815411,8819701
anglo,F,1940,Sheree,7.96042e-05,8819701,8820498
anglo,F,1940,Sheryl,0.000495343,8820498,8825452
anglo,F,1940,Shirley,0.00415637,8825452,8867014
anglo,F,1940,Shona,0.000217559,8867014,8869190
anglo,F,1940,Sian,0.000160219,8869190,8870793
anglo,F,1940,Sienna,0.000192531,8870793,8872719
anglo,F,1940,Simone,0.000114862,8872719,8873869
anglo,F,1940,Sinead,7.26448e-05,8873869,8874596
anglo,F,1940,Siobhan,0.00011555,8874596,8875752
anglo,F,1940,Siofra,0.000136233,8875752,8877115
anglo,F,1940,Skye,1.37522e-05,8877115,8877254
anglo,F,1940,Skyla,1.48864e-05,8877254,8877404
anglo,F,1940,Skylar,5.81278e-06,8877404,8877463
anglo,F,1940,Sofia,8.93183e-05,8877463,8878357
anglo,F,1940,Sonia,3.48767e-05,8878357,8878707
anglo,F,1940,Sonya,8.96019e-05,8878707,8879604
anglo,F,1940,Sophia,0.000420526,8879604,8883810
anglo,F,1940,Sophie,0.00115901,8883810,8895400
anglo,F,1940,Sophie-Louise,0.000175141,8895400,8897152
anglo,F,1940,Sorcha,8.78163e-05,8897152,8898031
anglo,F,1940,Stacey,0.000696035,8898031,8904992
anglo,F,1940,Stella,0.000187569,8904992,8906869
anglo,F,1940,Stephanie,0.00122562,8906869,8919125
anglo,F,1940,Sue,0.00173653,8919125,8936490
anglo,F,1940,Summer,0.000209402,8936490,8938585
anglo,F,1940,Susan,0.0364249,8938585,9302809
anglo,F,1940,Susanna,0.000109127,9302809,9303901
anglo,F,1940,Susannah,4.72433e-05,9303901,9304374
anglo,F,1940,Susanne,0.00287937,9304374,9333167
anglo,F,1940,Suzanne,0.0118466,9333167,9451625
anglo,F,1940,Sylvia,0.000156992,9451625,9453196
anglo,F,1940,Tamara,0.000145792,9453196,9454655
anglo,F,1940,Tammy,4.77615e-05,9454655,9455134
anglo,F,1940,Tania,0.000975271,9455134,9464887
anglo,F,1940,Tanya,0.000640401,9464887,9471292
anglo,F,1940,Tara,0.000155654,9471292,9472849
anglo,F,1940,Tayla,0.000258456,9472849,9475434
anglo,F,1940,Taylor,0.000264553,9475434,9478080
anglo,F,1940,Tegan,4.50845e-05,9478080,9478532
anglo,F,1940,Teresa,0.000368964,9478532,9482222
anglo,F,1940,Terina,7.48573e-05,9482222,9482972
anglo,F,1940,Terri,0.000117681,9482972,9484150
anglo,F,1940,Tess,0.000108536,9484150,9485236
anglo,F,1940,Tessa,0.000250692,9485236,9487744
anglo,F,1940,Thea,3.95553e-05,9487744,9488141
anglo,F,1940,Theresa,6.11267e-05,9488141,9488753
anglo,F,1940,Therese,0.00136331,9488753,9502386
anglo,F,1940,Tia,0.000295756,9502386,9505344
anglo,F,1940,Tiana,5.50088e-05,9505344,9505895
anglo,F,1940,Tiare,9.51311e-05,9505895,9506847
anglo,F,1940,Tiarna,6.79955e-05,9506847,9507528
anglo,F,1940,Tiegan,5.94161e-05,9507528,9508123
anglo,F,1940,Tiffany,8.06727e-05,9508123,9508931
anglo,F,1940,Tina,0.000364106,9508931,9512573
anglo,F,1940,Toni,0.00200867,9512573,9532659
anglo,F,1940,Tonicha,0.000141911,9532659,9534079
anglo,F,1940,Tori,0.000139193,9534079,9535472
anglo,F,1940,Tory,4.50842e-05,9535472,9535924
anglo,F,1940,Tracey,0.00246375,9535924,9560561
anglo,F,1940,Tracy,0.000650706,9560561,9567069
anglo,F,1940,Trinity,5.68518e-05,9567069,9567638
anglo,F,1940,Tui,0.000177361,9567638,9569412
anglo,F,1940,Tyla,1.3894e-05,9569412,9569552
anglo,F,1940,Tyler,0.000169124,9569552,9571244
anglo,F,1940,Una,0.000294739,9571244,9574192
anglo,F,1940,Ursula,5.1868e-05,9574192,9574712
anglo,F,1940,Valerie,0.000738506,9574712,9582098
anglo,F,1940,Vanessa,0.000624942,9582098,9588348
anglo,F,1940,Vicki,0.0141154,9588348,9729494
anglo,F,1940,Vicky,2.80715e-05,9729494,9729776
anglo,F,1940,Victoria,0.00207934,9729776,9750569
anglo,F,1940,Violet,7.17382e-05,9750569,9751287
anglo,F,1940,Virginia,0.00221913,9751287,9773478
anglo,F,1940,Vivienne,0.000113704,9773478,9774616
anglo,F,1940,Waimarie,9.51311e-05,9774616,9775568
anglo,F,1940,Wendy,0.0164112,9775568,9939670
anglo,F,1940,Whitney,0.000576873,9939670,9945439
anglo,F,1940,Wikitoria,8.26549e-05,9945439,9946266
anglo,F,1940,Willow,0.000105339,9946266,9947320
anglo,F,1940,Yasmin,7.64641e-05,9947320,9948086
anglo,F,1940,Yasmine,0.000118415,9948086,9949271
anglo,F,1940,Yvonne,0.00418731,9949271,9991142
anglo,F,1940,Zara,0.000233621,9991142,9993479
anglo,F,1940,Zoe,0.000628554,9993479,9999765
anglo,F,1940,Zoey,2.33929e-05,9999765,10000000
anglo,M,1950,Aaron,0.00121922,0,12193
anglo,M,1950,Abdul,7.76234e-05,12193,12970
anglo,M,1950,Adam,0.000902068,12970,21991
anglo,M,1950,Adrian,0.00181211,21991,40112
anglo,M,1950,Aedan,7.66993e-05,40112,40880
anglo,M,1950,Aidan,0.000234422,40880,43225
anglo,M,1950,Aiden,0.000158472,43225,44811
anglo,M,1950,Alan,0.00987655,44811,143572
anglo,M,1950,Alastair,0.000122459,143572,144798
anglo,M,1950,Albert,0.000114897,144798,145948
anglo,M,1950,Alex,0.000472605,145948,150675
anglo,M,1950,Alexander,0.00247346,150675,175409
anglo,M,1950,Alistair,0.000193013,175409,177340
anglo,M,1950,Alister,9.10776e-05,177340,178252
anglo,M,1950,Allan,0.00793937,178252,257643
anglo,M,1950,Allen,0.00132904,257643,270934
anglo,M,1950,Anaru,7.96167e-05,270934,271731
anglo,M,1950,Andre,1.37569e-05,271731,271870
anglo,M,1950,Andrew,0.00937705,271870,365637
anglo,M,1950,Angus,0.000358609,365637,369224
anglo,M,1950,Anthony,0.0182081,369224,551297
anglo,M,1950,Antoin,6.21738e-05,551297,551920
anglo,M,1950,Anton,8.85833e-05,551920,552807
anglo,M,1950,Antony,0.000244683,552807,555255
anglo,M,1950,Aodhan,0.000153042,555255,556786
anglo,M,1950,Archer,4.12707e-05,556786,557200
anglo,M,1950,Archie,8.38413e-05,557200,558039
anglo,M,1950,Ari,0.000106589,558039,559106
anglo,M,1950,Ariki,0.000127603,559106,560383
anglo,M,1950,Arlo,6.32601e-05,560383,561017
anglo,M,1950,Arran,9.56844e-05,561017,561975
anglo,M,1950,Arron,7.54536e-05,561975,562730
anglo,M,1950,Arthur,0.00181728,562730,580903
anglo,M,1950,Asher,3.45547e-05,580903,581250
anglo,M,1950,Ashley,0.000155964,581250,582811
anglo,M,1950,Ashton,0.000133886,582811,584151
anglo,M,1950,Austin,7.45256e-05,584151,584897
anglo,M,1950,Bailey,0.000204927,584897,586947
anglo,M,1950,Bailie,8.60154e-05,586947,587808
anglo,M,1950,Barry,0.0082287,587808,670092
anglo,M,1950,Beau,5.31861e-05,670092,670625
anglo,M,1950,Beauden,1.35403e-05,670625,670761
anglo,M,1950,Ben,0.000324762,670761,674009
anglo,M,1950,Benjamin,0.00180241,674009,692033
anglo,M,1950,Benn,6.59985e-05,692033,692694
anglo,M,1950,Bernard,0.00249837,692694,717677
anglo,M,1950,Bevan,6.86762e-05,717677,718365
anglo,M,1950,Billy,0.00109747,718365,729340
anglo,M,1950,Blaine,8.4567e-05,729340,730187
anglo,M,1950,Blair,0.000310126,730187,733289
anglo,M,1950,Blake,0.000493493,733289,738225
anglo,M,1950,Bodhi,7.58254e-06,738225,738302
anglo,M,1950,Brad,0.000112981,738302,739433
anglo,M,1950,Bradley,0.00244132,739433,763846
anglo,M,1950,Brandon,0.000234061,763846,766187
anglo,M,1950,Braxton,8.02666e-05,766187,766991
anglo,M,1950,Brayden,3.43381e-05,766991,767335
anglo,M,1950,Breandan,8.18556e-05,767335,768154
anglo,M,1950,Brendan,0.000284594,768154,771001
anglo,M,1950,Brendon,0.000342623,771001,774428
anglo,M,1950,Brent,0.000602704,774428,780456
anglo,M,1950,Brett,0.00299902,780456,810446
anglo,M,1950,Brian,0.012655,810446,936990
anglo,M,1950,Brodie,2.33976e-05,936990,937225
anglo,M,1950,Brooklyn,4.39788e-05,937225,937666
anglo,M,1950,Bruce,0.0111751,937666,1049412
anglo,M,1950,Bryan,0.000478758,1049412,1054200
anglo,M,1950,Cahal,9.98507e-05,1054200,1055199
anglo,M,1950,Cahir,6.44635e-05,1055199,1055845
anglo,M,1950,Cailum,7.34383e-05,1055845,1056580
anglo,M,1950,Cal,0.000100593,1056580,1057587
anglo,M,1950,Caleb,0.000698654,1057587,1064574
anglo,M,1950,Callan,7.42604e-05,1064574,1065318
anglo,M,1950,Callum,0.00042479,1065318,1069567
anglo,M,1950,Calum,8.22914e-05,1069567,1070391
anglo,M,1950,Calvin,0.000219075,1070391,1072583
anglo,M,1950,Cameron,0.000938555,1072583,1081969
anglo,M,1950,Campbell,4.57119e-05,1081969,1082427
anglo,M,1950,Caoimhin,0.000235519,1082427,1084783
anglo,M,1950,Caolain,8.01721e-05,1084783,1085586
anglo,M,1950,Caolan,7.14097e-05,1085586,1086301
anglo,M,1950,Caomhan,9.80569e-05,1086301,1087283
anglo,M,1950,Carl,0.000445949,1087283,1091743
anglo,M,1950,Carlos,1.32153e-05,1091743,1091876
anglo,M,1950,Carter,0.000250611,1091876,1094383
anglo,M,1950,Cathal,6.15585e-05,1094383,1095000
anglo,M,1950,Charles,0.00317656,1095000,1126765
anglo,M,1950,Charlie,0.000429745,1126765,1131063
anglo,M,1950,Chase,1.8848e-05,1131063,1131252
anglo,M,1950,Che,0.000126424,1131252,1132517
anglo,M,1950,Chris,9.91228e-05,1132517,1133509
anglo,M,1950,Christian,0.000190776,1133509,1135418
anglo,M,1950,Christie,7.85778e-05,1135418,1136205
anglo,M,1950,Christopher,0.019485,1136205,1331046
anglo,M,1950,Christy,9.77084e-05,1331046,1332024
anglo,M,1950,Cianan,0.000141657,1332024,1333441
anglo,M,1950,Ciaran,7.91657e-05,1333441,1334234
anglo,M,1950,Cillian,0.000105805,1334234,1335293
anglo,M,1950,Clark,0.000187559,1335293,1337169
anglo,M,1950,Clayton,6.391e-06,1337169,1337234
anglo,M,1950,Clifford,0.000132283,1337234,1338558
anglo,M,1950,Clinton,0.000108755,1338558,1339646
anglo,M,1950,Clive,0.0002703,1339646,1342350
anglo,M,1950,Cody,0.000362936,1342350,1345980
anglo,M,1950,Cohen,1.07239e-05,1345980,1346088
anglo,M,1950,Cole,7.01927e-05,1346088,1346791
anglo,M,1950,Colin,0.0110336,1346791,1457122
anglo,M,1950,Colm,0.000102912,1457122,1458152
anglo,M,1950,Colum,0.0004553,1458152,1462706
anglo,M,1950,Conal,0.000111312,1462706,1463820
anglo,M,1950,Conall,0.000147575,1463820,1465297
anglo,M,1950,Conan,0.00010097,1465297,1466308
anglo,M,1950,Conchur,6.40101e-05,1466308,1466949
anglo,M,1950,Conn,6.16599e-05,1466949,1467567
anglo,M,1950,Connor,0.000570718,1467567,1473275
anglo,M,1950,Conor,0.000201778,1473275,1475294
anglo,M,1950,Conrad,0.000107559,1475294,1476371
anglo,M,1950,Cooper,0.000228884,1476371,1478661
anglo,M,1950,Corey,0.00048692,1478661,1483531
anglo,M,1950,Cormac,6.32366e-05,1483531,1484164
anglo,M,1950,Cory,0.000138373,1484164,1485549
anglo,M,1950,Craig,0.00541587,1485549,1539706
anglo,M,1950,Cruz,5.63275e-06,1539706,1539763
anglo,M,1950,Curtis,0.000567699,1539763,1545441
anglo,M,1950,Daire,9.07912e-05,1545441,1546350
anglo,M,1950,Dale,0.000977264,1546350,1556123
anglo,M,1950,Damian,0.000216906,1556123,1558293
anglo,M,1950,Damien,8.67648e-05,1558293,1559162
anglo,M,1950,Damon,2.2856e-05,1559162,1559392
anglo,M,1950,Daniel,0.00480724,1559392,1607463
anglo,M,1950,Danny,6.66153e-05,1607463,1608130
anglo,M,1950,Dara,0.000200503,1608130,1610136
anglo,M,1950,Darragh,0.000110823,1610136,1611245
anglo,M,1950,Darrell,0.000407719,1611245,1615323
anglo,M,1950,Darren,0.00042319,1615323,1619556
anglo,M,1950,Darrin,2.35059e-05,1619556,1619792
anglo,M,1950,Darryl,0.00232661,1619792,1643058
anglo,M,1950,Darryn,2.81637e-05,1643058,1643341
anglo,M,1950,Daryl,0.00173669,1643341,1660708
anglo,M,1950,David,0.0405337,1660708,2066026
anglo,M,1950,Deaglan,7.00899e-05,2066026,2066728
anglo,M,1950,Dean,0.00151835,2066728,2081912
anglo,M,1950,Deane,6.99472e-05,2081912,2082612
anglo,M,1950,Declan,9.67413e-05,2082612,2083580
anglo,M,1950,Denis,0.0012102,2083580,2095682
anglo,M,1950,Dennis,0.00431423,2095682,2138823
anglo,M,1950,Derek,0.00080167,2138823,2146840
anglo,M,1950,Dermot,0.000102515,2146840,2147866
anglo,M,1950,Desmond,0.00111934,2147866,2159060
anglo,M,1950,Diarmuid,7.02333e-05,2159060,2159763
anglo,M,1950,Dillon,8.17603e-05,2159763,2160582
anglo,M,1950,Dion,0.000138977,2160582,2161973
anglo,M,1950,Domhnall,7.89684e-05,2161973,2162764
anglo,M,1950,Dominic,0.000159249,2162764,2164357
anglo,M,1950,Don,0.000183718,2164357,2166195
anglo,M,1950,Donal,6.49256e-05,2166195,2166845
anglo,M,1950,Donald,0.00511917,2166845,2218035
anglo,M,1950,Douglas,0.00440627,2218035,2262096
anglo,M,1950,Duncan,0.000438629,2262096,2266483
anglo,M,1950,Dwayne,6.17436e-06,2266483,2266546
anglo,M,1950,Dylan,0.00084489,2266546,2274995
anglo,M,1950,Eamon,6.82937e-05,2274995,2275679
anglo,M,1950,Eamonn,7.23271e-05,2275679,2276403
anglo,M,1950,Edward,0.00421261,2276403,2318528
anglo,M,1950,Eli,0.000104097,2318528,2319570
anglo,M,1950,Elijah,0.000231484,2319570,2321886
anglo,M,1950,Elliot,9.41667e-05,2321886,2322829
anglo,M,1950,Elliott,0.000127823,2322829,2324108
anglo,M,1950,Emmet,0.000171766,2324108,2325827
anglo,M,1950,Emmett,6.84275e-05,2325827,2326512
anglo,M,1950,Enda,0.000807759,2326512,2334590
anglo,M,1950,Eoghan,7.68818e-05,2334590,2335360
anglo,M,1950,Eoin,0.000134674,2335360,2336708
anglo,M,1950,Eric,0.00268206,2336708,2363528
anglo,M,1950,Ethan,0.000902104,2363528,2372550
anglo,M,1950,Euan,6.91073e-05,2372550,2373242
anglo,M,1950,Eugene,6.92454e-05,2373242,2373935
anglo,M,1950,Eunan,8.43318e-05,2373935,2374779
anglo,M,1950,Evan,7.74362e-05,2374779,2375554
anglo,M,1950,Ewan,7.15604e-05,2375554,2376271
anglo,M,1950,Ezra,3.34715e-05,2376271,2376607
anglo,M,1950,Feargal,6.64907e-05,2376607,2377273
anglo,M,1950,Fearghal,8.03775e-05,2377273,2378078
anglo,M,1950,Felix,8.32997e-05,2378078,2378912
anglo,M,1950,Fergal,0.000117089,2378912,2380084
anglo,M,1950,Fergus,8.07925e-05,2380084,2380893
anglo,M,1950,Finbar,0.000123096,2380893,2382125
anglo,M,1950,Finn,0.00058833,2382125,2388009
anglo,M,1950,Fintan,7.528e-05,2388009,2388763
anglo,M,1950,Fionntan,0.000149698,2388763,2390261
anglo,M,1950,Fletcher,4.842e-05,2390261,2390746
anglo,M,1950,Flynn,0.000170824,2390746,2392455
anglo,M,1950,Francis,0.00208275,2392455,2413282
anglo,M,1950,Frank,0.00193674,2413282,2432649
anglo,M,1950,Fraser,5.52442e-06,2432649,2432705
anglo,M,1950,Frazer,8.31818e-05,2432705,2433538
anglo,M,1950,Frederick,0.00155317,2433538,2449070
anglo,M,1950,Gabriel,0.000216383,2449070,2451235
anglo,M,1950,Gareth,0.000312331,2451235,2454359
anglo,M,1950,Garrett,6.56356e-05,2454359,2455016
anglo,M,1950,Garry,0.012165,2455016,2576661
anglo,M,1950,Gary,0.0162399,2576661,2739052
anglo,M,1950,Gavin,0.000456646,2739052,2743619
anglo,M,1950,Geoffrey,0.013961,2743619,2883223
anglo,M,1950,George,0.00492444,2883223,2932466
anglo,M,1950,Gerald,7.56148e-05,2932466,2933223
anglo,M,1950,Gerard,0.000940119,2933223,2942625
anglo,M,1950,Giles,0.000923481,2942625,2951860
anglo,M,1950,Glen,0.00328742,2951860,2984733
anglo,M,1950,Glenn,0.00712581,2984733,3055988
anglo,M,1950,Gordon,0.00318325,3055988,3087820
anglo,M,1950,Graeme,0.00765947,3087820,3164412
anglo,M,1950,Graham,0.0108072,3164412,3272479
anglo,M,1950,Grahame,0.00178258,3272479,3290305
anglo,M,1950,Grant,0.00316702,3290305,3321975
anglo,M,1950,Grayson,2.80554e-05,3321975,3322257
anglo,M,1950,Gregory,0.0280549,3322257,3602792
anglo,M,1950,Guy,0.00089993,3602792,3611792
anglo,M,1950,Hamish,0.000693242,3611792,3618725
anglo,M,1950,Harley,4.36538e-05,3618725,3619162
anglo,M,1950,Harold,0.000357708,3619162,3622740
anglo,M,1950,Harrison,0.000303302,3622740,3625774
anglo,M,1950,Harry,0.000396573,3625774,3629741
anglo,M,1950,Harvey,9.40746e-05,3629741,3630683
anglo,M,1950,Hayden,0.000657098,3630683,3637255
anglo,M,1950,Hemi,0.000147318,3637255,3638729
anglo,M,1950,Henry,0.000455799,3638729,3643288
anglo,M,1950,Hoani,6.21769e-05,3643288,3643911
anglo,M,1950,Howard,0.000273989,3643911,3646652
anglo,M,1950,Hudson,3.04385e-05,3646652,3646957
anglo,M,1950,Hugh,0.000117177,3646957,3648130
anglo,M,1950,Hugo,5.88189e-05,3648130,3648719
anglo,M,1950,Hunter,0.000329732,3648719,3652017
anglo,M,1950,Iain,7.70654e-05,3652017,3652789
anglo,M,1950,Ian,0.01952,3652789,3847980
anglo,M,1950,Ihaia,5.15613e-05,3847980,3848497
anglo,M,1950,Isaac,0.00106509,3848497,3859148
anglo,M,1950,Isaiah,3.78044e-05,3859148,3859527
anglo,M,1950,Israel,5.63275e-06,3859527,3859584
anglo,M,1950,Ivan,2.5564e-05,3859584,3859841
anglo,M,1950,Jack,0.00108798,3859841,3870721
anglo,M,1950,Jackson,0.000610169,3870721,3876823
anglo,M,1950,Jacob,0.00101345,3876823,3886958
anglo,M,1950,Jaime,0.000131511,3886958,3888274
anglo,M,1950,Jake,0.000390786,3888274,3892183
anglo,M,1950,Jakob,4.98281e-06,3892183,3892234
anglo,M,1950,James,0.0145214,3892234,4037442
anglo,M,1950,Jamie,0.000631951,4037442,4043762
anglo,M,1950,Jared,0.000563362,4043762,4049396
anglo,M,1950,Jarlath,6.25932e-05,4049396,4050023
anglo,M,1950,Jarrod,8.37329e-05,4050023,4050861
anglo,M,1950,Jason,0.00171574,4050861,4068018
anglo,M,1950,Jasper,2.66472e-05,4068018,4068285
anglo,M,1950,Jaxon,6.74846e-05,4068285,4068961
anglo,M,1950,Jay,0.000154201,4068961,4070504
anglo,M,1950,Jayden,0.00049189,4070504,4075424
anglo,M,1950,Jeffery,0.0013891,4075424,4089315
anglo,M,1950,Jeffrey,0.00743419,4089315,4163654
anglo,M,1950,Jeremy,0.000637835,4163654,4170033
anglo,M,1950,Jesse,0.000658053,4170033,4176614
anglo,M,1950,Joe,6.30202e-05,4176614,4177245
anglo,M,1950,Joel,0.000414621,4177245,4181392
anglo,M,1950,John,0.0478964,4181392,4660332
anglo,M,1950,Johnathan,0.000130002,4660332,4661633
anglo,M,1950,Johnny,6.33456e-05,4661633,4662267
anglo,M,1950,Jon,0.000113842,4662267,4663406
anglo,M,1950,Jonathan,0.00095387,4663406,4672945
anglo,M,1950,Jonathon,0.000104048,4672945,4673986
anglo,M,1950,Jordan,0.000768794,4673986,4681675
anglo,M,1950,Jordon,0.00010801,4681675,4682756
anglo,M,1950,Joseph,0.00567614,4682756,4739515
anglo,M,1950,Josh,8.016e-05,4739515,4740318
anglo,M,1950,Joshua,0.00208525,4740318,4761170
anglo,M,1950,Josiah,5.63275e-06,4761170,4761227
anglo,M,1950,Jude,7.27978e-05,4761227,4761956
anglo,M,1950,Julian,0.000152249,4761956,4763479
anglo,M,1950,Justin,0.000492678,4763479,4768407
anglo,M,1950,Kahu,7.58254e-05,4768407,4769166
anglo,M,1950,Kahurangi,0.000101714,4769166,4770184
anglo,M,1950,Kaleb,5.32944e-05,4770184,4770718
anglo,M,1950,Kane,0.000201521,4770718,4772734
anglo,M,1950,Karl,0.000481772,4772734,4777552
anglo,M,1950,Kauri,0.000174723,4777552,4779300
anglo,M,1950,Kayden,1.33236e-05,4779300,4779434
anglo,M,1950,Kealan,0.000170223,4779434,4781137
anglo,M,1950,Keanu,5.84939e-06,4781137,4781196
anglo,M,1950,Keegan,3.8021e-05,4781196,4781577
anglo,M,1950,Keelan,7.97655e-05,4781577,4782376
anglo,M,1950,Keith,0.00513503,4782376,4833725
anglo,M,1950,Kelly,6.28268e-06,4833725,4833789
anglo,M,1950,Kelvin,0.000674849,4833789,4840538
anglo,M,1950,Kenneth,0.0107634,4840538,4948168
anglo,M,1950,Kerry,0.00147661,4948168,4962934
anglo,M,1950,Kevin,0.012516,4962934,5088089
anglo,M,1950,Kieran,0.000233888,5088089,5090429
anglo,M,1950,Killian,0.000315164,5090429,5093581
anglo,M,1950,Kim,0.00236845,5093581,5117265
anglo,M,1950,Kingston,7.49589e-05,5117265,5118016
anglo,M,1950,Kirk,8.91218e-05,5118016,5118908
anglo,M,1950,Kristian,9.66823e-05,5118908,5119876
anglo,M,1950,Kristopher,6.20701e-05,5119876,5120498
anglo,M,1950,Kurt,0.000130893,5120498,5121808
anglo,M,1950,Kurtis,0.000115435,5121808,5122963
anglo,M,1950,Kyle,0.00036394,5122963,5126603
anglo,M,1950,Lachlan,0.000321175,5126603,5129816
anglo,M,1950,Lance,0.000320417,5129816,5133021
anglo,M,1950,Larry,0.00182729,5133021,5151294
anglo,M,1950,Laurence,0.00093004,5151294,5160595
anglo,M,1950,Lawrence,0.0012495,5160595,5173090
anglo,M,1950,Lee,0.000358615,5173090,5176677
anglo,M,1950,Leigh,6.516e-05,5176677,5177330
anglo,M,1950,Leo,0.000320434,5177330,5180535
anglo,M,1950,Leon,0.000166714,5180535,5182203
anglo,M,1950,Leonard,0.0016227,5182203,5198430
anglo,M,1950,Leslie,0.00553049,5198430,5253733
anglo,M,1950,Levi,0.00032345,5253733,5256968
anglo,M,1950,Lewis,0.000437065,5256968,5261339
anglo,M,1950,Liam,0.00102942,5261339,5271634
anglo,M,1950,Lincoln,9.2832e-05,5271634,5272563
anglo,M,1950,Lindsay,0.00195573,5272563,5292120
anglo,M,1950,Lloyd,0.000116788,5292120,5293289
anglo,M,1950,Logan,0.000615811,5293289,5299448
anglo,M,1950,Lorcan,0.000151905,5299448,5300968
anglo,M,1950,Louis,0.000315599,5300968,5304125
anglo,M,1950,Luca,0.000142768,5304125,5305554
anglo,M,1950,Lucas,0.000439968,5305554,5309954
anglo,M,1950,Luka,1.28903e-05,5309954,5310084
anglo,M,1950,Lukas,7.58254e-06,5310084,5310161
anglo,M,1950,Luke,0.000986431,5310161,5320026
anglo,M,1950,Lyndon,0.000225276,5320026,5322280
anglo,M,1950,Macauley,6.50425e-05,5322280,5322931
anglo,M,1950,Mairtin,0.000351598,5322931,5326448
anglo,M,1950,Malachy,8.36368e-05,5326448,5327285
anglo,M,1950,Malcolm,0.00437339,5327285,5371018
anglo,M,1950,Manaaki,6.21769e-05,5371018,5371641
anglo,M,1950,Manaia,0.000155334,5371641,5373195
anglo,M,1950,Manawa,5.80606e-05,5373195,5373777
anglo,M,1950,Manus,0.000300386,5373777,5376782
anglo,M,1950,Marc,6.71199e-05,5376782,5377454
anglo,M,1950,Marco,0.000198181,5377454,5379437
anglo,M,1950,Marcus,0.000197924,5379437,5381417
anglo,M,1950,Mark,0.0280426,5381417,5661830
anglo,M,1950,Martin,0.00368145,5661830,5698644
anglo,M,1950,Martyn,7.36008e-05,5698644,5699381
anglo,M,1950,Mason,0.000283046,5699381,5702212
anglo,M,1950,Mathew,0.000514888,5702212,5707362
anglo,M,1950,Matiu,4.92865e-05,5707362,5707856
anglo,M,1950,Matthew,0.00353072,5707856,5743162
anglo,M,1950,Maurice,0.000303668,5743162,5746200
anglo,M,1950,Max,0.000593673,5746200,5752137
anglo,M,1950,Maxwell,0.00180419,5752137,5770179
anglo,M,1950,Mervyn,1.75482e-05,5770179,5770355
anglo,M,1950,Micah,5.63275e-06,5770355,5770412
anglo,M,1950,Michael,0.0389379,5770412,6159772
anglo,M,1950,Micheal,7.4141e-05,6159772,6160514
anglo,M,1950,Mikaere,0.000153059,6160514,6162045
anglo,M,1950,Mitchel,0.000103312,6162045,6163079
anglo,M,1950,Mitchell,0.000405583,6163079,6167136
anglo,M,1950,Mohamed,6.61206e-05,6167136,6167798
anglo,M,1950,Mohammad,0.000112305,6167798,6168922
anglo,M,1950,Mohammed,0.000532922,6168922,6174252
anglo,M,1950,Morgan,0.000110822,6174252,6175361
anglo,M,1950,Murray,0.00122213,6175361,6187583
anglo,M,1950,Myles,0.000247105,6187583,6190055
anglo,M,1950,Naoise,8.20727e-05,6190055,6190877
anglo,M,1950,Nate,5.19946e-06,6190877,6190930
anglo,M,1950,Nathan,0.00103604,6190930,6201291
anglo,M,1950,Nathaniel,0.000175459,6201291,6203046
anglo,M,1950,Neil,0.0074104,6203046,6277147
anglo,M,1950,Neville,0.00289766,6277147,6306123
anglo,M,1950,Niall,0.000135497,6306123,6307479
anglo,M,1950,Nicholas,0.00261771,6307479,6333656
anglo,M,1950,Nigel,0.000567427,6333656,6339331
anglo,M,1950,Nikau,0.000210361,6339331,6341435
anglo,M,1950,Niko,0.000105289,6341435,6342489
anglo,M,1950,Nikora,0.000191297,6342489,6344403
anglo,M,1950,Nixon,2.37225e-05,6344403,6344641
anglo,M,1950,Noah,0.000380319,6344641,6348445
anglo,M,1950,Noel,0.00353307,6348445,6383775
anglo,M,1950,Norman,0.00241687,6383775,6407943
anglo,M,1950,Odhran,0.000107113,6407943,6409015
anglo,M,1950,Oisin,0.000137183,6409015,6410388
anglo,M,1950,Oliver,0.000838785,6410388,6418776
anglo,M,1950,Omar,8.99462e-05,6418776,6419676
anglo,M,1950,Oran,9.02255e-05,6419676,6420579
anglo,M,1950,Oscar,0.000215236,6420579,6422732
anglo,M,1950,Owen,0.000401233,6422732,6426745
anglo,M,1950,Padraic,8.88515e-05,6426745,6427634
anglo,M,1950,Padraig,0.000155384,6427634,6429189
anglo,M,1950,Patrick,0.00433315,6429189,6472519
anglo,M,1950,Paul,0.0280549,6472519,6753054
anglo,M,1950,Pauric,0.000138927,6753054,6754444
anglo,M,1950,Peadar,9.87641e-05,6754444,6755433
anglo,M,1950,Pearce,7.11107e-05,6755433,6756145
anglo,M,1950,Pearse,8.164e-05,6756145,6756962
anglo,M,1950,Perry,0.000190777,6756962,6758871
anglo,M,1950,Peter,0.0584915,6758871,7343757
anglo,M,1950,Philip,0.00879174,7343757,7431671
anglo,M,1950,Phillip,0.0127634,7431671,7559299
anglo,M,1950,Phoenix,9.554e-05,7559299,7560255
anglo,M,1950,Piaras,0.000165808,7560255,7561914
anglo,M,1950,Pierce,0.000129265,7561914,7563208
anglo,M,1950,Quentin,7.25758e-06,7563208,7563282
anglo,M,1950,Quinn,8.0375e-05,7563282,7564087
anglo,M,1950,Ralph,0.000152026,7564087,7565608
anglo,M,1950,Rawiri,0.000168224,7565608,7567291
anglo,M,1950,Raymond,0.0104645,7567291,7671932
anglo,M,1950,Reece,0.000157825,7671932,7673511
anglo,M,1950,Regan,0.000128037,7673511,7674792
anglo,M,1950,Reginald,0.000575313,7674792,7680546
anglo,M,1950,Reuben,0.000295088,7680546,7683498
anglo,M,1950,Rex,6.07687e-05,7683498,7684107
anglo,M,1950,Rhys,0.000181265,7684107,7685921
anglo,M,1950,Rian,6.69928e-05,7685921,7686592
anglo,M,1950,Richard,0.0127374,7686592,7813960
anglo,M,1950,Ricky,0.000362406,7813960,7817585
anglo,M,1950,Riley,0.00030016,7817585,7820587
anglo,M,1950,Robbie,6.37865e-05,7820587,7821226
anglo,M,1950,Robert,0.0377731,7821226,8198939
anglo,M,1950,Robin,0.000368318,8198939,8202623
anglo,M,1950,Rodney,0.00718799,8202623,8274500
anglo,M,1950,Roger,0.00288076,8274500,8303307
anglo,M,1950,Rohan,7.264e-05,8303307,8304034
anglo,M,1950,Roman,4.64702e-05,8304034,8304500
anglo,M,1950,Ronald,0.00929318,8304500,8397428
anglo,M,1950,Ronan,8.5283e-05,8397428,8398282
anglo,M,1950,Rory,9.32151e-05,8398282,8399215
anglo,M,1950,Ross,0.00731192,8399215,8472331
anglo,M,1950,Rowan,8.10022e-05,8472331,8473142
anglo,M,1950,Roy,0.000261153,8473142,8475754
anglo,M,1950,Ruairi,8.72742e-05,8475754,8476628
anglo,M,1950,Ruari,6.63667e-05,8476628,8477293
anglo,M,1950,Russell,0.00457176,8477293,8523009
anglo,M,1950,Ryan,0.00115743,8523009,8534584
anglo,M,1950,Ryder,7.87501e-05,8534584,8535372
anglo,M,1950,Sam,0.00033833,8535372,8538756
anglo,M,1950,Samuel,0.00175131,8538756,8556269
anglo,M,1950,Saul,7.47655e-05,8556269,8557018
anglo,M,1950,Scot,9.60139e-05,8557018,8557979
anglo,M,1950,Scott,0.00240013,8557979,8581980
anglo,M,1950,Seamus,0.00011598,8581980,8583141
anglo,M,1950,Sean,0.000656842,8583141,8589710
anglo,M,1950,Sean-Paul,7.99681e-05,8589710,8590511
anglo,M,1950,Sebastian,0.00011168,8590511,8591629
anglo,M,1950,Seth,8.44912e-05,8591629,8592475
anglo,M,1950,Shane,0.00381533,8592475,8630627
anglo,M,1950,Shannon,0.000117204,8630627,8631800
anglo,M,1950,Shaun,0.000635376,8631800,8638154
anglo,M,1950,Shay,7.09624e-05,8638154,8638865
anglo,M,1950,Shayne,3.20633e-05,8638865,8639187
anglo,M,1950,Shea,0.000121209,8639187,8640400
anglo,M,1950,Simon,0.00235635,8640400,8663963
anglo,M,1950,Sione,1.78731e-05,8663963,8664143
anglo,M,1950,Spencer,5.63275e-06,8664143,8664200
anglo,M,1950,Stanley,0.000645406,8664200,8670655
anglo,M,1950,Stefan,9.50271e-05,8670655,8671606
anglo,M,1950,Stephen,0.038486,8671606,9056447
anglo,M,1950,Steven,0.0111309,9056447,9167751
anglo,M,1950,Stewart,0.000154273,9167751,9169295
anglo,M,1950,Stillborn,0.000268281,9169295,9171979
anglo,M,1950,Stuart,0.00315057,9171979,9203484
anglo,M,1950,Tai,8.58994e-05,9203484,9204344
anglo,M,1950,Taine,2.20977e-05,9204344,9204566
anglo,M,1950,Tama,0.000136161,9204566,9205929
anglo,M,1950,Tamati,0.000191297,9205929,9207843
anglo,M,1950,Tane,0.000183931,9207843,9209683
anglo,M,1950,Tangaroa,6.55348e-05,9209683,9210339
anglo,M,1950,Taylor,0.000352259,9210339,9213862
anglo,M,1950,Te Ariki,0.000154142,9213862,9215404
anglo,M,1950,Te Koha,5.81689e-05,9215404,9215987
anglo,M,1950,Terence,0.00364409,9215987,9252427
anglo,M,1950,Terrence,0.00307032,9252427,9283130
anglo,M,1950,Terry,0.00365331,9283130,9319662
anglo,M,1950,Theo,3.36882e-05,9319662,9320000
anglo,M,1950,Theodore,4.64702e-05,9320000,9320466
anglo,M,1950,Thomas,0.0061353,9320466,9381817
anglo,M,1950,Tiare,5.15613e-05,9381817,9382334
anglo,M,1950,Tiarnan,6.81606e-05,9382334,9383017
anglo,M,1950,Tiernan,7.39286e-05,9383017,9383757
anglo,M,1950,Timothy,0.00579077,9383757,9441663
anglo,M,1950,Tobias,9.43957e-05,9441663,9442608
anglo,M,1950,Toby,0.000596899,9442608,9448578
anglo,M,1950,Todd,0.000136919,9448578,9449948
anglo,M,1950,Tom,7.0607e-05,9449948,9450655
anglo,M,1950,Tomas,0.000109392,9450655,9451750
anglo,M,1950,Tony,0.00297526,9451750,9481502
anglo,M,1950,Travis,0.000119852,9481502,9482701
anglo,M,1950,Trent,5.67608e-05,9482701,9483270
anglo,M,1950,Trevor,0.00700657,9483270,9553333
anglo,M,1950,Tristan,8.38882e-05,9553333,9554173
anglo,M,1950,Troy,0.000326587,9554173,9557440
anglo,M,1950,Tyler,0.000483636,9557440,9562277
anglo,M,1950,Tyrone,0.000121369,9562277,9563492
anglo,M,1950,Tyson,5.7519e-05,9563492,9564068
anglo,M,1950,Vaughan,3.48797e-05,9564068,9564418
anglo,M,1950,Victor,0.00101419,9564418,9574560
anglo,M,1950,Vincent,0.000711149,9574560,9581672
anglo,M,1950,Walter,6.17436e-06,9581672,9581735
anglo,M,1950,Warren,0.00583344,9581735,9640067
anglo,M,1950,Warwick,0.00185328,9640067,9658600
anglo,M,1950,Wayne,0.0180705,9658600,9839297
anglo,M,1950,William,0.01472,9839297,9986490
anglo,M,1950,Wiremu,0.000208303,9986490,9988574
anglo,M,1950,Wyatt,6.28268e-06,9988574,9988638
anglo,M,1950,Xavier,0.000203537,9988638,9990674
anglo,M,1950,Zac,0.000130252,9990674,9991977
anglo,M,1950,Zach,7.78118e-05,9991977,9992756
anglo,M,1950,Zachary,0.000357844,9992756,9996335
anglo,M,1950,Zak,0.000260349,9996335,9998939
anglo,M,1950,Zane,8.24331e-05,9998939,9999764
anglo,M,1950,Zion,2.35059e-05,9999764,10000000
anglo,F,1950,Aaliyah,0.00014773,0,1478
anglo,F,1950,Abbey,5.67101e-06,1478,1536
anglo,F,1950,Abbi,6.85063e-05,1536,2222
anglo,F,1950,Abbie,9.40239e-05,2222,3163
anglo,F,1950,Abby,0.000132695,3163,4491
anglo,F,1950,Abigail,0.000362889,4491,8121
anglo,F,1950,Addison,7.6275e-05,8121,8885
anglo,F,1950,Adele,4.9702e-05,8885,9383
anglo,F,1950,Adrienne,8.86095e-05,9383,10270
anglo,F,1950,Aideen,4.67398e-05,10270,10738
anglo,F,1950,Aileen,9.13298e-05,10738,11652
anglo,F,1950,Ailis,5.75016e-05,11652,12228
anglo,F,1950,Aimee,0.000581694,12228,18046
anglo,F,1950,Aine,7.1033e-05,18046,18757
anglo,F,1950,Aisling,4.51973e-05,18757,19210
anglo,F,1950,Aislinn,4.56574e-05,19210,19668
anglo,F,1950,Alana,0.000223493,19668,21904
anglo,F,1950,Alanis,9.09615e-05,21904,22815
anglo,F,1950,Alanna,0.000158584,22815,24402
anglo,F,1950,Alannah,6.164e-05,24402,25019
anglo,F,1950,Aleisha,1.44611e-05,25019,25165
anglo,F,1950,Alex,0.000228918,25165,27455
anglo,F,1950,Alexandra,0.000445334,27455,31909
anglo,F,1950,Alexandria,0.000171068,31909,33621
anglo,F,1950,Alexis,0.000111861,33621,34741
anglo,F,1950,Alice,0.00140837,34741,48825
anglo,F,1950,Alicia,0.000175699,48825,50583
anglo,F,1950,Alisha,7.51134e-05,50583,51335
anglo,F,1950,Alison,0.00393243,51335,90658
anglo,F,1950,Alix,0.000113519,90658,91794
anglo,F,1950,Alyssa,0.000146312,91794,93258
anglo,F,1950,Amaia,9.4564e-05,93258,94205
anglo,F,1950,Amanda,0.00435104,94205,137713
anglo,F,1950,Amber,0.000670068,137713,144414
anglo,F,1950,Amelia,0.000619867,144414,150613
anglo,F,1950,Amie,9.65093e-05,150613,151579
anglo,F,1950,Amy,0.00110733,151579,162653
anglo,F,1950,Amy-Lee,4.5028e-05,162653,163104
anglo,F,1950,Amy-Leigh,6.36724e-05,163104,163742
anglo,F,1950,Ana,0.000103496,163742,164778
anglo,F,1950,Anahera,0.000249524,164778,167274
anglo,F,1950,Anastasia,0.000248013,167274,169755
anglo,F,1950,Andrea,0.000769434,169755,177450
anglo,F,1950,Angel,9.85337e-05,177450,178436
anglo,F,1950,Angela,0.00286808,178436,207116
anglo,F,1950,Angelina,6.09633e-06,207116,207178
anglo,F,1950,Anika,0.000203022,207178,209209
anglo,F,1950,Anita,0.000216349,209209,211373
anglo,F,1950,Ann,0.0082341,211373,293709
anglo,F,1950,Anna,0.00346274,293709,328335
anglo,F,1950,Annabelle,6.47912e-05,328335,328984
anglo,F,1950,Annalise,4.97752e-05,328984,329483
anglo,F,1950,Anne,0.015656,329483,486033
anglo,F,1950,Anne-Marie,5.28763e-05,486033,486563
anglo,F,1950,Annette,0.00747886,486563,561347
anglo,F,1950,Annie,5.34004e-05,561347,561882
anglo,F,1950,Antoinette,4.90555e-05,561882,562374
anglo,F,1950,Aoibheann,0.000112216,562374,563497
anglo,F,1950,Aoibhin,4.59513e-05,563497,563957
anglo,F,1950,Aoibhinn,0.00039301,563957,567888
anglo,F,1950,Aoife,5.17049e-05,567888,568406
anglo,F,1950,April,5.74707e-05,568406,568982
anglo,F,1950,Arabella,5.95456e-06,568982,569043
anglo,F,1950,Aria,0.000277879,569043,571823
anglo,F,1950,Ariana,0.000245129,571823,574275
anglo,F,1950,Arianne,7.40352e-05,574275,575016
anglo,F,1950,Aroha,0.000254628,575016,577563
anglo,F,1950,Ashlee,6.57837e-05,577563,578222
anglo,F,1950,Ashleigh,0.000497282,578222,583195
anglo,F,1950,Ashlene,9.17021e-05,583195,584113
anglo,F,1950,Ashley,0.00039907,584113,588104
anglo,F,1950,Ashling,0.000272046,588104,590825
anglo,F,1950,Ashton,5.16238e-05,590825,591342
anglo,F,1950,Ataahua,0.000124195,591342,592585
anglo,F,1950,Aurora,3.55856e-05,592585,592942
anglo,F,1950,Ava,0.000352595,592942,596469
anglo,F,1950,Awhina,8.26549e-05,596469,597296
anglo,F,1950,Ayesha,5.76096e-05,597296,597873
anglo,F,1950,Ayla,8.67664e-05,597873,598742
anglo,F,1950,Bailey,2.12663e-05,598742,598956
anglo,F,1950,Barbara,0.0102833,598956,701783
anglo,F,1950,Belinda,0.00122044,701783,713988
anglo,F,1950,Bella,0.000175518,713988,715744
anglo,F,1950,Bernadette,0.000763565,715744,723380
anglo,F,1950,Beth,8.09399e-05,723380,724190
anglo,F,1950,Bethan,9.02367e-05,724190,725093
anglo,F,1950,Bethany,7.16074e-05,725093,725810
anglo,F,1950,Beverley,0.00540268,725810,779834
anglo,F,1950,Billie,6.37988e-06,779834,779899
anglo,F,1950,Billie-Jo,6.32517e-05,779899,780532
anglo,F,1950,Blanaid,8.619e-05,780532,781395
anglo,F,1950,Brenda,0.0018929,781395,800324
anglo,F,1950,Briana,6.94698e-06,800324,800394
anglo,F,1950,Brianna,0.000104914,800394,801444
anglo,F,1950,Bridget,0.0002284,801444,803729
anglo,F,1950,Brigid,7.60067e-05,803729,804490
anglo,F,1950,Britney,9.07361e-06,804490,804582
anglo,F,1950,Brittany,0.000226569,804582,806849
anglo,F,1950,Brogan,8.98801e-05,806849,807749
anglo,F,1950,Bronach,0.00012562,807749,809006
anglo,F,1950,Bronagh,5.0296e-05,809006,809510
anglo,F,1950,Bronwyn,0.00390693,809510,848578
anglo,F,1950,Brooke,0.000563304,848578,854212
anglo,F,1950,Brooklyn,0.000162171,854212,855835
anglo,F,1950,Bryony,7.71642e-05,855835,856608
anglo,F,1950,Cailin,9.24589e-05,856608,857534
anglo,F,1950,Caitlin,0.000532088,857534,862856
anglo,F,1950,Caitlyn,0.00013819,862856,864239
anglo,F,1950,Caitriona,5.0677e-05,864239,864747
anglo,F,1950,Caoilfhionn,4.8568e-05,864747,865234
anglo,F,1950,Caoimhe,9.56615e-05,865234,866192
anglo,F,1950,Cara,5.30495e-05,866192,866723
anglo,F,1950,Caragh,5.52527e-05,866723,867276
anglo,F,1950,Carla,0.000100853,867276,868285
anglo,F,1950,Carly,9.5245e-05,868285,869238
anglo,F,1950,Carmel,0.00184361,869238,887674
anglo,F,1950,Carmen,3.30336e-05,887674,888005
anglo,F,1950,Carol,0.00888414,888005,976841
anglo,F,1950,Carole,6.99202e-05,976841,977541
anglo,F,1950,Caroline,0.000741224,977541,984954
anglo,F,1950,Carolyn,0.0058841,984954,1043792
anglo,F,1950,Carrie,4.89851e-05,1043792,1044283
anglo,F,1950,Casey,0.000201899,1044283,1046303
anglo,F,1950,Cassandra,0.000139067,1046303,1047695
anglo,F,1950,Cassie,0.000213299,1047695,1049829
anglo,F,1950,Catherine,0.0127659,1049829,1177480
anglo,F,1950,Cathy,8.81515e-05,1177480,1178362
anglo,F,1950,Catriona,4.42059e-05,1178362,1178805
anglo,F,1950,Ceara,4.80263e-05,1178805,1179286
anglo,F,1950,Celine,0.000173072,1179286,1181018
anglo,F,1950,Chantel,5.88355e-05,1181018,1181607
anglo,F,1950,Chantelle,5.79434e-05,1181607,1182187
anglo,F,1950,Charis,8.91779e-05,1182187,1183080
anglo,F,1950,Charlene,5.11446e-05,1183080,1183592
anglo,F,1950,Charlie,0.000151174,1183592,1185105
anglo,F,1950,Charlotte,0.00114403,1185105,1196545
anglo,F,1950,Chelsea,0.000330433,1196545,1199850
anglo,F,1950,Chelsey,6.1901e-05,1199850,1200470
anglo,F,1950,Cherie,0.000206592,1200470,1202537
anglo,F,1950,Cherith,0.000312981,1202537,1205668
anglo,F,1950,Cheryl,0.0157184,1205668,1362842
anglo,F,1950,Cheyenne,4.89124e-05,1362842,1363332
anglo,F,1950,Chloe,0.000716456,1363332,1370497
anglo,F,1950,Christina,0.000425499,1370497,1374753
anglo,F,1950,Christine,0.0296325,1374753,1671058
anglo,F,1950,Ciara,8.84901e-05,1671058,1671944
anglo,F,1950,Ciarrai,0.000209821,1671944,1674043
anglo,F,1950,Cindy,9.21538e-06,1674043,1674136
anglo,F,1950,Claire,0.000519022,1674136,1679327
anglo,F,1950,Clara,8.25084e-05,1679327,1680153
anglo,F,1950,Clare,6.18273e-05,1680153,1680772
anglo,F,1950,Clarissa,0.000191729,1680772,1682690
anglo,F,1950,Claudia,0.000159356,1682690,1684284
anglo,F,1950,Cliodhna,0.000360674,1684284,1687891
anglo,F,1950,Cliona,0.000124761,1687891,1689140
anglo,F,1950,Clodagh,5.6043e-05,1689140,1689701
anglo,F,1950,Codie,8.95271e-05,1689701,1690597
anglo,F,1950,Colleen,0.00555221,1690597,1746116
anglo,F,1950,Collette,6.02552e-05,1746116,1746720
anglo,F,1950,Connie,4.8363e-05,1746720,1747205
anglo,F,1950,Constance,8.74845e-05,1747205,1748081
anglo,F,1950,Cora,4.40463e-05,1748081,1748522
anglo,F,1950,Corinne,8.46416e-05,1748522,1749369
anglo,F,1950,Corrie,8.68308e-05,1749369,1750238
anglo,F,1950,Cortney,7.23928e-05,1750238,1750963
anglo,F,1950,Courteney,5.22818e-05,1750963,1751487
anglo,F,1950,Courtney,0.000594237,1751487,1757430
anglo,F,1950,Crystal,0.00011739,1757430,1758605
anglo,F,1950,Daire,0.000525915,1758605,1763865
anglo,F,1950,Dairine,4.69269e-05,1763865,1764335
anglo,F,1950,Daisy,2.79297e-05,1764335,1764615
anglo,F,1950,Dana,0.000167237,1764615,1766288
anglo,F,1950,Danielle,0.000794999,1766288,1774238
anglo,F,1950,Dara,9.05972e-05,1774238,1775145
anglo,F,1950,Darcy,4.63108e-05,1775145,1775609
anglo,F,1950,Darragh,6.12539e-05,1775609,1776222
anglo,F,1950,Dawn,0.000321259,1776222,1779435
anglo,F,1950,Dayna,8.40427e-05,1779435,1780276
anglo,F,1950,Dearbhail,6.38143e-05,1780276,1780915
anglo,F,1950,Dearbhaile,5.89504e-05,1780915,1781505
anglo,F,1950,Dearbhla,7.53341e-05,1781505,1782259
anglo,F,1950,Debbie,0.0029019,1782259,1811277
anglo,F,1950,Deborah,0.0204542,1811277,2015806
anglo,F,1950,Debra,0.0122365,2015806,2138164
anglo,F,1950,Deirbhile,4.43132e-05,2138164,2138608
anglo,F,1950,Demi,0.000109727,2138608,2139706
anglo,F,1950,Demi-Lee,6.49808e-05,2139706,2140357
anglo,F,1950,Demi-Leigh,8.71561e-05,2140357,2141230
anglo,F,1950,Denise,0.00989943,2141230,2240218
anglo,F,1950,Dervla,0.000194455,2240218,2242163
anglo,F,1950,Destiny,2.69373e-05,2242163,2242433
anglo,F,1950,Diana,0.00175848,2242433,2260018
anglo,F,1950,Diane,0.0109571,2260018,2369582
anglo,F,1950,Dianne,0.010725,2369582,2476825
anglo,F,1950,Dionne,0.000155443,2476825,2478380
anglo,F,1950,Donna,0.00563632,2478380,2534740
anglo,F,1950,Dorothy,0.00176424,2534740,2552382
anglo,F,1950,Eadaoin,6.08743e-05,2552382,2552992
anglo,F,1950,Ebony,5.17863e-05,2552992,2553511
anglo,F,1950,Edel,5.7394e-05,2553511,2554086
anglo,F,1950,Eden,0.000273133,2554086,2556818
anglo,F,1950,Eileen,5.36677e-05,2556818,2557356
anglo,F,1950,Eilis,5.6144e-05,2557356,2557918
anglo,F,1950,Eilish,0.000138495,2557918,2559304
anglo,F,1950,Eimear,6.74947e-05,2559304,2559980
anglo,F,1950,Eimer,4.86368e-05,2559980,2560467
anglo,F,1950,Eimhear,0.000110336,2560467,2561571
anglo,F,1950,Elaine,0.00164988,2561571,2578070
anglo,F,1950,Eleanor,8.68071e-05,2578070,2578939
anglo,F,1950,Elise,5.62892e-05,2578939,2579503
anglo,F,1950,Elisha,7.57807e-05,2579503,2580262
anglo,F,1950,Elizabeth,0.0178613,2580262,2758864
anglo,F,1950,Ella,0.000796135,2758864,2766826
anglo,F,1950,Ellen,0.000130443,2766826,2768131
anglo,F,1950,Ellie,0.000300762,2768131,2771139
anglo,F,1950,Eloise,5.25344e-05,2771139,2771665
anglo,F,1950,Elsie,1.37522e-05,2771665,2771804
anglo,F,1950,Emer,9.20784e-05,2771804,2772726
anglo,F,1950,Emilia,2.05574e-05,2772726,2772933
anglo,F,1950,Emilie,0.000153934,2772933,2774473
anglo,F,1950,Emily,0.00122412,2774473,2786714
anglo,F,1950,Emma,0.00193001,2786714,2806014
anglo,F,1950,Emma-Louise,0.000105162,2806014,2807067
anglo,F,1950,Enya,8.49454e-05,2807067,2807917
anglo,F,1950,Erica,0.000102053,2807917,2808938
anglo,F,1950,Erika,0.000161899,2808938,2810558
anglo,F,1950,Erin,0.000516869,2810558,2815727
anglo,F,1950,Eryn,5.38479e-05,2815727,2816266
anglo,F,1950,Esther,7.58673e-05,2816266,2817026
anglo,F,1950,Eva,0.000296331,2817026,2819990
anglo,F,1950,Eve,5.48686e-05,2819990,2820540
anglo,F,1950,Evelyn,0.000151918,2820540,2822060
anglo,F,1950,Evie,0.000123941,2822060,2823300
anglo,F,1950,Fainche,7.48944e-05,2823300,2824050
anglo,F,1950,Faith,0.000151835,2824050,2825569
anglo,F,1950,Fay,0.000248605,2825569,2828056
anglo,F,1950,Faye,4.54834e-05,2828056,2828512
anglo,F,1950,Fiona,0.00282377,2828512,2856749
anglo,F,1950,Fionnuala,7.25928e-05,2856749,2857476
anglo,F,1950,Florence,4.12566e-05,2857476,2857890
anglo,F,1950,Frances,0.00394596,2857890,2897348
anglo,F,1950,Francesca,6.95594e-05,2897348,2898045
anglo,F,1950,Frankie,2.76462e-05,2898045,2898322
anglo,F,1950,Freya,7.46906e-05,2898322,2899070
anglo,F,1950,Gabriella,1.33269e-05,2899070,2899204
anglo,F,1950,Gabrielle,0.000201063,2899204,2901215
anglo,F,1950,Gail,0.0096605,2901215,2997814
anglo,F,1950,Gayle,0.000868263,2997814,3006497
anglo,F,1950,Gaylene,1.16256e-05,3006497,3006614
anglo,F,1950,Gemma,0.00050386,3006614,3011653
anglo,F,1950,Georgia,0.000996016,3011653,3021613
anglo,F,1950,Georgina,0.0001583,3021613,3023197
anglo,F,1950,Geraldine,6.39571e-05,3023197,3023838
anglo,F,1950,Gillian,0.000300882,3023838,3026848
anglo,F,1950,Gina,9.01101e-05,3026848,3027750
anglo,F,1950,Glenda,0.00445568,3027750,3072305
anglo,F,1950,Glenys,5.81278e-05,3072305,3072887
anglo,F,1950,Gloria,0.000582005,3072887,3078708
anglo,F,1950,Grace,0.000902187,3078708,3087730
anglo,F,1950,Grainne,0.000145634,3087730,3089187
anglo,F,1950,Haley,9.21877e-05,3089187,3090110
anglo,F,1950,Hana,7.59915e-05,3090110,3090871
anglo,F,1950,Hannah,0.00144007,3090871,3105272
anglo,F,1950,Harmony,4.25325e-05,3105272,3105698
anglo,F,1950,Harper,0.000168145,3105698,3107380
anglo,F,1950,Harriet,7.90413e-05,3107380,3108171
anglo,F,1950,Hayleigh,0.00010107,3108171,3109183
anglo,F,1950,Hayley,0.000746568,3109183,3116649
anglo,F,1950,Hazel,0.000166868,3116649,3118319
anglo,F,1950,Heather,0.00626337,3118319,3180949
anglo,F,1950,Heidi,9.78739e-05,3180949,3181929
anglo,F,1950,Helen,0.0184033,3181929,3365950
anglo,F,1950,Helena,5.77183e-05,3365950,3366528
anglo,F,1950,Hilary,5.84943e-05,3366528,3367114
anglo,F,1950,Hinewai,7.59915e-05,3367114,3367875
anglo,F,1950,Hollie,4.87753e-05,3367875,3368364
anglo,F,1950,Holly,0.000677406,3368364,3375139
anglo,F,1950,Hope,2.01321e-05,3375139,3375341
anglo,F,1950,Huia,7.48573e-05,3375341,3376091
anglo,F,1950,Imogen,4.15401e-05,3376091,3376507
anglo,F,1950,Indi,5.95456e-06,3376507,3376568
anglo,F,1950,India,0.000179484,3376568,3378364
anglo,F,1950,Indie,7.00369e-05,3378364,3379065
anglo,F,1950,Iona,9.60829e-05,3379065,3380027
anglo,F,1950,Irene,0.00219203,3380027,3401947
anglo,F,1950,Isabel,7.07458e-05,3401947,3402655
anglo,F,1950,Isabella,0.000603537,3402655,3408691
anglo,F,1950,Isabelle,0.000167578,3408691,3410368
anglo,F,1950,Isla,0.000318427,3410368,3413553
anglo,F,1950,Isobel,1.20509e-05,3413553,3413675
anglo,F,1950,Ivy,8.18043e-05,3413675,3414494
anglo,F,1950,Jacqueline,0.0040628,3414494,3455120
anglo,F,1950,Jade,0.000565314,3455120,3460774
anglo,F,1950,Jaime,8.64828e-06,3460774,3460861
anglo,F,1950,Jamie,0.00031476,3460861,3464009
anglo,F,1950,Jamie-Lee,0.00013732,3464009,3465383
anglo,F,1950,Jamie-Leigh,6.22981e-05,3465383,3466007
anglo,F,1950,Jan,0.00386873,3466007,3504693
anglo,F,1950,Jana,4.55992e-05,3504693,3505150
anglo,F,1950,Jane,0.00655509,3505150,3570697
anglo,F,1950,Janelle,0.00298326,3570697,3600529
anglo,F,1950,Janet,0.00678518,3600529,3668377
anglo,F,1950,Janette,0.00389099,3668377,3707285
anglo,F,1950,Janice,0.00679824,3707285,3775264
anglo,F,1950,Janine,0.00170637,3775264,3792328
anglo,F,1950,Jasmin,8.3455e-05,3792328,3793163
anglo,F,1950,Jasmine,0.000581291,3793163,3798977
anglo,F,1950,Jayde,4.99225e-05,3798977,3799477
anglo,F,1950,Jayne,0.000149631,3799477,3800974
anglo,F,1950,Jean,0.000372535,3800974,3804700
anglo,F,1950,Jeanette,0.00403849,3804700,3845083
anglo,F,1950,Jemma,0.000130909,3845083,3846393
anglo,F,1950,Jena,0.00013843,3846393,3847778
anglo,F,1950,Jenna,0.000280991,3847778,3850589
anglo,F,1950,Jenni,0.000197287,3850589,3852563
anglo,F,1950,Jennifer,0.0350086,3852563,4202626
anglo,F,1950,Jenny,0.000624998,4202626,4208877
anglo,F,1950,Jessica,0.00191576,4208877,4228034
anglo,F,1950,Jessie,0.000159213,4228034,4229627
anglo,F,1950,Jill,0.00302944,4229627,4259920
anglo,F,1950,Jillian,0.00150657,4259920,4274986
anglo,F,1950,Joan,0.00190726,4274986,4294058
anglo,F,1950,Joanna,0.000435282,4294058,4298412
anglo,F,1950,Joanne,0.00803301,4298412,4378738
anglo,F,1950,Jocelyn,7.89687e-05,4378738,4379529
anglo,F,1950,Jodi,7.93941e-06,4379529,4379609
anglo,F,1950,Jodie,0.000118064,4379609,4380791
anglo,F,1950,Jody,5.47737e-05,4380791,4381340
anglo,F,1950,Johanna,8.23118e-05,4381340,4382164
anglo,F,1950,Jolene,9.55993e-05,4382164,4383121
anglo,F,1950,Jordan,0.00016924,4383121,4384814
anglo,F,1950,Jorja,6.46495e-05,4384814,4385461
anglo,F,1950,Josephine,0.000188192,4385461,4387344
anglo,F,1950,Joy,0.00266576,4387344,4414001
anglo,F,1950,Joyce,7.96273e-05,4414001,4414798
anglo,F,1950,Judith,0.0181693,4414798,4596479
anglo,F,1950,Julia,0.000365974,4596479,4600139
anglo,F,1950,Julie,0.0260409,4600139,4860531
anglo,F,1950,Julie-Anne,6.733e-05,4860531,4861205
anglo,F,1950,June,0.000676691,4861205,4867972
anglo,F,1950,Justine,0.000237905,4867972,4870352
anglo,F,1950,Kahurangi,0.000103496,4870352,4871388
anglo,F,1950,Kaia,0.000223438,4871388,4873623
anglo,F,1950,Kaitlin,5.71341e-05,4873623,4874195
anglo,F,1950,Kaitlyn,0.000148575,4874195,4875682
anglo,F,1950,Kara,9.73775e-05,4875682,4876657
anglo,F,1950,Karen,0.0203857,4876657,5080501
anglo,F,1950,Karla,7.9076e-05,5080501,5081293
anglo,F,1950,Karley,0.000121478,5081293,5082509
anglo,F,1950,Karyn,6.08215e-05,5082509,5083118
anglo,F,1950,Kate,0.000876504,5083118,5091883
anglo,F,1950,Katelyn,0.00014086,5091883,5093293
anglo,F,1950,Katharine,6.03777e-05,5093293,5093898
anglo,F,1950,Katherine,0.00225065,5093898,5116404
anglo,F,1950,Kathleen,0.00817061,5116404,5198105
anglo,F,1950,Kathryn,0.00634835,5198105,5261585
anglo,F,1950,Kathy,4.68019e-05,5261585,5262054
anglo,F,1950,Katie,0.000548103,5262054,5267536
anglo,F,1950,Katie-Louise,4.91262e-05,5267536,5268028
anglo,F,1950,Katrina,0.000545838,5268028,5273487
anglo,F,1950,Katy,5.19501e-05,5273487,5274007
anglo,F,1950,Kay,0.00494257,5274007,5323430
anglo,F,1950,Kaye,0.000299341,5323430,5326424
anglo,F,1950,Kayla,0.000397821,5326424,5330403
anglo,F,1950,Kayleigh,8.28781e-05,5330403,5331233
anglo,F,1950,Keely,0.000165406,5331233,5332888
anglo,F,1950,Keeva,0.00018657,5332888,5334755
anglo,F,1950,Keira,0.000107607,5334755,5335832
anglo,F,1950,Kellie,8.11588e-05,5335832,5336645
anglo,F,1950,Kelly,0.000919703,5336645,5345842
anglo,F,1950,Kelly-Anne,4.64933e-05,5345842,5346308
anglo,F,1950,Kelly-Marie,5.66559e-05,5346308,5346876
anglo,F,1950,Kelsey,0.000159842,5346876,5348475
anglo,F,1950,Keri,7.12231e-05,5348475,5349188
anglo,F,1950,Kerri,5.23657e-05,5349188,5349713
anglo,F,1950,Kerrie,0.00806511,5349713,5430359
anglo,F,1950,Kerry,0.0151317,5430359,5581666
anglo,F,1950,Khloe,1.3894e-05,5581666,5581806
anglo,F,1950,Kiera,5.09875e-05,5581806,5582317
anglo,F,1950,Kim,0.0128813,5582317,5711122
anglo,F,1950,Kimberley,0.000353882,5711122,5714662
anglo,F,1950,Kimberly,4.58921e-05,5714662,5715122
anglo,F,1950,Kira,5.08316e-05,5715122,5715631
anglo,F,1950,Kirby,0.000143123,5715631,5717063
anglo,F,1950,Kiri,1.84308e-05,5717063,5717248
anglo,F,1950,Kirsten,0.0005023,5717248,5722272
anglo,F,1950,Kirstie,0.00011992,5722272,5723472
anglo,F,1950,Kirstin,6.70037e-05,5723472,5724143
anglo,F,1950,Kirsty,0.000528638,5724143,5729430
anglo,F,1950,Kora,0.000124479,5729430,5730676
anglo,F,1950,Kori,0.000133105,5730676,5732008
anglo,F,1950,Kristin,4.58331e-05,5732008,5732467
anglo,F,1950,Kristina,4.57157e-05,5732467,5732925
anglo,F,1950,Kristy,2.43853e-05,5732925,5733170
anglo,F,1950,Krystal,9.21538e-05,5733170,5734092
anglo,F,1950,Kyla,5.81278e-06,5734092,5734151
anglo,F,1950,Kylie,0.000523434,5734151,5739386
anglo,F,1950,Lana,6.31131e-05,5739386,5740018
anglo,F,1950,Laoise,5.31366e-05,5740018,5740550
anglo,F,1950,Lara,0.000116959,5740550,5741721
anglo,F,1950,Laura,0.000719885,5741721,5748920
anglo,F,1950,Lauren,0.000538775,5748920,5754308
anglo,F,1950,Laurie,4.76959e-05,5754308,5754786
anglo,F,1950,Layla,7.59915e-05,5754786,5755547
anglo,F,1950,Leah,0.000313948,5755547,5758687
anglo,F,1950,Leanne,0.00227116,5758687,5781398
anglo,F,1950,Lee,0.00114655,5781398,5792864
anglo,F,1950,Leigh,5.7287e-05,5792864,5793438
anglo,F,1950,Leona,7.21943e-05,5793438,5794161
anglo,F,1950,Leonie,0.00540389,5794161,5848197
anglo,F,1950,Lesley,0.00621459,5848197,5910340
anglo,F,1950,Libby,6.80521e-06,5910340,5910409
anglo,F,1950,Lilly,0.000115263,5910409,5911563
anglo,F,1950,Lily,0.000502735,5911563,5916591
anglo,F,1950,Linda,0.0124456,5916591,6041040
anglo,F,1950,Lindsay,6.43905e-05,6041040,6041685
anglo,F,1950,Lindsey,7.14145e-05,6041685,6042400
anglo,F,1950,Lisa,0.00226565,6042400,6065056
anglo,F,1950,Lisa-Marie,6.25666e-05,6065056,6065683
anglo,F,1950,Lois,0.000102945,6065683,6066713
anglo,F,1950,Lola,4.86289e-05,6066713,6067200
anglo,F,1950,Lorna,5.06002e-05,6067200,6067707
anglo,F,1950,Lorraine,0.00822111,6067707,6149913
anglo,F,1950,Louise,0.00626745,6149913,6212584
anglo,F,1950,Lucia,0.000136379,6212584,6213949
anglo,F,1950,Lucinda,0.00022473,6213949,6216197
anglo,F,1950,Lucy,0.00078596,6216197,6224057
anglo,F,1950,Luna,7.51408e-06,6224057,6224133
anglo,F,1950,Lydia,9.22995e-05,6224133,6225057
anglo,F,1950,Lynda,0.00251951,6225057,6250251
anglo,F,1950,Lyndsay,0.000181765,6250251,6252070
anglo,F,1950,Lyndsey,0.000412345,6252070,6256194
anglo,F,1950,Lynette,0.0184935,6256194,6441117
anglo,F,1950,Lynley,3.23247e-05,6441117,6441441
anglo,F,1950,Lynn,0.00204609,6441441,6461901
anglo,F,1950,Lynne,0.00462421,6461901,6508141
anglo,F,1950,Lynnette,1.7013e-05,6508141,6508312
anglo,F,1950,Lynsey,6.63635e-05,6508312,6508977
anglo,F,1950,MacKenzie,9.49893e-06,6508977,6509073
anglo,F,1950,Mackenzie,0.000147304,6509073,6510547
anglo,F,1950,Maddison,0.000261717,6510547,6513165
anglo,F,1950,Madeleine,0.000110585,6513165,6514272
anglo,F,1950,Madeline,2.60866e-05,6514272,6514534
anglo,F,1950,Madison,0.000525228,6514534,6519787
anglo,F,1950,Maeve,7.06568e-05,6519787,6520495
anglo,F,1950,Mahi,7.8827e-05,6520495,6521284
anglo,F,1950,Maia,0.000277879,6521284,6524064
anglo,F,1950,Mairead,6.54331e-05,6524064,6524719
anglo,F,1950,Manaia,0.000129299,6524719,6526013
anglo,F,1950,Mandy,5.32241e-05,6526013,6526546
anglo,F,1950,Maraea,9.96679e-05,6526546,6527544
anglo,F,1950,Maree,0.00493401,6527544,6576882
anglo,F,1950,Mareikura,0.000134403,6576882,6578227
anglo,F,1950,Margaret,0.0252983,6578227,6831193
anglo,F,1950,Maria,0.00840298,6831193,6915218
anglo,F,1950,Marian,7.44004e-05,6915218,6915963
anglo,F,1950,Marie,0.00401976,6915963,6956159
anglo,F,1950,Marie-Claire,7.36153e-05,6956159,6956896
anglo,F,1950,Marilyn,0.00492131,6956896,7006107
anglo,F,1950,Marion,0.00151735,7006107,7021280
anglo,F,1950,Martha,0.000460012,7021280,7025881
anglo,F,1950,Martina,7.76405e-05,7025881,7026658
anglo,F,1950,Mary,0.0126591,7026658,7153241
anglo,F,1950,Matilda,8.08118e-05,7153241,7154050
anglo,F,1950,Maura,5.21152e-05,7154050,7154572
anglo,F,1950,Maureen,0.00592421,7154572,7213811
anglo,F,1950,Maxine,0.000274579,7213811,7216558
anglo,F,1950,Maya,6.12469e-05,7216558,7217171
anglo,F,1950,Meabh,7.04707e-05,7217171,7217877
anglo,F,1950,Meaghan,0.000797138,7217877,7225849
anglo,F,1950,Meg,5.27903e-05,7225849,7226378
anglo,F,1950,Megan,0.00156486,7226378,7242027
anglo,F,1950,Meghan,4.73072e-05,7242027,7242501
anglo,F,1950,Meibh,4.75005e-05,7242501,7242977
anglo,F,1950,Melanie,0.000695086,7242977,7249928
anglo,F,1950,Melissa,0.00103351,7249928,7260263
anglo,F,1950,Mereana,9.03108e-05,7260263,7261167
anglo,F,1950,Mia,0.000431742,7261167,7265485
anglo,F,1950,Michaela,0.000192233,7265485,7267408
anglo,F,1950,Micheala,0.000148267,7267408,7268892
anglo,F,1950,Michele,0.00460232,7268892,7314913
anglo,F,1950,Michelle,0.00811736,7314913,7396082
anglo,F,1950,Mikaela,6.80521e-06,7396082,7396151
anglo,F,1950,Mikayla,0.000211528,7396151,7398267
anglo,F,1950,Mila,0.000161482,7398267,7399883
anglo,F,1950,Millie,0.000100802,7399883,7400892
anglo,F,1950,Miriam,5.9534e-05,7400892,7401488
anglo,F,1950,Miriama,8.70499e-05,7401488,7402359
anglo,F,1950,Mollie,4.7116e-05,7402359,7402831
anglo,F,1950,Molly,0.0003001,7402831,7405833
anglo,F,1950,Monica,7.93941e-06,7405833,7405913
anglo,F,1950,Monique,0.00026356,7405913,7408549
anglo,F,1950,Morgan,0.000154425,7408549,7410094
anglo,F,1950,Mya,4.99048e-05,7410094,7410594
anglo,F,1950,Nadia,0.00120824,7410594,7422677
anglo,F,1950,Nadine,0.00020199,7422677,7424698
anglo,F,1950,Naoimh,4.44212e-05,7424698,7425143
anglo,F,1950,Naoise,0.000139565,7425143,7426540
anglo,F,1950,Naomh,7.86172e-05,7426540,7427327
anglo,F,1950,Naomi,0.000118069,7427327,7428509
anglo,F,1950,Narelle,0.00607413,7428509,7489247
anglo,F,1950,Natalie,0.000662351,7489247,7495871
anglo,F,1950,Natasha,0.000862812,7495871,7504500
anglo,F,1950,Nevaeh,9.54147e-05,7504500,7505455
anglo,F,1950,Ngaire,1.64459e-05,7505455,7505620
anglo,F,1950,Nia,9.4564e-05,7505620,7506567
anglo,F,1950,Niamh,0.000103888,7506567,7507607
anglo,F,1950,Nichola,6.2702e-05,7507607,7508235
anglo,F,1950,Nichole,6.86789e-05,7508235,7508923
anglo,F,1950,Nicola,0.00152815,7508923,7524204
anglo,F,1950,Nicole,0.000918732,7524204,7533392
anglo,F,1950,Nikita,0.000233647,7533392,7535729
anglo,F,1950,Nikki,0.000152446,7535729,7537254
anglo,F,1950,Nina,0.000102578,7537254,7538281
anglo,F,1950,Nora,4.39407e-05,7538281,7538721
anglo,F,1950,Nuala,4.48603e-05,7538721,7539171
anglo,F,1950,Olive,7.44319e-05,7539171,7539916
anglo,F,1950,Olivia,0.00132309,7539916,7553147
anglo,F,1950,Oonagh,0.000134126,7553147,7554489
anglo,F,1950,Orfhlaith,0.000123918,7554489,7555729
anglo,F,1950,Orla,0.000697248,7555729,7562702
anglo,F,1950,Orlagh,6.57394e-05,7562702,7563360
anglo,F,1950,Orlaigh,0.000135168,7563360,7564713
anglo,F,1950,Orlaith,0.000346975,7564713,7568184
anglo,F,1950,Padraigin,5.58426e-05,7568184,7568743
anglo,F,1950,Paige,0.000584126,7568743,7574585
anglo,F,1950,Pamela,0.00958326,7574585,7670412
anglo,F,1950,Paris,7.81181e-05,7670412,7671194
anglo,F,1950,Patrice,4.8431e-05,7671194,7671679
anglo,F,1950,Patricia,0.0160442,7671679,7832111
anglo,F,1950,Paula,0.00168834,7832111,7848994
anglo,F,1950,Pauline,0.00453594,7848994,7894351
anglo,F,1950,Payton,6.23811e-06,7894351,7894414
anglo,F,1950,Penelope,0.00176379,7894414,7912052
anglo,F,1950,Peyton,8.80424e-05,7912052,7912933
anglo,F,1950,Philippa,0.000192672,7912933,7914861
anglo,F,1950,Phoebe,0.000248354,7914861,7917345
anglo,F,1950,Piper,8.22296e-05,7917345,7918168
anglo,F,1950,Pippa,5.89785e-05,7918168,7918759
anglo,F,1950,Polly,4.73714e-05,7918759,7919234
anglo,F,1950,Poppy,0.000119375,7919234,7920429
anglo,F,1950,Quinn,3.01981e-05,7920429,7920732
anglo,F,1950,Rachael,0.00055521,7920732,7926285
anglo,F,1950,Rachel,0.00144197,7926285,7940705
anglo,F,1950,Rachelle,5.73012e-05,7940705,7941279
anglo,F,1950,Raewyn,0.000430855,7941279,7945588
anglo,F,1950,Rebecca,0.00173896,7945588,7962977
anglo,F,1950,Rebekah,0.000236086,7962977,7965339
anglo,F,1950,Regan,8.01454e-05,7965339,7966141
anglo,F,1950,Renee,0.000480192,7966141,7970944
anglo,F,1950,Rhian,7.78817e-05,7970944,7971724
anglo,F,1950,Rhianna,4.36797e-05,7971724,7972162
anglo,F,1950,Rhianne,5.24499e-05,7972162,7972687
anglo,F,1950,Rhiannon,0.000242846,7972687,7975116
anglo,F,1950,Rhonda,0.00972159,7975116,8072326
anglo,F,1950,Ria,9.96679e-05,8072326,8073324
anglo,F,1950,Riley,9.584e-05,8073324,8074283
anglo,F,1950,Rita,7.08442e-05,8074283,8074992
anglo,F,1950,Roberta,8.31652e-05,8074992,8075825
anglo,F,1950,Robin,0.00125787,8075825,8088404
anglo,F,1950,Robyn,0.0197213,8088404,8285604
anglo,F,1950,Rochelle,0.000295743,8285604,8288562
anglo,F,1950,Roise,8.88322e-05,8288562,8289451
anglo,F,1950,Roisin,4.71795e-05,8289451,8289924
anglo,F,1950,Rose,0.000277698,8289924,8292702
anglo,F,1950,Roseanna,4.35764e-05,8292702,8293139
anglo,F,1950,Rosemary,0.00514691,8293139,8344606
anglo,F,1950,Rosie,7.55565e-05,8344606,8345363
anglo,F,1950,Roslyn,0.00530605,8345363,8398421
anglo,F,1950,Ruby,0.00061417,8398421,8404563
anglo,F,1950,Ruth,0.00419861,8404563,8446547
anglo,F,1950,Sabrina,5.65525e-05,8446547,8447113
anglo,F,1950,Sacha,0.000100588,8447113,8448120
anglo,F,1950,Sadie,2.1408e-05,8448120,8448335
anglo,F,1950,Sally,0.00346509,8448335,8482985
anglo,F,1950,Samantha,0.00111822,8482985,8494167
anglo,F,1950,Sandra,0.0136344,8494167,8630503
anglo,F,1950,Saoirse,6.88526e-05,8630503,8631192
anglo,F,1950,Sara,0.000206495,8631192,8633258
anglo,F,1950,Sarah,0.00287615,8633258,8662018
anglo,F,1950,Sarah-Jane,7.91179e-05,8662018,8662810
anglo,F,1950,Sarah-Louise,4.43671e-05,8662810,8663255
anglo,F,1950,Sasha,0.000110864,8663255,8664365
anglo,F,1950,Saskia,4.934e-05,8664365,8664859
anglo,F,1950,Savannah,0.000106695,8664859,8665927
anglo,F,1950,Scarlett,0.000148155,8665927,8667409
anglo,F,1950,Seana,6.10001e-05,8667409,8668020
anglo,F,1950,Seanan,5.59426e-05,8668020,8668580
anglo,F,1950,Seaneen,6.06246e-05,8668580,8669187
anglo,F,1950,Seanna,0.000127385,8669187,8670462
anglo,F,1950,Selina,6.15106e-05,8670462,8671078
anglo,F,1950,Seona,7.62345e-05,8671078,8671841
anglo,F,1950,Serena,0.000129218,8671841,8673134
anglo,F,1950,Shakira,7.37231e-06,8673134,8673209
anglo,F,1950,Shania,9.62151e-05,8673209,8674172
anglo,F,1950,Shanice,0.000119161,8674172,8675365
anglo,F,1950,Shanna,0.000114185,8675365,8676508
anglo,F,1950,Shannan,4.41525e-05,8676508,8676950
anglo,F,1950,Shannen,5.37576e-05,8676950,8677489
anglo,F,1950,Shannon,0.000405964,8677489,8681549
anglo,F,1950,Sharlene,3.11905e-05,8681549,8681862
anglo,F,1950,Sharon,0.0122183,8681862,8804037
anglo,F,1950,Shauna,0.000490032,8804037,8808938
anglo,F,1950,Shauneen,0.000220741,8808938,8811146
anglo,F,1950,Sheila,5.03716e-05,8811146,8811651
anglo,F,1950,Shelby,0.000375918,8811651,8815411
anglo,F,1950,Shelley,0.000428904,8815411,8819701
anglo,F,1950,Sheree,7.96042e-05,8819701,8820498
anglo,F,1950,Sheryl,0.000495343,8820498,8825452
anglo,F,1950,Shirley,0.00415637,8825452,8867014
anglo,F,1950,Shona,0.000217559,8867014,8869190
anglo,F,1950,Sian,0.000160219,8869190,8870793
anglo,F,1950,Sienna,0.000192531,8870793,8872719
anglo,F,1950,Simone,0.000114862,8872719,8873869
anglo,F,1950,Sinead,7.26448e-05,8873869,8874596
anglo,F,1950,Siobhan,0.00011555,8874596,8875752
anglo,F,1950,Siofra,0.000136233,8875752,8877115
anglo,F,1950,Skye,1.37522e-05,8877115,8877254
anglo,F,1950,Skyla,1.48864e-05,8877254,8877404
anglo,F,1950,Skylar,5.81278e-06,8877404,8877463
anglo,F,1950,Sofia,8.93183e-05,8877463,8878357
anglo,F,1950,Sonia,3.48767e-05,8878357,8878707
anglo,F,1950,Sonya,8.96019e-05,8878707,8879604
anglo,F,1950,Sophia,0.000420526,8879604,8883810
anglo,F,1950,Sophie,0.00115901,8883810,8895400
anglo,F,1950,Sophie-Louise,0.000175141,8895400,8897152
anglo,F,1950,Sorcha,8.78163e-05,8897152,8898031
anglo,F,1950,Stacey,0.000696035,8898031,8904992
anglo,F,1950,Stella,0.000187569,8904992,8906869
anglo,F,1950,Stephanie,0.00122562,8906869,8919125
anglo,F,1950,Sue,0.00173653,8919125,8936490
anglo,F,1950,Summer,0.000209402,8936490,8938585
anglo,F,1950,Susan,0.0364249,8938585,9302809
anglo,F,1950,Susanna,0.000109127,9302809,9303901
anglo,F,1950,Susannah,4.72433e-05,9303901,9304374
anglo,F,1950,Susanne,0.00287937,9304374,9333167
anglo,F,1950,Suzanne,0.0118466,9333167,9451625
anglo,F,1950,Sylvia,0.000156992,9451625,9453196
anglo,F,1950,Tamara,0.000145792,9453196,9454655
anglo,F,1950,Tammy,4.77615e-05,9454655,9455134
anglo,F,1950,Tania,0.000975271,9455134,9464887
anglo,F,1950,Tanya,0.000640401,9464887,9471292
anglo,F,1950,Tara,0.000155654,9471292,9472849
anglo,F,1950,Tayla,0.000258456,9472849,9475434
anglo,F,1950,Taylor,0.000264553,9475434,9478080
anglo,F,1950,Tegan,4.50845e-05,9478080,9478532
anglo,F,1950,Teresa,0.000368964,9478532,9482222
anglo,F,1950,Terina,7.48573e-05,9482222,9482972
anglo,F,1950,Terri,0.000117681,9482972,9484150
anglo,F,1950,Tess,0.000108536,9484150,9485236
anglo,F,1950,Tessa,0.000250692,9485236,9487744
anglo,F,1950,Thea,3.95553e-05,9487744,9488141
anglo,F,1950,Theresa,6.11267e-05,9488141,9488753
anglo,F,1950,Therese,0.00136331,9488753,9502386
anglo,F,1950,Tia,0.000295756,9502386,9505344
anglo,F,1950,Tiana,5.50088e-05,9505344,9505895
anglo,F,1950,Tiare,9.51311e-05,9505895,9506847
anglo,F,1950,Tiarna,6.79955e-05,9506847,9507528
anglo,F,1950,Tiegan,5.94161e-05,9507528,9508123
anglo,F,1950,Tiffany,8.06727e-05,9508123,9508931
anglo,F,1950,Tina,0.000364106,9508931,9512573
anglo,F,1950,Toni,0.00200867,9512573,9532659
anglo,F,1950,Tonicha,0.000141911,9532659,9534079
anglo,F,1950,Tori,0.000139193,9534079,9535472
anglo,F,1950,Tory,4.50842e-05,9535472,9535924
anglo,F,1950,Tracey,0.00246375,9535924,9560561
anglo,F,1950,Tracy,0.000650706,9560561,9567069
anglo,F,1950,Trinity,5.68518e-05,9567069,9567638
anglo,F,1950,Tui,0.000177361,9567638,9569412
anglo,F,1950,Tyla,1.3894e-05,9569412,9569552
anglo,F,1950,Tyler,0.000169124,9569552,9571244
anglo,F,1950,Una,0.000294739,9571244,9574192
anglo,F,1950,Ursula,5.1868e-05,9574192,9574712
anglo,F,1950,Valerie,0.000738506,9574712,9582098
anglo,F,1950,Vanessa,0.000624942,9582098,9588348
anglo,F,1950,Vicki,0.0141154,9588348,9729494
anglo,F,1950,Vicky,2.80715e-05,9729494,9729776
anglo,F,1950,Victoria,0.00207934,9729776,9750569
anglo,F,1950,Violet,7.17382e-05,9750569,9751287
anglo,F,1950,Virginia,0.00221913,9751287,9773478
anglo,F,1950,Vivienne,0.000113704,9773478,9774616
anglo,F,1950,Waimarie,9.51311e-05,9774616,9775568
anglo,F,1950,Wendy,0.0164112,9775568,9939670
anglo,F,1950,Whitney,0.000576873,9939670,9945439
anglo,F,1950,Wikitoria,8.26549e-05,9945439,9946266
anglo,F,1950,Willow,0.000105339,9946266,9947320
anglo,F,1950,Yasmin,7.64641e-05,9947320,9948086
anglo,F,1950,Yasmine,0.000118415,9948086,9949271
anglo,F,1950,Yvonne,0.00418731,9949271,9991142
anglo,F,1950,Zara,0.000233621,9991142,9993479
anglo,F,1950,Zoe,0.000628554,9993479,9999765
anglo,F,1950,Zoey,2.33929e-05,9999765,10000000
anglo,M,1960,Aaron,0.00138466,0,13847
anglo,M,1960,Abdul,7.76234e-05,13847,14624
anglo,M,1960,Adam,0.00531081,14624,67730
anglo,M,1960,Adrian,0.00256657,67730,93395
anglo,M,1960,Aedan,7.66993e-05,93395,94163
anglo,M,1960,Aidan,0.000234422,94163,96508
anglo,M,1960,Aiden,0.000158472,96508,98094
anglo,M,1960,Alan,0.00550427,98094,153135
anglo,M,1960,Alastair,0.000122459,153135,154360
anglo,M,1960,Albert,0.000114897,154360,155510
anglo,M,1960,Alex,0.000472605,155510,160237
anglo,M,1960,Alexander,0.00230781,160237,183315
anglo,M,1960,Alistair,0.000193013,183315,185246
anglo,M,1960,Alister,9.10776e-05,185246,186158
anglo,M,1960,Allan,0.00454265,186158,231583
anglo,M,1960,Allen,0.000163978,231583,233224
anglo,M,1960,Anaru,7.96167e-05,233224,234021
anglo,M,1960,Andre,1.37569e-05,234021,234160
anglo,M,1960,Andrew,0.025951,234160,493658
anglo,M,1960,Angus,0.000358609,493658,497245
anglo,M,1960,Anthony,0.0246233,497245,743466
anglo,M,1960,Antoin,6.21738e-05,743466,744089
anglo,M,1960,Anton,8.85833e-05,744089,744976
anglo,M,1960,Antonio,0.00105325,744976,755509
anglo,M,1960,Antony,0.000384495,755509,759355
anglo,M,1960,Aodhan,0.000153042,759355,760886
anglo,M,1960,Archer,4.12707e-05,760886,761300
anglo,M,1960,Archie,8.38413e-05,761300,762139
anglo,M,1960,Ari,0.000106589,762139,763206
anglo,M,1960,Ariki,0.000127603,763206,764483
anglo,M,1960,Arlo,6.32601e-05,764483,765117
anglo,M,1960,Arran,9.56844e-05,765117,766075
anglo,M,1960,Arron,7.54536e-05,766075,766830
anglo,M,1960,Arthur,0.000299713,766830,769828
anglo,M,1960,Asher,3.45547e-05,769828,770174
anglo,M,1960,Ashley,0.000155964,770174,771735
anglo,M,1960,Ashton,0.000133886,771735,773075
anglo,M,1960,Austin,7.45256e-05,773075,773821
anglo,M,1960,Bailey,0.000204927,773821,775871
anglo,M,1960,Bailie,8.60154e-05,775871,776732
anglo,M,1960,Barry,0.00450252,776732,821756
anglo,M,1960,Beau,5.31861e-05,821756,822289
anglo,M,1960,Beauden,1.35403e-05,822289,822425
anglo,M,1960,Ben,0.000324762,822425,825673
anglo,M,1960,Benjamin,0.00241991,825673,849872
anglo,M,1960,Benn,6.59985e-05,849872,850533
anglo,M,1960,Bernard,0.00184912,850533,869024
anglo,M,1960,Bevan,6.86762e-05,869024,869712
anglo,M,1960,Billy,0.00109747,869712,880687
anglo,M,1960,Blaine,8.4567e-05,880687,881534
anglo,M,1960,Blair,0.000310126,881534,884636
anglo,M,1960,Blake,0.000493493,884636,889572
anglo,M,1960,Bodhi,7.58254e-06,889572,889649
anglo,M,1960,Brad,0.000112981,889649,890780
anglo,M,1960,Bradley,0.00660925,890780,956870
anglo,M,1960,Brandon,0.000234061,956870,959211
anglo,M,1960,Braxton,8.02666e-05,959211,960015
anglo,M,1960,Brayden,3.43381e-05,960015,960359
anglo,M,1960,Breandan,8.18556e-05,960359,961178
anglo,M,1960,Brendan,0.00106521,961178,971831
anglo,M,1960,Brendon,0.000342623,971831,975258
anglo,M,1960,Brent,0.000602704,975258,981286
anglo,M,1960,Brett,0.0126877,981286,1108157
anglo,M,1960,Brian,0.00828065,1108157,1190960
anglo,M,1960,Brodie,2.33976e-05,1190960,1191195
anglo,M,1960,Brooklyn,4.39788e-05,1191195,1191636
anglo,M,1960,Bruce,0.0064908,1191636,1256542
anglo,M,1960,Bryan,0.000793335,1256542,1264476
anglo,M,1960,Cahal,9.98507e-05,1264476,1265475
anglo,M,1960,Cahir,6.44635e-05,1265475,1266121
anglo,M,1960,Cailum,7.34383e-05,1266121,1266856
anglo,M,1960,Cal,0.000100593,1266856,1267863
anglo,M,1960,Caleb,0.000698654,1267863,1274850
anglo,M,1960,Callan,7.42604e-05,1274850,1275594
anglo,M,1960,Callum,0.00042479,1275594,1279843
anglo,M,1960,Calum,8.22914e-05,1279843,1280667
anglo,M,1960,Calvin,0.000219075,1280667,1282859
anglo,M,1960,Cameron,0.00149314,1282859,1297791
anglo,M,1960,Campbell,4.57119e-05,1297791,1298249
anglo,M,1960,Caoimhin,0.000235519,1298249,1300605
anglo,M,1960,Caolain,8.01721e-05,1300605,1301408
anglo,M,1960,Caolan,7.14097e-05,1301408,1302123
anglo,M,1960,Caomhan,9.80569e-05,1302123,1303104
anglo,M,1960,Carl,0.000445949,1303104,1307564
anglo,M,1960,Carlos,1.32153e-05,1307564,1307697
anglo,M,1960,Carter,0.000250611,1307697,1310204
anglo,M,1960,Cathal,6.15585e-05,1310204,1310821
anglo,M,1960,Charles,0.00234962,1310821,1334317
anglo,M,1960,Charlie,0.000429745,1334317,1338615
anglo,M,1960,Chase,1.8848e-05,1338615,1338804
anglo,M,1960,Che,0.000126424,1338804,1340069
anglo,M,1960,Chris,9.91228e-05,1340069,1341061
anglo,M,1960,Christian,0.000190776,1341061,1342970
anglo,M,1960,Christie,7.85778e-05,1342970,1343757
anglo,M,1960,Christopher,0.0180639,1343757,1524388
anglo,M,1960,Christy,9.77084e-05,1524388,1525366
anglo,M,1960,Cianan,0.000141657,1525366,1526783
anglo,M,1960,Ciaran,7.91657e-05,1526783,1527576
anglo,M,1960,Cillian,0.000105805,1527576,1528635
anglo,M,1960,Clark,0.000187559,1528635,1530511
anglo,M,1960,Clayton,6.391e-06,1530511,1530576
anglo,M,1960,Clifford,0.000132283,1530576,1531900
anglo,M,1960,Clinton,0.000108755,1531900,1532988
anglo,M,1960,Clive,0.0002703,1532988,1535692
anglo,M,1960,Cody,0.000362936,1535692,1539322
anglo,M,1960,Cohen,1.07239e-05,1539322,1539430
anglo,M,1960,Cole,7.01927e-05,1539430,1540133
anglo,M,1960,Colin,0.00673084,1540133,1607439
anglo,M,1960,Colm,0.000102912,1607439,1608469
anglo,M,1960,Colum,0.0004553,1608469,1613023
anglo,M,1960,Conal,0.000111312,1613023,1614137
anglo,M,1960,Conall,0.000147575,1614137,1615614
anglo,M,1960,Conan,0.00010097,1615614,1616625
anglo,M,1960,Conchur,6.40101e-05,1616625,1617266
anglo,M,1960,Conn,6.16599e-05,1617266,1617884
anglo,M,1960,Connor,0.000570718,1617884,1623592
anglo,M,1960,Conor,0.000201778,1623592,1625611
anglo,M,1960,Conrad,0.000107559,1625611,1626688
anglo,M,1960,Cooper,0.000228884,1626688,1628978
anglo,M,1960,Corey,0.00048692,1628978,1633848
anglo,M,1960,Cormac,6.32366e-05,1633848,1634481
anglo,M,1960,Cory,0.000138373,1634481,1635866
anglo,M,1960,Craig,0.0212461,1635866,1848317
anglo,M,1960,Cruz,5.63275e-06,1848317,1848374
anglo,M,1960,Curtis,0.000567699,1848374,1854052
anglo,M,1960,Daire,9.07912e-05,1854052,1854961
anglo,M,1960,Dale,0.00168471,1854961,1871808
anglo,M,1960,Damian,0.000400992,1871808,1875819
anglo,M,1960,Damien,0.000270851,1875819,1878528
anglo,M,1960,Damon,2.2856e-05,1878528,1878758
anglo,M,1960,Daniel,0.00665322,1878758,1945288
anglo,M,1960,Danny,0.00103365,1945288,1955625
anglo,M,1960,Dara,0.000200503,1955625,1957631
anglo,M,1960,Darragh,0.000110823,1957631,1958740
anglo,M,1960,Darrell,6.78964e-05,1958740,1959420
anglo,M,1960,Darren,0.0133278,1959420,2092693
anglo,M,1960,Darrin,0.00112103,2092693,2103904
anglo,M,1960,Darryl,0.00258478,2103904,2129752
anglo,M,1960,Darryn,2.81637e-05,2129752,2130035
anglo,M,1960,Daryl,0.00141076,2130035,2144143
anglo,M,1960,David,0.0561814,2144143,2705929
anglo,M,1960,Deaglan,7.00899e-05,2705929,2706631
anglo,M,1960,Dean,0.00548896,2706631,2761519
anglo,M,1960,Deane,6.99472e-05,2761519,2762219
anglo,M,1960,Declan,9.67413e-05,2762219,2763187
anglo,M,1960,Denis,0.00015794,2763187,2764767
anglo,M,1960,Dennis,0.0023748,2764767,2788515
anglo,M,1960,Derek,0.00080167,2788515,2796532
anglo,M,1960,Dermot,0.000102515,2796532,2797558
anglo,M,1960,Desmond,0.000111796,2797558,2798677
anglo,M,1960,Diarmuid,7.02333e-05,2798677,2799380
anglo,M,1960,Dillon,8.17603e-05,2799380,2800199
anglo,M,1960,Dion,0.000138977,2800199,2801590
anglo,M,1960,Domhnall,7.89684e-05,2801590,2802381
anglo,M,1960,Dominic,0.000159249,2802381,2803974
anglo,M,1960,Don,0.000183718,2803974,2805812
anglo,M,1960,Donal,6.49256e-05,2805812,2806462
anglo,M,1960,Donald,0.00264125,2806462,2832874
anglo,M,1960,Douglas,0.00288681,2832874,2861742
anglo,M,1960,Duncan,0.000438629,2861742,2866129
anglo,M,1960,Dwayne,6.17436e-06,2866129,2866192
anglo,M,1960,Dylan,0.00084489,2866192,2874641
anglo,M,1960,Eamon,6.82937e-05,2874641,2875325
anglo,M,1960,Eamonn,7.23271e-05,2875325,2876049
anglo,M,1960,Edward,0.00303276,2876049,2906376
anglo,M,1960,Eli,0.000104097,2906376,2907418
anglo,M,1960,Elijah,0.000231484,2907418,2909734
anglo,M,1960,Elliot,9.41667e-05,2909734,2910677
anglo,M,1960,Elliott,0.000127823,2910677,2911956
anglo,M,1960,Emmet,0.000171766,2911956,2913675
anglo,M,1960,Emmett,6.84275e-05,2913675,2914360
anglo,M,1960,Enda,0.000807759,2914360,2922438
anglo,M,1960,Eoghan,7.68818e-05,2922438,2923208
anglo,M,1960,Eoin,0.000134674,2923208,2924556
anglo,M,1960,Eric,0.00147004,2924556,2939257
anglo,M,1960,Ethan,0.000902104,2939257,2948279
anglo,M,1960,Euan,6.91073e-05,2948279,2948971
anglo,M,1960,Eugene,6.92454e-05,2948971,2949664
anglo,M,1960,Eunan,8.43318e-05,2949664,2950508
anglo,M,1960,Evan,7.74362e-05,2950508,2951283
anglo,M,1960,Ewan,7.15604e-05,2951283,2952000
anglo,M,1960,Ezra,3.34715e-05,2952000,2952336
anglo,M,1960,Feargal,6.64907e-05,2952336,2953002
anglo,M,1960,Fearghal,8.03775e-05,2953002,2953807
anglo,M,1960,Felix,8.32997e-05,2953807,2954641
anglo,M,1960,Fergal,0.000117089,2954641,2955813
anglo,M,1960,Fergus,8.07925e-05,2955813,2956622
anglo,M,1960,Finbar,0.000123096,2956622,2957854
anglo,M,1960,Finn,0.00058833,2957854,2963738
anglo,M,1960,Fintan,7.528e-05,2963738,2964492
anglo,M,1960,Fionntan,0.000149698,2964492,2965990
anglo,M,1960,Fletcher,4.842e-05,2965990,2966475
anglo,M,1960,Flynn,0.000170824,2966475,2968184
anglo,M,1960,Francis,0.000437952,2968184,2972564
anglo,M,1960,Frank,0.0015073,2972564,2987637
anglo,M,1960,Fraser,5.52442e-06,2987637,2987693
anglo,M,1960,Frazer,8.31818e-05,2987693,2988526
anglo,M,1960,Frederick,0.000107431,2988526,2989601
anglo,M,1960,Gabriel,0.000216383,2989601,2991766
anglo,M,1960,Gareth,0.000312331,2991766,2994890
anglo,M,1960,Garrett,6.56356e-05,2994890,2995547
anglo,M,1960,Garry,0.0058477,2995547,3054022
anglo,M,1960,Gary,0.00880174,3054022,3142036
anglo,M,1960,Gavin,0.0025212,3142036,3167248
anglo,M,1960,Geoffrey,0.00877476,3167248,3254992
anglo,M,1960,George,0.00582481,3254992,3313238
anglo,M,1960,Gerald,7.56148e-05,3313238,3313995
anglo,M,1960,Gerard,0.00100081,3313995,3324004
anglo,M,1960,Giles,0.000923481,3324004,3333239
anglo,M,1960,Giuseppe,0.000941401,3333239,3342653
anglo,M,1960,Glen,0.00561457,3342653,3398797
anglo,M,1960,Glenn,0.0100374,3398797,3499167
anglo,M,1960,Gordon,0.0017719,3499167,3516886
anglo,M,1960,Graeme,0.00513817,3516886,3568266
anglo,M,1960,Graham,0.00626586,3568266,3630922
anglo,M,1960,Grahame,0.000158454,3630922,3632507
anglo,M,1960,Grant,0.0064826,3632507,3697331
anglo,M,1960,Grayson,2.80554e-05,3697331,3697613
anglo,M,1960,Gregory,0.0210364,3697613,3907967
anglo,M,1960,Guy,0.00100834,3907967,3918051
anglo,M,1960,Hamish,0.000693242,3918051,3924984
anglo,M,1960,Harley,4.36538e-05,3924984,3925421
anglo,M,1960,Harrison,0.000303302,3925421,3928455
anglo,M,1960,Harry,0.000396573,3928455,3932421
anglo,M,1960,Harvey,9.40746e-05,3932421,3933363
anglo,M,1960,Hayden,0.000657098,3933363,3939935
anglo,M,1960,Hemi,0.000147318,3939935,3941409
anglo,M,1960,Henry,0.000455799,3941409,3945968
anglo,M,1960,Hoani,6.21769e-05,3945968,3946591
anglo,M,1960,Howard,7.72502e-05,3946591,3947364
anglo,M,1960,Hudson,3.04385e-05,3947364,3947669
anglo,M,1960,Hugh,0.000117177,3947669,3948842
anglo,M,1960,Hugo,5.88189e-05,3948842,3949431
anglo,M,1960,Hunter,0.000329732,3949431,3952729
anglo,M,1960,Iain,7.70654e-05,3952729,3953501
anglo,M,1960,Ian,0.013518,3953501,4088675
anglo,M,1960,Ihaia,5.15613e-05,4088675,4089192
anglo,M,1960,Isaac,0.00106509,4089192,4099843
anglo,M,1960,Isaiah,3.78044e-05,4099843,4100222
anglo,M,1960,Israel,5.63275e-06,4100222,4100279
anglo,M,1960,Ivan,2.5564e-05,4100279,4100536
anglo,M,1960,Jack,0.00108798,4100536,4111416
anglo,M,1960,Jackson,0.000610169,4111416,4117518
anglo,M,1960,Jacob,0.00101345,4117518,4127653
anglo,M,1960,Jaime,0.000131511,4127653,4128969
anglo,M,1960,Jake,0.000390786,4128969,4132878
anglo,M,1960,Jakob,4.98281e-06,4132878,4132929
anglo,M,1960,James,0.015143,4132929,4284352
anglo,M,1960,Jamie,0.00176909,4284352,4302043
anglo,M,1960,Jared,0.000563362,4302043,4307677
anglo,M,1960,Jarlath,6.25932e-05,4307677,4308304
anglo,M,1960,Jarrod,8.37329e-05,4308304,4309142
anglo,M,1960,Jason,0.00644838,4309142,4373623
anglo,M,1960,Jasper,2.66472e-05,4373623,4373890
anglo,M,1960,Jaxon,6.74846e-05,4373890,4374566
anglo,M,1960,Jay,0.000154201,4374566,4376109
anglo,M,1960,Jayden,0.00049189,4376109,4381029
anglo,M,1960,Jeffery,0.000470701,4381029,4385737
anglo,M,1960,Jeffrey,0.00619681,4385737,4447703
anglo,M,1960,Jeremy,0.000637835,4447703,4454082
anglo,M,1960,Jesse,0.000658053,4454082,4460663
anglo,M,1960,Joe,6.30202e-05,4460663,4461294
anglo,M,1960,Joel,0.000414621,4461294,4465441
anglo,M,1960,John,0.0363446,4465441,4828869
anglo,M,1960,Johnathan,0.000130002,4828869,4830170
anglo,M,1960,Johnny,6.33456e-05,4830170,4830804
anglo,M,1960,Jon,0.000113842,4830804,4831943
anglo,M,1960,Jonathan,0.00229607,4831943,4854903
anglo,M,1960,Jonathon,0.000104048,4854903,4855944
anglo,M,1960,Jordan,0.000768794,4855944,4863633
anglo,M,1960,Jordon,0.00010801,4863633,4864714
anglo,M,1960,Joseph,0.00634139,4864714,4928126
anglo,M,1960,Josh,8.016e-05,4928126,4928929
anglo,M,1960,Joshua,0.00208525,4928929,4949781
anglo,M,1960,Josiah,5.63275e-06,4949781,4949838
anglo,M,1960,Jude,7.27978e-05,4949838,4950567
anglo,M,1960,Julian,0.000152249,4950567,4952090
anglo,M,1960,Justin,0.00143175,4952090,4966408
anglo,M,1960,Kahu,7.58254e-05,4966408,4967167
anglo,M,1960,Kahurangi,0.000101714,4967167,4968185
anglo,M,1960,Kaleb,5.32944e-05,4968185,4968719
anglo,M,1960,Kane,0.000201521,4968719,4970735
anglo,M,1960,Karl,0.000481772,4970735,4975553
anglo,M,1960,Kauri,0.000174723,4975553,4977301
anglo,M,1960,Kayden,1.33236e-05,4977301,4977435
anglo,M,1960,Kealan,0.000170223,4977435,4979138
anglo,M,1960,Keanu,5.84939e-06,4979138,4979197
anglo,M,1960,Keegan,3.8021e-05,4979197,4979578
anglo,M,1960,Keelan,7.97655e-05,4979578,4980377
anglo,M,1960,Keith,0.00259787,4980377,5006355
anglo,M,1960,Kelly,6.28268e-06,5006355,5006419
anglo,M,1960,Kelvin,0.000722051,5006419,5013640
anglo,M,1960,Kenneth,0.00562006,5013640,5069839
anglo,M,1960,Kerry,0.000260406,5069839,5072444
anglo,M,1960,Kevin,0.00886576,5072444,5161098
anglo,M,1960,Kieran,0.000233888,5161098,5163438
anglo,M,1960,Killian,0.000315164,5163438,5166590
anglo,M,1960,Kim,1.35403e-05,5166590,5166726
anglo,M,1960,Kingston,7.49589e-05,5166726,5167477
anglo,M,1960,Kirk,8.91218e-05,5167477,5168369
anglo,M,1960,Kristian,9.66823e-05,5168369,5169337
anglo,M,1960,Kristopher,6.20701e-05,5169337,5169959
anglo,M,1960,Kurt,0.000130893,5169959,5171269
anglo,M,1960,Kurtis,0.000115435,5171269,5172424
anglo,M,1960,Kyle,0.00036394,5172424,5176064
anglo,M,1960,Lachlan,0.000321175,5176064,5179277
anglo,M,1960,Lance,0.000469549,5179277,5183973
anglo,M,1960,Lawrence,0.000149545,5183973,5185469
anglo,M,1960,Lee,0.000656908,5185469,5192039
anglo,M,1960,Leigh,6.516e-05,5192039,5192692
anglo,M,1960,Leo,0.000320434,5192692,5195897
anglo,M,1960,Leon,0.000166714,5195897,5197565
anglo,M,1960,Leonard,0.000228374,5197565,5199850
anglo,M,1960,Leslie,0.00260713,5199850,5225921
anglo,M,1960,Levi,0.00032345,5225921,5229156
anglo,M,1960,Lewis,0.000437065,5229156,5233527
anglo,M,1960,Liam,0.00102942,5233527,5243822
anglo,M,1960,Lincoln,9.2832e-05,5243822,5244751
anglo,M,1960,Lindsay,0.000265753,5244751,5247409
anglo,M,1960,Lloyd,0.000116788,5247409,5248578
anglo,M,1960,Logan,0.000615811,5248578,5254737
anglo,M,1960,Lorcan,0.000151905,5254737,5256257
anglo,M,1960,Louis,0.000315599,5256257,5259414
anglo,M,1960,Luca,0.000142768,5259414,5260843
anglo,M,1960,Lucas,0.000439968,5260843,5265243
anglo,M,1960,Luka,1.28903e-05,5265243,5265373
anglo,M,1960,Lukas,7.58254e-06,5265373,5265450
anglo,M,1960,Luke,0.00149675,5265450,5280418
anglo,M,1960,Lyndon,0.000225276,5280418,5282672
anglo,M,1960,Macauley,6.50425e-05,5282672,5283323
anglo,M,1960,Mairtin,0.000351598,5283323,5286840
anglo,M,1960,Malachy,8.36368e-05,5286840,5287677
anglo,M,1960,Malcolm,0.00348125,5287677,5322489
anglo,M,1960,Manaaki,6.21769e-05,5322489,5323112
anglo,M,1960,Manaia,0.000155334,5323112,5324666
anglo,M,1960,Manawa,5.80606e-05,5324666,5325248
anglo,M,1960,Manus,0.000300386,5325248,5328253
anglo,M,1960,Marc,6.71199e-05,5328253,5328925
anglo,M,1960,Marco,0.000198181,5328925,5330908
anglo,M,1960,Marcus,0.000197924,5330908,5332888
anglo,M,1960,Mark,0.0409326,5332888,5742194
anglo,M,1960,Martin,0.00525792,5742194,5794772
anglo,M,1960,Martyn,7.36008e-05,5794772,5795509
anglo,M,1960,Mason,0.000283046,5795509,5798340
anglo,M,1960,Mathew,0.00108579,5798340,5809198
anglo,M,1960,Matiu,4.92865e-05,5809198,5809692
anglo,M,1960,Matthew,0.0117537,5809692,5927224
anglo,M,1960,Maurice,0.000136738,5927224,5928592
anglo,M,1960,Max,0.000593673,5928592,5934529
anglo,M,1960,Maxwell,1.86314e-05,5934529,5934716
anglo,M,1960,Mervyn,1.75482e-05,5934716,5934892
anglo,M,1960,Micah,5.63275e-06,5934892,5934949
anglo,M,1960,Michael,0.0456929,5934949,6391856
anglo,M,1960,Micheal,0.000360756,6391856,6395464
anglo,M,1960,Mikaere,0.000153059,6395464,6396995
anglo,M,1960,Mitchel,0.000103312,6396995,6398029
anglo,M,1960,Mitchell,0.000405583,6398029,6402086
anglo,M,1960,Mohamed,6.61206e-05,6402086,6402748
anglo,M,1960,Mohammad,0.000112305,6402748,6403872
anglo,M,1960,Mohammed,0.000532922,6403872,6409202
anglo,M,1960,Morgan,0.000110822,6409202,6410311
anglo,M,1960,Murray,0.00261013,6410311,6436412
anglo,M,1960,Myles,0.000247105,6436412,6438884
anglo,M,1960,Naoise,8.20727e-05,6438884,6439706
anglo,M,1960,Nate,5.19946e-06,6439706,6439759
anglo,M,1960,Nathan,0.00122245,6439759,6451984
anglo,M,1960,Nathaniel,0.000175459,6451984,6453739
anglo,M,1960,Neil,0.00531855,6453739,6506923
anglo,M,1960,Neville,0.00080612,6506923,6514985
anglo,M,1960,Niall,0.000135497,6514985,6516341
anglo,M,1960,Nicholas,0.00451889,6516341,6561529
anglo,M,1960,Nigel,0.00132707,6561529,6574800
anglo,M,1960,Nikau,0.000210361,6574800,6576904
anglo,M,1960,Niko,0.000105289,6576904,6577958
anglo,M,1960,Nikora,0.000191297,6577958,6579872
anglo,M,1960,Nixon,2.37225e-05,6579872,6580110
anglo,M,1960,Noah,0.000380319,6580110,6583914
anglo,M,1960,Noel,0.00131418,6583914,6597056
anglo,M,1960,Norman,0.00069092,6597056,6603966
anglo,M,1960,Odhran,0.000107113,6603966,6605038
anglo,M,1960,Oisin,0.000137183,6605038,6606411
anglo,M,1960,Oliver,0.000838785,6606411,6614799
anglo,M,1960,Omar,8.99462e-05,6614799,6615699
anglo,M,1960,Oran,9.02255e-05,6615699,6616602
anglo,M,1960,Oscar,0.000215236,6616602,6618755
anglo,M,1960,Owen,0.000234303,6618755,6621099
anglo,M,1960,Padraic,8.88515e-05,6621099,6621988
anglo,M,1960,Padraig,0.000155384,6621988,6623543
anglo,M,1960,Patrick,0.00455626,6623543,6669104
anglo,M,1960,Paul,0.0340274,6669104,7009362
anglo,M,1960,Pauric,0.000138927,7009362,7010752
anglo,M,1960,Peadar,9.87641e-05,7010752,7011741
anglo,M,1960,Pearce,7.11107e-05,7011741,7012453
anglo,M,1960,Pearse,8.164e-05,7012453,7013270
anglo,M,1960,Peter,0.0431766,7013270,7445015
anglo,M,1960,Philip,0.00629501,7445015,7507963
anglo,M,1960,Phillip,0.00865023,7507963,7594462
anglo,M,1960,Phoenix,9.554e-05,7594462,7595418
anglo,M,1960,Piaras,0.000165808,7595418,7597077
anglo,M,1960,Pierce,0.000129265,7597077,7598371
anglo,M,1960,Quentin,7.25758e-06,7598371,7598445
anglo,M,1960,Quinn,8.0375e-05,7598445,7599250
anglo,M,1960,Rawiri,0.000168224,7599250,7600933
anglo,M,1960,Raymond,0.0059694,7600933,7660625
anglo,M,1960,Reece,0.000157825,7660625,7662204
anglo,M,1960,Regan,0.000128037,7662204,7663485
anglo,M,1960,Reuben,0.000295088,7663485,7666437
anglo,M,1960,Rex,6.07687e-05,7666437,7667046
anglo,M,1960,Rhys,0.000181265,7667046,7668860
anglo,M,1960,Rian,6.69928e-05,7668860,7669531
anglo,M,1960,Richard,0.0138883,7669531,7808408
anglo,M,1960,Ricky,0.00209648,7808408,7829373
anglo,M,1960,Riley,0.00030016,7829373,7832375
anglo,M,1960,Robbie,6.37865e-05,7832375,7833014
anglo,M,1960,Robert,0.0283116,7833014,8116117
anglo,M,1960,Robin,0.000368318,8116117,8119801
anglo,M,1960,Rodney,0.0101923,8119801,8221720
anglo,M,1960,Roger,0.00226269,8221720,8244347
anglo,M,1960,Rohan,7.264e-05,8244347,8245074
anglo,M,1960,Roman,4.64702e-05,8245074,8245540
anglo,M,1960,Ronald,0.00461816,8245540,8291720
anglo,M,1960,Ronan,8.5283e-05,8291720,8292574
anglo,M,1960,Rory,9.32151e-05,8292574,8293507
anglo,M,1960,Ross,0.0047138,8293507,8340644
anglo,M,1960,Rowan,8.10022e-05,8340644,8341455
anglo,M,1960,Roy,7.63372e-05,8341455,8342219
anglo,M,1960,Ruairi,8.72742e-05,8342219,8343093
anglo,M,1960,Ruari,6.63667e-05,8343093,8343758
anglo,M,1960,Russell,0.00366033,8343758,8380360
anglo,M,1960,Ryan,0.00115743,8380360,8391935
anglo,M,1960,Ryder,7.87501e-05,8391935,8392723
anglo,M,1960,Sam,0.00033833,8392723,8396107
anglo,M,1960,Samuel,0.00175131,8396107,8413620
anglo,M,1960,Saul,7.47655e-05,8413620,8414369
anglo,M,1960,Scot,9.60139e-05,8414369,8415330
anglo,M,1960,Scott,0.01479,8415330,8563224
anglo,M,1960,Seamus,0.00011598,8563224,8564385
anglo,M,1960,Sean,0.00400068,8564385,8604391
anglo,M,1960,Sean-Paul,7.99681e-05,8604391,8605192
anglo,M,1960,Sebastian,0.00011168,8605192,8606310
anglo,M,1960,Seth,8.44912e-05,8606310,8607156
anglo,M,1960,Shane,0.00854388,8607156,8692591
anglo,M,1960,Shannon,0.000117204,8692591,8693764
anglo,M,1960,Shaun,0.00175387,8693764,8711303
anglo,M,1960,Shay,7.09624e-05,8711303,8712014
anglo,M,1960,Shayne,3.20633e-05,8712014,8712336
anglo,M,1960,Shea,0.000121209,8712336,8713549
anglo,M,1960,Simon,0.00592725,8713549,8772819
anglo,M,1960,Sione,1.78731e-05,8772819,8772999
anglo,M,1960,Spencer,5.63275e-06,8772999,8773056
anglo,M,1960,Stanley,0.000293661,8773056,8775993
anglo,M,1960,Stefan,9.50271e-05,8775993,8776944
anglo,M,1960,Stephen,0.0291416,8776944,9068347
anglo,M,1960,Steven,0.0165676,9068347,9234016
anglo,M,1960,Stewart,0.000769446,9234016,9241711
anglo,M,1960,Stuart,0.00629498,9241711,9304659
anglo,M,1960,Tai,8.58994e-05,9304659,9305519
anglo,M,1960,Taine,2.20977e-05,9305519,9305741
anglo,M,1960,Tama,0.000136161,9305741,9307104
anglo,M,1960,Tamati,0.000191297,9307104,9309018
anglo,M,1960,Tane,0.000183931,9309018,9310858
anglo,M,1960,Tangaroa,6.55348e-05,9310858,9311514
anglo,M,1960,Taylor,0.000352259,9311514,9315037
anglo,M,1960,Te Ariki,0.000154142,9315037,9316579
anglo,M,1960,Te Koha,5.81689e-05,9316579,9317162
anglo,M,1960,Terence,0.00128203,9317162,9329983
anglo,M,1960,Terrence,0.000974024,9329983,9339724
anglo,M,1960,Terry,0.00238439,9339724,9363568
anglo,M,1960,Theo,3.36882e-05,9363568,9363906
anglo,M,1960,Theodore,4.64702e-05,9363906,9364372
anglo,M,1960,Thomas,0.00497475,9364372,9414118
anglo,M,1960,Tiare,5.15613e-05,9414118,9414635
anglo,M,1960,Tiarnan,6.81606e-05,9414635,9415318
anglo,M,1960,Tiernan,7.39286e-05,9415318,9416058
anglo,M,1960,Timothy,0.00913811,9416058,9507435
anglo,M,1960,Tobias,9.43957e-05,9507435,9508380
anglo,M,1960,Toby,0.000596899,9508380,9514350
anglo,M,1960,Todd,0.00140688,9514350,9528419
anglo,M,1960,Tom,7.0607e-05,9528419,9529126
anglo,M,1960,Tomas,0.000109392,9529126,9530221
anglo,M,1960,Tony,0.00441259,9530221,9574346
anglo,M,1960,Travis,0.000119852,9574346,9575545
anglo,M,1960,Trent,5.67608e-05,9575545,9576114
anglo,M,1960,Trevor,0.0048032,9576114,9624145
anglo,M,1960,Tristan,8.38882e-05,9624145,9624985
anglo,M,1960,Troy,0.00230726,9624985,9648057
anglo,M,1960,Tyler,0.000483636,9648057,9652894
anglo,M,1960,Tyrone,0.000121369,9652894,9654109
anglo,M,1960,Tyson,5.7519e-05,9654109,9654685
anglo,M,1960,Unnamed,0.00168007,9654685,9671486
anglo,M,1960,Vaughan,3.48797e-05,9671486,9671836
anglo,M,1960,Victor,7.81923e-05,9671836,9672619
anglo,M,1960,Vincent,0.000310768,9672619,9675727
anglo,M,1960,Walter,6.17436e-06,9675727,9675790
anglo,M,1960,Warren,0.00591409,9675790,9734929
anglo,M,1960,Warwick,0.00067043,9734929,9741634
anglo,M,1960,Wayne,0.0147651,9741634,9889279
anglo,M,1960,William,0.00972151,9889279,9986490
anglo,M,1960,Wiremu,0.000208303,9986490,9988574
anglo,M,1960,Wyatt,6.28268e-06,9988574,9988638
anglo,M,1960,Xavier,0.000203537,9988638,9990674
anglo,M,1960,Zac,0.000130252,9990674,9991977
anglo,M,1960,Zach,7.78118e-05,9991977,9992756
anglo,M,1960,Zachary,0.000357844,9992756,9996335
anglo,M,1960,Zak,0.000260349,9996335,9998939
anglo,M,1960,Zane,8.24331e-05,9998939,9999764
anglo,M,1960,Zion,2.35059e-05,9999764,10000000
anglo,F,1960,Aaliyah,0.00014773,0,1478
anglo,F,1960,Abbey,5.67101e-06,1478,1536
anglo,F,1960,Abbi,6.85063e-05,1536,2222
anglo,F,1960,Abbie,9.40239e-05,2222,3163
anglo,F,1960,Abby,0.000132695,3163,4491
anglo,F,1960,Abigail,0.000362889,4491,8121
anglo,F,1960,Addison,7.6275e-05,8121,8885
anglo,F,1960,Adele,4.9702e-05,8885,9383
anglo,F,1960,Adrienne,8.86095e-05,9383,10270
anglo,F,1960,Aideen,4.67398e-05,10270,10738
anglo,F,1960,Aileen,9.13298e-05,10738,11652
anglo,F,1960,Ailis,5.75016e-05,11652,12228
anglo,F,1960,Aimee,0.000581694,12228,18046
anglo,F,1960,Aine,7.1033e-05,18046,18757
anglo,F,1960,Aisling,4.51973e-05,18757,19210
anglo,F,1960,Aislinn,4.56574e-05,19210,19668
anglo,F,1960,Alana,0.000223493,19668,21904
anglo,F,1960,Alanis,9.09615e-05,21904,22815
anglo,F,1960,Alanna,0.000158584,22815,24402
anglo,F,1960,Alannah,6.164e-05,24402,25019
anglo,F,1960,Aleisha,1.44611e-05,25019,25165
anglo,F,1960,Alex,0.000228918,25165,27455
anglo,F,1960,Alexandra,0.000705174,27455,34507
anglo,F,1960,Alexandria,0.000171068,34507,36219
anglo,F,1960,Alexis,0.000111861,36219,37339
anglo,F,1960,Alice,0.00140837,37339,51423
anglo,F,1960,Alicia,0.000175699,51423,53181
anglo,F,1960,Alisha,7.51134e-05,53181,53933
anglo,F,1960,Alison,0.00767604,53933,130689
anglo,F,1960,Alix,0.000113519,130689,131825
anglo,F,1960,Allison,0.00148873,131825,146712
anglo,F,1960,Alyssa,0.000146312,146712,148176
anglo,F,1960,Amaia,9.4564e-05,148176,149123
anglo,F,1960,Amanda,0.00942901,149123,243408
anglo,F,1960,Amber,0.000670068,243408,250109
anglo,F,1960,Amelia,0.000619867,250109,256308
anglo,F,1960,Amie,9.65093e-05,256308,257274
anglo,F,1960,Amy,0.00110733,257274,268348
anglo,F,1960,Amy-Lee,4.5028e-05,268348,268799
anglo,F,1960,Amy-Leigh,6.36724e-05,268799,269437
anglo,F,1960,Ana,0.000103496,269437,270473
anglo,F,1960,Anahera,0.000249524,270473,272969
anglo,F,1960,Anastasia,0.000248013,272969,275450
anglo,F,1960,Andrea,0.000769434,275450,283145
anglo,F,1960,Angel,9.85337e-05,283145,284131
anglo,F,1960,Angela,0.0082886,284131,367012
anglo,F,1960,Angelina,6.09633e-06,367012,367074
anglo,F,1960,Anika,0.000203022,367074,369105
anglo,F,1960,Anita,0.000445619,369105,373562
anglo,F,1960,Ann,0.00517136,373562,425273
anglo,F,1960,Anna,0.00602638,425273,485534
anglo,F,1960,Annabelle,6.47912e-05,485534,486183
anglo,F,1960,Annalise,4.97752e-05,486183,486682
anglo,F,1960,Anne,0.0103895,486682,590571
anglo,F,1960,Anne-Marie,5.28763e-05,590571,591101
anglo,F,1960,Annette,0.0075046,591101,666143
anglo,F,1960,Annie,5.34004e-05,666143,666678
anglo,F,1960,Antoinette,4.90555e-05,666678,667170
anglo,F,1960,Aoibheann,0.000112216,667170,668293
anglo,F,1960,Aoibhin,4.59513e-05,668293,668753
anglo,F,1960,Aoibhinn,0.00039301,668753,672684
anglo,F,1960,Aoife,5.17049e-05,672684,673202
anglo,F,1960,April,5.74707e-05,673202,673778
anglo,F,1960,Arabella,5.95456e-06,673778,673839
anglo,F,1960,Aria,0.000277879,673839,676619
anglo,F,1960,Ariana,0.000245129,676619,679071
anglo,F,1960,Arianne,7.40352e-05,679071,679812
anglo,F,1960,Aroha,0.000254628,679812,682359
anglo,F,1960,Ashlee,6.57837e-05,682359,683018
anglo,F,1960,Ashleigh,0.000497282,683018,687991
anglo,F,1960,Ashlene,9.17021e-05,687991,688909
anglo,F,1960,Ashley,0.00039907,688909,692900
anglo,F,1960,Ashling,0.000272046,692900,695621
anglo,F,1960,Ashton,5.16238e-05,695621,696138
anglo,F,1960,Ataahua,0.000124195,696138,697381
anglo,F,1960,Aurora,3.55856e-05,697381,697738
anglo,F,1960,Ava,0.000352595,697738,701265
anglo,F,1960,Awhina,8.26549e-05,701265,702092
anglo,F,1960,Ayesha,5.76096e-05,702092,702669
anglo,F,1960,Ayla,8.67664e-05,702669,703538
anglo,F,1960,Bailey,2.12663e-05,703538,703752
anglo,F,1960,Barbara,0.00429416,703752,746692
anglo,F,1960,Belinda,0.00654539,746692,812142
anglo,F,1960,Bella,0.000175518,812142,813898
anglo,F,1960,Bernadette,0.00137261,813898,827624
anglo,F,1960,Beth,8.09399e-05,827624,828434
anglo,F,1960,Bethan,9.02367e-05,828434,829337
anglo,F,1960,Bethany,7.16074e-05,829337,830054
anglo,F,1960,Beverley,0.000491378,830054,834968
anglo,F,1960,Billie,6.37988e-06,834968,835033
anglo,F,1960,Billie-Jo,6.32517e-05,835033,835666
anglo,F,1960,Blanaid,8.619e-05,835666,836529
anglo,F,1960,Brenda,0.00131464,836529,849676
anglo,F,1960,Briana,6.94698e-06,849676,849746
anglo,F,1960,Brianna,0.000104914,849746,850796
anglo,F,1960,Bridget,0.0002284,850796,853081
anglo,F,1960,Brigid,7.60067e-05,853081,853842
anglo,F,1960,Britney,9.07361e-06,853842,853934
anglo,F,1960,Brittany,0.000226569,853934,856201
anglo,F,1960,Brogan,8.98801e-05,856201,857101
anglo,F,1960,Bronach,0.00012562,857101,858358
anglo,F,1960,Bronagh,5.0296e-05,858358,858862
anglo,F,1960,Bronwyn,0.00470337,858862,905893
anglo,F,1960,Brooke,0.000563304,905893,911527
anglo,F,1960,Brooklyn,0.000162171,911527,913150
anglo,F,1960,Bryony,7.71642e-05,913150,913923
anglo,F,1960,Cailin,9.24589e-05,913923,914849
anglo,F,1960,Caitlin,0.000532088,914849,920171
anglo,F,1960,Caitlyn,0.00013819,920171,921554
anglo,F,1960,Caitriona,5.0677e-05,921554,922062
anglo,F,1960,Caoilfhionn,4.8568e-05,922062,922549
anglo,F,1960,Caoimhe,9.56615e-05,922549,923507
anglo,F,1960,Cara,5.30495e-05,923507,924038
anglo,F,1960,Caragh,5.52527e-05,924038,924591
anglo,F,1960,Carla,0.000100853,924591,925600
anglo,F,1960,Carly,9.5245e-05,925600,926553
anglo,F,1960,Carmel,0.000331128,926553,929865
anglo,F,1960,Carmen,3.30336e-05,929865,930196
anglo,F,1960,Carol,0.00543179,930196,984511
anglo,F,1960,Carole,6.99202e-05,984511,985211
anglo,F,1960,Caroline,0.00300085,985211,1015218
anglo,F,1960,Carolyn,0.00747409,1015218,1089955
anglo,F,1960,Carrie,4.89851e-05,1089955,1090446
anglo,F,1960,Casey,0.000201899,1090446,1092466
anglo,F,1960,Cassandra,0.000401964,1092466,1096486
anglo,F,1960,Cassie,0.000213299,1096486,1098620
anglo,F,1960,Catherine,0.0185141,1098620,1283749
anglo,F,1960,Cathy,0.0011,1283749,1294749
anglo,F,1960,Catriona,4.42059e-05,1294749,1295192
anglo,F,1960,Ceara,4.80263e-05,1295192,1295673
anglo,F,1960,Celine,0.000173072,1295673,1297405
anglo,F,1960,Chantel,5.88355e-05,1297405,1297994
anglo,F,1960,Chantelle,5.79434e-05,1297994,1298574
anglo,F,1960,Charis,8.91779e-05,1298574,1299467
anglo,F,1960,Charlene,5.11446e-05,1299467,1299979
anglo,F,1960,Charlie,0.000151174,1299979,1301492
anglo,F,1960,Charlotte,0.00114403,1301492,1312932
anglo,F,1960,Chelsea,0.000330433,1312932,1316237
anglo,F,1960,Chelsey,6.1901e-05,1316237,1316857
anglo,F,1960,Cherie,0.000206592,1316857,1318924
anglo,F,1960,Cherith,0.000312981,1318924,1322055
anglo,F,1960,Cheryl,0.00846868,1322055,1406737
anglo,F,1960,Cheyenne,4.89124e-05,1406737,1407227
anglo,F,1960,Chloe,0.000716456,1407227,1414392
anglo,F,1960,Christina,0.0011989,1414392,1426381
anglo,F,1960,Christine,0.0146022,1426381,1572394
anglo,F,1960,Ciara,8.84901e-05,1572394,1573280
anglo,F,1960,Ciarrai,0.000209821,1573280,1575379
anglo,F,1960,Cindy,0.000871273,1575379,1584092
anglo,F,1960,Claire,0.000519022,1584092,1589283
anglo,F,1960,Clara,8.25084e-05,1589283,1590109
anglo,F,1960,Clare,6.18273e-05,1590109,1590728
anglo,F,1960,Clarissa,0.000191729,1590728,1592646
anglo,F,1960,Claudia,0.000159356,1592646,1594240
anglo,F,1960,Cliodhna,0.000360674,1594240,1597847
anglo,F,1960,Cliona,0.000124761,1597847,1599096
anglo,F,1960,Clodagh,5.6043e-05,1599096,1599657
anglo,F,1960,Codie,8.95271e-05,1599657,1600553
anglo,F,1960,Colleen,0.00269302,1600553,1627482
anglo,F,1960,Collette,6.02552e-05,1627482,1628086
anglo,F,1960,Connie,4.8363e-05,1628086,1628571
anglo,F,1960,Constance,8.74845e-05,1628571,1629447
anglo,F,1960,Cora,4.40463e-05,1629447,1629888
anglo,F,1960,Corinne,8.46416e-05,1629888,1630735
anglo,F,1960,Corrie,8.68308e-05,1630735,1631604
anglo,F,1960,Cortney,7.23928e-05,1631604,1632329
anglo,F,1960,Courteney,5.22818e-05,1632329,1632853
anglo,F,1960,Courtney,0.000594237,1632853,1638796
anglo,F,1960,Crystal,0.00011739,1638796,1639971
anglo,F,1960,Daire,0.000525915,1639971,1645231
anglo,F,1960,Dairine,4.69269e-05,1645231,1645701
anglo,F,1960,Daisy,2.79297e-05,1645701,1645981
anglo,F,1960,Dana,0.000167237,1645981,1647654
anglo,F,1960,Danielle,0.00191995,1647654,1666853
anglo,F,1960,Dara,9.05972e-05,1666853,1667760
anglo,F,1960,Darcy,4.63108e-05,1667760,1668224
anglo,F,1960,Darragh,6.12539e-05,1668224,1668837
anglo,F,1960,Dawn,5.41012e-05,1668837,1669379
anglo,F,1960,Dayna,8.40427e-05,1669379,1670220
anglo,F,1960,Dearbhail,6.38143e-05,1670220,1670859
anglo,F,1960,Dearbhaile,5.89504e-05,1670859,1671449
anglo,F,1960,Dearbhla,7.53341e-05,1671449,1672203
anglo,F,1960,Debbie,0.00679686,1672203,1740168
anglo,F,1960,Deborah,0.0180364,1740168,1920520
anglo,F,1960,Debra,0.00981505,1920520,2018665
anglo,F,1960,Deirbhile,4.43132e-05,2018665,2019109
anglo,F,1960,Demi,0.000109727,2019109,2020207
anglo,F,1960,Demi-Lee,6.49808e-05,2020207,2020858
anglo,F,1960,Demi-Leigh,8.71561e-05,2020858,2021730
anglo,F,1960,Denise,0.00523956,2021730,2074123
anglo,F,1960,Dervla,0.000194455,2074123,2076068
anglo,F,1960,Destiny,2.69373e-05,2076068,2076338
anglo,F,1960,Diana,0.00262596,2076338,2102597
anglo,F,1960,Diane,0.00642599,2102597,2166853
anglo,F,1960,Dianne,0.00646946,2166853,2231544
anglo,F,1960,Dionne,0.000155443,2231544,2233099
anglo,F,1960,Donna,0.0209318,2233099,2442403
anglo,F,1960,Dorothy,9.4501e-05,2442403,2443349
anglo,F,1960,Eadaoin,6.08743e-05,2443349,2443959
anglo,F,1960,Ebony,5.17863e-05,2443959,2444478
anglo,F,1960,Edel,5.7394e-05,2444478,2445053
anglo,F,1960,Eden,0.000273133,2445053,2447785
anglo,F,1960,Eileen,5.36677e-05,2447785,2448323
anglo,F,1960,Eilis,5.6144e-05,2448323,2448885
anglo,F,1960,Eilish,0.000138495,2448885,2450271
anglo,F,1960,Eimear,6.74947e-05,2450271,2450947
anglo,F,1960,Eimer,4.86368e-05,2450947,2451434
anglo,F,1960,Eimhear,0.000110336,2451434,2452538
anglo,F,1960,Elaine,0.00018051,2452538,2454344
anglo,F,1960,Eleanor,8.68071e-05,2454344,2455213
anglo,F,1960,Elise,5.62892e-05,2455213,2455777
anglo,F,1960,Elisha,7.57807e-05,2455777,2456536
anglo,F,1960,Elizabeth,0.0165456,2456536,2621981
anglo,F,1960,Ella,0.000796135,2621981,2629943
anglo,F,1960,Ellen,0.000130443,2629943,2631248
anglo,F,1960,Ellie,0.000300762,2631248,2634256
anglo,F,1960,Eloise,5.25344e-05,2634256,2634782
anglo,F,1960,Elsie,1.37522e-05,2634782,2634921
anglo,F,1960,Emer,9.20784e-05,2634921,2635843
anglo,F,1960,Emilia,2.05574e-05,2635843,2636050
anglo,F,1960,Emilie,0.000153934,2636050,2637590
anglo,F,1960,Emily,0.00122412,2637590,2649831
anglo,F,1960,Emma,0.00221736,2649831,2672004
anglo,F,1960,Emma-Louise,0.000105162,2672004,2673057
anglo,F,1960,Enya,8.49454e-05,2673057,2673907
anglo,F,1960,Erica,0.000102053,2673907,2674928
anglo,F,1960,Erika,0.000161899,2674928,2676548
anglo,F,1960,Erin,0.000516869,2676548,2681717
anglo,F,1960,Eryn,5.38479e-05,2681717,2682256
anglo,F,1960,Esther,7.58673e-05,2682256,2683016
anglo,F,1960,Eva,0.000296331,2683016,2685980
anglo,F,1960,Eve,5.48686e-05,2685980,2686530
anglo,F,1960,Evelyn,0.000151918,2686530,2688050
anglo,F,1960,Evie,0.000123941,2688050,2689290
anglo,F,1960,Fainche,7.48944e-05,2689290,2690040
anglo,F,1960,Faith,0.000151835,2690040,2691559
anglo,F,1960,Faye,4.54834e-05,2691559,2692015
anglo,F,1960,Fiona,0.0101337,2692015,2793346
anglo,F,1960,Fionnuala,7.25928e-05,2793346,2794073
anglo,F,1960,Florence,4.12566e-05,2794073,2794487
anglo,F,1960,Frances,0.00221873,2794487,2816674
anglo,F,1960,Francesca,6.95594e-05,2816674,2817371
anglo,F,1960,Frankie,2.76462e-05,2817371,2817648
anglo,F,1960,Freya,7.46906e-05,2817648,2818396
anglo,F,1960,Gabriella,1.33269e-05,2818396,2818530
anglo,F,1960,Gabrielle,0.000201063,2818530,2820541
anglo,F,1960,Gail,0.00316235,2820541,2852163
anglo,F,1960,Gaylene,1.16256e-05,2852163,2852280
anglo,F,1960,Gemma,0.00050386,2852280,2857319
anglo,F,1960,Georgia,0.000996016,2857319,2867279
anglo,F,1960,Georgina,0.0001583,2867279,2868863
anglo,F,1960,Geraldine,6.39571e-05,2868863,2869504
anglo,F,1960,Gillian,0.000300882,2869504,2872514
anglo,F,1960,Gina,9.01101e-05,2872514,2873416
anglo,F,1960,Glenda,0.00065675,2873416,2879984
anglo,F,1960,Glenys,5.81278e-05,2879984,2880566
anglo,F,1960,Gloria,1.80054e-05,2880566,2880747
anglo,F,1960,Grace,0.000902187,2880747,2889769
anglo,F,1960,Grainne,0.000145634,2889769,2891226
anglo,F,1960,Haley,9.21877e-05,2891226,2892149
anglo,F,1960,Hana,7.59915e-05,2892149,2892910
anglo,F,1960,Hannah,0.00144007,2892910,2907311
anglo,F,1960,Harmony,4.25325e-05,2907311,2907737
anglo,F,1960,Harper,0.000168145,2907737,2909419
anglo,F,1960,Harriet,7.90413e-05,2909419,2910210
anglo,F,1960,Hayleigh,0.00010107,2910210,2911222
anglo,F,1960,Hayley,0.000746568,2911222,2918688
anglo,F,1960,Hazel,0.000166868,2918688,2920358
anglo,F,1960,Heather,0.00416088,2920358,2961965
anglo,F,1960,Heidi,9.78739e-05,2961965,2962945
anglo,F,1960,Helen,0.0138601,2962945,3101538
anglo,F,1960,Helena,5.77183e-05,3101538,3102116
anglo,F,1960,Hilary,5.84943e-05,3102116,3102702
anglo,F,1960,Hinewai,7.59915e-05,3102702,3103463
anglo,F,1960,Hollie,4.87753e-05,3103463,3103952
anglo,F,1960,Holly,0.000677406,3103952,3110727
anglo,F,1960,Hope,2.01321e-05,3110727,3110929
anglo,F,1960,Huia,7.48573e-05,3110929,3111679
anglo,F,1960,Imogen,4.15401e-05,3111679,3112095
anglo,F,1960,Indi,5.95456e-06,3112095,3112156
anglo,F,1960,India,0.000179484,3112156,3113952
anglo,F,1960,Indie,7.00369e-05,3113952,3114653
anglo,F,1960,Iona,9.60829e-05,3114653,3115615
anglo,F,1960,Irene,9.18696e-05,3115615,3116535
anglo,F,1960,Isabel,7.07458e-05,3116535,3117243
anglo,F,1960,Isabella,0.000603537,3117243,3123279
anglo,F,1960,Isabelle,0.000167578,3123279,3124956
anglo,F,1960,Isla,0.000318427,3124956,3128141
anglo,F,1960,Isobel,1.20509e-05,3128141,3128262
anglo,F,1960,Ivy,8.18043e-05,3128262,3129081
anglo,F,1960,Jacqueline,0.0090469,3129081,3219545
anglo,F,1960,Jade,0.000565314,3219545,3225199
anglo,F,1960,Jaime,8.64828e-06,3225199,3225286
anglo,F,1960,Jamie,0.00031476,3225286,3228434
anglo,F,1960,Jamie-Lee,0.00013732,3228434,3229808
anglo,F,1960,Jamie-Leigh,6.22981e-05,3229808,3230432
anglo,F,1960,Jan,0.00077219,3230432,3238154
anglo,F,1960,Jana,4.55992e-05,3238154,3238611
anglo,F,1960,Jane,0.00936454,3238611,3332251
anglo,F,1960,Janelle,0.00508369,3332251,3383085
anglo,F,1960,Janet,0.00298883,3383085,3412972
anglo,F,1960,Janette,0.000862669,3412972,3421599
anglo,F,1960,Janice,0.00125159,3421599,3434115
anglo,F,1960,Janine,0.0038314,3434115,3472427
anglo,F,1960,Jasmin,8.3455e-05,3472427,3473262
anglo,F,1960,Jasmine,0.000581291,3473262,3479076
anglo,F,1960,Jayde,4.99225e-05,3479076,3479576
anglo,F,1960,Jayne,0.000149631,3479576,3481073
anglo,F,1960,Jean,0.000131351,3481073,3482387
anglo,F,1960,Jeanette,0.00128312,3482387,3495218
anglo,F,1960,Jemma,0.000130909,3495218,3496528
anglo,F,1960,Jena,0.00013843,3496528,3497913
anglo,F,1960,Jenna,0.000280991,3497913,3500724
anglo,F,1960,Jenni,0.000197287,3500724,3502698
anglo,F,1960,Jennifer,0.0275761,3502698,3778441
anglo,F,1960,Jenny,0.000857326,3778441,3787015
anglo,F,1960,Jessica,0.00191576,3787015,3806172
anglo,F,1960,Jessie,0.000159213,3806172,3807765
anglo,F,1960,Jill,0.000109257,3807765,3808858
anglo,F,1960,Jillian,0.000222729,3808858,3811086
anglo,F,1960,Jo-Anne,0.00116775,3811086,3822764
anglo,F,1960,Joan,8.53938e-05,3822764,3823619
anglo,F,1960,Joanna,0.000435282,3823619,3827973
anglo,F,1960,Joanne,0.0187666,3827973,4015627
anglo,F,1960,Jocelyn,7.89687e-05,4015627,4016418
anglo,F,1960,Jodi,0.00053679,4016418,4021787
anglo,F,1960,Jodie,0.00338593,4021787,4055645
anglo,F,1960,Jody,5.47737e-05,4055645,4056194
anglo,F,1960,Johanna,8.23118e-05,4056194,4057018
anglo,F,1960,Jolene,9.55993e-05,4057018,4057975
anglo,F,1960,Jordan,0.00016924,4057975,4059668
anglo,F,1960,Jorja,6.46495e-05,4059668,4060315
anglo,F,1960,Josephine,0.000188192,4060315,4062198
anglo,F,1960,Joy,0.000131476,4062198,4063514
anglo,F,1960,Joyce,7.96273e-05,4063514,4064311
anglo,F,1960,Judith,0.0071889,4064311,4136196
anglo,F,1960,Julia,0.000365974,4136196,4139856
anglo,F,1960,Julie,0.0230766,4139856,4370607
anglo,F,1960,Julie-Anne,6.733e-05,4370607,4371281
anglo,F,1960,June,6.81647e-05,4371281,4371964
anglo,F,1960,Justine,0.000675048,4371964,4378715
anglo,F,1960,Kahurangi,0.000103496,4378715,4379751
anglo,F,1960,Kaia,0.000223438,4379751,4381986
anglo,F,1960,Kaitlin,5.71341e-05,4381986,4382558
anglo,F,1960,Kaitlyn,0.000148575,4382558,4384045
anglo,F,1960,Kara,9.73775e-05,4384045,4385020
anglo,F,1960,Karen,0.0337503,4385020,4722501
anglo,F,1960,Karla,7.9076e-05,4722501,4723293
anglo,F,1960,Karley,0.000121478,4723293,4724509
anglo,F,1960,Karyn,6.08215e-05,4724509,4725118
anglo,F,1960,Kate,0.000876504,4725118,4733883
anglo,F,1960,Katelyn,0.00014086,4733883,4735293
anglo,F,1960,Katharine,6.03777e-05,4735293,4735898
anglo,F,1960,Katherine,0.00539412,4735898,4789836
anglo,F,1960,Kathleen,0.0068841,4789836,4858673
anglo,F,1960,Kathryn,0.00928478,4858673,4951515
anglo,F,1960,Kathy,4.68019e-05,4951515,4951984
anglo,F,1960,Katie,0.000548103,4951984,4957466
anglo,F,1960,Katie-Louise,4.91262e-05,4957466,4957958
anglo,F,1960,Katrina,0.00402158,4957958,4998172
anglo,F,1960,Katy,5.19501e-05,4998172,4998692
anglo,F,1960,Kay,0.00128968,4998692,5011589
anglo,F,1960,Kaye,3.2183e-05,5011589,5011912
anglo,F,1960,Kayla,0.000397821,5011912,5015891
anglo,F,1960,Kayleigh,8.28781e-05,5015891,5016721
anglo,F,1960,Keely,0.000165406,5016721,5018376
anglo,F,1960,Keeva,0.00018657,5018376,5020243
anglo,F,1960,Keira,0.000107607,5020243,5021320
anglo,F,1960,Kellie,0.00103187,5021320,5031639
anglo,F,1960,Kelly,0.00323992,5031639,5064037
anglo,F,1960,Kelly-Anne,4.64933e-05,5064037,5064503
anglo,F,1960,Kelly-Marie,5.66559e-05,5064503,5065071
anglo,F,1960,Kelsey,0.000159842,5065071,5066670
anglo,F,1960,Keri,7.12231e-05,5066670,5067383
anglo,F,1960,Kerri,5.23657e-05,5067383,5067908
anglo,F,1960,Kerrie,0.00724485,5067908,5140353
anglo,F,1960,Kerry,0.00813915,5140353,5221740
anglo,F,1960,Khloe,1.3894e-05,5221740,5221880
anglo,F,1960,Kiera,5.09875e-05,5221880,5222391
anglo,F,1960,Kim,0.0192685,5222391,5415064
anglo,F,1960,Kimberley,0.000353882,5415064,5418604
anglo,F,1960,Kimberly,4.58921e-05,5418604,5419064
anglo,F,1960,Kira,5.08316e-05,5419064,5419573
anglo,F,1960,Kirby,0.000143123,5419573,5421005
anglo,F,1960,Kiri,1.84308e-05,5421005,5421190
anglo,F,1960,Kirsten,0.0005023,5421190,5426214
anglo,F,1960,Kirstie,0.00011992,5426214,5427414
anglo,F,1960,Kirstin,6.70037e-05,5427414,5428085
anglo,F,1960,Kirsty,0.000528638,5428085,5433372
anglo,F,1960,Kora,0.000124479,5433372,5434618
anglo,F,1960,Kori,0.000133105,5434618,5435950
anglo,F,1960,Kristin,4.58331e-05,5435950,5436409
anglo,F,1960,Kristina,4.57157e-05,5436409,5436867
anglo,F,1960,Kristy,2.43853e-05,5436867,5437112
anglo,F,1960,Krystal,9.21538e-05,5437112,5438034
anglo,F,1960,Kyla,5.81278e-06,5438034,5438093
anglo,F,1960,Kylie,0.00392887,5438093,5477380
anglo,F,1960,Lana,6.31131e-05,5477380,5478012
anglo,F,1960,Laoise,5.31366e-05,5478012,5478544
anglo,F,1960,Lara,0.000116959,5478544,5479715
anglo,F,1960,Laura,0.000719885,5479715,5486914
anglo,F,1960,Lauren,0.000538775,5486914,5492302
anglo,F,1960,Laurie,4.76959e-05,5492302,5492780
anglo,F,1960,Layla,7.59915e-05,5492780,5493541
anglo,F,1960,Leah,0.000582959,5493541,5499371
anglo,F,1960,Leanne,0.0182166,5499371,5681526
anglo,F,1960,Lee,0.00135117,5681526,5695038
anglo,F,1960,Leigh,5.7287e-05,5695038,5695612
anglo,F,1960,Leona,7.21943e-05,5695612,5696335
anglo,F,1960,Leonie,0.00434722,5696335,5739805
anglo,F,1960,Lesley,0.0021807,5739805,5761612
anglo,F,1960,Libby,6.80521e-06,5761612,5761681
anglo,F,1960,Lilly,0.000115263,5761681,5762835
anglo,F,1960,Lily,0.000502735,5762835,5767863
anglo,F,1960,Linda,0.0149119,5767863,5916973
anglo,F,1960,Lindsay,6.43905e-05,5916973,5917618
anglo,F,1960,Lindsey,7.14145e-05,5917618,5918333
anglo,F,1960,Lisa,0.0207276,5918333,6125596
anglo,F,1960,Lisa-Marie,6.25666e-05,6125596,6126223
anglo,F,1960,Lois,0.000102945,6126223,6127253
anglo,F,1960,Lola,4.86289e-05,6127253,6127740
anglo,F,1960,Lorna,5.06002e-05,6127740,6128247
anglo,F,1960,Lorraine,0.00229728,6128247,6151219
anglo,F,1960,Louise,0.0106874,6151219,6258086
anglo,F,1960,Lucia,0.000136379,6258086,6259451
anglo,F,1960,Lucinda,0.00022473,6259451,6261699
anglo,F,1960,Lucy,0.00078596,6261699,6269559
anglo,F,1960,Luna,7.51408e-06,6269559,6269635
anglo,F,1960,Lydia,9.22995e-05,6269635,6270559
anglo,F,1960,Lynda,0.00238674,6270559,6294426
anglo,F,1960,Lyndsay,0.000181765,6294426,6296245
anglo,F,1960,Lyndsey,0.000412345,6296245,6300369
anglo,F,1960,Lynette,0.00829049,6300369,6383269
anglo,F,1960,Lynley,3.23247e-05,6383269,6383593
anglo,F,1960,Lynn,7.95113e-05,6383593,6384389
anglo,F,1960,Lynne,0.00187101,6384389,6403099
anglo,F,1960,Lynnette,1.7013e-05,6403099,6403270
anglo,F,1960,Lynsey,6.63635e-05,6403270,6403935
anglo,F,1960,MacKenzie,9.49893e-06,6403935,6404031
anglo,F,1960,Mackenzie,0.000147304,6404031,6405505
anglo,F,1960,Maddison,0.000261717,6405505,6408123
anglo,F,1960,Madeleine,0.000110585,6408123,6409230
anglo,F,1960,Madeline,2.60866e-05,6409230,6409492
anglo,F,1960,Madison,0.000525228,6409492,6414745
anglo,F,1960,Maeve,7.06568e-05,6414745,6415453
anglo,F,1960,Mahi,7.8827e-05,6415453,6416242
anglo,F,1960,Maia,0.000277879,6416242,6419022
anglo,F,1960,Mairead,6.54331e-05,6419022,6419677
anglo,F,1960,Manaia,0.000129299,6419677,6420971
anglo,F,1960,Mandy,5.32241e-05,6420971,6421504
anglo,F,1960,Maraea,9.96679e-05,6421504,6422502
anglo,F,1960,Maree,0.00487361,6422502,6471236
anglo,F,1960,Mareikura,0.000134403,6471236,6472581
anglo,F,1960,Margaret,0.0109967,6472581,6582542
anglo,F,1960,Maria,0.0127936,6582542,6710470
anglo,F,1960,Marian,7.44004e-05,6710470,6711215
anglo,F,1960,Marie,0.000909665,6711215,6720312
anglo,F,1960,Marie-Claire,7.36153e-05,6720312,6721049
anglo,F,1960,Marilyn,0.000123599,6721049,6722286
anglo,F,1960,Marion,0.000355952,6722286,6725846
anglo,F,1960,Martha,0.000460012,6725846,6730447
anglo,F,1960,Martina,7.76405e-05,6730447,6731224
anglo,F,1960,Mary,0.00942495,6731224,6825468
anglo,F,1960,Matilda,8.08118e-05,6825468,6826277
anglo,F,1960,Maura,5.21152e-05,6826277,6826799
anglo,F,1960,Maureen,0.00118078,6826799,6838607
anglo,F,1960,Maya,6.12469e-05,6838607,6839220
anglo,F,1960,Meabh,7.04707e-05,6839220,6839926
anglo,F,1960,Meaghan,0.000797138,6839926,6847898
anglo,F,1960,Meg,5.27903e-05,6847898,6848427
anglo,F,1960,Megan,0.00516553,6848427,6900080
anglo,F,1960,Meghan,4.73072e-05,6900080,6900554
anglo,F,1960,Meibh,4.75005e-05,6900554,6901030
anglo,F,1960,Melanie,0.000695086,6901030,6907981
anglo,F,1960,Melinda,0.00237524,6907981,6931733
anglo,F,1960,Melissa,0.00720853,6931733,7003814
anglo,F,1960,Mereana,9.03108e-05,7003814,7004718
anglo,F,1960,Mia,0.000431742,7004718,7009036
anglo,F,1960,Michaela,0.000192233,7009036,7010959
anglo,F,1960,Micheala,0.000148267,7010959,7012443
anglo,F,1960,Michele,0.0047113,7012443,7059554
anglo,F,1960,Michelle,0.0273205,7059554,7332741
anglo,F,1960,Mikaela,6.80521e-06,7332741,7332810
anglo,F,1960,Mikayla,0.000211528,7332810,7334926
anglo,F,1960,Mila,0.000161482,7334926,7336542
anglo,F,1960,Millie,0.000100802,7336542,7337551
anglo,F,1960,Miriam,5.9534e-05,7337551,7338147
anglo,F,1960,Miriama,8.70499e-05,7338147,7339018
anglo,F,1960,Mollie,4.7116e-05,7339018,7339490
anglo,F,1960,Molly,0.0003001,7339490,7342492
anglo,F,1960,Monica,7.93941e-06,7342492,7342572
anglo,F,1960,Monique,0.00026356,7342572,7345208
anglo,F,1960,Morgan,0.000154425,7345208,7346753
anglo,F,1960,Mya,4.99048e-05,7346753,7347253
anglo,F,1960,Nadia,0.00120824,7347253,7359336
anglo,F,1960,Nadine,0.00020199,7359336,7361357
anglo,F,1960,Naoimh,4.44212e-05,7361357,7361802
anglo,F,1960,Naoise,0.000139565,7361802,7363199
anglo,F,1960,Naomh,7.86172e-05,7363199,7363986
anglo,F,1960,Naomi,0.000118069,7363986,7365168
anglo,F,1960,Narelle,0.00538633,7365168,7419029
anglo,F,1960,Natalie,0.00361536,7419029,7455181
anglo,F,1960,Natasha,0.000862812,7455181,7463810
anglo,F,1960,Nevaeh,9.54147e-05,7463810,7464765
anglo,F,1960,Ngaire,1.64459e-05,7464765,7464930
anglo,F,1960,Nia,9.4564e-05,7464930,7465877
anglo,F,1960,Niamh,0.000103888,7465877,7466917
anglo,F,1960,Nichola,6.2702e-05,7466917,7467545
anglo,F,1960,Nichole,6.86789e-05,7467545,7468233
anglo,F,1960,Nicola,0.00152815,7468233,7483514
anglo,F,1960,Nicole,0.00688282,7483514,7552338
anglo,F,1960,Nikita,0.000233647,7552338,7554675
anglo,F,1960,Nikki,0.000152446,7554675,7556200
anglo,F,1960,Nina,0.000102578,7556200,7557227
anglo,F,1960,Nora,4.39407e-05,7557227,7557667
anglo,F,1960,Nuala,4.48603e-05,7557667,7558117
anglo,F,1960,Olive,7.44319e-05,7558117,7558862
anglo,F,1960,Olivia,0.00132309,7558862,7572093
anglo,F,1960,Oonagh,0.000134126,7572093,7573435
anglo,F,1960,Orfhlaith,0.000123918,7573435,7574675
anglo,F,1960,Orla,0.000697248,7574675,7581648
anglo,F,1960,Orlagh,6.57394e-05,7581648,7582306
anglo,F,1960,Orlaigh,0.000135168,7582306,7583659
anglo,F,1960,Orlaith,0.000346975,7583659,7587130
anglo,F,1960,Padraigin,5.58426e-05,7587130,7587689
anglo,F,1960,Paige,0.000584126,7587689,7593531
anglo,F,1960,Pamela,0.00253629,7593531,7618893
anglo,F,1960,Paris,7.81181e-05,7618893,7619675
anglo,F,1960,Patrice,4.8431e-05,7619675,7620160
anglo,F,1960,Patricia,0.00944856,7620160,7714640
anglo,F,1960,Paula,0.00274013,7714640,7742040
anglo,F,1960,Pauline,0.00255425,7742040,7767582
anglo,F,1960,Payton,6.23811e-06,7767582,7767645
anglo,F,1960,Penelope,0.00125719,7767645,7780217
anglo,F,1960,Peyton,8.80424e-05,7780217,7781098
anglo,F,1960,Philippa,0.000192672,7781098,7783026
anglo,F,1960,Phoebe,0.000248354,7783026,7785510
anglo,F,1960,Piper,8.22296e-05,7785510,7786333
anglo,F,1960,Pippa,5.89785e-05,7786333,7786924
anglo,F,1960,Polly,4.73714e-05,7786924,7787399
anglo,F,1960,Poppy,0.000119375,7787399,7788594
anglo,F,1960,Quinn,3.01981e-05,7788594,7788897
anglo,F,1960,Rachael,0.00055521,7788897,7794450
anglo,F,1960,Rachel,0.00239574,7794450,7818407
anglo,F,1960,Rachelle,5.73012e-05,7818407,7818981
anglo,F,1960,Raewyn,0.000430855,7818981,7823290
anglo,F,1960,Rebecca,0.00356701,7823290,7858959
anglo,F,1960,Rebekah,0.000236086,7858959,7861321
anglo,F,1960,Regan,8.01454e-05,7861321,7862123
anglo,F,1960,Renee,0.000480192,7862123,7866926
anglo,F,1960,Rhian,7.78817e-05,7866926,7867706
anglo,F,1960,Rhianna,4.36797e-05,7867706,7868144
anglo,F,1960,Rhianne,5.24499e-05,7868144,7868669
anglo,F,1960,Rhiannon,0.000242846,7868669,7871098
anglo,F,1960,Rhonda,0.00431969,7871098,7914293
anglo,F,1960,Ria,9.96679e-05,7914293,7915291
anglo,F,1960,Riley,9.584e-05,7915291,7916250
anglo,F,1960,Rita,7.08442e-05,7916250,7916959
anglo,F,1960,Roberta,8.31652e-05,7916959,7917792
anglo,F,1960,Robyn,0.0125564,7917792,8043348
anglo,F,1960,Rochelle,0.000295743,8043348,8046306
anglo,F,1960,Roise,8.88322e-05,8046306,8047195
anglo,F,1960,Roisin,4.71795e-05,8047195,8047668
anglo,F,1960,Rose,0.000277698,8047668,8050446
anglo,F,1960,Roseanna,4.35764e-05,8050446,8050883
anglo,F,1960,Rosemary,0.00251636,8050883,8076046
anglo,F,1960,Rosie,7.55565e-05,8076046,8076803
anglo,F,1960,Roslyn,0.0028827,8076803,8105629
anglo,F,1960,Ruby,0.00061417,8105629,8111771
anglo,F,1960,Ruth,0.0030573,8111771,8142343
anglo,F,1960,Sabrina,5.65525e-05,8142343,8142909
anglo,F,1960,Sacha,0.000100588,8142909,8143916
anglo,F,1960,Sadie,2.1408e-05,8143916,8144131
anglo,F,1960,Sally,0.00426046,8144131,8186734
anglo,F,1960,Samantha,0.00324279,8186734,8219161
anglo,F,1960,Sandra,0.0153397,8219161,8372549
anglo,F,1960,Saoirse,6.88526e-05,8372549,8373238
anglo,F,1960,Sara,0.000206495,8373238,8375304
anglo,F,1960,Sarah,0.00468891,8375304,8422191
anglo,F,1960,Sarah-Jane,7.91179e-05,8422191,8422983
anglo,F,1960,Sarah-Louise,4.43671e-05,8422983,8423428
anglo,F,1960,Sasha,0.000110864,8423428,8424538
anglo,F,1960,Saskia,4.934e-05,8424538,8425032
anglo,F,1960,Savannah,0.000106695,8425032,8426100
anglo,F,1960,Scarlett,0.000148155,8426100,8427582
anglo,F,1960,Seana,6.10001e-05,8427582,8428193
anglo,F,1960,Seanan,5.59426e-05,8428193,8428753
anglo,F,1960,Seaneen,6.06246e-05,8428753,8429360
anglo,F,1960,Seanna,0.000127385,8429360,8430635
anglo,F,1960,Selina,6.15106e-05,8430635,8431251
anglo,F,1960,Seona,7.62345e-05,8431251,8432014
anglo,F,1960,Serena,0.000129218,8432014,8433307
anglo,F,1960,Shakira,7.37231e-06,8433307,8433382
anglo,F,1960,Shania,9.62151e-05,8433382,8434345
anglo,F,1960,Shanice,0.000119161,8434345,8435538
anglo,F,1960,Shanna,0.000114185,8435538,8436681
anglo,F,1960,Shannan,4.41525e-05,8436681,8437123
anglo,F,1960,Shannen,5.37576e-05,8437123,8437662
anglo,F,1960,Shannon,0.000405964,8437662,8441722
anglo,F,1960,Sharlene,3.11905e-05,8441722,8442035
anglo,F,1960,Sharon,0.025363,8442035,8695648
anglo,F,1960,Sharyn,0.000247612,8695648,8698125
anglo,F,1960,Shauna,0.000490032,8698125,8703026
anglo,F,1960,Shauneen,0.000220741,8703026,8705234
anglo,F,1960,Sheila,5.03716e-05,8705234,8705739
anglo,F,1960,Shelby,0.000375918,8705739,8709499
anglo,F,1960,Shelley,0.000428904,8709499,8713789
anglo,F,1960,Sheree,7.96042e-05,8713789,8714586
anglo,F,1960,Sheryl,0.000239316,8714586,8716980
anglo,F,1960,Shirley,0.000841325,8716980,8725394
anglo,F,1960,Shona,0.000217559,8725394,8727570
anglo,F,1960,Sian,0.000160219,8727570,8729173
anglo,F,1960,Sienna,0.000192531,8729173,8731099
anglo,F,1960,Simone,0.00179618,8731099,8749061
anglo,F,1960,Sinead,7.26448e-05,8749061,8749788
anglo,F,1960,Siobhan,0.00011555,8749788,8750944
anglo,F,1960,Siofra,0.000136233,8750944,8752307
anglo,F,1960,Skye,1.37522e-05,8752307,8752446
anglo,F,1960,Skyla,1.48864e-05,8752446,8752596
anglo,F,1960,Skylar,5.81278e-06,8752596,8752655
anglo,F,1960,Sofia,8.93183e-05,8752655,8753549
anglo,F,1960,Sonia,0.0010345,8753549,8763894
anglo,F,1960,Sonya,0.0011687,8763894,8775581
anglo,F,1960,Sophia,0.000420526,8775581,8779787
anglo,F,1960,Sophie,0.00115901,8779787,8791377
anglo,F,1960,Sophie-Louise,0.000175141,8791377,8793129
anglo,F,1960,Sorcha,8.78163e-05,8793129,8794008
anglo,F,1960,Stacey,0.000696035,8794008,8800969
anglo,F,1960,Stella,0.000187569,8800969,8802846
anglo,F,1960,Stephanie,0.00232862,8802846,8826132
anglo,F,1960,Summer,0.000209402,8826132,8828227
anglo,F,1960,Susan,0.025948,8828227,9087690
anglo,F,1960,Susanna,0.000109127,9087690,9088782
anglo,F,1960,Susannah,4.72433e-05,9088782,9089255
anglo,F,1960,Susanne,0.000831488,9089255,9097570
anglo,F,1960,Suzanne,0.0109485,9097570,9207049
anglo,F,1960,Sylvia,0.000156992,9207049,9208620
anglo,F,1960,Tamara,0.000145792,9208620,9210079
anglo,F,1960,Tammy,0.000316772,9210079,9213248
anglo,F,1960,Tania,0.00473531,9213248,9260599
anglo,F,1960,Tanya,0.00560392,9260599,9316635
anglo,F,1960,Tara,0.000155654,9316635,9318192
anglo,F,1960,Tayla,0.000258456,9318192,9320777
anglo,F,1960,Taylor,0.000264553,9320777,9323423
anglo,F,1960,Tegan,4.50845e-05,9323423,9323875
anglo,F,1960,Teresa,0.00194023,9323875,9343277
anglo,F,1960,Terina,7.48573e-05,9343277,9344027
anglo,F,1960,Terri,0.000117681,9344027,9345205
anglo,F,1960,Tess,0.000108536,9345205,9346291
anglo,F,1960,Tessa,0.000250692,9346291,9348799
anglo,F,1960,Thea,3.95553e-05,9348799,9349196
anglo,F,1960,Theresa,6.11267e-05,9349196,9349808
anglo,F,1960,Therese,0.00247328,9349808,9374540
anglo,F,1960,Tia,0.000295756,9374540,9377498
anglo,F,1960,Tiana,5.50088e-05,9377498,9378049
anglo,F,1960,Tiare,9.51311e-05,9378049,9379001
anglo,F,1960,Tiarna,6.79955e-05,9379001,9379682
anglo,F,1960,Tiegan,5.94161e-05,9379682,9380277
anglo,F,1960,Tiffany,8.06727e-05,9380277,9381085
anglo,F,1960,Tina,0.00170916,9381085,9398176
anglo,F,1960,Toni,0.00355151,9398176,9433690
anglo,F,1960,Tonicha,0.000141911,9433690,9435110
anglo,F,1960,Tori,0.000139193,9435110,9436503
anglo,F,1960,Tory,4.50842e-05,9436503,9436955
anglo,F,1960,Tracey,0.0150921,9436955,9587867
anglo,F,1960,Tracy,0.00836337,9587867,9671496
anglo,F,1960,Trinity,5.68518e-05,9671496,9672065
anglo,F,1960,Tui,0.000177361,9672065,9673839
anglo,F,1960,Tyla,1.3894e-05,9673839,9673979
anglo,F,1960,Tyler,0.000169124,9673979,9675671
anglo,F,1960,Una,0.000294739,9675671,9678619
anglo,F,1960,Ursula,5.1868e-05,9678619,9679139
anglo,F,1960,Valerie,0.000141111,9679139,9680551
anglo,F,1960,Vanessa,0.00330588,9680551,9713609
anglo,F,1960,Vicki,0.0102807,9713609,9816410
anglo,F,1960,Vicky,2.80715e-05,9816410,9816692
anglo,F,1960,Victoria,0.00164621,9816692,9833154
anglo,F,1960,Violet,7.17382e-05,9833154,9833872
anglo,F,1960,Virginia,0.000249154,9833872,9836364
anglo,F,1960,Vivienne,0.000113704,9836364,9837502
anglo,F,1960,Waimarie,9.51311e-05,9837502,9838454
anglo,F,1960,Wendy,0.0124774,9838454,9963220
anglo,F,1960,Whitney,0.000576873,9963220,9968989
anglo,F,1960,Wikitoria,8.26549e-05,9968989,9969816
anglo,F,1960,Willow,0.000105339,9969816,9970870
anglo,F,1960,Yasmin,7.64641e-05,9970870,9971636
anglo,F,1960,Yasmine,0.000118415,9971636,9972821
anglo,F,1960,Yvonne,0.00183209,9972821,9991142
anglo,F,1960,Zara,0.000233621,9991142,9993479
anglo,F,1960,Zoe,0.000628554,9993479,9999765
anglo,F,1960,Zoey,2.33929e-05,9999765,10000000
anglo,M,1970,Aaron,0.00755758,0,75573
anglo,M,1970,Abdul,7.76234e-05,75573,76350
anglo,M,1970,Adam,0.0202887,76350,279228
anglo,M,1970,Adrian,0.00538917,279228,333118
anglo,M,1970,Aedan,7.66993e-05,333118,333886
anglo,M,1970,Aidan,0.000234422,333886,336231
anglo,M,1970,Aiden,0.000158472,336231,337817
anglo,M,1970,Alan,0.00300237,337817,367840
anglo,M,1970,Alastair,0.000122459,367840,369066
anglo,M,1970,Albert,0.000114897,369066,370216
anglo,M,1970,Alex,0.000472605,370216,374943
anglo,M,1970,Alexander,0.00410817,374943,416024
anglo,M,1970,Alistair,0.000193013,416024,417955
anglo,M,1970,Alister,9.10776e-05,417955,418867
anglo,M,1970,Allan,0.00224126,418867,441279
anglo,M,1970,Allen,5.52442e-06,441279,441335
anglo,M,1970,Anaru,7.96167e-05,441335,442132
anglo,M,1970,Andre,1.37569e-05,442132,442271
anglo,M,1970,Andrew,0.0328082,442271,770337
anglo,M,1970,Angus,0.000358609,770337,773924
anglo,M,1970,Anthony,0.0181741,773924,955657
anglo,M,1970,Antoin,6.21738e-05,955657,956280
anglo,M,1970,Anton,8.85833e-05,956280,957167
anglo,M,1970,Antony,0.000244683,957167,959615
anglo,M,1970,Aodhan,0.000153042,959615,961146
anglo,M,1970,Archer,4.12707e-05,961146,961560
anglo,M,1970,Archie,8.38413e-05,961560,962399
anglo,M,1970,Ari,0.000106589,962399,963466
anglo,M,1970,Ariki,0.000127603,963466,964743
anglo,M,1970,Arlo,6.32601e-05,964743,965377
anglo,M,1970,Arran,9.56844e-05,965377,966335
anglo,M,1970,Arron,7.54536e-05,966335,967090
anglo,M,1970,Arthur,0.000159901,967090,968690
anglo,M,1970,Asher,3.45547e-05,968690,969037
anglo,M,1970,Ashley,0.00217505,969037,990787
anglo,M,1970,Ashton,0.000133886,990787,992127
anglo,M,1970,Austin,7.45256e-05,992127,992873
anglo,M,1970,Bailey,0.000204927,992873,994923
anglo,M,1970,Bailie,8.60154e-05,994923,995784
anglo,M,1970,Barry,0.00109322,995784,1006717
anglo,M,1970,Beau,5.31861e-05,1006717,1007250
anglo,M,1970,Beauden,1.35403e-05,1007250,1007386
anglo,M,1970,Ben,0.0019283,1007386,1026669
anglo,M,1970,Benjamin,0.0173098,1026669,1199759
anglo,M,1970,Benn,6.59985e-05,1199759,1200420
anglo,M,1970,Bernard,0.000548867,1200420,1205909
anglo,M,1970,Bevan,6.86762e-05,1205909,1206597
anglo,M,1970,Billy,0.00109747,1206597,1217572
anglo,M,1970,Blaine,8.4567e-05,1217572,1218419
anglo,M,1970,Blair,0.000310126,1218419,1221521
anglo,M,1970,Blake,0.000493493,1221521,1226457
anglo,M,1970,Bodhi,7.58254e-06,1226457,1226534
anglo,M,1970,Brad,0.000482087,1226534,1231356
anglo,M,1970,Bradley,0.0115044,1231356,1346395
anglo,M,1970,Brandon,0.000234061,1346395,1348736
anglo,M,1970,Braxton,8.02666e-05,1348736,1349540
anglo,M,1970,Brayden,3.43381e-05,1349540,1349884
anglo,M,1970,Breandan,8.18556e-05,1349884,1350703
anglo,M,1970,Brendan,0.0045232,1350703,1395934
anglo,M,1970,Brendon,0.00148416,1395934,1410776
anglo,M,1970,Brent,0.00156091,1410776,1426385
anglo,M,1970,Brett,0.0121097,1426385,1547476
anglo,M,1970,Brian,0.00444624,1547476,1591937
anglo,M,1970,Brodie,2.33976e-05,1591937,1592172
anglo,M,1970,Brooklyn,4.39788e-05,1592172,1592613
anglo,M,1970,Bruce,0.00146273,1592613,1607241
anglo,M,1970,Bryan,0.000478758,1607241,1612029
anglo,M,1970,Cahal,9.98507e-05,1612029,1613028
anglo,M,1970,Cahir,6.44635e-05,1613028,1613674
anglo,M,1970,Cailum,7.34383e-05,1613674,1614409
anglo,M,1970,Cal,0.000100593,1614409,1615416
anglo,M,1970,Caleb,0.000698654,1615416,1622403
anglo,M,1970,Callan,7.42604e-05,1622403,1623147
anglo,M,1970,Callum,0.00042479,1623147,1627396
anglo,M,1970,Calum,8.22914e-05,1627396,1628220
anglo,M,1970,Calvin,0.000219075,1628220,1630412
anglo,M,1970,Cameron,0.00468339,1630412,1677245
anglo,M,1970,Campbell,4.57119e-05,1677245,1677703
anglo,M,1970,Caoimhin,0.000235519,1677703,1680059
anglo,M,1970,Caolain,8.01721e-05,1680059,1680862
anglo,M,1970,Caolan,7.14097e-05,1680862,1681577
anglo,M,1970,Caomhan,9.80569e-05,1681577,1682558
anglo,M,1970,Carl,0.000445949,1682558,1687018
anglo,M,1970,Carlos,1.32153e-05,1687018,1687151
anglo,M,1970,Carter,0.000250611,1687151,1689658
anglo,M,1970,Cathal,6.15585e-05,1689658,1690275
anglo,M,1970,Chad,0.00134443,1690275,1703720
anglo,M,1970,Charles,0.00126756,1703720,1716396
anglo,M,1970,Charlie,0.000429745,1716396,1720694
anglo,M,1970,Chase,1.8848e-05,1720694,1720883
anglo,M,1970,Che,0.000126424,1720883,1722148
anglo,M,1970,Chris,9.91228e-05,1722148,1723140
anglo,M,1970,Christian,0.00266697,1723140,1749809
anglo,M,1970,Christie,7.85778e-05,1749809,1750596
anglo,M,1970,Christopher,0.0243899,1750596,1994484
anglo,M,1970,Christy,9.77084e-05,1994484,1995462
anglo,M,1970,Cianan,0.000141657,1995462,1996879
anglo,M,1970,Ciaran,7.91657e-05,1996879,1997672
anglo,M,1970,Cillian,0.000105805,1997672,1998731
anglo,M,1970,Clark,0.000187559,1998731,2000607
anglo,M,1970,Clayton,6.391e-06,2000607,2000672
anglo,M,1970,Clifford,0.000132283,2000672,2001996
anglo,M,1970,Clinton,0.000910522,2001996,2011102
anglo,M,1970,Clive,0.0002703,2011102,2013806
anglo,M,1970,Cody,0.000362936,2013806,2017436
anglo,M,1970,Cohen,1.07239e-05,2017436,2017544
anglo,M,1970,Cole,7.01927e-05,2017544,2018247
anglo,M,1970,Colin,0.00378835,2018247,2056130
anglo,M,1970,Colm,0.000102912,2056130,2057160
anglo,M,1970,Colum,0.0004553,2057160,2061714
anglo,M,1970,Conal,0.000111312,2061714,2062828
anglo,M,1970,Conall,0.000147575,2062828,2064305
anglo,M,1970,Conan,0.00010097,2064305,2065316
anglo,M,1970,Conchur,6.40101e-05,2065316,2065957
anglo,M,1970,Conn,6.16599e-05,2065957,2066575
anglo,M,1970,Connor,0.000570718,2066575,2072283
anglo,M,1970,Conor,0.000201778,2072283,2074302
anglo,M,1970,Conrad,0.000107559,2074302,2075379
anglo,M,1970,Cooper,0.000228884,2075379,2077669
anglo,M,1970,Corey,0.00151602,2077669,2092829
anglo,M,1970,Cormac,6.32366e-05,2092829,2093462
anglo,M,1970,Cory,0.000138373,2093462,2094847
anglo,M,1970,Craig,0.0177349,2094847,2272188
anglo,M,1970,Cruz,5.63275e-06,2272188,2272245
anglo,M,1970,Curtis,0.000567699,2272245,2277923
anglo,M,1970,Daire,9.07912e-05,2277923,2278832
anglo,M,1970,Dale,0.00185262,2278832,2297358
anglo,M,1970,Damian,0.00299131,2297358,2327271
anglo,M,1970,Damien,0.00497559,2327271,2377025
anglo,M,1970,Damon,2.2856e-05,2377025,2377255
anglo,M,1970,Dane,0.000207775,2377255,2379334
anglo,M,1970,Daniel,0.024522,2379334,2624543
anglo,M,1970,Danny,0.000616608,2624543,2630710
anglo,M,1970,Dara,0.000200503,2630710,2632716
anglo,M,1970,Darragh,0.000110823,2632716,2633825
anglo,M,1970,Darrell,6.78964e-05,2633825,2634505
anglo,M,1970,Darren,0.0125084,2634505,2759583
anglo,M,1970,Darrin,0.000429278,2759583,2763877
anglo,M,1970,Darryl,0.000636325,2763877,2770241
anglo,M,1970,Darryn,2.81637e-05,2770241,2770524
anglo,M,1970,Daryl,0.000296921,2770524,2773494
anglo,M,1970,David,0.0416386,2773494,3189860
anglo,M,1970,Deaglan,7.00899e-05,3189860,3190562
anglo,M,1970,Dean,0.00752751,3190562,3265834
anglo,M,1970,Deane,6.99472e-05,3265834,3266534
anglo,M,1970,Declan,9.67413e-05,3266534,3267502
anglo,M,1970,Denis,0.00015794,3267502,3269082
anglo,M,1970,Dennis,0.000476572,3269082,3273848
anglo,M,1970,Derek,0.00080167,3273848,3281865
anglo,M,1970,Dermot,0.000102515,3281865,3282891
anglo,M,1970,Desmond,0.000111796,3282891,3284010
anglo,M,1970,Diarmuid,7.02333e-05,3284010,3284713
anglo,M,1970,Dillon,8.17603e-05,3284713,3285532
anglo,M,1970,Dion,0.000138977,3285532,3286923
anglo,M,1970,Domhnall,7.89684e-05,3286923,3287714
anglo,M,1970,Dominic,0.000159249,3287714,3289307
anglo,M,1970,Don,0.000183718,3289307,3291145
anglo,M,1970,Donal,6.49256e-05,3291145,3291795
anglo,M,1970,Donald,0.00036464,3291795,3295442
anglo,M,1970,Douglas,0.00118889,3295442,3307331
anglo,M,1970,Duncan,0.000438629,3307331,3311718
anglo,M,1970,Dwayne,6.17436e-06,3311718,3311781
anglo,M,1970,Dylan,0.00084489,3311781,3320230
anglo,M,1970,Eamon,6.82937e-05,3320230,3320914
anglo,M,1970,Eamonn,7.23271e-05,3320914,3321638
anglo,M,1970,Edward,0.00287521,3321638,3350390
anglo,M,1970,Eli,0.000104097,3350390,3351432
anglo,M,1970,Elijah,0.000231484,3351432,3353748
anglo,M,1970,Elliot,9.41667e-05,3353748,3354691
anglo,M,1970,Elliott,0.000127823,3354691,3355970
anglo,M,1970,Emmet,0.000171766,3355970,3357689
anglo,M,1970,Emmett,6.84275e-05,3357689,3358374
anglo,M,1970,Enda,0.000807759,3358374,3366452
anglo,M,1970,Eoghan,7.68818e-05,3366452,3367222
anglo,M,1970,Eoin,0.000134674,3367222,3368570
anglo,M,1970,Eric,0.000374846,3368570,3372319
anglo,M,1970,Ethan,0.000902104,3372319,3381341
anglo,M,1970,Euan,6.91073e-05,3381341,3382033
anglo,M,1970,Eugene,6.92454e-05,3382033,3382726
anglo,M,1970,Eunan,8.43318e-05,3382726,3383570
anglo,M,1970,Evan,7.74362e-05,3383570,3384345
anglo,M,1970,Ewan,7.15604e-05,3384345,3385062
anglo,M,1970,Ezra,3.34715e-05,3385062,3385398
anglo,M,1970,Feargal,6.64907e-05,3385398,3386064
anglo,M,1970,Fearghal,8.03775e-05,3386064,3386869
anglo,M,1970,Felix,8.32997e-05,3386869,3387703
anglo,M,1970,Fergal,0.000117089,3387703,3388875
anglo,M,1970,Fergus,8.07925e-05,3388875,3389684
anglo,M,1970,Finbar,0.000123096,3389684,3390916
anglo,M,1970,Finn,0.00058833,3390916,3396800
anglo,M,1970,Fintan,7.528e-05,3396800,3397554
anglo,M,1970,Fionntan,0.000149698,3397554,3399052
anglo,M,1970,Fletcher,4.842e-05,3399052,3399537
anglo,M,1970,Flynn,0.000170824,3399537,3401246
anglo,M,1970,Francis,0.000109393,3401246,3402341
anglo,M,1970,Frank,9.75295e-05,3402341,3403317
anglo,M,1970,Fraser,5.52442e-06,3403317,3403373
anglo,M,1970,Frazer,8.31818e-05,3403373,3404206
anglo,M,1970,Frederick,0.000107431,3404206,3405281
anglo,M,1970,Gabriel,0.000216383,3405281,3407446
anglo,M,1970,Gareth,0.000312331,3407446,3410570
anglo,M,1970,Garrett,6.56356e-05,3410570,3411227
anglo,M,1970,Garry,0.00144428,3411227,3425670
anglo,M,1970,Gary,0.00391575,3425670,3464826
anglo,M,1970,Gavin,0.00506925,3464826,3515517
anglo,M,1970,Geoffrey,0.0046533,3515517,3562049
anglo,M,1970,George,0.00564275,3562049,3618475
anglo,M,1970,Gerald,7.56148e-05,3618475,3619232
anglo,M,1970,Gerard,0.000129315,3619232,3620526
anglo,M,1970,Giles,0.000923481,3620526,3629761
anglo,M,1970,Giuseppe,0.000175998,3629761,3631522
anglo,M,1970,Glen,0.00506829,3631522,3682203
anglo,M,1970,Glenn,0.00621974,3682203,3744398
anglo,M,1970,Gordon,0.000336497,3744398,3747764
anglo,M,1970,Graeme,0.00144694,3747764,3762234
anglo,M,1970,Graham,0.0030458,3762234,3792691
anglo,M,1970,Grant,0.00617503,3792691,3854439
anglo,M,1970,Grayson,2.80554e-05,3854439,3854721
anglo,M,1970,Gregory,0.0107316,3854721,3962033
anglo,M,1970,Guy,0.0009025,3962033,3971059
anglo,M,1970,Hamish,0.000693242,3971059,3977992
anglo,M,1970,Harley,4.36538e-05,3977992,3978429
anglo,M,1970,Harrison,0.000303302,3978429,3981463
anglo,M,1970,Harry,0.000396573,3981463,3985430
anglo,M,1970,Harvey,9.40746e-05,3985430,3986372
anglo,M,1970,Hayden,0.000657098,3986372,3992944
anglo,M,1970,Heath,0.000584214,3992944,3998787
anglo,M,1970,Hemi,0.000147318,3998787,4000261
anglo,M,1970,Henry,0.000455799,4000261,4004820
anglo,M,1970,Hoani,6.21769e-05,4004820,4005443
anglo,M,1970,Howard,7.72502e-05,4005443,4006216
anglo,M,1970,Hudson,3.04385e-05,4006216,4006521
anglo,M,1970,Hugh,0.000117177,4006521,4007694
anglo,M,1970,Hugo,5.88189e-05,4007694,4008283
anglo,M,1970,Hunter,0.000329732,4008283,4011581
anglo,M,1970,Iain,7.70654e-05,4011581,4012353
anglo,M,1970,Ian,0.00639526,4012353,4076303
anglo,M,1970,Ihaia,5.15613e-05,4076303,4076820
anglo,M,1970,Isaac,0.00106509,4076820,4087471
anglo,M,1970,Isaiah,3.78044e-05,4087471,4087850
anglo,M,1970,Israel,5.63275e-06,4087850,4087907
anglo,M,1970,Ivan,2.5564e-05,4087907,4088164
anglo,M,1970,Jack,0.00108798,4088164,4099044
anglo,M,1970,Jackson,0.000610169,4099044,4105146
anglo,M,1970,Jacob,0.00101345,4105146,4115281
anglo,M,1970,Jaime,0.000131511,4115281,4116597
anglo,M,1970,Jake,0.000390786,4116597,4120506
anglo,M,1970,Jakob,4.98281e-06,4120506,4120557
anglo,M,1970,James,0.0171704,4120557,4292253
anglo,M,1970,Jamie,0.00705098,4292253,4362760
anglo,M,1970,Jared,0.000563362,4362760,4368394
anglo,M,1970,Jarlath,6.25932e-05,4368394,4369021
anglo,M,1970,Jarrod,8.37329e-05,4369021,4369859
anglo,M,1970,Jason,0.0341775,4369859,4711618
anglo,M,1970,Jasper,2.66472e-05,4711618,4711885
anglo,M,1970,Jaxon,6.74846e-05,4711885,4712561
anglo,M,1970,Jay,0.000755526,4712561,4720117
anglo,M,1970,Jayden,0.00049189,4720117,4725037
anglo,M,1970,Jeffrey,0.00417833,4725037,4766819
anglo,M,1970,Jeremy,0.00401846,4766819,4807003
anglo,M,1970,Jesse,0.000658053,4807003,4813584
anglo,M,1970,Joe,6.30202e-05,4813584,4814215
anglo,M,1970,Joel,0.00168083,4814215,4831023
anglo,M,1970,John,0.020396,4831023,5034974
anglo,M,1970,Johnathan,0.000130002,5034974,5036275
anglo,M,1970,Johnny,6.33456e-05,5036275,5036909
anglo,M,1970,Jon,0.000113842,5036909,5038048
anglo,M,1970,Jonathan,0.00391405,5038048,5077188
anglo,M,1970,Jonathon,0.000104048,5077188,5078229
anglo,M,1970,Jordan,0.000768794,5078229,5085918
anglo,M,1970,Jordon,0.00010801,5085918,5086999
anglo,M,1970,Joseph,0.00667195,5086999,5153716
anglo,M,1970,Josh,8.016e-05,5153716,5154519
anglo,M,1970,Joshua,0.00642653,5154519,5218782
anglo,M,1970,Josiah,5.63275e-06,5218782,5218839
anglo,M,1970,Jude,7.27978e-05,5218839,5219568
anglo,M,1970,Julian,0.000514022,5219568,5224709
anglo,M,1970,Justin,0.00865701,5224709,5311276
anglo,M,1970,Kahu,7.58254e-05,5311276,5312035
anglo,M,1970,Kahurangi,0.000101714,5312035,5313053
anglo,M,1970,Kaleb,5.32944e-05,5313053,5313587
anglo,M,1970,Kane,0.000201521,5313587,5315603
anglo,M,1970,Karl,0.000655325,5315603,5322157
anglo,M,1970,Kauri,0.000174723,5322157,5323905
anglo,M,1970,Kayden,1.33236e-05,5323905,5324039
anglo,M,1970,Kealan,0.000170223,5324039,5325742
anglo,M,1970,Keanu,5.84939e-06,5325742,5325801
anglo,M,1970,Keegan,3.8021e-05,5325801,5326182
anglo,M,1970,Keelan,7.97655e-05,5326182,5326981
anglo,M,1970,Keith,0.000311938,5326981,5330101
anglo,M,1970,Kelly,6.28268e-06,5330101,5330165
anglo,M,1970,Kelvin,0.000293294,5330165,5333099
anglo,M,1970,Kenneth,0.00214736,5333099,5354573
anglo,M,1970,Kerry,0.000260406,5354573,5357178
anglo,M,1970,Kevin,0.00456049,5357178,5402782
anglo,M,1970,Kieran,0.000233888,5402782,5405122
anglo,M,1970,Killian,0.000315164,5405122,5408274
anglo,M,1970,Kim,1.35403e-05,5408274,5408410
anglo,M,1970,Kingston,7.49589e-05,5408410,5409161
anglo,M,1970,Kirk,8.91218e-05,5409161,5410053
anglo,M,1970,Kristian,9.66823e-05,5410053,5411021
anglo,M,1970,Kristopher,6.20701e-05,5411021,5411643
anglo,M,1970,Kurt,0.000328891,5411643,5414933
anglo,M,1970,Kurtis,0.000115435,5414933,5416088
anglo,M,1970,Kyle,0.00036394,5416088,5419728
anglo,M,1970,Lachlan,0.000321175,5419728,5422941
anglo,M,1970,Lance,0.000320417,5422941,5426146
anglo,M,1970,Lawrence,0.000149545,5426146,5427642
anglo,M,1970,Lee,0.00247322,5427642,5452374
anglo,M,1970,Leigh,6.516e-05,5452374,5453027
anglo,M,1970,Leo,0.000320434,5453027,5456232
anglo,M,1970,Leon,0.000166714,5456232,5457900
anglo,M,1970,Leonard,8.15714e-05,5457900,5458717
anglo,M,1970,Leslie,0.000454026,5458717,5463258
anglo,M,1970,Levi,0.00032345,5463258,5466493
anglo,M,1970,Lewis,0.000437065,5466493,5470864
anglo,M,1970,Liam,0.00102942,5470864,5481159
anglo,M,1970,Lincoln,9.2832e-05,5481159,5482088
anglo,M,1970,Lindsay,9.56484e-05,5482088,5483045
anglo,M,1970,Lloyd,0.000116788,5483045,5484214
anglo,M,1970,Logan,0.000615811,5484214,5490373
anglo,M,1970,Lorcan,0.000151905,5490373,5491893
anglo,M,1970,Louis,0.000315599,5491893,5495050
anglo,M,1970,Luca,0.000142768,5495050,5496479
anglo,M,1970,Lucas,0.000439968,5496479,5500879
anglo,M,1970,Luka,1.28903e-05,5500879,5501009
anglo,M,1970,Lukas,7.58254e-06,5501009,5501086
anglo,M,1970,Luke,0.00834656,5501086,5584548
anglo,M,1970,Lyndon,0.000225276,5584548,5586802
anglo,M,1970,Macauley,6.50425e-05,5586802,5587453
anglo,M,1970,Mairtin,0.000351598,5587453,5590970
anglo,M,1970,Malachy,8.36368e-05,5590970,5591807
anglo,M,1970,Malcolm,0.00188398,5591807,5610647
anglo,M,1970,Manaaki,6.21769e-05,5610647,5611270
anglo,M,1970,Manaia,0.000155334,5611270,5612824
anglo,M,1970,Manawa,5.80606e-05,5612824,5613406
anglo,M,1970,Manus,0.000300386,5613406,5616411
anglo,M,1970,Marc,6.71199e-05,5616411,5617083
anglo,M,1970,Marco,0.000198181,5617083,5619066
anglo,M,1970,Marcus,0.000821249,5619066,5627279
anglo,M,1970,Mark,0.027877,5627279,5906036
anglo,M,1970,Martin,0.00475768,5906036,5953611
anglo,M,1970,Martyn,7.36008e-05,5953611,5954348
anglo,M,1970,Mason,0.000283046,5954348,5957179
anglo,M,1970,Mathew,0.00621526,5957179,6019329
anglo,M,1970,Matiu,4.92865e-05,6019329,6019823
anglo,M,1970,Matthew,0.0343292,6019823,6363098
anglo,M,1970,Maurice,0.000136738,6363098,6364466
anglo,M,1970,Max,0.000593673,6364466,6370403
anglo,M,1970,Maxwell,1.86314e-05,6370403,6370590
anglo,M,1970,Mervyn,1.75482e-05,6370590,6370766
anglo,M,1970,Micah,5.63275e-06,6370766,6370823
anglo,M,1970,Michael,0.0419223,6370823,6790026
anglo,M,1970,Micheal,0.00154568,6790026,6805483
anglo,M,1970,Mikaere,0.000153059,6805483,6807014
anglo,M,1970,Mitchel,0.000103312,6807014,6808048
anglo,M,1970,Mitchell,0.000606025,6808048,6814109
anglo,M,1970,Mohamed,6.61206e-05,6814109,6814771
anglo,M,1970,Mohammad,0.000112305,6814771,6815895
anglo,M,1970,Mohammed,0.000532922,6815895,6821225
anglo,M,1970,Morgan,0.000110822,6821225,6822334
anglo,M,1970,Murray,0.000920598,6822334,6831540
anglo,M,1970,Myles,0.000247105,6831540,6834012
anglo,M,1970,Naoise,8.20727e-05,6834012,6834834
anglo,M,1970,Nate,5.19946e-06,6834834,6834887
anglo,M,1970,Nathan,0.011547,6834887,6950352
anglo,M,1970,Nathaniel,0.000175459,6950352,6952107
anglo,M,1970,Neil,0.00274454,6952107,6979552
anglo,M,1970,Neville,0.000137352,6979552,6980926
anglo,M,1970,Niall,0.000135497,6980926,6982282
anglo,M,1970,Nicholas,0.00789422,6982282,7061221
anglo,M,1970,Nigel,0.00291651,7061221,7090386
anglo,M,1970,Nikau,0.000210361,7090386,7092490
anglo,M,1970,Niko,0.000105289,7092490,7093544
anglo,M,1970,Nikora,0.000191297,7093544,7095458
anglo,M,1970,Nixon,2.37225e-05,7095458,7095696
anglo,M,1970,Noah,0.000380319,7095696,7099500
anglo,M,1970,Noel,0.000349475,7099500,7102996
anglo,M,1970,Norman,0.00023187,7102996,7105316
anglo,M,1970,Odhran,0.000107113,7105316,7106388
anglo,M,1970,Oisin,0.000137183,7106388,7107761
anglo,M,1970,Oliver,0.000838785,7107761,7116149
anglo,M,1970,Omar,8.99462e-05,7116149,7117049
anglo,M,1970,Oran,9.02255e-05,7117049,7117952
anglo,M,1970,Oscar,0.000215236,7117952,7120105
anglo,M,1970,Owen,0.000234303,7120105,7122449
anglo,M,1970,Padraic,8.88515e-05,7122449,7123338
anglo,M,1970,Padraig,0.000155384,7123338,7124893
anglo,M,1970,Patrick,0.00403076,7124893,7165199
anglo,M,1970,Paul,0.0272124,7165199,7437310
anglo,M,1970,Pauric,0.000138927,7437310,7438700
anglo,M,1970,Peadar,9.87641e-05,7438700,7439689
anglo,M,1970,Pearce,7.11107e-05,7439689,7440401
anglo,M,1970,Pearse,8.164e-05,7440401,7441218
anglo,M,1970,Peter,0.0244661,7441218,7685867
anglo,M,1970,Philip,0.00394418,7685867,7725308
anglo,M,1970,Phillip,0.00600538,7725308,7785360
anglo,M,1970,Phoenix,9.554e-05,7785360,7786316
anglo,M,1970,Piaras,0.000165808,7786316,7787975
anglo,M,1970,Pierce,0.000129265,7787975,7789269
anglo,M,1970,Quentin,7.25758e-06,7789269,7789343
anglo,M,1970,Quinn,8.0375e-05,7789343,7790148
anglo,M,1970,Rawiri,0.000168224,7790148,7791831
anglo,M,1970,Raymond,0.00340088,7791831,7825839
anglo,M,1970,Reece,0.000157825,7825839,7827418
anglo,M,1970,Regan,0.000128037,7827418,7828699
anglo,M,1970,Reuben,0.000295088,7828699,7831651
anglo,M,1970,Rex,6.07687e-05,7831651,7832260
anglo,M,1970,Rhys,0.000181265,7832260,7834074
anglo,M,1970,Rian,6.69928e-05,7834074,7834745
anglo,M,1970,Richard,0.0113824,7834745,7948564
anglo,M,1970,Ricky,0.000346316,7948564,7952028
anglo,M,1970,Riley,0.00030016,7952028,7955030
anglo,M,1970,Robbie,6.37865e-05,7955030,7955669
anglo,M,1970,Robert,0.020307,7955669,8158730
anglo,M,1970,Robin,0.000368318,8158730,8162414
anglo,M,1970,Rodney,0.00623763,8162414,8224788
anglo,M,1970,Roger,0.000358918,8224788,8228378
anglo,M,1970,Rohan,7.264e-05,8228378,8229105
anglo,M,1970,Roman,4.64702e-05,8229105,8229571
anglo,M,1970,Ronald,0.000993552,8229571,8239507
anglo,M,1970,Ronan,8.5283e-05,8239507,8240361
anglo,M,1970,Rory,9.32151e-05,8240361,8241294
anglo,M,1970,Ross,0.00209522,8241294,8262246
anglo,M,1970,Rowan,8.10022e-05,8262246,8263057
anglo,M,1970,Roy,7.63372e-05,8263057,8263821
anglo,M,1970,Ruairi,8.72742e-05,8263821,8264695
anglo,M,1970,Ruari,6.63667e-05,8264695,8265360
anglo,M,1970,Russell,0.00230287,8265360,8288388
anglo,M,1970,Ryan,0.00389028,8288388,8327290
anglo,M,1970,Ryder,7.87501e-05,8327290,8328078
anglo,M,1970,Sam,0.00033833,8328078,8331462
anglo,M,1970,Samuel,0.00391706,8331462,8370632
anglo,M,1970,Saul,7.47655e-05,8370632,8371381
anglo,M,1970,Scot,9.60139e-05,8371381,8372342
anglo,M,1970,Scott,0.0216313,8372342,8588645
anglo,M,1970,Seamus,0.00011598,8588645,8589806
anglo,M,1970,Sean,0.005773,8589806,8647534
anglo,M,1970,Sean-Paul,7.99681e-05,8647534,8648335
anglo,M,1970,Sebastian,0.00011168,8648335,8649453
anglo,M,1970,Seth,8.44912e-05,8649453,8650299
anglo,M,1970,Shane,0.0159356,8650299,8809648
anglo,M,1970,Shannon,0.00255673,8809648,8835215
anglo,M,1970,Shaun,0.00343178,8835215,8869532
anglo,M,1970,Shay,7.09624e-05,8869532,8870243
anglo,M,1970,Shayne,0.000232505,8870243,8872569
anglo,M,1970,Shea,0.000121209,8872569,8873782
anglo,M,1970,Simon,0.011589,8873782,8989667
anglo,M,1970,Sione,1.78731e-05,8989667,8989847
anglo,M,1970,Spencer,5.63275e-06,8989847,8989904
anglo,M,1970,Stanley,0.000293661,8989904,8992841
anglo,M,1970,Stefan,9.50271e-05,8992841,8993792
anglo,M,1970,Stephen,0.0153539,8993792,9147324
anglo,M,1970,Steven,0.0149298,9147324,9296615
anglo,M,1970,Stewart,0.000337604,9296615,9299992
anglo,M,1970,Stuart,0.00624062,9299992,9362396
anglo,M,1970,Tai,8.58994e-05,9362396,9363256
anglo,M,1970,Taine,2.20977e-05,9363256,9363478
anglo,M,1970,Tama,0.000136161,9363478,9364841
anglo,M,1970,Tamati,0.000191297,9364841,9366755
anglo,M,1970,Tane,0.000183931,9366755,9368595
anglo,M,1970,Tangaroa,6.55348e-05,9368595,9369251
anglo,M,1970,Taylor,0.000352259,9369251,9372774
anglo,M,1970,Te Ariki,0.000154142,9372774,9374316
anglo,M,1970,Te Koha,5.81689e-05,9374316,9374899
anglo,M,1970,Terence,0.000466458,9374899,9379564
anglo,M,1970,Terry,0.000750714,9379564,9387072
anglo,M,1970,Theo,3.36882e-05,9387072,9387410
anglo,M,1970,Theodore,4.64702e-05,9387410,9387876
anglo,M,1970,Thomas,0.00489094,9387876,9436784
anglo,M,1970,Tiare,5.15613e-05,9436784,9437301
anglo,M,1970,Tiarnan,6.81606e-05,9437301,9437984
anglo,M,1970,Tiernan,7.39286e-05,9437984,9438724
anglo,M,1970,Timothy,0.0118943,9438724,9557662
anglo,M,1970,Tobias,9.43957e-05,9557662,9558607
anglo,M,1970,Toby,0.000596899,9558607,9564577
anglo,M,1970,Todd,0.00385976,9564577,9603174
anglo,M,1970,Tom,7.0607e-05,9603174,9603881
anglo,M,1970,Tomas,0.000109392,9603881,9604976
anglo,M,1970,Tony,0.00415371,9604976,9646512
anglo,M,1970,Travis,0.000119852,9646512,9647711
anglo,M,1970,Trent,0.00313672,9647711,9679078
anglo,M,1970,Trevor,0.00276894,9679078,9706767
anglo,M,1970,Tristan,8.38882e-05,9706767,9707607
anglo,M,1970,Troy,0.00918514,9707607,9799455
anglo,M,1970,Tyler,0.000483636,9799455,9804292
anglo,M,1970,Tyrone,0.000121369,9804292,9805507
anglo,M,1970,Tyson,5.7519e-05,9805507,9806083
anglo,M,1970,Vaughan,3.48797e-05,9806083,9806433
anglo,M,1970,Victor,7.81923e-05,9806433,9807216
anglo,M,1970,Vincent,0.000168626,9807216,9808903
anglo,M,1970,Wade,0.000530437,9808903,9814208
anglo,M,1970,Walter,6.17436e-06,9814208,9814271
anglo,M,1970,Warren,0.00276134,9814271,9841884
anglo,M,1970,Warwick,3.1955e-05,9841884,9842205
anglo,M,1970,Wayne,0.00725609,9842205,9914763
anglo,M,1970,Wesley,0.000200442,9914763,9916768
anglo,M,1970,William,0.00697244,9916768,9986490
anglo,M,1970,Wiremu,0.000208303,9986490,9988574
anglo,M,1970,Wyatt,6.28268e-06,9988574,9988638
anglo,M,1970,Xavier,0.000203537,9988638,9990674
anglo,M,1970,Zac,0.000130252,9990674,9991977
anglo,M,1970,Zach,7.78118e-05,9991977,9992756
anglo,M,1970,Zachary,0.000357844,9992756,9996335
anglo,M,1970,Zak,0.000260349,9996335,9998939
anglo,M,1970,Zane,8.24331e-05,9998939,9999764
anglo,M,1970,Zion,2.35059e-05,9999764,10000000
anglo,F,1970,Aaliyah,0.00014773,0,1478
anglo,F,1970,Abbey,5.67101e-06,1478,1536
anglo,F,1970,Abbi,6.85063e-05,1536,2222
anglo,F,1970,Abbie,9.40239e-05,2222,3163
anglo,F,1970,Abby,0.000132695,3163,4491
anglo,F,1970,Abigail,0.000362889,4491,8121
anglo,F,1970,Addison,7.6275e-05,8121,8885
anglo,F,1970,Adele,4.9702e-05,8885,9383
anglo,F,1970,Adrienne,8.86095e-05,9383,10270
anglo,F,1970,Aideen,4.67398e-05,10270,10738
anglo,F,1970,Aileen,9.13298e-05,10738,11652
anglo,F,1970,Ailis,5.75016e-05,11652,12228
anglo,F,1970,Aimee,0.000581694,12228,18046
anglo,F,1970,Aine,7.1033e-05,18046,18757
anglo,F,1970,Aisling,4.51973e-05,18757,19210
anglo,F,1970,Aislinn,4.56574e-05,19210,19668
anglo,F,1970,Alana,0.000223493,19668,21904
anglo,F,1970,Alanis,9.09615e-05,21904,22815
anglo,F,1970,Alanna,0.000158584,22815,24402
anglo,F,1970,Alannah,6.164e-05,24402,25019
anglo,F,1970,Aleisha,1.44611e-05,25019,25165
anglo,F,1970,Alex,0.000228918,25165,27455
anglo,F,1970,Alexandra,0.00232172,27455,50672
anglo,F,1970,Alexandria,0.000171068,50672,52384
anglo,F,1970,Alexis,0.000111861,52384,53504
anglo,F,1970,Alice,0.00140837,53504,67588
anglo,F,1970,Alicia,0.00119918,67588,79580
anglo,F,1970,Alisha,7.51134e-05,79580,80332
anglo,F,1970,Alison,0.0115373,80332,195698
anglo,F,1970,Alix,0.000113519,195698,196834
anglo,F,1970,Allison,0.00362232,196834,233056
anglo,F,1970,Alyssa,0.000146312,233056,234520
anglo,F,1970,Amaia,9.4564e-05,234520,235467
anglo,F,1970,Amanda,0.019693,235467,432385
anglo,F,1970,Amber,0.00192768,432385,451661
anglo,F,1970,Amelia,0.000619867,451661,457860
anglo,F,1970,Amie,9.65093e-05,457860,458826
anglo,F,1970,Amy,0.00505075,458826,509331
anglo,F,1970,Amy-Lee,4.5028e-05,509331,509782
anglo,F,1970,Amy-Leigh,6.36724e-05,509782,510420
anglo,F,1970,Ana,0.000103496,510420,511456
anglo,F,1970,Anahera,0.000249524,511456,513952
anglo,F,1970,Anastasia,0.000248013,513952,516433
anglo,F,1970,Andrea,0.000769434,516433,524128
anglo,F,1970,Angel,9.85337e-05,524128,525114
anglo,F,1970,Angela,0.0132958,525114,658063
anglo,F,1970,Angelina,6.09633e-06,658063,658125
anglo,F,1970,Anika,0.000203022,658125,660156
anglo,F,1970,Anita,0.00188536,660156,679009
anglo,F,1970,Ann,0.000615768,679009,685167
anglo,F,1970,Anna,0.00706976,685167,755861
anglo,F,1970,Annabelle,6.47912e-05,755861,756510
anglo,F,1970,Annalise,4.97752e-05,756510,757009
anglo,F,1970,Anne,0.00387345,757009,795742
anglo,F,1970,Anne-Marie,5.28763e-05,795742,796272
anglo,F,1970,Annette,0.00239487,796272,820220
anglo,F,1970,Annie,5.34004e-05,820220,820755
anglo,F,1970,Antoinette,4.90555e-05,820755,821247
anglo,F,1970,Aoibheann,0.000112216,821247,822370
anglo,F,1970,Aoibhin,4.59513e-05,822370,822830
anglo,F,1970,Aoibhinn,0.00039301,822830,826761
anglo,F,1970,Aoife,5.17049e-05,826761,827279
anglo,F,1970,April,5.74707e-05,827279,827855
anglo,F,1970,Arabella,5.95456e-06,827855,827916
anglo,F,1970,Aria,0.000277879,827916,830696
anglo,F,1970,Ariana,0.000245129,830696,833148
anglo,F,1970,Arianne,7.40352e-05,833148,833889
anglo,F,1970,Aroha,0.000254628,833889,836436
anglo,F,1970,Ashlee,6.57837e-05,836436,837095
anglo,F,1970,Ashleigh,0.000497282,837095,842068
anglo,F,1970,Ashlene,9.17021e-05,842068,842986
anglo,F,1970,Ashley,0.00039907,842986,846977
anglo,F,1970,Ashling,0.000272046,846977,849698
anglo,F,1970,Ashton,5.16238e-05,849698,850215
anglo,F,1970,Ataahua,0.000124195,850215,851458
anglo,F,1970,Aurora,3.55856e-05,851458,851815
anglo,F,1970,Ava,0.000352595,851815,855342
anglo,F,1970,Awhina,8.26549e-05,855342,856169
anglo,F,1970,Ayesha,5.76096e-05,856169,856746
anglo,F,1970,Ayla,8.67664e-05,856746,857615
anglo,F,1970,Bailey,2.12663e-05,857615,857829
anglo,F,1970,Barbara,0.000717543,857829,865005
anglo,F,1970,Belinda,0.0188647,865005,1053640
anglo,F,1970,Bella,0.000175518,1053640,1055396
anglo,F,1970,Bernadette,0.000387811,1055396,1059275
anglo,F,1970,Beth,8.09399e-05,1059275,1060085
anglo,F,1970,Bethan,9.02367e-05,1060085,1060988
anglo,F,1970,Bethany,7.16074e-05,1060988,1061705
anglo,F,1970,Beverley,0.000185684,1061705,1063563
anglo,F,1970,Bianca,0.00124758,1063563,1076039
anglo,F,1970,Billie,6.37988e-06,1076039,1076104
anglo,F,1970,Billie-Jo,6.32517e-05,1076104,1076737
anglo,F,1970,Blanaid,8.619e-05,1076737,1077600
anglo,F,1970,Brenda,0.000397562,1077600,1081576
anglo,F,1970,Briana,6.94698e-06,1081576,1081646
anglo,F,1970,Brianna,0.000104914,1081646,1082696
anglo,F,1970,Bridget,0.0002284,1082696,1084981
anglo,F,1970,Brigid,7.60067e-05,1084981,1085742
anglo,F,1970,Britney,9.07361e-06,1085742,1085834
anglo,F,1970,Brittany,0.000226569,1085834,1088101
anglo,F,1970,Brogan,8.98801e-05,1088101,1089001
anglo,F,1970,Bronach,0.00012562,1089001,1090258
anglo,F,1970,Bronagh,5.0296e-05,1090258,1090762
anglo,F,1970,Bronwyn,0.00357545,1090762,1126515
anglo,F,1970,Brooke,0.00283102,1126515,1154824
anglo,F,1970,Brooklyn,0.000162171,1154824,1156447
anglo,F,1970,Bryony,7.71642e-05,1156447,1157220
anglo,F,1970,Cailin,9.24589e-05,1157220,1158146
anglo,F,1970,Caitlin,0.000532088,1158146,1163468
anglo,F,1970,Caitlyn,0.00013819,1163468,1164851
anglo,F,1970,Caitriona,5.0677e-05,1164851,1165359
anglo,F,1970,Caoilfhionn,4.8568e-05,1165359,1165846
anglo,F,1970,Caoimhe,9.56615e-05,1165846,1166804
anglo,F,1970,Cara,5.30495e-05,1166804,1167335
anglo,F,1970,Caragh,5.52527e-05,1167335,1167888
anglo,F,1970,Carla,0.000100853,1167888,1168897
anglo,F,1970,Carly,0.000372856,1168897,1172626
anglo,F,1970,Carmel,7.74014e-05,1172626,1173401
anglo,F,1970,Carmen,3.30336e-05,1173401,1173732
anglo,F,1970,Carol,0.000565143,1173732,1179384
anglo,F,1970,Carole,6.99202e-05,1179384,1180084
anglo,F,1970,Caroline,0.00323607,1180084,1212443
anglo,F,1970,Carolyn,0.00289897,1212443,1241432
anglo,F,1970,Carrie,4.89851e-05,1241432,1241923
anglo,F,1970,Casey,0.000201899,1241923,1243943
anglo,F,1970,Cassandra,0.00403566,1243943,1284298
anglo,F,1970,Cassie,0.000213299,1284298,1286432
anglo,F,1970,Catherine,0.0111586,1286432,1398011
anglo,F,1970,Cathy,8.81515e-05,1398011,1398893
anglo,F,1970,Catriona,4.42059e-05,1398893,1399336
anglo,F,1970,Ceara,4.80263e-05,1399336,1399817
anglo,F,1970,Celine,0.000173072,1399817,1401549
anglo,F,1970,Chantel,5.88355e-05,1401549,1402138
anglo,F,1970,Chantelle,5.79434e-05,1402138,1402718
anglo,F,1970,Charis,8.91779e-05,1402718,1403611
anglo,F,1970,Charlene,5.11446e-05,1403611,1404123
anglo,F,1970,Charlie,0.000151174,1404123,1405636
anglo,F,1970,Charlotte,0.00114403,1405636,1417076
anglo,F,1970,Chelsea,0.000330433,1417076,1420381
anglo,F,1970,Chelsey,6.1901e-05,1420381,1421001
anglo,F,1970,Cherie,0.00109629,1421001,1431964
anglo,F,1970,Cherith,0.000312981,1431964,1435095
anglo,F,1970,Cheryl,0.0015785,1435095,1450880
anglo,F,1970,Cheyenne,4.89124e-05,1450880,1451370
anglo,F,1970,Chloe,0.000716456,1451370,1458535
anglo,F,1970,Christina,0.000686386,1458535,1465399
anglo,F,1970,Christine,0.00913923,1465399,1556786
anglo,F,1970,Ciara,8.84901e-05,1556786,1557672
anglo,F,1970,Ciarrai,0.000209821,1557672,1559771
anglo,F,1970,Cindy,0.00242744,1559771,1584045
anglo,F,1970,Claire,0.00188701,1584045,1602915
anglo,F,1970,Clara,8.25084e-05,1602915,1603741
anglo,F,1970,Clare,0.000362852,1603741,1607370
anglo,F,1970,Clarissa,0.000191729,1607370,1609288
anglo,F,1970,Claudia,0.000159356,1609288,1610882
anglo,F,1970,Cliodhna,0.000360674,1610882,1614489
anglo,F,1970,Cliona,0.000124761,1614489,1615738
anglo,F,1970,Clodagh,5.6043e-05,1615738,1616299
anglo,F,1970,Codie,8.95271e-05,1616299,1617195
anglo,F,1970,Colleen,0.000253578,1617195,1619732
anglo,F,1970,Collette,6.02552e-05,1619732,1620336
anglo,F,1970,Connie,4.8363e-05,1620336,1620821
anglo,F,1970,Constance,8.74845e-05,1620821,1621697
anglo,F,1970,Cora,4.40463e-05,1621697,1622138
anglo,F,1970,Corinne,8.46416e-05,1622138,1622985
anglo,F,1970,Corrie,8.68308e-05,1622985,1623854
anglo,F,1970,Cortney,7.23928e-05,1623854,1624579
anglo,F,1970,Courteney,5.22818e-05,1624579,1625103
anglo,F,1970,Courtney,0.000594237,1625103,1631046
anglo,F,1970,Crystal,0.00011739,1631046,1632221
anglo,F,1970,Daire,0.000525915,1632221,1637481
anglo,F,1970,Dairine,4.69269e-05,1637481,1637951
anglo,F,1970,Daisy,2.79297e-05,1637951,1638231
anglo,F,1970,Dana,0.000167237,1638231,1639904
anglo,F,1970,Danielle,0.0103174,1639904,1743072
anglo,F,1970,Dara,9.05972e-05,1743072,1743979
anglo,F,1970,Darcy,4.63108e-05,1743979,1744443
anglo,F,1970,Darragh,6.12539e-05,1744443,1745056
anglo,F,1970,Dawn,5.41012e-05,1745056,1745598
anglo,F,1970,Dayna,8.40427e-05,1745598,1746439
anglo,F,1970,Dearbhail,6.38143e-05,1746439,1747078
anglo,F,1970,Dearbhaile,5.89504e-05,1747078,1747668
anglo,F,1970,Dearbhla,7.53341e-05,1747668,1748422
anglo,F,1970,Debbie,0.00210007,1748422,1769422
anglo,F,1970,Deborah,0.00811328,1769422,1850550
anglo,F,1970,Debra,0.00150541,1850550,1865604
anglo,F,1970,Deirbhile,4.43132e-05,1865604,1866048
anglo,F,1970,Demi,0.000109727,1866048,1867146
anglo,F,1970,Demi-Lee,6.49808e-05,1867146,1867797
anglo,F,1970,Demi-Leigh,8.71561e-05,1867797,1868669
anglo,F,1970,Denise,0.000556327,1868669,1874233
anglo,F,1970,Dervla,0.000194455,1874233,1876178
anglo,F,1970,Destiny,2.69373e-05,1876178,1876448
anglo,F,1970,Diana,0.000192636,1876448,1878375
anglo,F,1970,Diane,0.000914622,1878375,1887522
anglo,F,1970,Dianne,0.00142513,1887522,1901773
anglo,F,1970,Dionne,0.000155443,1901773,1903328
anglo,F,1970,Donna,0.0102629,1903328,2005951
anglo,F,1970,Dorothy,9.4501e-05,2005951,2006897
anglo,F,1970,Eadaoin,6.08743e-05,2006897,2007507
anglo,F,1970,Ebony,5.17863e-05,2007507,2008026
anglo,F,1970,Edel,5.7394e-05,2008026,2008601
anglo,F,1970,Eden,0.000273133,2008601,2011333
anglo,F,1970,Eileen,5.36677e-05,2011333,2011871
anglo,F,1970,Eilis,5.6144e-05,2011871,2012433
anglo,F,1970,Eilish,0.000138495,2012433,2013819
anglo,F,1970,Eimear,6.74947e-05,2013819,2014495
anglo,F,1970,Eimer,4.86368e-05,2014495,2014982
anglo,F,1970,Eimhear,0.000110336,2014982,2016086
anglo,F,1970,Elaine,0.00018051,2016086,2017892
anglo,F,1970,Eleanor,8.68071e-05,2017892,2018761
anglo,F,1970,Elise,5.62892e-05,2018761,2019325
anglo,F,1970,Elisha,7.57807e-05,2019325,2020084
anglo,F,1970,Elizabeth,0.0131104,2020084,2151179
anglo,F,1970,Ella,0.000796135,2151179,2159141
anglo,F,1970,Ellen,0.000130443,2159141,2160446
anglo,F,1970,Ellie,0.000300762,2160446,2163454
anglo,F,1970,Eloise,5.25344e-05,2163454,2163980
anglo,F,1970,Elsie,1.37522e-05,2163980,2164119
anglo,F,1970,Emer,9.20784e-05,2164119,2165041
anglo,F,1970,Emilia,2.05574e-05,2165041,2165248
anglo,F,1970,Emilie,0.000153934,2165248,2166788
anglo,F,1970,Emily,0.00235128,2166788,2190300
anglo,F,1970,Emma,0.0106764,2190300,2297058
anglo,F,1970,Emma-Louise,0.000105162,2297058,2298111
anglo,F,1970,Enya,8.49454e-05,2298111,2298961
anglo,F,1970,Erica,0.000102053,2298961,2299982
anglo,F,1970,Erika,0.000161899,2299982,2301602
anglo,F,1970,Erin,0.00171762,2301602,2318778
anglo,F,1970,Eryn,5.38479e-05,2318778,2319317
anglo,F,1970,Esther,7.58673e-05,2319317,2320077
anglo,F,1970,Eva,0.000296331,2320077,2323041
anglo,F,1970,Eve,5.48686e-05,2323041,2323591
anglo,F,1970,Evelyn,0.000151918,2323591,2325111
anglo,F,1970,Evie,0.000123941,2325111,2326351
anglo,F,1970,Fainche,7.48944e-05,2326351,2327101
anglo,F,1970,Faith,0.000151835,2327101,2328620
anglo,F,1970,Faye,4.54834e-05,2328620,2329076
anglo,F,1970,Felicity,0.00107365,2329076,2339813
anglo,F,1970,Fiona,0.0123507,2339813,2463312
anglo,F,1970,Fionnuala,7.25928e-05,2463312,2464039
anglo,F,1970,Florence,4.12566e-05,2464039,2464453
anglo,F,1970,Frances,0.000231723,2464453,2466771
anglo,F,1970,Francesca,6.95594e-05,2466771,2467468
anglo,F,1970,Frankie,2.76462e-05,2467468,2467745
anglo,F,1970,Freya,7.46906e-05,2467745,2468493
anglo,F,1970,Gabriella,1.33269e-05,2468493,2468627
anglo,F,1970,Gabrielle,0.000201063,2468627,2470638
anglo,F,1970,Gail,0.000224634,2470638,2472885
anglo,F,1970,Gaylene,1.16256e-05,2472885,2473002
anglo,F,1970,Gemma,0.00050386,2473002,2478041
anglo,F,1970,Georgia,0.000996016,2478041,2488001
anglo,F,1970,Georgina,0.00149953,2488001,2502996
anglo,F,1970,Geraldine,6.39571e-05,2502996,2503637
anglo,F,1970,Gillian,0.000300882,2503637,2506647
anglo,F,1970,Gina,9.01101e-05,2506647,2507549
anglo,F,1970,Glenda,0.000121785,2507549,2508768
anglo,F,1970,Glenys,5.81278e-05,2508768,2509350
anglo,F,1970,Gloria,1.80054e-05,2509350,2509531
anglo,F,1970,Grace,0.000902187,2509531,2518553
anglo,F,1970,Grainne,0.000145634,2518553,2520010
anglo,F,1970,Haley,9.21877e-05,2520010,2520933
anglo,F,1970,Hana,7.59915e-05,2520933,2521694
anglo,F,1970,Hannah,0.00144007,2521694,2536095
anglo,F,1970,Harmony,4.25325e-05,2536095,2536521
anglo,F,1970,Harper,0.000168145,2536521,2538203
anglo,F,1970,Harriet,7.90413e-05,2538203,2538994
anglo,F,1970,Hayleigh,0.00010107,2538994,2540006
anglo,F,1970,Hayley,0.00112118,2540006,2551218
anglo,F,1970,Hazel,0.000166868,2551218,2552888
anglo,F,1970,Heather,0.000679029,2552888,2559679
anglo,F,1970,Heidi,0.00358641,2559679,2595542
anglo,F,1970,Helen,0.00714308,2595542,2666969
anglo,F,1970,Helena,5.77183e-05,2666969,2667547
anglo,F,1970,Hilary,5.84943e-05,2667547,2668133
anglo,F,1970,Hinewai,7.59915e-05,2668133,2668894
anglo,F,1970,Hollie,4.87753e-05,2668894,2669383
anglo,F,1970,Holly,0.000677406,2669383,2676158
anglo,F,1970,Hope,2.01321e-05,2676158,2676360
anglo,F,1970,Huia,7.48573e-05,2676360,2677110
anglo,F,1970,Imogen,4.15401e-05,2677110,2677526
anglo,F,1970,Indi,5.95456e-06,2677526,2677587
anglo,F,1970,India,0.000179484,2677587,2679383
anglo,F,1970,Indie,7.00369e-05,2679383,2680084
anglo,F,1970,Iona,9.60829e-05,2680084,2681046
anglo,F,1970,Irene,9.18696e-05,2681046,2681966
anglo,F,1970,Isabel,7.07458e-05,2681966,2682674
anglo,F,1970,Isabella,0.000603537,2682674,2688710
anglo,F,1970,Isabelle,0.000167578,2688710,2690387
anglo,F,1970,Isla,0.000318427,2690387,2693572
anglo,F,1970,Isobel,1.20509e-05,2693572,2693693
anglo,F,1970,Ivy,8.18043e-05,2693693,2694512
anglo,F,1970,Jacqueline,0.00805996,2694512,2775107
anglo,F,1970,Jade,0.00124764,2775107,2787583
anglo,F,1970,Jaime,0.000282915,2787583,2790413
anglo,F,1970,Jamie,0.00031476,2790413,2793561
anglo,F,1970,Jamie-Lee,0.00013732,2793561,2794935
anglo,F,1970,Jamie-Leigh,6.22981e-05,2794935,2795559
anglo,F,1970,Jan,0.000224997,2795559,2797810
anglo,F,1970,Jana,4.55992e-05,2797810,2798267
anglo,F,1970,Jane,0.00746205,2798267,2872883
anglo,F,1970,Janelle,0.00223092,2872883,2895192
anglo,F,1970,Janet,0.000365974,2895192,2898852
anglo,F,1970,Janette,9.78248e-06,2898852,2898951
anglo,F,1970,Janice,0.000334507,2898951,2902297
anglo,F,1970,Janine,0.0027978,2902297,2930274
anglo,F,1970,Jasmin,8.3455e-05,2930274,2931109
anglo,F,1970,Jasmine,0.000581291,2931109,2936923
anglo,F,1970,Jayde,4.99225e-05,2936923,2937423
anglo,F,1970,Jayne,0.000149631,2937423,2938920
anglo,F,1970,Jean,0.000131351,2938920,2940234
anglo,F,1970,Jeanette,0.000127598,2940234,2941511
anglo,F,1970,Jemma,0.000130909,2941511,2942821
anglo,F,1970,Jena,0.00013843,2942821,2944206
anglo,F,1970,Jenna,0.000280991,2944206,2947017
anglo,F,1970,Jenni,0.000197287,2947017,2948991
anglo,F,1970,Jennifer,0.0170325,2948991,3119305
anglo,F,1970,Jenny,0.000624998,3119305,3125556
anglo,F,1970,Jessica,0.00361822,3125556,3161737
anglo,F,1970,Jessie,0.000159213,3161737,3163330
anglo,F,1970,Jill,0.000109257,3163330,3164423
anglo,F,1970,Jillian,0.000222729,3164423,3166651
anglo,F,1970,Jo-Anne,0.000337816,3166651,3170030
anglo,F,1970,Joan,8.53938e-05,3170030,3170885
anglo,F,1970,Joanna,0.00068948,3170885,3177780
anglo,F,1970,Joanne,0.0163101,3177780,3340871
anglo,F,1970,Jocelyn,7.89687e-05,3340871,3341662
anglo,F,1970,Jodi,0.00184753,3341662,3360137
anglo,F,1970,Jodie,0.0109951,3360137,3470081
anglo,F,1970,Jody,0.00132576,3470081,3483339
anglo,F,1970,Johanna,8.23118e-05,3483339,3484163
anglo,F,1970,Jolene,9.55993e-05,3484163,3485120
anglo,F,1970,Jordan,0.00016924,3485120,3486813
anglo,F,1970,Jorja,6.46495e-05,3486813,3487460
anglo,F,1970,Josephine,0.000188192,3487460,3489343
anglo,F,1970,Joy,0.000131476,3489343,3490659
anglo,F,1970,Joyce,7.96273e-05,3490659,3491456
anglo,F,1970,Judith,0.000711243,3491456,3498569
anglo,F,1970,Julia,0.00160686,3498569,3514638
anglo,F,1970,Julie,0.0136543,3514638,3651172
anglo,F,1970,Julie-Anne,6.733e-05,3651172,3651846
anglo,F,1970,June,6.81647e-05,3651846,3652529
anglo,F,1970,Justine,0.00325149,3652529,3685043
anglo,F,1970,Kahurangi,0.000103496,3685043,3686079
anglo,F,1970,Kaia,0.000223438,3686079,3688314
anglo,F,1970,Kaitlin,5.71341e-05,3688314,3688886
anglo,F,1970,Kaitlyn,0.000148575,3688886,3690373
anglo,F,1970,Kara,9.73775e-05,3690373,3691348
anglo,F,1970,Karen,0.0217878,3691348,3909211
anglo,F,1970,Karla,7.9076e-05,3909211,3910003
anglo,F,1970,Karley,0.000121478,3910003,3911219
anglo,F,1970,Karyn,6.08215e-05,3911219,3911828
anglo,F,1970,Kate,0.00525473,3911828,3964373
anglo,F,1970,Katelyn,0.00014086,3964373,3965782
anglo,F,1970,Katharine,6.03777e-05,3965782,3966387
anglo,F,1970,Katherine,0.00828054,3966387,4049188
anglo,F,1970,Kathleen,0.00416838,4049188,4090870
anglo,F,1970,Kathryn,0.00769494,4090870,4167815
anglo,F,1970,Kathy,4.68019e-05,4167815,4168284
anglo,F,1970,Katie,0.00243118,4168284,4192595
anglo,F,1970,Katie-Louise,4.91262e-05,4192595,4193087
anglo,F,1970,Katrina,0.00822865,4193087,4275369
anglo,F,1970,Katy,5.19501e-05,4275369,4275889
anglo,F,1970,Kay,0.000170839,4275889,4277598
anglo,F,1970,Kaye,3.2183e-05,4277598,4277921
anglo,F,1970,Kayla,0.000397821,4277921,4281900
anglo,F,1970,Kayleigh,8.28781e-05,4281900,4282730
anglo,F,1970,Keely,0.000165406,4282730,4284385
anglo,F,1970,Keeva,0.00018657,4284385,4286252
anglo,F,1970,Keira,0.000107607,4286252,4287329
anglo,F,1970,Kellie,0.00640601,4287329,4351386
anglo,F,1970,Kelly,0.0135025,4351386,4486403
anglo,F,1970,Kelly-Anne,4.64933e-05,4486403,4486869
anglo,F,1970,Kelly-Marie,5.66559e-05,4486869,4487437
anglo,F,1970,Kelsey,0.000159842,4487437,4489036
anglo,F,1970,Keri,7.12231e-05,4489036,4489749
anglo,F,1970,Kerri,5.23657e-05,4489749,4490274
anglo,F,1970,Kerrie,0.00287765,4490274,4519049
anglo,F,1970,Kerry,0.0030136,4519049,4549184
anglo,F,1970,Khloe,1.3894e-05,4549184,4549324
anglo,F,1970,Kiera,5.09875e-05,4549324,4549835
anglo,F,1970,Kim,0.013633,4549835,4686156
anglo,F,1970,Kimberley,0.000353882,4686156,4689696
anglo,F,1970,Kimberly,4.58921e-05,4689696,4690156
anglo,F,1970,Kira,5.08316e-05,4690156,4690665
anglo,F,1970,Kirby,0.000143123,4690665,4692097
anglo,F,1970,Kiri,1.84308e-05,4692097,4692282
anglo,F,1970,Kirsten,0.0005023,4692282,4697306
anglo,F,1970,Kirstie,0.00011992,4697306,4698506
anglo,F,1970,Kirstin,6.70037e-05,4698506,4699177
anglo,F,1970,Kirsty,0.00319772,4699177,4731153
anglo,F,1970,Kora,0.000124479,4731153,4732399
anglo,F,1970,Kori,0.000133105,4732399,4733731
anglo,F,1970,Kristen,0.000307714,4733731,4736809
anglo,F,1970,Kristie,0.00100341,4736809,4746843
anglo,F,1970,Kristin,4.58331e-05,4746843,4747302
anglo,F,1970,Kristina,4.57157e-05,4747302,4747760
anglo,F,1970,Kristy,0.0059646,4747760,4807403
anglo,F,1970,Krystal,9.21538e-05,4807403,4808325
anglo,F,1970,Kyla,5.81278e-06,4808325,4808384
anglo,F,1970,Kylie,0.0263881,4808384,5072248
anglo,F,1970,Lana,6.31131e-05,5072248,5072880
anglo,F,1970,Laoise,5.31366e-05,5072880,5073412
anglo,F,1970,Lara,0.000116959,5073412,5074583
anglo,F,1970,Laura,0.0021046,5074583,5095629
anglo,F,1970,Lauren,0.0020439,5095629,5116068
anglo,F,1970,Laurie,4.76959e-05,5116068,5116546
anglo,F,1970,Layla,7.59915e-05,5116546,5117307
anglo,F,1970,Leah,0.00346801,5117307,5151986
anglo,F,1970,Leanne,0.0114455,5151986,5266434
anglo,F,1970,Leigh,5.7287e-05,5266434,5267008
anglo,F,1970,Leona,7.21943e-05,5267008,5267731
anglo,F,1970,Leonie,0.00135216,5267731,5281253
anglo,F,1970,Lesley,0.000251774,5281253,5283772
anglo,F,1970,Libby,6.80521e-06,5283772,5283841
anglo,F,1970,Lilly,0.000115263,5283841,5284995
anglo,F,1970,Lily,0.000502735,5284995,5290023
anglo,F,1970,Linda,0.0094044,5290023,5384061
anglo,F,1970,Lindsay,6.43905e-05,5384061,5384706
anglo,F,1970,Lindsey,7.14145e-05,5384706,5385421
anglo,F,1970,Lisa,0.0244724,5385421,5630129
anglo,F,1970,Lisa-Marie,6.25666e-05,5630129,5630756
anglo,F,1970,Lois,0.000102945,5630756,5631786
anglo,F,1970,Lola,4.86289e-05,5631786,5632273
anglo,F,1970,Lorna,5.06002e-05,5632273,5632780
anglo,F,1970,Lorraine,0.000310268,5632780,5635883
anglo,F,1970,Louise,0.00896907,5635883,5725568
anglo,F,1970,Lucia,0.000136379,5725568,5726933
anglo,F,1970,Lucinda,0.00022473,5726933,5729181
anglo,F,1970,Lucy,0.00078596,5729181,5737041
anglo,F,1970,Luna,7.51408e-06,5737041,5737117
anglo,F,1970,Lydia,9.22995e-05,5737117,5738041
anglo,F,1970,Lynda,0.000359988,5738041,5741642
anglo,F,1970,Lyndsay,0.000181765,5741642,5743461
anglo,F,1970,Lyndsey,0.000412345,5743461,5747585
anglo,F,1970,Lynette,0.00084084,5747585,5755994
anglo,F,1970,Lynley,3.23247e-05,5755994,5756318
anglo,F,1970,Lynn,7.95113e-05,5756318,5757114
anglo,F,1970,Lynne,0.000204972,5757114,5759165
anglo,F,1970,Lynnette,1.7013e-05,5759165,5759336
anglo,F,1970,Lynsey,6.63635e-05,5759336,5760001
anglo,F,1970,MacKenzie,9.49893e-06,5760001,5760097
anglo,F,1970,Mackenzie,0.000147304,5760097,5761571
anglo,F,1970,Maddison,0.000261717,5761571,5764189
anglo,F,1970,Madeleine,0.000110585,5764189,5765296
anglo,F,1970,Madeline,2.60866e-05,5765296,5765558
anglo,F,1970,Madison,0.000525228,5765558,5770811
anglo,F,1970,Maeve,7.06568e-05,5770811,5771519
anglo,F,1970,Mahi,7.8827e-05,5771519,5772308
anglo,F,1970,Maia,0.000277879,5772308,5775088
anglo,F,1970,Mairead,6.54331e-05,5775088,5775743
anglo,F,1970,Manaia,0.000129299,5775743,5777037
anglo,F,1970,Mandy,5.32241e-05,5777037,5777570
anglo,F,1970,Maraea,9.96679e-05,5777570,5778568
anglo,F,1970,Maree,0.000994117,5778568,5788509
anglo,F,1970,Mareikura,0.000134403,5788509,5789854
anglo,F,1970,Margaret,0.00266473,5789854,5816500
anglo,F,1970,Maria,0.00885151,5816500,5905010
anglo,F,1970,Marian,7.44004e-05,5905010,5905755
anglo,F,1970,Marie,0.000420555,5905755,5909961
anglo,F,1970,Marie-Claire,7.36153e-05,5909961,5910698
anglo,F,1970,Marilyn,0.000123599,5910698,5911935
anglo,F,1970,Marion,0.000355952,5911935,5915495
anglo,F,1970,Martha,0.000460012,5915495,5920096
anglo,F,1970,Martina,7.76405e-05,5920096,5920873
anglo,F,1970,Mary,0.00461235,5920873,5966994
anglo,F,1970,Matilda,8.08118e-05,5966994,5967803
anglo,F,1970,Maura,5.21152e-05,5967803,5968325
anglo,F,1970,Maureen,0.000254531,5968325,5970871
anglo,F,1970,Maya,6.12469e-05,5970871,5971484
anglo,F,1970,Meabh,7.04707e-05,5971484,5972190
anglo,F,1970,Meaghan,0.000797138,5972190,5980162
anglo,F,1970,Meg,5.27903e-05,5980162,5980691
anglo,F,1970,Megan,0.00906209,5980691,6071307
anglo,F,1970,Meghan,4.73072e-05,6071307,6071781
anglo,F,1970,Meibh,4.75005e-05,6071781,6072257
anglo,F,1970,Melanie,0.00998001,6072257,6172051
anglo,F,1970,Melinda,0.00687673,6172051,6240815
anglo,F,1970,Melissa,0.0244264,6240815,6485063
anglo,F,1970,Mereana,9.03108e-05,6485063,6485967
anglo,F,1970,Mia,0.000431742,6485967,6490285
anglo,F,1970,Michaela,0.000192233,6490285,6492208
anglo,F,1970,Micheala,0.000148267,6492208,6493692
anglo,F,1970,Michele,0.00128726,6493692,6506565
anglo,F,1970,Michelle,0.0341468,6506565,6848010
anglo,F,1970,Mikaela,6.80521e-06,6848010,6848079
anglo,F,1970,Mikayla,0.000211528,6848079,6850195
anglo,F,1970,Mila,0.000161482,6850195,6851811
anglo,F,1970,Millie,0.000100802,6851811,6852820
anglo,F,1970,Miriam,5.9534e-05,6852820,6853416
anglo,F,1970,Miriama,8.70499e-05,6853416,6854287
anglo,F,1970,Mollie,4.7116e-05,6854287,6854759
anglo,F,1970,Molly,0.0003001,6854759,6857761
anglo,F,1970,Monica,7.93941e-06,6857761,6857841
anglo,F,1970,Monique,0.00110308,6857841,6868872
anglo,F,1970,Morgan,0.000154425,6868872,6870417
anglo,F,1970,Mya,4.99048e-05,6870417,6870917
anglo,F,1970,Nadia,0.00120824,6870917,6883000
anglo,F,1970,Nadine,0.00020199,6883000,6885021
anglo,F,1970,Naoimh,4.44212e-05,6885021,6885466
anglo,F,1970,Naoise,0.000139565,6885466,6886863
anglo,F,1970,Naomh,7.86172e-05,6886863,6887650
anglo,F,1970,Naomi,0.00401132,6887650,6927761
anglo,F,1970,Narelle,0.00190649,6927761,6946826
anglo,F,1970,Natalie,0.0142954,6946826,7089771
anglo,F,1970,Natasha,0.0060605,7089771,7150373
anglo,F,1970,Nevaeh,9.54147e-05,7150373,7151328
anglo,F,1970,Ngaire,1.64459e-05,7151328,7151493
anglo,F,1970,Nia,9.4564e-05,7151493,7152440
anglo,F,1970,Niamh,0.000103888,7152440,7153480
anglo,F,1970,Nichola,6.2702e-05,7153480,7154108
anglo,F,1970,Nichole,6.86789e-05,7154108,7154796
anglo,F,1970,Nicola,0.00152815,7154796,7170077
anglo,F,1970,Nicole,0.0277366,7170077,7447425
anglo,F,1970,Nikita,0.000233647,7447425,7449762
anglo,F,1970,Nikki,0.000152446,7449762,7451287
anglo,F,1970,Nina,0.000102578,7451287,7452314
anglo,F,1970,Nora,4.39407e-05,7452314,7452754
anglo,F,1970,Nuala,4.48603e-05,7452754,7453204
anglo,F,1970,Olive,7.44319e-05,7453204,7453949
anglo,F,1970,Olivia,0.00206896,7453949,7474638
anglo,F,1970,Oonagh,0.000134126,7474638,7475980
anglo,F,1970,Orfhlaith,0.000123918,7475980,7477220
anglo,F,1970,Orla,0.000697248,7477220,7484193
anglo,F,1970,Orlagh,6.57394e-05,7484193,7484851
anglo,F,1970,Orlaigh,0.000135168,7484851,7486204
anglo,F,1970,Orlaith,0.000346975,7486204,7489675
anglo,F,1970,Padraigin,5.58426e-05,7489675,7490234
anglo,F,1970,Paige,0.000584126,7490234,7496076
anglo,F,1970,Pamela,0.00043311,7496076,7500408
anglo,F,1970,Paris,7.81181e-05,7500408,7501190
anglo,F,1970,Patrice,4.8431e-05,7501190,7501675
anglo,F,1970,Patricia,0.00458201,7501675,7547493
anglo,F,1970,Paula,0.00323303,7547493,7579822
anglo,F,1970,Pauline,0.000487762,7579822,7584700
anglo,F,1970,Payton,6.23811e-06,7584700,7584763
anglo,F,1970,Penelope,0.00203163,7584763,7605079
anglo,F,1970,Peta,0.00354874,7605079,7640565
anglo,F,1970,Peyton,8.80424e-05,7640565,7641446
anglo,F,1970,Philippa,0.000192672,7641446,7643374
anglo,F,1970,Phoebe,0.000248354,7643374,7645858
anglo,F,1970,Piper,8.22296e-05,7645858,7646681
anglo,F,1970,Pippa,5.89785e-05,7646681,7647272
anglo,F,1970,Polly,4.73714e-05,7647272,7647747
anglo,F,1970,Poppy,0.000119375,7647747,7648942
anglo,F,1970,Quinn,3.01981e-05,7648942,7649245
anglo,F,1970,Rachael,0.00607399,7649245,7709982
anglo,F,1970,Rachel,0.0126367,7709982,7836341
anglo,F,1970,Rachelle,5.73012e-05,7836341,7836915
anglo,F,1970,Raewyn,0.000430855,7836915,7841224
anglo,F,1970,Rebecca,0.0263661,7841224,8104868
anglo,F,1970,Rebekah,0.000236086,8104868,8107230
anglo,F,1970,Regan,8.01454e-05,8107230,8108032
anglo,F,1970,Renae,0.00146164,8108032,8122648
anglo,F,1970,Renee,0.00722313,8122648,8194875
anglo,F,1970,Rhian,7.78817e-05,8194875,8195655
anglo,F,1970,Rhianna,4.36797e-05,8195655,8196093
anglo,F,1970,Rhianne,5.24499e-05,8196093,8196618
anglo,F,1970,Rhiannon,0.000242846,8196618,8199047
anglo,F,1970,Rhonda,1.85725e-05,8199047,8199234
anglo,F,1970,Ria,9.96679e-05,8199234,8200232
anglo,F,1970,Riley,9.584e-05,8200232,8201191
anglo,F,1970,Rita,7.08442e-05,8201191,8201900
anglo,F,1970,Roberta,8.31652e-05,8201900,8202733
anglo,F,1970,Robyn,0.00281554,8202733,8230887
anglo,F,1970,Rochelle,0.000295743,8230887,8233845
anglo,F,1970,Roise,8.88322e-05,8233845,8234734
anglo,F,1970,Roisin,4.71795e-05,8234734,8235207
anglo,F,1970,Rose,0.000277698,8235207,8237985
anglo,F,1970,Roseanna,4.35764e-05,8237985,8238422
anglo,F,1970,Rosemary,0.000330646,8238422,8241729
anglo,F,1970,Rosie,7.55565e-05,8241729,8242486
anglo,F,1970,Ruby,0.00061417,8242486,8248628
anglo,F,1970,Ruth,0.000287716,8248628,8251506
anglo,F,1970,Sabrina,5.65525e-05,8251506,8252072
anglo,F,1970,Sacha,0.000100588,8252072,8253079
anglo,F,1970,Sadie,2.1408e-05,8253079,8253294
anglo,F,1970,Sally,0.00613936,8253294,8314684
anglo,F,1970,Samantha,0.0117611,8314684,8432288
anglo,F,1970,Sandra,0.00753734,8432288,8507657
anglo,F,1970,Saoirse,6.88526e-05,8507657,8508346
anglo,F,1970,Sara,0.000765062,8508346,8515997
anglo,F,1970,Sarah,0.0169607,8515997,8685594
anglo,F,1970,Sarah-Jane,7.91179e-05,8685594,8686386
anglo,F,1970,Sarah-Louise,4.43671e-05,8686386,8686831
anglo,F,1970,Sasha,0.000110864,8686831,8687941
anglo,F,1970,Saskia,4.934e-05,8687941,8688435
anglo,F,1970,Savannah,0.000106695,8688435,8689503
anglo,F,1970,Scarlett,0.000148155,8689503,8690985
anglo,F,1970,Seana,6.10001e-05,8690985,8691596
anglo,F,1970,Seanan,5.59426e-05,8691596,8692156
anglo,F,1970,Seaneen,6.06246e-05,8692156,8692763
anglo,F,1970,Seanna,0.000127385,8692763,8694038
anglo,F,1970,Selina,6.15106e-05,8694038,8694654
anglo,F,1970,Seona,7.62345e-05,8694654,8695417
anglo,F,1970,Serena,0.000129218,8695417,8696710
anglo,F,1970,Shakira,7.37231e-06,8696710,8696785
anglo,F,1970,Shania,9.62151e-05,8696785,8697748
anglo,F,1970,Shanice,0.000119161,8697748,8698941
anglo,F,1970,Shanna,0.000114185,8698941,8700084
anglo,F,1970,Shannan,4.41525e-05,8700084,8700526
anglo,F,1970,Shannen,5.37576e-05,8700526,8701065
anglo,F,1970,Shannon,0.00247634,8701065,8725828
anglo,F,1970,Sharlene,3.11905e-05,8725828,8726141
anglo,F,1970,Sharon,0.0129192,8726141,8855325
anglo,F,1970,Shauna,0.000490032,8855325,8860226
anglo,F,1970,Shauneen,0.000220741,8860226,8862434
anglo,F,1970,Sheila,5.03716e-05,8862434,8862939
anglo,F,1970,Shelby,0.000375918,8862939,8866699
anglo,F,1970,Shelley,0.000428904,8866699,8870989
anglo,F,1970,Sheree,7.96042e-05,8870989,8871786
anglo,F,1970,Sheryl,0.000239316,8871786,8874180
anglo,F,1970,Shirley,0.000330816,8874180,8877489
anglo,F,1970,Shona,0.000217559,8877489,8879665
anglo,F,1970,Sian,0.000160219,8879665,8881268
anglo,F,1970,Sienna,0.000192531,8881268,8883194
anglo,F,1970,Simone,0.0063561,8883194,8946752
anglo,F,1970,Sinead,7.26448e-05,8946752,8947479
anglo,F,1970,Siobhan,0.00011555,8947479,8948635
anglo,F,1970,Siofra,0.000136233,8948635,8949998
anglo,F,1970,Skye,0.000512115,8949998,8955120
anglo,F,1970,Skyla,1.48864e-05,8955120,8955270
anglo,F,1970,Skylar,5.81278e-06,8955270,8955329
anglo,F,1970,Sofia,8.93183e-05,8955329,8956223
anglo,F,1970,Sonia,0.00407195,8956223,8996941
anglo,F,1970,Sonya,0.000751855,8996941,9004460
anglo,F,1970,Sophia,0.000420526,9004460,9008666
anglo,F,1970,Sophie,0.00115901,9008666,9020256
anglo,F,1970,Sophie-Louise,0.000175141,9020256,9022008
anglo,F,1970,Sorcha,8.78163e-05,9022008,9022887
anglo,F,1970,Stacey,0.00203058,9022887,9043192
anglo,F,1970,Stella,0.000187569,9043192,9045069
anglo,F,1970,Stephanie,0.00432026,9045069,9088270
anglo,F,1970,Summer,0.000209402,9088270,9090365
anglo,F,1970,Susan,0.0103944,9090365,9194302
anglo,F,1970,Susanna,0.000109127,9194302,9195394
anglo,F,1970,Susannah,4.72433e-05,9195394,9195867
anglo,F,1970,Suzanne,0.00549902,9195867,9250854
anglo,F,1970,Sylvia,0.000156992,9250854,9252425
anglo,F,1970,Tamara,0.00183822,9252425,9270807
anglo,F,1970,Tammy,0.00463336,9270807,9317138
anglo,F,1970,Tania,0.0048819,9317138,9365955
anglo,F,1970,Tanya,0.00877678,9365955,9453718
anglo,F,1970,Tara,0.000155654,9453718,9455275
anglo,F,1970,Tayla,0.000258456,9455275,9457860
anglo,F,1970,Taylor,0.000264553,9457860,9460506
anglo,F,1970,Tegan,4.50845e-05,9460506,9460958
anglo,F,1970,Teresa,0.00128207,9460958,9473779
anglo,F,1970,Terina,7.48573e-05,9473779,9474529
anglo,F,1970,Terri,0.000117681,9474529,9475707
anglo,F,1970,Tess,0.000108536,9475707,9476793
anglo,F,1970,Tessa,0.000250692,9476793,9479301
anglo,F,1970,Thea,3.95553e-05,9479301,9479698
anglo,F,1970,Theresa,6.11267e-05,9479698,9480310
anglo,F,1970,Therese,4.60703e-05,9480310,9480772
anglo,F,1970,Tia,0.000295756,9480772,9483730
anglo,F,1970,Tiana,5.50088e-05,9483730,9484281
anglo,F,1970,Tiare,9.51311e-05,9484281,9485233
anglo,F,1970,Tiarna,6.79955e-05,9485233,9485914
anglo,F,1970,Tiegan,5.94161e-05,9485914,9486509
anglo,F,1970,Tiffany,8.06727e-05,9486509,9487317
anglo,F,1970,Tina,0.00472227,9487317,9534537
anglo,F,1970,Toni,0.00199473,9534537,9554484
anglo,F,1970,Tonicha,0.000141911,9554484,9555904
anglo,F,1970,Tori,0.000139193,9555904,9557297
anglo,F,1970,Tory,4.50842e-05,9557297,9557749
anglo,F,1970,Tracey,0.0113525,9557749,9671268
anglo,F,1970,Tracy,0.00827331,9671268,9753996
anglo,F,1970,Trinity,5.68518e-05,9753996,9754565
anglo,F,1970,Tui,0.000177361,9754565,9756339
anglo,F,1970,Tyla,1.3894e-05,9756339,9756479
anglo,F,1970,Tyler,0.000169124,9756479,9758171
anglo,F,1970,Una,0.000294739,9758171,9761119
anglo,F,1970,Ursula,5.1868e-05,9761119,9761639
anglo,F,1970,Valerie,0.000141111,9761639,9763051
anglo,F,1970,Vanessa,0.0109267,9763051,9872311
anglo,F,1970,Vicki,0.00282097,9872311,9900520
anglo,F,1970,Vicky,2.80715e-05,9900520,9900802
anglo,F,1970,Victoria,0.00157858,9900802,9916588
anglo,F,1970,Violet,7.17382e-05,9916588,9917306
anglo,F,1970,Virginia,7.65586e-06,9917306,9917384
anglo,F,1970,Vivienne,0.000113704,9917384,9918522
anglo,F,1970,Waimarie,9.51311e-05,9918522,9919474
anglo,F,1970,Wendy,0.00540491,9919474,9973520
anglo,F,1970,Whitney,0.000576873,9973520,9979289
anglo,F,1970,Wikitoria,8.26549e-05,9979289,9980116
anglo,F,1970,Willow,0.000105339,9980116,9981170
anglo,F,1970,Yasmin,7.64641e-05,9981170,9981936
anglo,F,1970,Yasmine,0.000118415,9981936,9983121
anglo,F,1970,Yvette,0.000284301,9983121,9985965
anglo,F,1970,Yvonne,0.000517604,9985965,9991142
anglo,F,1970,Zara,0.000233621,9991142,9993479
anglo,F,1970,Zoe,0.000628554,9993479,9999765
anglo,F,1970,Zoey,2.33929e-05,9999765,10000000
anglo,M,1980,Aaron,0.0128545,0,128539
anglo,M,1980,Abdul,7.76234e-05,128539,129316
anglo,M,1980,Adam,0.0231452,129316,360757
anglo,M,1980,Adrian,0.00514113,360757,412167
anglo,M,1980,Aedan,7.66993e-05,412167,412935
anglo,M,1980,Aidan,0.000234422,412935,415280
anglo,M,1980,Aiden,0.000158472,415280,416866
anglo,M,1980,Alan,0.00149143,416866,431781
anglo,M,1980,Alastair,0.000122459,431781,433006
anglo,M,1980,Albert,0.000114897,433006,434156
anglo,M,1980,Alex,0.00130017,434156,447158
anglo,M,1980,Alexander,0.00912798,447158,538434
anglo,M,1980,Alistair,0.000193013,538434,540365
anglo,M,1980,Alister,9.10776e-05,540365,541277
anglo,M,1980,Allan,0.00126027,541277,553880
anglo,M,1980,Allen,5.52442e-06,553880,553936
anglo,M,1980,Anaru,7.96167e-05,553936,554733
anglo,M,1980,Andre,1.37569e-05,554733,554872
anglo,M,1980,Andrew,0.0300961,554872,855819
anglo,M,1980,Angus,0.000358609,855819,859406
anglo,M,1980,Anthony,0.0126786,859406,986187
anglo,M,1980,Antoin,6.21738e-05,986187,986810
anglo,M,1980,Anton,8.85833e-05,986810,987697
anglo,M,1980,Antony,0.000244683,987697,990145
anglo,M,1980,Aodhan,0.000153042,990145,991676
anglo,M,1980,Archer,4.12707e-05,991676,992090
anglo,M,1980,Archie,8.38413e-05,992090,992929
anglo,M,1980,Ari,0.000106589,992929,993996
anglo,M,1980,Ariki,0.000127603,993996,995273
anglo,M,1980,Arlo,6.32601e-05,995273,995907
anglo,M,1980,Arran,9.56844e-05,995907,996865
anglo,M,1980,Arron,7.54536e-05,996865,997620
anglo,M,1980,Arthur,0.000159901,997620,999220
anglo,M,1980,Asher,3.45547e-05,999220,999567
anglo,M,1980,Ashley,0.0035259,999567,1034825
anglo,M,1980,Ashton,0.000133886,1034825,1036165
anglo,M,1980,Austin,7.45256e-05,1036165,1036911
anglo,M,1980,Bailey,0.000204927,1036911,1038961
anglo,M,1980,Bailie,8.60154e-05,1038961,1039822
anglo,M,1980,Barry,0.000499232,1039822,1044815
anglo,M,1980,Beau,0.00116872,1044815,1056503
anglo,M,1980,Beauden,1.35403e-05,1056503,1056639
anglo,M,1980,Ben,0.00444703,1056639,1101108
anglo,M,1980,Benjamin,0.0272157,1101108,1373253
anglo,M,1980,Benn,6.59985e-05,1373253,1373914
anglo,M,1980,Bernard,0.000548867,1373914,1379403
anglo,M,1980,Bevan,6.86762e-05,1379403,1380091
anglo,M,1980,Billy,0.00109747,1380091,1391066
anglo,M,1980,Blaine,8.4567e-05,1391066,1391913
anglo,M,1980,Blair,0.000310126,1391913,1395015
anglo,M,1980,Blake,0.00336793,1395015,1428694
anglo,M,1980,Bodhi,7.58254e-06,1428694,1428771
anglo,M,1980,Brad,0.000304956,1428771,1431821
anglo,M,1980,Bradley,0.00945795,1431821,1526397
anglo,M,1980,Brandon,0.000234061,1526397,1528738
anglo,M,1980,Braxton,8.02666e-05,1528738,1529542
anglo,M,1980,Brayden,3.43381e-05,1529542,1529886
anglo,M,1980,Breandan,8.18556e-05,1529886,1530705
anglo,M,1980,Brendan,0.00825933,1530705,1613295
anglo,M,1980,Brendon,0.00230647,1613295,1636360
anglo,M,1980,Brent,0.00266773,1636360,1663037
anglo,M,1980,Brenton,0.000500691,1663037,1668045
anglo,M,1980,Brett,0.00673902,1668045,1735433
anglo,M,1980,Brian,0.00194429,1735433,1754876
anglo,M,1980,Brodie,2.33976e-05,1754876,1755111
anglo,M,1980,Brooklyn,4.39788e-05,1755111,1755552
anglo,M,1980,Bruce,0.000753848,1755552,1763091
anglo,M,1980,Bryan,0.000478758,1763091,1767879
anglo,M,1980,Bryce,0.000204946,1767879,1769929
anglo,M,1980,Cahal,9.98507e-05,1769929,1770928
anglo,M,1980,Cahir,6.44635e-05,1770928,1771574
anglo,M,1980,Cailum,7.34383e-05,1771574,1772309
anglo,M,1980,Cal,0.000100593,1772309,1773316
anglo,M,1980,Caleb,0.000698654,1773316,1780303
anglo,M,1980,Callan,7.42604e-05,1780303,1781047
anglo,M,1980,Callum,0.00042479,1781047,1785296
anglo,M,1980,Calum,8.22914e-05,1785296,1786120
anglo,M,1980,Calvin,0.000219075,1786120,1788312
anglo,M,1980,Cameron,0.00667445,1788312,1855054
anglo,M,1980,Campbell,4.57119e-05,1855054,1855512
anglo,M,1980,Caoimhin,0.000235519,1855512,1857868
anglo,M,1980,Caolain,8.01721e-05,1857868,1858671
anglo,M,1980,Caolan,7.14097e-05,1858671,1859386
anglo,M,1980,Caomhan,9.80569e-05,1859386,1860367
anglo,M,1980,Carl,0.000445949,1860367,1864827
anglo,M,1980,Carlos,1.32153e-05,1864827,1864960
anglo,M,1980,Carter,0.000250611,1864960,1867467
anglo,M,1980,Cathal,6.15585e-05,1867467,1868084
anglo,M,1980,Chad,0.000965063,1868084,1877735
anglo,M,1980,Charles,0.000905468,1877735,1886790
anglo,M,1980,Charlie,0.000429745,1886790,1891088
anglo,M,1980,Chase,1.8848e-05,1891088,1891277
anglo,M,1980,Che,0.000126424,1891277,1892542
anglo,M,1980,Chris,9.91228e-05,1892542,1893534
anglo,M,1980,Christian,0.000831557,1893534,1901850
anglo,M,1980,Christie,7.85778e-05,1901850,1902637
anglo,M,1980,Christopher,0.0347627,1902637,2250248
anglo,M,1980,Christy,9.77084e-05,2250248,2251226
anglo,M,1980,Cianan,0.000141657,2251226,2252643
anglo,M,1980,Ciaran,7.91657e-05,2252643,2253436
anglo,M,1980,Cillian,0.000105805,2253436,2254495
anglo,M,1980,Clark,0.000187559,2254495,2256371
anglo,M,1980,Clayton,6.391e-06,2256371,2256436
anglo,M,1980,Clifford,0.000132283,2256436,2257760
anglo,M,1980,Clint,0.000661535,2257760,2264376
anglo,M,1980,Clinton,0.0013073,2264376,2277449
anglo,M,1980,Clive,0.0002703,2277449,2280153
anglo,M,1980,Cody,0.000362936,2280153,2283783
anglo,M,1980,Cohen,1.07239e-05,2283783,2283891
anglo,M,1980,Cole,7.01927e-05,2283891,2284594
anglo,M,1980,Colin,0.00142207,2284594,2298815
anglo,M,1980,Colm,0.000102912,2298815,2299845
anglo,M,1980,Colum,0.0004553,2299845,2304399
anglo,M,1980,Conal,0.000111312,2304399,2305513
anglo,M,1980,Conall,0.000147575,2305513,2306990
anglo,M,1980,Conan,0.00010097,2306990,2308001
anglo,M,1980,Conchur,6.40101e-05,2308001,2308642
anglo,M,1980,Conn,6.16599e-05,2308642,2309260
anglo,M,1980,Connor,0.000570718,2309260,2314968
anglo,M,1980,Conor,0.000201778,2314968,2316987
anglo,M,1980,Conrad,0.000107559,2316987,2318064
anglo,M,1980,Cooper,0.000228884,2318064,2320354
anglo,M,1980,Corey,0.00228474,2320354,2343201
anglo,M,1980,Cormac,6.32366e-05,2343201,2343834
anglo,M,1980,Cory,0.000138373,2343834,2345219
anglo,M,1980,Craig,0.00780152,2345219,2423231
anglo,M,1980,Cruz,5.63275e-06,2423231,2423288
anglo,M,1980,Curtis,0.000567699,2423288,2428966
anglo,M,1980,Daire,9.07912e-05,2428966,2429875
anglo,M,1980,Dale,0.00258389,2429875,2455714
anglo,M,1980,Damian,0.000660524,2455714,2462320
anglo,M,1980,Damien,0.00351637,2462320,2497483
anglo,M,1980,Damon,2.2856e-05,2497483,2497713
anglo,M,1980,Dane,0.00267208,2497713,2524433
anglo,M,1980,Daniel,0.0377313,2524433,2901728
anglo,M,1980,Danny,0.00131964,2901728,2914925
anglo,M,1980,Dara,0.000200503,2914925,2916931
anglo,M,1980,Darragh,0.000110823,2916931,2918040
anglo,M,1980,Darrell,6.78964e-05,2918040,2918720
anglo,M,1980,Darren,0.00346366,2918720,2953356
anglo,M,1980,Darrin,2.35059e-05,2953356,2953592
anglo,M,1980,Darryl,0.00044566,2953592,2958049
anglo,M,1980,Darryn,2.81637e-05,2958049,2958332
anglo,M,1980,Daryl,0.000296921,2958332,2961302
anglo,M,1980,David,0.030873,2961302,3270017
anglo,M,1980,Deaglan,7.00899e-05,3270017,3270719
anglo,M,1980,Dean,0.00722112,3270719,3342927
anglo,M,1980,Deane,6.99472e-05,3342927,3343627
anglo,M,1980,Declan,9.67413e-05,3343627,3344595
anglo,M,1980,Denis,0.00015794,3344595,3346175
anglo,M,1980,Dennis,0.000307908,3346175,3349255
anglo,M,1980,Derek,0.00080167,3349255,3357272
anglo,M,1980,Dermot,0.000102515,3357272,3358298
anglo,M,1980,Desmond,0.000111796,3358298,3359417
anglo,M,1980,Diarmuid,7.02333e-05,3359417,3360120
anglo,M,1980,Dillon,8.17603e-05,3360120,3360939
anglo,M,1980,Dion,0.000138977,3360939,3362330
anglo,M,1980,Domhnall,7.89684e-05,3362330,3363121
anglo,M,1980,Dominic,0.000548387,3363121,3368606
anglo,M,1980,Don,0.000183718,3368606,3370444
anglo,M,1980,Donal,6.49256e-05,3370444,3371094
anglo,M,1980,Donald,0.00036464,3371094,3374741
anglo,M,1980,Douglas,0.000802549,3374741,3382767
anglo,M,1980,Duncan,0.000438629,3382767,3387154
anglo,M,1980,Dwayne,6.17436e-06,3387154,3387217
anglo,M,1980,Dylan,0.00285544,3387217,3415771
anglo,M,1980,Eamon,6.82937e-05,3415771,3416455
anglo,M,1980,Eamonn,7.23271e-05,3416455,3417179
anglo,M,1980,Edward,0.00310476,3417179,3448226
anglo,M,1980,Eli,0.000104097,3448226,3449268
anglo,M,1980,Elijah,0.000231484,3449268,3451584
anglo,M,1980,Elliot,9.41667e-05,3451584,3452527
anglo,M,1980,Elliott,0.000127823,3452527,3453806
anglo,M,1980,Emmet,0.000171766,3453806,3455525
anglo,M,1980,Emmett,6.84275e-05,3455525,3456210
anglo,M,1980,Enda,0.000807759,3456210,3464288
anglo,M,1980,Eoghan,7.68818e-05,3464288,3465058
anglo,M,1980,Eoin,0.000134674,3465058,3466406
anglo,M,1980,Eric,0.000374846,3466406,3470155
anglo,M,1980,Ethan,0.000902104,3470155,3479177
anglo,M,1980,Euan,6.91073e-05,3479177,3479869
anglo,M,1980,Eugene,6.92454e-05,3479869,3480562
anglo,M,1980,Eunan,8.43318e-05,3480562,3481406
anglo,M,1980,Evan,0.000793451,3481406,3489341
anglo,M,1980,Ewan,7.15604e-05,3489341,3490058
anglo,M,1980,Ezra,3.34715e-05,3490058,3490394
anglo,M,1980,Feargal,6.64907e-05,3490394,3491060
anglo,M,1980,Fearghal,8.03775e-05,3491060,3491865
anglo,M,1980,Felix,8.32997e-05,3491865,3492699
anglo,M,1980,Fergal,0.000117089,3492699,3493871
anglo,M,1980,Fergus,8.07925e-05,3493871,3494680
anglo,M,1980,Finbar,0.000123096,3494680,3495912
anglo,M,1980,Finn,0.00058833,3495912,3501796
anglo,M,1980,Fintan,7.528e-05,3501796,3502550
anglo,M,1980,Fionntan,0.000149698,3502550,3504048
anglo,M,1980,Fletcher,4.842e-05,3504048,3504533
anglo,M,1980,Flynn,0.000170824,3504533,3506242
anglo,M,1980,Francis,0.000109393,3506242,3507337
anglo,M,1980,Frank,9.75295e-05,3507337,3508313
anglo,M,1980,Fraser,5.52442e-06,3508313,3508369
anglo,M,1980,Frazer,8.31818e-05,3508369,3509202
anglo,M,1980,Frederick,0.000107431,3509202,3510277
anglo,M,1980,Gabriel,0.000216383,3510277,3512442
anglo,M,1980,Gareth,0.000312331,3512442,3515566
anglo,M,1980,Garrett,6.56356e-05,3515566,3516223
anglo,M,1980,Garry,0.000283179,3516223,3519056
anglo,M,1980,Gary,0.00127433,3519056,3531800
anglo,M,1980,Gavin,0.00297826,3531800,3561582
anglo,M,1980,Geoffrey,0.00204534,3561582,3582035
anglo,M,1980,George,0.0041925,3582035,3623959
anglo,M,1980,Gerald,7.56148e-05,3623959,3624716
anglo,M,1980,Gerard,0.000129315,3624716,3626010
anglo,M,1980,Giles,0.000923481,3626010,3635245
anglo,M,1980,Glen,0.00210893,3635245,3656334
anglo,M,1980,Glenn,0.00233381,3656334,3679672
anglo,M,1980,Gordon,0.000336497,3679672,3683038
anglo,M,1980,Graeme,0.000752732,3683038,3690566
anglo,M,1980,Graham,0.000496282,3690566,3695530
anglo,M,1980,Grant,0.00514658,3695530,3746994
anglo,M,1980,Grayson,2.80554e-05,3746994,3747276
anglo,M,1980,Gregory,0.0051899,3747276,3799173
anglo,M,1980,Guy,0.000724058,3799173,3806414
anglo,M,1980,Hamish,0.000693242,3806414,3813347
anglo,M,1980,Harley,4.36538e-05,3813347,3813784
anglo,M,1980,Harrison,0.000303302,3813784,3816818
anglo,M,1980,Harry,0.000396573,3816818,3820785
anglo,M,1980,Harvey,9.40746e-05,3820785,3821727
anglo,M,1980,Hayden,0.000846478,3821727,3830192
anglo,M,1980,Hemi,0.000147318,3830192,3831666
anglo,M,1980,Henry,0.000455799,3831666,3836225
anglo,M,1980,Hoani,6.21769e-05,3836225,3836848
anglo,M,1980,Howard,7.72502e-05,3836848,3837621
anglo,M,1980,Hudson,3.04385e-05,3837621,3837926
anglo,M,1980,Hugh,0.000117177,3837926,3839099
anglo,M,1980,Hugo,5.88189e-05,3839099,3839688
anglo,M,1980,Hunter,0.000329732,3839688,3842986
anglo,M,1980,Iain,7.70654e-05,3842986,3843758
anglo,M,1980,Ian,0.00437942,3843758,3887551
anglo,M,1980,Ihaia,5.15613e-05,3887551,3888068
anglo,M,1980,Isaac,0.00106509,3888068,3898719
anglo,M,1980,Isaiah,3.78044e-05,3898719,3899098
anglo,M,1980,Israel,5.63275e-06,3899098,3899155
anglo,M,1980,Ivan,2.5564e-05,3899155,3899412
anglo,M,1980,Jack,0.00264972,3899412,3925909
anglo,M,1980,Jackson,0.000610169,3925909,3932011
anglo,M,1980,Jacob,0.00445084,3932011,3976518
anglo,M,1980,Jaime,0.000131511,3976518,3977834
anglo,M,1980,Jake,0.00199922,3977834,3997826
anglo,M,1980,Jakob,4.98281e-06,3997826,3997877
anglo,M,1980,James,0.0265345,3997877,4263210
anglo,M,1980,Jamie,0.00540798,4263210,4317288
anglo,M,1980,Jared,0.00193053,4317288,4336593
anglo,M,1980,Jarlath,6.25932e-05,4336593,4337220
anglo,M,1980,Jarrod,0.000275708,4337220,4339978
anglo,M,1980,Jason,0.0155717,4339978,4495688
anglo,M,1980,Jasper,2.66472e-05,4495688,4495955
anglo,M,1980,Jaxon,6.74846e-05,4495955,4496631
anglo,M,1980,Jay,0.00252794,4496631,4521910
anglo,M,1980,Jayden,0.00049189,4521910,4526830
anglo,M,1980,Jeffrey,0.00208813,4526830,4547711
anglo,M,1980,Jeremy,0.00502731,4547711,4597983
anglo,M,1980,Jesse,0.00241696,4597983,4622152
anglo,M,1980,Joe,6.30202e-05,4622152,4622783
anglo,M,1980,Joel,0.00784457,4622783,4701226
anglo,M,1980,John,0.0154669,4701226,4855888
anglo,M,1980,Johnathan,0.000130002,4855888,4857189
anglo,M,1980,Johnny,6.33456e-05,4857189,4857823
anglo,M,1980,Jon,0.000113842,4857823,4858962
anglo,M,1980,Jonathan,0.00609309,4858962,4919891
anglo,M,1980,Jonathon,0.00218723,4919891,4941763
anglo,M,1980,Jordan,0.00177277,4941763,4959491
anglo,M,1980,Jordon,0.00010801,4959491,4960572
anglo,M,1980,Joseph,0.00815542,4960572,5042123
anglo,M,1980,Josh,8.016e-05,5042123,5042926
anglo,M,1980,Joshua,0.0210596,5042926,5253513
anglo,M,1980,Josiah,5.63275e-06,5253513,5253570
anglo,M,1980,Jude,7.27978e-05,5253570,5254299
anglo,M,1980,Julian,0.000349412,5254299,5257794
anglo,M,1980,Justin,0.00732076,5257794,5330999
anglo,M,1980,Kahu,7.58254e-05,5330999,5331758
anglo,M,1980,Kahurangi,0.000101714,5331758,5332776
anglo,M,1980,Kaleb,5.32944e-05,5332776,5333310
anglo,M,1980,Kane,0.000401279,5333310,5337324
anglo,M,1980,Karl,0.000481772,5337324,5342142
anglo,M,1980,Kauri,0.000174723,5342142,5343890
anglo,M,1980,Kayden,1.33236e-05,5343890,5344024
anglo,M,1980,Kealan,0.000170223,5344024,5345727
anglo,M,1980,Keanu,5.84939e-06,5345727,5345786
anglo,M,1980,Keegan,3.8021e-05,5345786,5346167
anglo,M,1980,Keelan,7.97655e-05,5346167,5346966
anglo,M,1980,Keith,0.000311938,5346966,5350086
anglo,M,1980,Kelly,6.28268e-06,5350086,5350150
anglo,M,1980,Kelvin,0.000293294,5350150,5353084
anglo,M,1980,Kenneth,0.000416719,5353084,5357252
anglo,M,1980,Kerry,0.000260406,5357252,5359857
anglo,M,1980,Kevin,0.00373237,5359857,5397180
anglo,M,1980,Kieran,0.000446617,5397180,5401647
anglo,M,1980,Killian,0.000315164,5401647,5404799
anglo,M,1980,Kim,1.35403e-05,5404799,5404935
anglo,M,1980,Kingston,7.49589e-05,5404935,5405686
anglo,M,1980,Kirk,8.91218e-05,5405686,5406578
anglo,M,1980,Kristian,9.66823e-05,5406578,5407546
anglo,M,1980,Kristopher,6.20701e-05,5407546,5408168
anglo,M,1980,Kurt,0.00129831,5408168,5421151
anglo,M,1980,Kurtis,0.000115435,5421151,5422306
anglo,M,1980,Kyle,0.00269618,5422306,5449267
anglo,M,1980,Lachlan,0.00248478,5449267,5474115
anglo,M,1980,Lance,0.000320417,5474115,5477320
anglo,M,1980,Lawrence,0.000149545,5477320,5478816
anglo,M,1980,Lee,0.0020134,5478816,5498950
anglo,M,1980,Leigh,0.000469864,5498950,5503649
anglo,M,1980,Leo,0.000320434,5503649,5506854
anglo,M,1980,Leon,0.000166714,5506854,5508522
anglo,M,1980,Leonard,8.15714e-05,5508522,5509339
anglo,M,1980,Leslie,0.000454026,5509339,5513880
anglo,M,1980,Levi,0.00032345,5513880,5517115
anglo,M,1980,Lewis,0.000437065,5517115,5521486
anglo,M,1980,Liam,0.0029829,5521486,5551314
anglo,M,1980,Lincoln,9.2832e-05,5551314,5552243
anglo,M,1980,Lindsay,9.56484e-05,5552243,5553200
anglo,M,1980,Lloyd,0.000116788,5553200,5554369
anglo,M,1980,Logan,0.000615811,5554369,5560528
anglo,M,1980,Lorcan,0.000151905,5560528,5562048
anglo,M,1980,Louis,0.000315599,5562048,5565205
anglo,M,1980,Luca,0.000142768,5565205,5566634
anglo,M,1980,Lucas,0.00164111,5566634,5583045
anglo,M,1980,Luka,1.28903e-05,5583045,5583175
anglo,M,1980,Lukas,7.58254e-06,5583175,5583252
anglo,M,1980,Luke,0.0233515,5583252,5816756
anglo,M,1980,Lyndon,0.000225276,5816756,5819010
anglo,M,1980,Macauley,6.50425e-05,5819010,5819661
anglo,M,1980,Mairtin,0.000351598,5819661,5823178
anglo,M,1980,Malachy,8.36368e-05,5823178,5824015
anglo,M,1980,Malcolm,0.000361107,5824015,5827627
anglo,M,1980,Manaaki,6.21769e-05,5827627,5828250
anglo,M,1980,Manaia,0.000155334,5828250,5829804
anglo,M,1980,Manawa,5.80606e-05,5829804,5830386
anglo,M,1980,Manus,0.000300386,5830386,5833391
anglo,M,1980,Marc,0.000661204,5833391,5840004
anglo,M,1980,Marco,0.000198181,5840004,5841987
anglo,M,1980,Marcus,0.000197924,5841987,5843967
anglo,M,1980,Mark,0.0174008,5843967,6017967
anglo,M,1980,Martin,0.00341954,6017967,6052162
anglo,M,1980,Martyn,7.36008e-05,6052162,6052899
anglo,M,1980,Mason,0.000283046,6052899,6055730
anglo,M,1980,Mathew,0.00852854,6055730,6141012
anglo,M,1980,Matiu,4.92865e-05,6141012,6141506
anglo,M,1980,Matthew,0.0390214,6141506,6531702
anglo,M,1980,Maurice,0.000136738,6531702,6533070
anglo,M,1980,Max,0.000593673,6533070,6539007
anglo,M,1980,Maxwell,1.86314e-05,6539007,6539194
anglo,M,1980,Mervyn,1.75482e-05,6539194,6539370
anglo,M,1980,Micah,5.63275e-06,6539370,6539427
anglo,M,1980,Michael,0.0381037,6539427,6920445
anglo,M,1980,Micheal,0.000478845,6920445,6925234
anglo,M,1980,Mikaere,0.000153059,6925234,6926765
anglo,M,1980,Mitchel,0.000103312,6926765,6927799
anglo,M,1980,Mitchell,0.0115946,6927799,7043740
anglo,M,1980,Mohamed,6.61206e-05,7043740,7044402
anglo,M,1980,Mohammad,0.000112305,7044402,7045526
anglo,M,1980,Mohammed,0.000532922,7045526,7050856
anglo,M,1980,Morgan,0.000110822,7050856,7051965
anglo,M,1980,Murray,0.000524604,7051965,7057212
anglo,M,1980,Myles,0.000247105,7057212,7059684
anglo,M,1980,Naoise,8.20727e-05,7059684,7060506
anglo,M,1980,Nate,5.19946e-06,7060506,7060559
anglo,M,1980,Nathan,0.019943,7060559,7259980
anglo,M,1980,Nathaniel,0.000175459,7259980,7261735
anglo,M,1980,Neil,0.00103139,7261735,7272049
anglo,M,1980,Neville,0.000137352,7272049,7273423
anglo,M,1980,Niall,0.000135497,7273423,7274779
anglo,M,1980,Nicholas,0.0158831,7274779,7433603
anglo,M,1980,Nigel,0.000567427,7433603,7439278
anglo,M,1980,Nikau,0.000210361,7439278,7441382
anglo,M,1980,Niko,0.000105289,7441382,7442436
anglo,M,1980,Nikora,0.000191297,7442436,7444350
anglo,M,1980,Nixon,2.37225e-05,7444350,7444588
anglo,M,1980,Noah,0.000380319,7444588,7448392
anglo,M,1980,Noel,0.000349475,7448392,7451888
anglo,M,1980,Norman,0.00023187,7451888,7454208
anglo,M,1980,Odhran,0.000107113,7454208,7455280
anglo,M,1980,Oisin,0.000137183,7455280,7456653
anglo,M,1980,Oliver,0.0010567,7456653,7467220
anglo,M,1980,Omar,8.99462e-05,7467220,7468120
anglo,M,1980,Oran,9.02255e-05,7468120,7469023
anglo,M,1980,Oscar,0.000215236,7469023,7471176
anglo,M,1980,Owen,0.000234303,7471176,7473520
anglo,M,1980,Padraic,8.88515e-05,7473520,7474409
anglo,M,1980,Padraig,0.000155384,7474409,7475964
anglo,M,1980,Patrick,0.00624668,7475964,7538429
anglo,M,1980,Paul,0.0148051,7538429,7686474
anglo,M,1980,Pauric,0.000138927,7686474,7687864
anglo,M,1980,Peadar,9.87641e-05,7687864,7688853
anglo,M,1980,Pearce,7.11107e-05,7688853,7689565
anglo,M,1980,Pearse,8.164e-05,7689565,7690382
anglo,M,1980,Peter,0.0176621,7690382,7866995
anglo,M,1980,Philip,0.00266583,7866995,7893653
anglo,M,1980,Phillip,0.00531498,7893653,7946801
anglo,M,1980,Phoenix,9.554e-05,7946801,7947757
anglo,M,1980,Piaras,0.000165808,7947757,7949416
anglo,M,1980,Pierce,0.000129265,7949416,7950710
anglo,M,1980,Quentin,7.25758e-06,7950710,7950784
anglo,M,1980,Quinn,8.0375e-05,7950784,7951589
anglo,M,1980,Rawiri,0.000168224,7951589,7953272
anglo,M,1980,Raymond,0.0023312,7953272,7976584
anglo,M,1980,Reece,0.000362771,7976584,7980212
anglo,M,1980,Regan,0.000128037,7980212,7981493
anglo,M,1980,Reuben,0.000295088,7981493,7984445
anglo,M,1980,Rex,6.07687e-05,7984445,7985054
anglo,M,1980,Rhys,0.00187791,7985054,8003833
anglo,M,1980,Rian,6.69928e-05,8003833,8004504
anglo,M,1980,Richard,0.00720374,8004504,8076539
anglo,M,1980,Ricky,0.000366086,8076539,8080201
anglo,M,1980,Riley,0.00030016,8080201,8083203
anglo,M,1980,Robbie,6.37865e-05,8083203,8083842
anglo,M,1980,Robert,0.0160384,8083842,8244219
anglo,M,1980,Robin,0.000368318,8244219,8247903
anglo,M,1980,Rodney,0.00124741,8247903,8260377
anglo,M,1980,Roger,0.000358918,8260377,8263967
anglo,M,1980,Rohan,7.264e-05,8263967,8264694
anglo,M,1980,Roman,4.64702e-05,8264694,8265160
anglo,M,1980,Ronald,0.000270006,8265160,8267861
anglo,M,1980,Ronan,8.5283e-05,8267861,8268715
anglo,M,1980,Rory,9.32151e-05,8268715,8269648
anglo,M,1980,Ross,0.00120704,8269648,8281719
anglo,M,1980,Rowan,8.10022e-05,8281719,8282530
anglo,M,1980,Roy,7.63372e-05,8282530,8283294
anglo,M,1980,Ruairi,8.72742e-05,8283294,8284168
anglo,M,1980,Ruari,6.63667e-05,8284168,8284833
anglo,M,1980,Russell,0.00192991,8284833,8304132
anglo,M,1980,Ryan,0.0127252,8304132,8431379
anglo,M,1980,Ryder,7.87501e-05,8431379,8432167
anglo,M,1980,Sam,0.00132674,8432167,8445435
anglo,M,1980,Samuel,0.00913716,8445435,8536803
anglo,M,1980,Saul,7.47655e-05,8536803,8537552
anglo,M,1980,Scot,9.60139e-05,8537552,8538513
anglo,M,1980,Scott,0.0164192,8538513,8702697
anglo,M,1980,Seamus,0.00011598,8702697,8703858
anglo,M,1980,Sean,0.00521235,8703858,8755980
anglo,M,1980,Sean-Paul,7.99681e-05,8755980,8756781
anglo,M,1980,Sebastian,0.00011168,8756781,8757899
anglo,M,1980,Seth,8.44912e-05,8757899,8758745
anglo,M,1980,Shane,0.00966167,8758745,8855358
anglo,M,1980,Shannon,0.00309022,8855358,8886260
anglo,M,1980,Shaun,0.00554371,8886260,8941695
anglo,M,1980,Shay,7.09624e-05,8941695,8942406
anglo,M,1980,Shayne,3.20633e-05,8942406,8942728
anglo,M,1980,Shea,0.000121209,8942728,8943941
anglo,M,1980,Simon,0.00955972,8943941,9039534
anglo,M,1980,Sione,1.78731e-05,9039534,9039714
anglo,M,1980,Spencer,5.63275e-06,9039714,9039771
anglo,M,1980,Stanley,0.000293661,9039771,9042708
anglo,M,1980,Stefan,9.50271e-05,9042708,9043659
anglo,M,1980,Stephen,0.0108095,9043659,9151750
anglo,M,1980,Steven,0.0121852,9151750,9273597
anglo,M,1980,Stewart,0.000154273,9273597,9275141
anglo,M,1980,Stuart,0.00373826,9275141,9312523
anglo,M,1980,Tai,8.58994e-05,9312523,9313383
anglo,M,1980,Taine,2.20977e-05,9313383,9313605
anglo,M,1980,Tama,0.000136161,9313605,9314968
anglo,M,1980,Tamati,0.000191297,9314968,9316882
anglo,M,1980,Tane,0.000183931,9316882,9318722
anglo,M,1980,Tangaroa,6.55348e-05,9318722,9319378
anglo,M,1980,Taylor,0.000352259,9319378,9322901
anglo,M,1980,Te Ariki,0.000154142,9322901,9324443
anglo,M,1980,Te Koha,5.81689e-05,9324443,9325026
anglo,M,1980,Terence,0.000466458,9325026,9329691
anglo,M,1980,Terry,0.000156722,9329691,9331259
anglo,M,1980,Theo,3.36882e-05,9331259,9331597
anglo,M,1980,Theodore,4.64702e-05,9331597,9332063
anglo,M,1980,Thomas,0.0128508,9332063,9460566
anglo,M,1980,Tiare,5.15613e-05,9460566,9461083
anglo,M,1980,Tiarnan,6.81606e-05,9461083,9461766
anglo,M,1980,Tiernan,7.39286e-05,9461766,9462506
anglo,M,1980,Timothy,0.0192692,9462506,9655190
anglo,M,1980,Tobias,9.43957e-05,9655190,9656135
anglo,M,1980,Toby,0.000596899,9656135,9662105
anglo,M,1980,Todd,0.00380001,9662105,9700104
anglo,M,1980,Tom,7.0607e-05,9700104,9700811
anglo,M,1980,Tomas,0.000109392,9700811,9701906
anglo,M,1980,Tony,0.0021661,9701906,9723567
anglo,M,1980,Travis,0.000119852,9723567,9724766
anglo,M,1980,Trent,0.0041012,9724766,9765777
anglo,M,1980,Trevor,0.00105516,9765777,9776329
anglo,M,1980,Tristan,0.00157299,9776329,9792059
anglo,M,1980,Troy,0.00485097,9792059,9840567
anglo,M,1980,Tyler,0.000483636,9840567,9845404
anglo,M,1980,Tyrone,0.000121369,9845404,9846619
anglo,M,1980,Tyson,5.7519e-05,9846619,9847195
anglo,M,1980,Vaughan,3.48797e-05,9847195,9847545
anglo,M,1980,Victor,7.81923e-05,9847545,9848328
anglo,M,1980,Vincent,0.000168626,9848328,9850015
anglo,M,1980,Wade,0.000197163,9850015,9851988
anglo,M,1980,Walter,6.17436e-06,9851988,9852051
anglo,M,1980,Warren,0.00041715,9852051,9856223
anglo,M,1980,Warwick,3.1955e-05,9856223,9856544
anglo,M,1980,Wayne,0.00318032,9856544,9888347
anglo,M,1980,William,0.00916353,9888347,9979979
anglo,M,1980,Wiremu,0.000208303,9979979,9982063
anglo,M,1980,Wyatt,6.28268e-06,9982063,9982127
anglo,M,1980,Xavier,0.000203537,9982127,9984163
anglo,M,1980,Zac,0.000130252,9984163,9985466
anglo,M,1980,Zach,7.78118e-05,9985466,9986245
anglo,M,1980,Zachary,0.001009,9986245,9996335
anglo,M,1980,Zak,0.000260349,9996335,9998939
anglo,M,1980,Zane,8.24331e-05,9998939,9999764
anglo,M,1980,Zion,2.35059e-05,9999764,10000000
anglo,F,1980,Aaliyah,0.00014773,0,1478
anglo,F,1980,Abbey,5.67101e-06,1478,1536
anglo,F,1980,Abbi,6.85063e-05,1536,2222
anglo,F,1980,Abbie,9.40239e-05,2222,3163
anglo,F,1980,Abby,0.000132695,3163,4491
anglo,F,1980,Abigail,0.000362889,4491,8121
anglo,F,1980,Addison,7.6275e-05,8121,8885
anglo,F,1980,Adele,4.9702e-05,8885,9383
anglo,F,1980,Adrienne,8.86095e-05,9383,10270
anglo,F,1980,Aideen,4.67398e-05,10270,10738
anglo,F,1980,Aileen,9.13298e-05,10738,11652
anglo,F,1980,Ailis,5.75016e-05,11652,12228
anglo,F,1980,Aimee,0.00190187,12228,31246
anglo,F,1980,Aine,7.1033e-05,31246,31957
anglo,F,1980,Aisling,4.51973e-05,31957,32410
anglo,F,1980,Aislinn,4.56574e-05,32410,32868
anglo,F,1980,Alana,0.00406499,32868,73516
anglo,F,1980,Alanis,9.09615e-05,73516,74427
anglo,F,1980,Alanna,0.000158584,74427,76014
anglo,F,1980,Alannah,6.164e-05,76014,76631
anglo,F,1980,Aleisha,1.44611e-05,76631,76777
anglo,F,1980,Alex,0.000228918,76777,79067
anglo,F,1980,Alexandra,0.00779649,79067,157027
anglo,F,1980,Alexandria,0.000171068,157027,158739
anglo,F,1980,Alexis,0.000111861,158739,159859
anglo,F,1980,Alice,0.00275019,159859,187360
anglo,F,1980,Alicia,0.006167,187360,249027
anglo,F,1980,Alisha,7.51134e-05,249027,249779
anglo,F,1980,Alison,0.00854414,249779,335216
anglo,F,1980,Alix,0.000113519,335216,336352
anglo,F,1980,Allison,0.000313813,336352,339491
anglo,F,1980,Alyce,0.00108933,339491,350385
anglo,F,1980,Alyssa,0.000146312,350385,351849
anglo,F,1980,Amaia,9.4564e-05,351849,352796
anglo,F,1980,Amanda,0.0251793,352796,604572
anglo,F,1980,Amber,0.00410037,604572,645574
anglo,F,1980,Amelia,0.00159016,645574,661476
anglo,F,1980,Amie,9.65093e-05,661476,662442
anglo,F,1980,Amy,0.0207874,662442,870302
anglo,F,1980,Amy-Lee,4.5028e-05,870302,870753
anglo,F,1980,Amy-Leigh,6.36724e-05,870753,871391
anglo,F,1980,Ana,0.000103496,871391,872427
anglo,F,1980,Anahera,0.000249524,872427,874923
anglo,F,1980,Anastasia,0.000248013,874923,877404
anglo,F,1980,Andrea,0.000769434,877404,885099
anglo,F,1980,Angel,9.85337e-05,885099,886085
anglo,F,1980,Angela,0.0104903,886085,990982
anglo,F,1980,Angelina,6.09633e-06,990982,991044
anglo,F,1980,Anika,0.000203022,991044,993075
anglo,F,1980,Anita,0.00116139,993075,1004689
anglo,F,1980,Ann,0.00030471,1004689,1007737
anglo,F,1980,Anna,0.00799625,1007737,1087695
anglo,F,1980,Annabelle,6.47912e-05,1087695,1088344
anglo,F,1980,Annalise,4.97752e-05,1088344,1088843
anglo,F,1980,Anne,0.000873246,1088843,1097576
anglo,F,1980,Anne-Marie,5.28763e-05,1097576,1098106
anglo,F,1980,Annette,0.000388044,1098106,1101987
anglo,F,1980,Annie,5.34004e-05,1101987,1102522
anglo,F,1980,Antoinette,4.90555e-05,1102522,1103014
anglo,F,1980,Aoibheann,0.000112216,1103014,1104137
anglo,F,1980,Aoibhin,4.59513e-05,1104137,1104597
anglo,F,1980,Aoibhinn,0.00039301,1104597,1108528
anglo,F,1980,Aoife,5.17049e-05,1108528,1109046
anglo,F,1980,April,5.74707e-05,1109046,1109622
anglo,F,1980,Arabella,5.95456e-06,1109622,1109683
anglo,F,1980,Aria,0.000277879,1109683,1112463
anglo,F,1980,Ariana,0.000245129,1112463,1114915
anglo,F,1980,Arianne,7.40352e-05,1114915,1115656
anglo,F,1980,Aroha,0.000254628,1115656,1118203
anglo,F,1980,Ashlee,0.00185127,1118203,1136715
anglo,F,1980,Ashleigh,0.00565535,1136715,1193266
anglo,F,1980,Ashlene,9.17021e-05,1193266,1194184
anglo,F,1980,Ashley,0.00475638,1194184,1241746
anglo,F,1980,Ashling,0.000272046,1241746,1244467
anglo,F,1980,Ashton,5.16238e-05,1244467,1244984
anglo,F,1980,Ataahua,0.000124195,1244984,1246227
anglo,F,1980,Aurora,3.55856e-05,1246227,1246584
anglo,F,1980,Ava,0.000352595,1246584,1250111
anglo,F,1980,Awhina,8.26549e-05,1250111,1250939
anglo,F,1980,Ayesha,5.76096e-05,1250939,1251516
anglo,F,1980,Ayla,8.67664e-05,1251516,1252385
anglo,F,1980,Bailey,2.12663e-05,1252385,1252599
anglo,F,1980,Barbara,0.000717543,1252599,1259775
anglo,F,1980,Belinda,0.0108835,1259775,1368603
anglo,F,1980,Bella,0.000175518,1368603,1370359
anglo,F,1980,Bernadette,7.34077e-05,1370359,1371094
anglo,F,1980,Beth,8.09399e-05,1371094,1371904
anglo,F,1980,Bethan,9.02367e-05,1371904,1372807
anglo,F,1980,Bethany,7.16074e-05,1372807,1373524
anglo,F,1980,Beverley,0.000185684,1373524,1375382
anglo,F,1980,Bianca,0.00463144,1375382,1421694
anglo,F,1980,Billie,6.37988e-06,1421694,1421759
anglo,F,1980,Billie-Jo,6.32517e-05,1421759,1422392
anglo,F,1980,Blanaid,8.619e-05,1422392,1423255
anglo,F,1980,Brenda,0.000397562,1423255,1427231
anglo,F,1980,Briana,6.94698e-06,1427231,1427301
anglo,F,1980,Brianna,0.000104914,1427301,1428351
anglo,F,1980,Bridget,0.0002284,1428351,1430636
anglo,F,1980,Brigid,7.60067e-05,1430636,1431397
anglo,F,1980,Britney,9.07361e-06,1431397,1431489
anglo,F,1980,Brittany,0.000583666,1431489,1437326
anglo,F,1980,Brogan,8.98801e-05,1437326,1438226
anglo,F,1980,Bronach,0.00012562,1438226,1439483
anglo,F,1980,Bronagh,5.0296e-05,1439483,1439987
anglo,F,1980,Bronwyn,0.000608032,1439987,1446068
anglo,F,1980,Brooke,0.00802628,1446068,1526326
anglo,F,1980,Brooklyn,0.000162171,1526326,1527949
anglo,F,1980,Bryony,7.71642e-05,1527949,1528722
anglo,F,1980,Cailin,9.24589e-05,1528722,1529648
anglo,F,1980,Caitlin,0.00180177,1529648,1547665
anglo,F,1980,Caitlyn,0.00013819,1547665,1549048
anglo,F,1980,Caitriona,5.0677e-05,1549048,1549556
anglo,F,1980,Candice,0.00208126,1549556,1570368
anglo,F,1980,Caoilfhionn,4.8568e-05,1570368,1570855
anglo,F,1980,Caoimhe,9.56615e-05,1570855,1571813
anglo,F,1980,Cara,5.30495e-05,1571813,1572344
anglo,F,1980,Caragh,5.52527e-05,1572344,1572897
anglo,F,1980,Carla,0.000389417,1572897,1576792
anglo,F,1980,Carly,0.00468701,1576792,1623660
anglo,F,1980,Carmel,7.74014e-05,1623660,1624435
anglo,F,1980,Carmen,3.30336e-05,1624435,1624766
anglo,F,1980,Carol,0.000565143,1624766,1630418
anglo,F,1980,Carole,6.99202e-05,1630418,1631118
anglo,F,1980,Caroline,0.00110148,1631118,1642133
anglo,F,1980,Carolyn,0.000540943,1642133,1647543
anglo,F,1980,Carrie,4.89851e-05,1647543,1648034
anglo,F,1980,Casey,0.00274486,1648034,1675482
anglo,F,1980,Cassandra,0.00663175,1675482,1741796
anglo,F,1980,Cassie,0.000213299,1741796,1743930
anglo,F,1980,Catherine,0.00784279,1743930,1822353
anglo,F,1980,Cathy,8.81515e-05,1822353,1823235
anglo,F,1980,Catriona,4.42059e-05,1823235,1823678
anglo,F,1980,Ceara,4.80263e-05,1823678,1824159
anglo,F,1980,Celine,0.000173072,1824159,1825891
anglo,F,1980,Chantel,5.88355e-05,1825891,1826480
anglo,F,1980,Chantelle,0.00228349,1826480,1849314
anglo,F,1980,Charis,8.91779e-05,1849314,1850207
anglo,F,1980,Charlene,5.11446e-05,1850207,1850719
anglo,F,1980,Charlie,0.000151174,1850719,1852232
anglo,F,1980,Charlotte,0.00149391,1852232,1867171
anglo,F,1980,Chelsea,0.000330433,1867171,1870476
anglo,F,1980,Chelsey,6.1901e-05,1870476,1871096
anglo,F,1980,Cherie,0.000206592,1871096,1873163
anglo,F,1980,Cherith,0.000312981,1873163,1876294
anglo,F,1980,Cheryl,0.000297473,1876294,1879270
anglo,F,1980,Cheyenne,4.89124e-05,1879270,1879760
anglo,F,1980,Chloe,0.00389065,1879760,1918665
anglo,F,1980,Christina,0.00168075,1918665,1935472
anglo,F,1980,Christine,0.00639971,1935472,1999466
anglo,F,1980,Ciara,8.84901e-05,1999466,2000352
anglo,F,1980,Ciarrai,0.000209821,2000352,2002451
anglo,F,1980,Cindy,9.21538e-06,2002451,2002544
anglo,F,1980,Claire,0.00556167,2002544,2058158
anglo,F,1980,Clara,8.25084e-05,2058158,2058984
anglo,F,1980,Clare,0.00242083,2058984,2083192
anglo,F,1980,Clarissa,0.000191729,2083192,2085110
anglo,F,1980,Claudia,0.000159356,2085110,2086704
anglo,F,1980,Cliodhna,0.000360674,2086704,2090311
anglo,F,1980,Cliona,0.000124761,2090311,2091560
anglo,F,1980,Clodagh,5.6043e-05,2091560,2092121
anglo,F,1980,Codie,8.95271e-05,2092121,2093017
anglo,F,1980,Colleen,0.000253578,2093017,2095554
anglo,F,1980,Collette,6.02552e-05,2095554,2096158
anglo,F,1980,Connie,4.8363e-05,2096158,2096643
anglo,F,1980,Constance,8.74845e-05,2096643,2097519
anglo,F,1980,Cora,4.40463e-05,2097519,2097960
anglo,F,1980,Corinne,8.46416e-05,2097960,2098807
anglo,F,1980,Corrie,8.68308e-05,2098807,2099676
anglo,F,1980,Cortney,7.23928e-05,2099676,2100401
anglo,F,1980,Courteney,5.22818e-05,2100401,2100925
anglo,F,1980,Courtney,0.0041111,2100925,2142034
anglo,F,1980,Crystal,0.0020688,2142034,2162722
anglo,F,1980,Daire,0.000525915,2162722,2167982
anglo,F,1980,Dairine,4.69269e-05,2167982,2168452
anglo,F,1980,Daisy,2.79297e-05,2168452,2168732
anglo,F,1980,Dana,0.000167237,2168732,2170405
anglo,F,1980,Danielle,0.0127091,2170405,2297488
anglo,F,1980,Dara,9.05972e-05,2297488,2298395
anglo,F,1980,Darcy,4.63108e-05,2298395,2298859
anglo,F,1980,Darragh,6.12539e-05,2298859,2299473
anglo,F,1980,Dawn,5.41012e-05,2299473,2300015
anglo,F,1980,Dayna,8.40427e-05,2300015,2300856
anglo,F,1980,Dearbhail,6.38143e-05,2300856,2301495
anglo,F,1980,Dearbhaile,5.89504e-05,2301495,2302085
anglo,F,1980,Dearbhla,7.53341e-05,2302085,2302839
anglo,F,1980,Debbie,0.000196926,2302839,2304809
anglo,F,1980,Deborah,0.00164401,2304809,2321249
anglo,F,1980,Debra,0.000485268,2321249,2326102
anglo,F,1980,Deirbhile,4.43132e-05,2326102,2326546
anglo,F,1980,Demi,0.000109727,2326546,2327644
anglo,F,1980,Demi-Lee,6.49808e-05,2327644,2328295
anglo,F,1980,Demi-Leigh,8.71561e-05,2328295,2329168
anglo,F,1980,Denise,0.000556327,2329168,2334732
anglo,F,1980,Dervla,0.000194455,2334732,2336677
anglo,F,1980,Destiny,2.69373e-05,2336677,2336947
anglo,F,1980,Diana,0.00114489,2336947,2348396
anglo,F,1980,Diane,0.000626977,2348396,2354666
anglo,F,1980,Dianne,0.000328068,2354666,2357947
anglo,F,1980,Dionne,0.000155443,2357947,2359502
anglo,F,1980,Donna,0.00227785,2359502,2382280
anglo,F,1980,Dorothy,9.4501e-05,2382280,2383226
anglo,F,1980,Eadaoin,6.08743e-05,2383226,2383836
anglo,F,1980,Ebony,5.17863e-05,2383836,2384355
anglo,F,1980,Edel,5.7394e-05,2384355,2384930
anglo,F,1980,Eden,0.000273133,2384930,2387662
anglo,F,1980,Eileen,5.36677e-05,2387662,2388200
anglo,F,1980,Eilis,5.6144e-05,2388200,2388762
anglo,F,1980,Eilish,0.000138495,2388762,2390148
anglo,F,1980,Eimear,6.74947e-05,2390148,2390824
anglo,F,1980,Eimer,4.86368e-05,2390824,2391311
anglo,F,1980,Eimhear,0.000110336,2391311,2392415
anglo,F,1980,Elaine,0.00018051,2392415,2394221
anglo,F,1980,Eleanor,8.68071e-05,2394221,2395090
anglo,F,1980,Elise,0.00231069,2395090,2418196
anglo,F,1980,Elisha,7.57807e-05,2418196,2418955
anglo,F,1980,Elizabeth,0.0144645,2418955,2563591
anglo,F,1980,Ella,0.000796135,2563591,2571553
anglo,F,1980,Ellen,0.00080496,2571553,2579603
anglo,F,1980,Ellie,0.000300762,2579603,2582611
anglo,F,1980,Eloise,5.25344e-05,2582611,2583137
anglo,F,1980,Elsie,1.37522e-05,2583137,2583276
anglo,F,1980,Emer,9.20784e-05,2583276,2584198
anglo,F,1980,Emilia,2.05574e-05,2584198,2584405
anglo,F,1980,Emilie,0.000153934,2584405,2585945
anglo,F,1980,Emily,0.0103067,2585945,2689005
anglo,F,1980,Emma,0.0222918,2689005,2911908
anglo,F,1980,Emma-Louise,0.000105162,2911908,2912961
anglo,F,1980,Enya,8.49454e-05,2912961,2913811
anglo,F,1980,Erica,0.000102053,2913811,2914832
anglo,F,1980,Erika,0.000161899,2914832,2916452
anglo,F,1980,Erin,0.0120017,2916452,3036462
anglo,F,1980,Eryn,5.38479e-05,3036462,3037001
anglo,F,1980,Esther,7.58673e-05,3037001,3037761
anglo,F,1980,Eva,0.000296331,3037761,3040725
anglo,F,1980,Eve,5.48686e-05,3040725,3041275
anglo,F,1980,Evelyn,0.000151918,3041275,3042795
anglo,F,1980,Evie,0.000123941,3042795,3044035
anglo,F,1980,Fainche,7.48944e-05,3044035,3044785
anglo,F,1980,Faith,0.000151835,3044785,3046304
anglo,F,1980,Faye,4.54834e-05,3046304,3046760
anglo,F,1980,Felicity,0.000288563,3046760,3049646
anglo,F,1980,Fiona,0.00487308,3049646,3098374
anglo,F,1980,Fionnuala,7.25928e-05,3098374,3099101
anglo,F,1980,Florence,4.12566e-05,3099101,3099515
anglo,F,1980,Frances,0.000231723,3099515,3101833
anglo,F,1980,Francesca,6.95594e-05,3101833,3102530
anglo,F,1980,Frankie,2.76462e-05,3102530,3102807
anglo,F,1980,Freya,7.46906e-05,3102807,3103555
anglo,F,1980,Gabriella,1.33269e-05,3103555,3103689
anglo,F,1980,Gabrielle,0.000201063,3103689,3105701
anglo,F,1980,Gail,0.000224634,3105701,3107948
anglo,F,1980,Gaylene,1.16256e-05,3107948,3108065
anglo,F,1980,Gemma,0.00287369,3108065,3136801
anglo,F,1980,Georgia,0.00129179,3136801,3149719
anglo,F,1980,Georgina,0.000482933,3149719,3154549
anglo,F,1980,Geraldine,6.39571e-05,3154549,3155190
anglo,F,1980,Gillian,0.000300882,3155190,3158200
anglo,F,1980,Gina,9.01101e-05,3158200,3159102
anglo,F,1980,Glenda,0.000121785,3159102,3160321
anglo,F,1980,Glenys,5.81278e-05,3160321,3160903
anglo,F,1980,Gloria,1.80054e-05,3160903,3161084
anglo,F,1980,Grace,0.00158392,3161084,3176923
anglo,F,1980,Grainne,0.000145634,3176923,3178380
anglo,F,1980,Haley,9.21877e-05,3178380,3179303
anglo,F,1980,Hana,7.59915e-05,3179303,3180064
anglo,F,1980,Hannah,0.00549438,3180064,3235005
anglo,F,1980,Harmony,4.25325e-05,3235005,3235431
anglo,F,1980,Harper,0.000168145,3235431,3237113
anglo,F,1980,Harriet,7.90413e-05,3237113,3237904
anglo,F,1980,Hayleigh,0.00010107,3237904,3238916
anglo,F,1980,Hayley,0.00776227,3238916,3316534
anglo,F,1980,Hazel,0.000166868,3316534,3318204
anglo,F,1980,Heather,0.00156275,3318204,3333831
anglo,F,1980,Heidi,0.00208535,3333831,3354684
anglo,F,1980,Helen,0.00218458,3354684,3376529
anglo,F,1980,Helena,5.77183e-05,3376529,3377107
anglo,F,1980,Hilary,5.84943e-05,3377107,3377693
anglo,F,1980,Hinewai,7.59915e-05,3377693,3378454
anglo,F,1980,Hollie,4.87753e-05,3378454,3378943
anglo,F,1980,Holly,0.00353779,3378943,3414319
anglo,F,1980,Hope,2.01321e-05,3414319,3414521
anglo,F,1980,Huia,7.48573e-05,3414521,3415271
anglo,F,1980,Imogen,4.15401e-05,3415271,3415687
anglo,F,1980,Indi,5.95456e-06,3415687,3415748
anglo,F,1980,India,0.000179484,3415748,3417544
anglo,F,1980,Indie,7.00369e-05,3417544,3418245
anglo,F,1980,Iona,9.60829e-05,3418245,3419207
anglo,F,1980,Irene,9.18696e-05,3419207,3420127
anglo,F,1980,Isabel,7.07458e-05,3420127,3420835
anglo,F,1980,Isabella,0.000603537,3420835,3426871
anglo,F,1980,Isabelle,0.000167578,3426871,3428548
anglo,F,1980,Isla,0.000318427,3428548,3431733
anglo,F,1980,Isobel,1.20509e-05,3431733,3431855
anglo,F,1980,Ivy,8.18043e-05,3431855,3432674
anglo,F,1980,Jacqueline,0.00651595,3432674,3497830
anglo,F,1980,Jade,0.00656743,3497830,3563501
anglo,F,1980,Jaime,8.64828e-06,3563501,3563588
anglo,F,1980,Jamie,0.00031476,3563588,3566736
anglo,F,1980,Jamie-Lee,0.00013732,3566736,3568110
anglo,F,1980,Jamie-Leigh,6.22981e-05,3568110,3568734
anglo,F,1980,Jan,0.000224997,3568734,3570985
anglo,F,1980,Jana,4.55992e-05,3570985,3571442
anglo,F,1980,Jane,0.00265655,3571442,3598007
anglo,F,1980,Janet,0.000365974,3598007,3601667
anglo,F,1980,Janette,9.78248e-06,3601667,3601766
anglo,F,1980,Janice,0.000334507,3601766,3605112
anglo,F,1980,Janine,0.000563531,3605112,3610748
anglo,F,1980,Jasmin,8.3455e-05,3610748,3611584
anglo,F,1980,Jasmine,0.00256877,3611584,3637271
anglo,F,1980,Jayde,4.99225e-05,3637271,3637771
anglo,F,1980,Jayne,0.000149631,3637771,3639268
anglo,F,1980,Jean,0.000131351,3639268,3640582
anglo,F,1980,Jeanette,0.000127598,3640582,3641859
anglo,F,1980,Jemma,0.000130909,3641859,3643169
anglo,F,1980,Jena,0.00013843,3643169,3644554
anglo,F,1980,Jenna,0.00367161,3644554,3681269
anglo,F,1980,Jenni,0.000197287,3681269,3683243
anglo,F,1980,Jennifer,0.0119081,3683243,3802317
anglo,F,1980,Jenny,0.000624998,3802317,3808568
anglo,F,1980,Jessica,0.036648,3808568,4175024
anglo,F,1980,Jessie,0.000516311,4175024,4180188
anglo,F,1980,Jill,0.000109257,4180188,4181282
anglo,F,1980,Jillian,0.000222729,4181282,4183510
anglo,F,1980,Joan,8.53938e-05,4183510,4184365
anglo,F,1980,Joanna,0.00073106,4184365,4191676
anglo,F,1980,Joanne,0.00612309,4191676,4252904
anglo,F,1980,Jocelyn,7.89687e-05,4252904,4253695
anglo,F,1980,Jodi,0.000282075,4253695,4256517
anglo,F,1980,Jodie,0.0048469,4256517,4304984
anglo,F,1980,Jody,5.47737e-05,4304984,4305533
anglo,F,1980,Johanna,8.23118e-05,4305533,4306357
anglo,F,1980,Jolene,9.55993e-05,4306357,4307314
anglo,F,1980,Jordan,0.00016924,4307314,4309007
anglo,F,1980,Jorja,6.46495e-05,4309007,4309654
anglo,F,1980,Josephine,0.000188192,4309654,4311537
anglo,F,1980,Joy,0.000131476,4311537,4312853
anglo,F,1980,Joyce,7.96273e-05,4312853,4313650
anglo,F,1980,Judith,0.000711243,4313650,4320763
anglo,F,1980,Julia,0.00285844,4320763,4349346
anglo,F,1980,Julie,0.00444615,4349346,4393805
anglo,F,1980,Julie-Anne,6.733e-05,4393805,4394479
anglo,F,1980,June,6.81647e-05,4394479,4395162
anglo,F,1980,Justine,0.000237905,4395162,4397542
anglo,F,1980,Kahurangi,0.000103496,4397542,4398578
anglo,F,1980,Kaia,0.000223438,4398578,4400813
anglo,F,1980,Kaitlin,5.71341e-05,4400813,4401385
anglo,F,1980,Kaitlyn,0.000148575,4401385,4402872
anglo,F,1980,Kara,9.73775e-05,4402872,4403847
anglo,F,1980,Karen,0.00597775,4403847,4463621
anglo,F,1980,Karina,0.00123361,4463621,4475957
anglo,F,1980,Karla,7.9076e-05,4475957,4476749
anglo,F,1980,Karley,0.000121478,4476749,4477965
anglo,F,1980,Karyn,6.08215e-05,4477965,4478574
anglo,F,1980,Kate,0.0149656,4478574,4628221
anglo,F,1980,Katelyn,0.00014086,4628221,4629631
anglo,F,1980,Katharine,6.03777e-05,4629631,4630236
anglo,F,1980,Katherine,0.00976501,4630236,4727880
anglo,F,1980,Kathleen,0.00265559,4727880,4754435
anglo,F,1980,Kathryn,0.0065761,4754435,4820192
anglo,F,1980,Kathy,4.68019e-05,4820192,4820661
anglo,F,1980,Katie,0.00871084,4820661,4907764
anglo,F,1980,Katie-Louise,4.91262e-05,4907764,4908256
anglo,F,1980,Katrina,0.00741726,4908256,4982424
anglo,F,1980,Katy,5.19501e-05,4982424,4982944
anglo,F,1980,Kay,0.000170839,4982944,4984653
anglo,F,1980,Kaye,3.2183e-05,4984653,4984976
anglo,F,1980,Kayla,0.00194524,4984976,5004428
anglo,F,1980,Kayleigh,8.28781e-05,5004428,5005258
anglo,F,1980,Keely,0.000165406,5005258,5006913
anglo,F,1980,Keeva,0.00018657,5006913,5008780
anglo,F,1980,Keira,0.000107607,5008780,5009857
anglo,F,1980,Kellie,0.00212635,5009857,5031120
anglo,F,1980,Kelly,0.0115641,5031120,5146754
anglo,F,1980,Kelly-Anne,4.64933e-05,5146754,5147220
anglo,F,1980,Kelly-Marie,5.66559e-05,5147220,5147788
anglo,F,1980,Kelsey,0.000159842,5147788,5149387
anglo,F,1980,Keri,7.12231e-05,5149387,5150100
anglo,F,1980,Kerri,5.23657e-05,5150100,5150625
anglo,F,1980,Kerrie,0.000128293,5150625,5151909
anglo,F,1980,Kerry,0.000337832,5151909,5155288
anglo,F,1980,Khloe,1.3894e-05,5155288,5155428
anglo,F,1980,Kiera,5.09875e-05,5155428,5155939
anglo,F,1980,Kim,0.00352582,5155939,5191196
anglo,F,1980,Kimberley,0.00444427,5191196,5235637
anglo,F,1980,Kimberly,0.000626626,5235637,5241904
anglo,F,1980,Kira,5.08316e-05,5241904,5242413
anglo,F,1980,Kirby,0.000143123,5242413,5243845
anglo,F,1980,Kiri,1.84308e-05,5243845,5244030
anglo,F,1980,Kirsten,0.0005023,5244030,5249054
anglo,F,1980,Kirstie,0.00011992,5249054,5250254
anglo,F,1980,Kirstin,6.70037e-05,5250254,5250925
anglo,F,1980,Kirsty,0.00309685,5250925,5281892
anglo,F,1980,Kora,0.000124479,5281892,5283138
anglo,F,1980,Kori,0.000133105,5283138,5284470
anglo,F,1980,Kristen,0.00203798,5284470,5304849
anglo,F,1980,Kristie,0.00164842,5304849,5321333
anglo,F,1980,Kristin,4.58331e-05,5321333,5321792
anglo,F,1980,Kristina,4.57157e-05,5321792,5322250
anglo,F,1980,Kristy,0.011502,5322250,5437263
anglo,F,1980,Krystal,0.00223834,5437263,5459646
anglo,F,1980,Kyla,5.81278e-06,5459646,5459705
anglo,F,1980,Kylie,0.0139561,5459705,5599257
anglo,F,1980,Lana,6.31131e-05,5599257,5599889
anglo,F,1980,Laoise,5.31366e-05,5599889,5600421
anglo,F,1980,Lara,0.000116959,5600421,5601592
anglo,F,1980,Laura,0.0120135,5601592,5721720
anglo,F,1980,Lauren,0.0194541,5721720,5916249
anglo,F,1980,Laurie,4.76959e-05,5916249,5916727
anglo,F,1980,Layla,7.59915e-05,5916727,5917488
anglo,F,1980,Leah,0.00494178,5917488,5966903
anglo,F,1980,Leanne,0.00351416,5966903,6002043
anglo,F,1980,Leigh,5.7287e-05,6002043,6002617
anglo,F,1980,Leona,7.21943e-05,6002617,6003340
anglo,F,1980,Leonie,6.44469e-05,6003340,6003985
anglo,F,1980,Lesley,0.000251774,6003985,6006504
anglo,F,1980,Libby,6.80521e-06,6006504,6006573
anglo,F,1980,Lilly,0.000115263,6006573,6007727
anglo,F,1980,Lily,0.000502735,6007727,6012755
anglo,F,1980,Linda,0.00385007,6012755,6051254
anglo,F,1980,Lindsay,6.43905e-05,6051254,6051899
anglo,F,1980,Lindsey,7.14145e-05,6051899,6052614
anglo,F,1980,Lisa,0.0175601,6052614,6228204
anglo,F,1980,Lisa-Marie,6.25666e-05,6228204,6228831
anglo,F,1980,Lois,0.000102945,6228831,6229861
anglo,F,1980,Lola,4.86289e-05,6229861,6230348
anglo,F,1980,Lorna,5.06002e-05,6230348,6230855
anglo,F,1980,Lorraine,0.000310268,6230855,6233958
anglo,F,1980,Louise,0.00665308,6233958,6300485
anglo,F,1980,Lucia,0.000136379,6300485,6301850
anglo,F,1980,Lucinda,0.00022473,6301850,6304098
anglo,F,1980,Lucy,0.0025498,6304098,6329595
anglo,F,1980,Luna,7.51408e-06,6329595,6329671
anglo,F,1980,Lydia,9.22995e-05,6329671,6330595
anglo,F,1980,Lynda,0.000359988,6330595,6334196
anglo,F,1980,Lyndsay,0.000181765,6334196,6336015
anglo,F,1980,Lyndsey,0.000412345,6336015,6340139
anglo,F,1980,Lynette,0.000519748,6340139,6345337
anglo,F,1980,Lynley,3.23247e-05,6345337,6345661
anglo,F,1980,Lynn,7.95113e-05,6345661,6346457
anglo,F,1980,Lynne,0.000204972,6346457,6348508
anglo,F,1980,Lynnette,1.7013e-05,6348508,6348679
anglo,F,1980,Lynsey,6.63635e-05,6348679,6349344
anglo,F,1980,MacKenzie,9.49893e-06,6349344,6349440
anglo,F,1980,Mackenzie,0.000147304,6349440,6350914
anglo,F,1980,Maddison,0.000261717,6350914,6353532
anglo,F,1980,Madeleine,0.000110585,6353532,6354639
anglo,F,1980,Madeline,2.60866e-05,6354639,6354901
anglo,F,1980,Madison,0.000525228,6354901,6360154
anglo,F,1980,Maeve,7.06568e-05,6360154,6360862
anglo,F,1980,Mahi,7.8827e-05,6360862,6361651
anglo,F,1980,Maia,0.000277879,6361651,6364431
anglo,F,1980,Mairead,6.54331e-05,6364431,6365086
anglo,F,1980,Manaia,0.000129299,6365086,6366380
anglo,F,1980,Mandy,5.32241e-05,6366380,6366913
anglo,F,1980,Maraea,9.96679e-05,6366913,6367911
anglo,F,1980,Maree,0.00032183,6367911,6371130
anglo,F,1980,Mareikura,0.000134403,6371130,6372475
anglo,F,1980,Margaret,0.000838521,6372475,6380861
anglo,F,1980,Maria,0.00263363,6380861,6407196
anglo,F,1980,Marian,7.44004e-05,6407196,6407941
anglo,F,1980,Marie,0.000420555,6407941,6412147
anglo,F,1980,Marie-Claire,7.36153e-05,6412147,6412884
anglo,F,1980,Marilyn,0.000123599,6412884,6414121
anglo,F,1980,Marion,0.000355952,6414121,6417681
anglo,F,1980,Martha,0.000460012,6417681,6422282
anglo,F,1980,Martina,7.76405e-05,6422282,6423059
anglo,F,1980,Mary,0.00146294,6423059,6437688
anglo,F,1980,Matilda,8.08118e-05,6437688,6438497
anglo,F,1980,Maura,5.21152e-05,6438497,6439019
anglo,F,1980,Maureen,0.000254531,6439019,6441565
anglo,F,1980,Maya,6.12469e-05,6441565,6442178
anglo,F,1980,Meabh,7.04707e-05,6442178,6442884
anglo,F,1980,Meaghan,0.000797138,6442884,6450856
anglo,F,1980,Meg,5.27903e-05,6450856,6451385
anglo,F,1980,Megan,0.00981111,6451385,6549490
anglo,F,1980,Meghan,4.73072e-05,6549490,6549964
anglo,F,1980,Meibh,4.75005e-05,6549964,6550440
anglo,F,1980,Melanie,0.00852598,6550440,6635695
anglo,F,1980,Melinda,0.00283874,6635695,6664081
anglo,F,1980,Melissa,0.02462,6664081,6910265
anglo,F,1980,Mereana,9.03108e-05,6910265,6911169
anglo,F,1980,Mia,0.000431742,6911169,6915487
anglo,F,1980,Michaela,0.000192233,6915487,6917410
anglo,F,1980,Micheala,0.000148267,6917410,6918894
anglo,F,1980,Michele,0.000153401,6918894,6920429
anglo,F,1980,Michelle,0.0175996,6920429,7096413
anglo,F,1980,Mikaela,6.80521e-06,7096413,7096482
anglo,F,1980,Mikayla,0.000211528,7096482,7098598
anglo,F,1980,Mila,0.000161482,7098598,7100214
anglo,F,1980,Millie,0.000100802,7100214,7101223
anglo,F,1980,Miriam,5.9534e-05,7101223,7101819
anglo,F,1980,Miriama,8.70499e-05,7101819,7102690
anglo,F,1980,Mollie,4.7116e-05,7102690,7103162
anglo,F,1980,Molly,0.0003001,7103162,7106164
anglo,F,1980,Monica,7.93941e-06,7106164,7106244
anglo,F,1980,Monique,0.00127353,7106244,7118979
anglo,F,1980,Morgan,0.000154425,7118979,7120524
anglo,F,1980,Mya,4.99048e-05,7120524,7121024
anglo,F,1980,Nadia,0.00120824,7121024,7133107
anglo,F,1980,Nadine,0.00020199,7133107,7135128
anglo,F,1980,Naoimh,4.44212e-05,7135128,7135573
anglo,F,1980,Naoise,0.000139565,7135573,7136970
anglo,F,1980,Naomh,7.86172e-05,7136970,7137757
anglo,F,1980,Naomi,0.00451505,7137757,7182905
anglo,F,1980,Natalie,0.0151446,7182905,7334342
anglo,F,1980,Natasha,0.00786769,7334342,7413014
anglo,F,1980,Nevaeh,9.54147e-05,7413014,7413969
anglo,F,1980,Ngaire,1.64459e-05,7413969,7414134
anglo,F,1980,Nia,9.4564e-05,7414134,7415081
anglo,F,1980,Niamh,0.000103888,7415081,7416121
anglo,F,1980,Nichola,6.2702e-05,7416121,7416749
anglo,F,1980,Nichole,6.86789e-05,7416749,7417437
anglo,F,1980,Nicola,0.00152815,7417437,7432718
anglo,F,1980,Nicole,0.0213598,7432718,7646303
anglo,F,1980,Nikita,0.000233647,7646303,7648640
anglo,F,1980,Nikki,0.000152446,7648640,7650165
anglo,F,1980,Nina,0.000102578,7650165,7651192
anglo,F,1980,Nora,4.39407e-05,7651192,7651632
anglo,F,1980,Nuala,4.48603e-05,7651632,7652082
anglo,F,1980,Olive,7.44319e-05,7652082,7652827
anglo,F,1980,Olivia,0.00254949,7652827,7678321
anglo,F,1980,Oonagh,0.000134126,7678321,7679663
anglo,F,1980,Orfhlaith,0.000123918,7679663,7680903
anglo,F,1980,Orla,0.000697248,7680903,7687876
anglo,F,1980,Orlagh,6.57394e-05,7687876,7688534
anglo,F,1980,Orlaigh,0.000135168,7688534,7689887
anglo,F,1980,Orlaith,0.000346975,7689887,7693358
anglo,F,1980,Padraigin,5.58426e-05,7693358,7693917
anglo,F,1980,Paige,0.000584126,7693917,7699759
anglo,F,1980,Pamela,0.00043311,7699759,7704091
anglo,F,1980,Paris,7.81181e-05,7704091,7704873
anglo,F,1980,Patrice,4.8431e-05,7704873,7705358
anglo,F,1980,Patricia,0.00138866,7705358,7719245
anglo,F,1980,Paula,0.000630842,7719245,7725554
anglo,F,1980,Pauline,0.000487762,7725554,7730432
anglo,F,1980,Payton,6.23811e-06,7730432,7730495
anglo,F,1980,Penelope,0.000171973,7730495,7732216
anglo,F,1980,Peta,0.000901761,7732216,7741234
anglo,F,1980,Peyton,8.80424e-05,7741234,7742115
anglo,F,1980,Philippa,0.000192672,7742115,7744043
anglo,F,1980,Phoebe,0.000248354,7744043,7746527
anglo,F,1980,Piper,8.22296e-05,7746527,7747350
anglo,F,1980,Pippa,5.89785e-05,7747350,7747941
anglo,F,1980,Polly,4.73714e-05,7747941,7748416
anglo,F,1980,Poppy,0.000119375,7748416,7749611
anglo,F,1980,Quinn,3.01981e-05,7749611,7749914
anglo,F,1980,Rachael,0.00560507,7749914,7805962
anglo,F,1980,Rachel,0.0125048,7805962,7931002
anglo,F,1980,Rachelle,5.73012e-05,7931002,7931576
anglo,F,1980,Raewyn,0.000430855,7931576,7935885
anglo,F,1980,Rebecca,0.0344296,7935885,8280158
anglo,F,1980,Rebekah,0.000236086,8280158,8282520
anglo,F,1980,Regan,8.01454e-05,8282520,8283322
anglo,F,1980,Renee,0.0100785,8283322,8384101
anglo,F,1980,Rhian,7.78817e-05,8384101,8384881
anglo,F,1980,Rhianna,4.36797e-05,8384881,8385319
anglo,F,1980,Rhianne,5.24499e-05,8385319,8385844
anglo,F,1980,Rhiannon,0.000917363,8385844,8395018
anglo,F,1980,Rhonda,1.85725e-05,8395018,8395205
anglo,F,1980,Ria,9.96679e-05,8395205,8396203
anglo,F,1980,Riley,9.584e-05,8396203,8397162
anglo,F,1980,Rita,7.08442e-05,8397162,8397871
anglo,F,1980,Roberta,8.31652e-05,8397871,8398704
anglo,F,1980,Robyn,0.000842157,8398704,8407126
anglo,F,1980,Rochelle,0.000295743,8407126,8410084
anglo,F,1980,Roise,8.88322e-05,8410084,8410973
anglo,F,1980,Roisin,4.71795e-05,8410973,8411446
anglo,F,1980,Rose,0.000277698,8411446,8414224
anglo,F,1980,Roseanna,4.35764e-05,8414224,8414661
anglo,F,1980,Rosemary,0.000330646,8414661,8417968
anglo,F,1980,Rosie,7.55565e-05,8417968,8418725
anglo,F,1980,Ruby,0.00061417,8418725,8424867
anglo,F,1980,Ruth,0.000287716,8424867,8427745
anglo,F,1980,Sabrina,5.65525e-05,8427745,8428311
anglo,F,1980,Sacha,0.000100588,8428311,8429318
anglo,F,1980,Sadie,2.1408e-05,8429318,8429533
anglo,F,1980,Sally,0.00572048,8429533,8486735
anglo,F,1980,Samantha,0.0178405,8486735,8665128
anglo,F,1980,Sandra,0.00143625,8665128,8679491
anglo,F,1980,Saoirse,6.88526e-05,8679491,8680180
anglo,F,1980,Sara,0.00431492,8680180,8723327
anglo,F,1980,Sarah,0.0379943,8723327,9103245
anglo,F,1980,Sarah-Jane,7.91179e-05,9103245,9104037
anglo,F,1980,Sarah-Louise,4.43671e-05,9104037,9104482
anglo,F,1980,Sasha,0.000110864,9104482,9105592
anglo,F,1980,Saskia,4.934e-05,9105592,9106086
anglo,F,1980,Savannah,0.000106695,9106086,9107154
anglo,F,1980,Scarlett,0.000148155,9107154,9108636
anglo,F,1980,Seana,6.10001e-05,9108636,9109247
anglo,F,1980,Seanan,5.59426e-05,9109247,9109807
anglo,F,1980,Seaneen,6.06246e-05,9109807,9110414
anglo,F,1980,Seanna,0.000127385,9110414,9111689
anglo,F,1980,Selina,6.15106e-05,9111689,9112305
anglo,F,1980,Seona,7.62345e-05,9112305,9113068
anglo,F,1980,Serena,0.000129218,9113068,9114361
anglo,F,1980,Shakira,7.37231e-06,9114361,9114436
anglo,F,1980,Shania,9.62151e-05,9114436,9115399
anglo,F,1980,Shanice,0.000119161,9115399,9116592
anglo,F,1980,Shanna,0.000114185,9116592,9117735
anglo,F,1980,Shannan,4.41525e-05,9117735,9118178
anglo,F,1980,Shannen,5.37576e-05,9118178,9118717
anglo,F,1980,Shannon,0.00299943,9118717,9148710
anglo,F,1980,Sharlene,3.11905e-05,9148710,9149023
anglo,F,1980,Sharon,0.00210359,9149023,9170058
anglo,F,1980,Shauna,0.000490032,9170058,9174959
anglo,F,1980,Shauneen,0.000220741,9174959,9177167
anglo,F,1980,Sheila,5.03716e-05,9177167,9177672
anglo,F,1980,Shelby,0.000375918,9177672,9181432
anglo,F,1980,Shelley,0.000428904,9181432,9185722
anglo,F,1980,Sheree,7.96042e-05,9185722,9186519
anglo,F,1980,Sheryl,0.000239316,9186519,9188913
anglo,F,1980,Shirley,0.000330816,9188913,9192222
anglo,F,1980,Shona,0.000217559,9192222,9194398
anglo,F,1980,Sian,0.000160219,9194398,9196001
anglo,F,1980,Sienna,0.000192531,9196001,9197927
anglo,F,1980,Simone,0.00385176,9197927,9236443
anglo,F,1980,Sinead,7.26448e-05,9236443,9237170
anglo,F,1980,Siobhan,0.00011555,9237170,9238326
anglo,F,1980,Siofra,0.000136233,9238326,9239689
anglo,F,1980,Skye,0.00153592,9239689,9255048
anglo,F,1980,Skyla,1.48864e-05,9255048,9255198
anglo,F,1980,Skylar,5.81278e-06,9255198,9255257
anglo,F,1980,Sofia,8.93183e-05,9255257,9256151
anglo,F,1980,Sonia,3.48767e-05,9256151,9256501
anglo,F,1980,Sonya,8.96019e-05,9256501,9257398
anglo,F,1980,Sophia,0.000420526,9257398,9261604
anglo,F,1980,Sophie,0.00404104,9261604,9302013
anglo,F,1980,Sophie-Louise,0.000175141,9302013,9303765
anglo,F,1980,Sorcha,8.78163e-05,9303765,9304644
anglo,F,1980,Stacey,0.00699033,9304644,9374543
anglo,F,1980,Stella,0.000187569,9374543,9376420
anglo,F,1980,Stephanie,0.0099401,9376420,9475815
anglo,F,1980,Summer,0.000209402,9475815,9477910
anglo,F,1980,Susan,0.00406636,9477910,9518572
anglo,F,1980,Susanna,0.000109127,9518572,9519664
anglo,F,1980,Susannah,4.72433e-05,9519664,9520137
anglo,F,1980,Suzanne,0.00139703,9520137,9534107
anglo,F,1980,Sylvia,0.000156992,9534107,9535678
anglo,F,1980,Tamara,0.00384301,9535678,9574106
anglo,F,1980,Tammy,0.000776384,9574106,9581870
anglo,F,1980,Tania,0.00158125,9581870,9597682
anglo,F,1980,Tanya,0.00420515,9597682,9639732
anglo,F,1980,Tara,0.00552654,9639732,9694995
anglo,F,1980,Tayla,0.000258456,9694995,9697580
anglo,F,1980,Taylor,0.000264553,9697580,9700226
anglo,F,1980,Tegan,0.00255559,9700226,9725781
anglo,F,1980,Teresa,0.000368964,9725781,9729471
anglo,F,1980,Terina,7.48573e-05,9729471,9730221
anglo,F,1980,Terri,0.000117681,9730221,9731399
anglo,F,1980,Tess,0.000108536,9731399,9732485
anglo,F,1980,Tessa,0.000250692,9732485,9734993
anglo,F,1980,Thea,3.95553e-05,9734993,9735390
anglo,F,1980,Theresa,6.11267e-05,9735390,9736002
anglo,F,1980,Therese,4.60703e-05,9736002,9736464
anglo,F,1980,Tia,0.000295756,9736464,9739422
anglo,F,1980,Tiana,5.50088e-05,9739422,9739973
anglo,F,1980,Tiare,9.51311e-05,9739973,9740925
anglo,F,1980,Tiarna,6.79955e-05,9740925,9741606
anglo,F,1980,Tiegan,5.94161e-05,9741606,9742201
anglo,F,1980,Tiffany,0.00175795,9742201,9759780
anglo,F,1980,Tina,0.000364106,9759780,9763422
anglo,F,1980,Toni,0.000476226,9763422,9768185
anglo,F,1980,Tonicha,0.000141911,9768185,9769605
anglo,F,1980,Tori,0.000139193,9769605,9770998
anglo,F,1980,Tory,4.50842e-05,9770998,9771450
anglo,F,1980,Tracey,0.00274824,9771450,9798931
anglo,F,1980,Tracy,0.000935663,9798931,9808288
anglo,F,1980,Trinity,5.68518e-05,9808288,9808857
anglo,F,1980,Tui,0.000177361,9808857,9810631
anglo,F,1980,Tyla,1.3894e-05,9810631,9810771
anglo,F,1980,Tyler,0.000169124,9810771,9812463
anglo,F,1980,Una,0.000294739,9812463,9815411
anglo,F,1980,Ursula,5.1868e-05,9815411,9815931
anglo,F,1980,Valerie,0.000141111,9815931,9817343
anglo,F,1980,Vanessa,0.00720058,9817343,9889345
anglo,F,1980,Vicki,0.000449569,9889345,9893841
anglo,F,1980,Vicky,2.80715e-05,9893841,9894123
anglo,F,1980,Victoria,0.00386426,9894123,9932764
anglo,F,1980,Violet,7.17382e-05,9932764,9933482
anglo,F,1980,Virginia,7.65586e-06,9933482,9933560
anglo,F,1980,Vivienne,0.000113704,9933560,9934698
anglo,F,1980,Waimarie,9.51311e-05,9934698,9935650
anglo,F,1980,Wendy,0.00101999,9935650,9945850
anglo,F,1980,Whitney,0.000576873,9945850,9951619
anglo,F,1980,Wikitoria,8.26549e-05,9951619,9952446
anglo,F,1980,Willow,0.000105339,9952446,9953500
anglo,F,1980,Yasmin,7.64641e-05,9953500,9954266
anglo,F,1980,Yasmine,0.000118415,9954266,9955451
anglo,F,1980,Yvonne,0.000517604,9955451,9960628
anglo,F,1980,Zara,0.000233621,9960628,9962965
anglo,F,1980,Zoe,0.00368011,9962965,9999765
anglo,F,1980,Zoey,2.33929e-05,9999765,10000000
anglo,M,1990,Aaron,0.0113798,0,113793
anglo,M,1990,Abdul,7.76234e-05,113793,114570
anglo,M,1990,Adam,0.0123195,114570,237759
anglo,M,1990,Adrian,0.00382476,237759,276006
anglo,M,1990,Aedan,7.66993e-05,276006,276774
anglo,M,1990,Aidan,0.00240063,276774,300780
anglo,M,1990,Aiden,0.000416354,300780,304944
anglo,M,1990,Alan,0.000692403,304944,311869
anglo,M,1990,Alastair,0.000122459,311869,313095
anglo,M,1990,Albert,0.000114897,313095,314245
anglo,M,1990,Alex,0.00486203,314245,362864
anglo,M,1990,Alexander,0.0158029,362864,520886
anglo,M,1990,Ali,0.000230737,520886,523194
anglo,M,1990,Alistair,0.000193013,523194,525125
anglo,M,1990,Alister,9.10776e-05,525125,526037
anglo,M,1990,Allan,0.000427511,526037,530313
anglo,M,1990,Allen,5.52442e-06,530313,530369
anglo,M,1990,Anaru,7.96167e-05,530369,531166
anglo,M,1990,Andre,1.37569e-05,531166,531305
anglo,M,1990,Andrew,0.019658,531305,727876
anglo,M,1990,Angus,0.00421598,727876,770035
anglo,M,1990,Anthony,0.0101575,770035,871606
anglo,M,1990,Antoin,6.21738e-05,871606,872229
anglo,M,1990,Anton,8.85833e-05,872229,873116
anglo,M,1990,Antony,0.000244683,873116,875564
anglo,M,1990,Aodhan,0.000153042,875564,877095
anglo,M,1990,Archer,4.12707e-05,877095,877509
anglo,M,1990,Archie,8.38413e-05,877509,878348
anglo,M,1990,Ari,0.000106589,878348,879415
anglo,M,1990,Ariki,0.000127603,879415,880692
anglo,M,1990,Arlo,6.32601e-05,880692,881326
anglo,M,1990,Arran,9.56844e-05,881326,882284
anglo,M,1990,Arron,7.54536e-05,882284,883039
anglo,M,1990,Arthur,0.000159901,883039,884639
anglo,M,1990,Asher,3.45547e-05,884639,884986
anglo,M,1990,Ashley,0.00104091,884986,895396
anglo,M,1990,Ashton,0.000133886,895396,896736
anglo,M,1990,Austin,7.45256e-05,896736,897482
anglo,M,1990,Bailey,0.00243086,897482,921790
anglo,M,1990,Bailie,8.60154e-05,921790,922651
anglo,M,1990,Barry,0.000499232,922651,927644
anglo,M,1990,Beau,0.00152719,927644,942916
anglo,M,1990,Beauden,1.35403e-05,942916,943052
anglo,M,1990,Ben,0.0029633,943052,972685
anglo,M,1990,Benjamin,0.0224438,972685,1197113
anglo,M,1990,Benn,6.59985e-05,1197113,1197774
anglo,M,1990,Bernard,0.000548867,1197774,1203263
anglo,M,1990,Bevan,6.86762e-05,1203263,1203951
anglo,M,1990,Billy,0.00109747,1203951,1214926
anglo,M,1990,Blaine,8.4567e-05,1214926,1215773
anglo,M,1990,Blair,0.000310126,1215773,1218875
anglo,M,1990,Blake,0.0110151,1218875,1329021
anglo,M,1990,Bodhi,7.58254e-06,1329021,1329098
anglo,M,1990,Brad,0.000112981,1329098,1330229
anglo,M,1990,Bradley,0.00923565,1330229,1422582
anglo,M,1990,Brandon,0.00579617,1422582,1480542
anglo,M,1990,Braxton,8.02666e-05,1480542,1481346
anglo,M,1990,Brayden,0.000840559,1481346,1489752
anglo,M,1990,Breandan,8.18556e-05,1489752,1490572
anglo,M,1990,Brendan,0.00626203,1490572,1553190
anglo,M,1990,Brendon,0.000554357,1553190,1558734
anglo,M,1990,Brent,0.00136821,1558734,1572416
anglo,M,1990,Brett,0.00155503,1572416,1587967
anglo,M,1990,Brian,0.000782066,1587967,1595788
anglo,M,1990,Brock,0.000952807,1595788,1605317
anglo,M,1990,Brodie,0.00190187,1605317,1624336
anglo,M,1990,Brooklyn,4.39788e-05,1624336,1624777
anglo,M,1990,Bruce,0.000753848,1624777,1632316
anglo,M,1990,Bryan,0.000478758,1632316,1637104
anglo,M,1990,Bryce,0.0024078,1637104,1661182
anglo,M,1990,Cahal,9.98507e-05,1661182,1662181
anglo,M,1990,Cahir,6.44635e-05,1662181,1662827
anglo,M,1990,Cailum,7.34383e-05,1662827,1663562
anglo,M,1990,Cal,0.000100593,1663562,1664569
anglo,M,1990,Caleb,0.00221609,1664569,1686730
anglo,M,1990,Callan,7.42604e-05,1686730,1687474
anglo,M,1990,Callum,0.00378269,1687474,1725300
anglo,M,1990,Calum,8.22914e-05,1725300,1726124
anglo,M,1990,Calvin,0.000219075,1726124,1728316
anglo,M,1990,Cameron,0.0101897,1728316,1830209
anglo,M,1990,Campbell,4.57119e-05,1830209,1830667
anglo,M,1990,Caoimhin,0.000235519,1830667,1833023
anglo,M,1990,Caolain,8.01721e-05,1833023,1833826
anglo,M,1990,Caolan,7.14097e-05,1833826,1834541
anglo,M,1990,Caomhan,9.80569e-05,1834541,1835523
anglo,M,1990,Carl,0.000445949,1835523,1839983
anglo,M,1990,Carlos,1.32153e-05,1839983,1840116
anglo,M,1990,Carter,0.000250611,1840116,1842623
anglo,M,1990,Cathal,6.15585e-05,1842623,1843240
anglo,M,1990,Charles,0.00210838,1843240,1864324
anglo,M,1990,Charlie,0.000429745,1864324,1868622
anglo,M,1990,Chase,1.8848e-05,1868622,1868811
anglo,M,1990,Che,0.000126424,1868811,1870076
anglo,M,1990,Chris,9.91228e-05,1870076,1871068
anglo,M,1990,Christian,0.00241399,1871068,1895208
anglo,M,1990,Christie,7.85778e-05,1895208,1895995
anglo,M,1990,Christopher,0.02095,1895995,2105486
anglo,M,1990,Christy,9.77084e-05,2105486,2106464
anglo,M,1990,Cianan,0.000141657,2106464,2107881
anglo,M,1990,Ciaran,7.91657e-05,2107881,2108674
anglo,M,1990,Cillian,0.000105805,2108674,2109733
anglo,M,1990,Clark,0.000187559,2109733,2111609
anglo,M,1990,Clayton,6.391e-06,2111609,2111674
anglo,M,1990,Clifford,0.000132283,2111674,2112998
anglo,M,1990,Clinton,0.000108755,2112998,2114086
anglo,M,1990,Clive,0.0002703,2114086,2116790
anglo,M,1990,Cody,0.00327022,2116790,2149492
anglo,M,1990,Cohen,1.07239e-05,2149492,2149600
anglo,M,1990,Cole,7.01927e-05,2149600,2150303
anglo,M,1990,Colin,0.000534839,2150303,2155652
anglo,M,1990,Colm,0.000102912,2155652,2156682
anglo,M,1990,Colum,0.0004553,2156682,2161236
anglo,M,1990,Conal,0.000111312,2161236,2162350
anglo,M,1990,Conall,0.000147575,2162350,2163827
anglo,M,1990,Conan,0.00010097,2163827,2164838
anglo,M,1990,Conchur,6.40101e-05,2164838,2165479
anglo,M,1990,Conn,6.16599e-05,2165479,2166097
anglo,M,1990,Connor,0.0042435,2166097,2208531
anglo,M,1990,Conor,0.000201778,2208531,2210550
anglo,M,1990,Conrad,0.000107559,2210550,2211627
anglo,M,1990,Cooper,0.00109211,2211627,2222549
anglo,M,1990,Corey,0.00624991,2222549,2285046
anglo,M,1990,Cormac,6.32366e-05,2285046,2285679
anglo,M,1990,Cory,0.000138373,2285679,2287064
anglo,M,1990,Craig,0.00207515,2287064,2307815
anglo,M,1990,Cruz,5.63275e-06,2307815,2307872
anglo,M,1990,Curtis,0.000567699,2307872,2313550
anglo,M,1990,Daire,9.07912e-05,2313550,2314459
anglo,M,1990,Dale,0.000720465,2314459,2321664
anglo,M,1990,Damian,0.000216906,2321664,2323834
anglo,M,1990,Damien,0.00110201,2323834,2334854
anglo,M,1990,Damon,2.2856e-05,2334854,2335084
anglo,M,1990,Daniel,0.0311402,2335084,2646472
anglo,M,1990,Danny,0.00027835,2646472,2649256
anglo,M,1990,Dara,0.000200503,2649256,2651262
anglo,M,1990,Darcy,0.000257882,2651262,2653842
anglo,M,1990,Darragh,0.000110823,2653842,2654951
anglo,M,1990,Darrell,6.78964e-05,2654951,2655631
anglo,M,1990,Darren,0.00042319,2655631,2659864
anglo,M,1990,Darrin,2.35059e-05,2659864,2660100
anglo,M,1990,Darryl,0.00044566,2660100,2664557
anglo,M,1990,Darryn,2.81637e-05,2664557,2664840
anglo,M,1990,Daryl,0.000296921,2664840,2667810
anglo,M,1990,David,0.015926,2667810,2827063
anglo,M,1990,Deaglan,7.00899e-05,2827063,2827765
anglo,M,1990,Dean,0.0056674,2827765,2884437
anglo,M,1990,Deane,6.99472e-05,2884437,2885137
anglo,M,1990,Declan,9.67413e-05,2885137,2886105
anglo,M,1990,Denis,0.00015794,2886105,2887685
anglo,M,1990,Dennis,0.000307908,2887685,2890765
anglo,M,1990,Derek,0.00080167,2890765,2898782
anglo,M,1990,Dermot,0.000102515,2898782,2899808
anglo,M,1990,Desmond,0.000111796,2899808,2900927
anglo,M,1990,Diarmuid,7.02333e-05,2900927,2901630
anglo,M,1990,Dillon,8.17603e-05,2901630,2902449
anglo,M,1990,Dion,0.000138977,2902449,2903840
anglo,M,1990,Domhnall,7.89684e-05,2903840,2904631
anglo,M,1990,Dominic,0.00263763,2904631,2931007
anglo,M,1990,Don,0.000183718,2931007,2932845
anglo,M,1990,Donal,6.49256e-05,2932845,2933495
anglo,M,1990,Donald,0.00036464,2933495,2937142
anglo,M,1990,Douglas,0.000423788,2937142,2941381
anglo,M,1990,Duncan,0.000438629,2941381,2945768
anglo,M,1990,Dwayne,6.17436e-06,2945768,2945831
anglo,M,1990,Dylan,0.0138829,2945831,3084654
anglo,M,1990,Eamon,6.82937e-05,3084654,3085338
anglo,M,1990,Eamonn,7.23271e-05,3085338,3086062
anglo,M,1990,Edward,0.00366283,3086062,3122689
anglo,M,1990,Eli,0.000104097,3122689,3123731
anglo,M,1990,Elijah,0.000231484,3123731,3126047
anglo,M,1990,Elliot,9.41667e-05,3126047,3126990
anglo,M,1990,Elliott,0.000127823,3126990,3128269
anglo,M,1990,Emmet,0.000171766,3128269,3129988
anglo,M,1990,Emmett,6.84275e-05,3129988,3130673
anglo,M,1990,Enda,0.000807759,3130673,3138751
anglo,M,1990,Eoghan,7.68818e-05,3138751,3139521
anglo,M,1990,Eoin,0.000134674,3139521,3140869
anglo,M,1990,Eric,0.000586581,3140869,3146736
anglo,M,1990,Ethan,0.00586158,3146736,3205350
anglo,M,1990,Euan,6.91073e-05,3205350,3206042
anglo,M,1990,Eugene,6.92454e-05,3206042,3206735
anglo,M,1990,Eunan,8.43318e-05,3206735,3207579
anglo,M,1990,Evan,7.74362e-05,3207579,3208354
anglo,M,1990,Ewan,7.15604e-05,3208354,3209071
anglo,M,1990,Ezra,3.34715e-05,3209071,3209407
anglo,M,1990,Feargal,6.64907e-05,3209407,3210073
anglo,M,1990,Fearghal,8.03775e-05,3210073,3210878
anglo,M,1990,Felix,8.32997e-05,3210878,3211712
anglo,M,1990,Fergal,0.000117089,3211712,3212884
anglo,M,1990,Fergus,8.07925e-05,3212884,3213693
anglo,M,1990,Finbar,0.000123096,3213693,3214925
anglo,M,1990,Finn,0.00058833,3214925,3220809
anglo,M,1990,Fintan,7.528e-05,3220809,3221563
anglo,M,1990,Fionntan,0.000149698,3221563,3223061
anglo,M,1990,Fletcher,4.842e-05,3223061,3223546
anglo,M,1990,Flynn,0.000170824,3223546,3225255
anglo,M,1990,Francis,0.000109393,3225255,3226350
anglo,M,1990,Frank,9.75295e-05,3226350,3227326
anglo,M,1990,Fraser,5.52442e-06,3227326,3227382
anglo,M,1990,Frazer,8.31818e-05,3227382,3228215
anglo,M,1990,Frederick,0.000107431,3228215,3229290
anglo,M,1990,Gabriel,0.000216383,3229290,3231455
anglo,M,1990,Gareth,0.000312331,3231455,3234579
anglo,M,1990,Garrett,6.56356e-05,3234579,3235236
anglo,M,1990,Garry,0.000283179,3235236,3238069
anglo,M,1990,Gary,0.000664678,3238069,3244716
anglo,M,1990,Gavin,0.000456646,3244716,3249283
anglo,M,1990,Geoffrey,0.000898681,3249283,3258270
anglo,M,1990,George,0.00442568,3258270,3302526
anglo,M,1990,Gerald,7.56148e-05,3302526,3303283
anglo,M,1990,Gerard,0.000129315,3303283,3304577
anglo,M,1990,Giles,0.000923481,3304577,3313812
anglo,M,1990,Glen,0.00040191,3313812,3317832
anglo,M,1990,Glenn,0.000502262,3317832,3322855
anglo,M,1990,Gordon,0.000336497,3322855,3326221
anglo,M,1990,Graeme,0.000752732,3326221,3333749
anglo,M,1990,Graham,0.000496282,3333749,3338713
anglo,M,1990,Grant,0.00130288,3338713,3351742
anglo,M,1990,Grayson,2.80554e-05,3351742,3352024
anglo,M,1990,Gregory,0.0011342,3352024,3363366
anglo,M,1990,Guy,0.000724058,3363366,3370607
anglo,M,1990,Hamish,0.00161347,3370607,3386742
anglo,M,1990,Harley,0.00156652,3386742,3402407
anglo,M,1990,Harrison,0.00489089,3402407,3451314
anglo,M,1990,Harry,0.00270937,3451314,3478407
anglo,M,1990,Harvey,9.40746e-05,3478407,3479349
anglo,M,1990,Hayden,0.00704986,3479349,3549845
anglo,M,1990,Hemi,0.000147318,3549845,3551319
anglo,M,1990,Henry,0.00206824,3551319,3572001
anglo,M,1990,Hoani,6.21769e-05,3572001,3572624
anglo,M,1990,Howard,7.72502e-05,3572624,3573397
anglo,M,1990,Hudson,3.04385e-05,3573397,3573702
anglo,M,1990,Hugh,0.000117177,3573702,3574875
anglo,M,1990,Hugo,5.88189e-05,3574875,3575464
anglo,M,1990,Hunter,0.000329732,3575464,3578762
anglo,M,1990,Iain,7.70654e-05,3578762,3579534
anglo,M,1990,Ian,0.000895338,3579534,3588488
anglo,M,1990,Ihaia,5.15613e-05,3588488,3589005
anglo,M,1990,Isaac,0.00421125,3589005,3631116
anglo,M,1990,Isaiah,3.78044e-05,3631116,3631495
anglo,M,1990,Israel,5.63275e-06,3631495,3631552
anglo,M,1990,Ivan,2.5564e-05,3631552,3631809
anglo,M,1990,Jack,0.0195333,3631809,3827133
anglo,M,1990,Jackson,0.00628629,3827133,3889994
anglo,M,1990,Jacob,0.0142197,3889994,4032185
anglo,M,1990,Jaime,0.000131511,4032185,4033501
anglo,M,1990,Jake,0.0154918,4033501,4188412
anglo,M,1990,Jakob,4.98281e-06,4188412,4188463
anglo,M,1990,James,0.0294258,4188463,4482707
anglo,M,1990,Jamie,0.0045219,4482707,4527925
anglo,M,1990,Jared,0.00152703,4527925,4543195
anglo,M,1990,Jarlath,6.25932e-05,4543195,4543822
anglo,M,1990,Jarrod,0.00448402,4543822,4588661
anglo,M,1990,Jason,0.00951464,4588661,4683804
anglo,M,1990,Jasper,2.66472e-05,4683804,4684071
anglo,M,1990,Jaxon,6.74846e-05,4684071,4684747
anglo,M,1990,Jay,0.00154676,4684747,4700215
anglo,M,1990,Jayden,0.00564682,4700215,4756681
anglo,M,1990,Jeffrey,0.00039927,4756681,4760674
anglo,M,1990,Jeremy,0.00534758,4760674,4814148
anglo,M,1990,Jesse,0.00750143,4814148,4889160
anglo,M,1990,Joe,6.30202e-05,4889160,4889791
anglo,M,1990,Joel,0.00734215,4889791,4963210
anglo,M,1990,John,0.0107921,4963210,5071127
anglo,M,1990,Johnathan,0.000130002,5071127,5072428
anglo,M,1990,Johnny,6.33456e-05,5072428,5073062
anglo,M,1990,Jon,0.000113842,5073062,5074201
anglo,M,1990,Jonathan,0.00567447,5074201,5130944
anglo,M,1990,Jonathon,0.00105414,5130944,5141486
anglo,M,1990,Jordan,0.0131634,5141486,5273115
anglo,M,1990,Jordon,0.00010801,5273115,5274196
anglo,M,1990,Joseph,0.0096994,5274196,5371186
anglo,M,1990,Josh,8.016e-05,5371186,5371989
anglo,M,1990,Joshua,0.0340056,5371989,5712029
anglo,M,1990,Josiah,5.63275e-06,5712029,5712086
anglo,M,1990,Jude,7.27978e-05,5712086,5712815
anglo,M,1990,Julian,0.000619151,5712815,5719007
anglo,M,1990,Justin,0.00778124,5719007,5796816
anglo,M,1990,Kahu,7.58254e-05,5796816,5797575
anglo,M,1990,Kahurangi,0.000101714,5797575,5798593
anglo,M,1990,Kaleb,5.32944e-05,5798593,5799127
anglo,M,1990,Kane,0.000635849,5799127,5805486
anglo,M,1990,Karl,0.000481772,5805486,5810304
anglo,M,1990,Kauri,0.000174723,5810304,5812052
anglo,M,1990,Kayden,1.33236e-05,5812052,5812186
anglo,M,1990,Kealan,0.000170223,5812186,5813889
anglo,M,1990,Keanu,5.84939e-06,5813889,5813948
anglo,M,1990,Keegan,3.8021e-05,5813948,5814329
anglo,M,1990,Keelan,7.97655e-05,5814329,5815128
anglo,M,1990,Keith,0.000311938,5815128,5818248
anglo,M,1990,Kelly,6.28268e-06,5818248,5818312
anglo,M,1990,Kelvin,0.000293294,5818312,5821246
anglo,M,1990,Kenneth,0.000416719,5821246,5825414
anglo,M,1990,Kerry,0.000260406,5825414,5828019
anglo,M,1990,Kevin,0.00470684,5828019,5875086
anglo,M,1990,Kieran,0.00191148,5875086,5894201
anglo,M,1990,Killian,0.000315164,5894201,5897353
anglo,M,1990,Kim,1.35403e-05,5897353,5897489
anglo,M,1990,Kingston,7.49589e-05,5897489,5898240
anglo,M,1990,Kirk,8.91218e-05,5898240,5899132
anglo,M,1990,Kristian,9.66823e-05,5899132,5900100
anglo,M,1990,Kristopher,6.20701e-05,5900100,5900722
anglo,M,1990,Kurt,0.00205008,5900722,5921223
anglo,M,1990,Kurtis,0.000115435,5921223,5922378
anglo,M,1990,Kyle,0.00699558,5922378,5992331
anglo,M,1990,Lachlan,0.0132316,5992331,6124641
anglo,M,1990,Lance,0.000320417,6124641,6127846
anglo,M,1990,Lawrence,0.000149545,6127846,6129342
anglo,M,1990,Lee,0.000155914,6129342,6130902
anglo,M,1990,Leigh,6.516e-05,6130902,6131555
anglo,M,1990,Leo,0.000320434,6131555,6134760
anglo,M,1990,Leon,0.000166714,6134760,6136428
anglo,M,1990,Leonard,8.15714e-05,6136428,6137245
anglo,M,1990,Leslie,0.000454026,6137245,6141786
anglo,M,1990,Levi,0.00032345,6141786,6145021
anglo,M,1990,Lewis,0.000437065,6145021,6149392
anglo,M,1990,Liam,0.0111818,6149392,6261206
anglo,M,1990,Lincoln,9.2832e-05,6261206,6262135
anglo,M,1990,Lindsay,9.56484e-05,6262135,6263092
anglo,M,1990,Lloyd,0.000116788,6263092,6264261
anglo,M,1990,Logan,0.000862835,6264261,6272890
anglo,M,1990,Lorcan,0.000151905,6272890,6274410
anglo,M,1990,Louis,0.000315599,6274410,6277567
anglo,M,1990,Luca,0.000142768,6277567,6278996
anglo,M,1990,Lucas,0.00184068,6278996,6297403
anglo,M,1990,Luka,1.28903e-05,6297403,6297533
anglo,M,1990,Lukas,7.58254e-06,6297533,6297610
anglo,M,1990,Luke,0.0203032,6297610,6500632
anglo,M,1990,Lyndon,0.000225276,6500632,6502886
anglo,M,1990,Macauley,6.50425e-05,6502886,6503537
anglo,M,1990,Mairtin,0.000351598,6503537,6507054
anglo,M,1990,Malachy,8.36368e-05,6507054,6507891
anglo,M,1990,Malcolm,0.000361107,6507891,6511503
anglo,M,1990,Manaaki,6.21769e-05,6511503,6512126
anglo,M,1990,Manaia,0.000155334,6512126,6513680
anglo,M,1990,Manawa,5.80606e-05,6513680,6514262
anglo,M,1990,Manus,0.000300386,6514262,6517267
anglo,M,1990,Marc,6.71199e-05,6517267,6517939
anglo,M,1990,Marco,0.000198181,6517939,6519922
anglo,M,1990,Marcus,0.000664826,6519922,6526571
anglo,M,1990,Mark,0.00845408,6526571,6611109
anglo,M,1990,Martin,0.00138397,6611109,6624949
anglo,M,1990,Martyn,7.36008e-05,6624949,6625686
anglo,M,1990,Mason,0.000283046,6625686,6628517
anglo,M,1990,Mathew,0.00507533,6628517,6679269
anglo,M,1990,Matiu,4.92865e-05,6679269,6679763
anglo,M,1990,Matthew,0.0316898,6679763,6996646
anglo,M,1990,Maurice,0.000136738,6996646,6998014
anglo,M,1990,Max,0.00280332,6998014,7026047
anglo,M,1990,Maxwell,1.86314e-05,7026047,7026234
anglo,M,1990,Mervyn,1.75482e-05,7026234,7026410
anglo,M,1990,Micah,5.63275e-06,7026410,7026467
anglo,M,1990,Michael,0.0250393,7026467,7276848
anglo,M,1990,Micheal,7.4141e-05,7276848,7277590
anglo,M,1990,Mikaere,0.000153059,7277590,7279121
anglo,M,1990,Mitchel,0.000103312,7279121,7280155
anglo,M,1990,Mitchell,0.0179904,7280155,7460051
anglo,M,1990,Mohamed,6.61206e-05,7460051,7460713
anglo,M,1990,Mohammad,0.000112305,7460713,7461837
anglo,M,1990,Mohammed,0.000532922,7461837,7467167
anglo,M,1990,Morgan,0.000110822,7467167,7468276
anglo,M,1990,Murray,0.000524604,7468276,7473523
anglo,M,1990,Myles,0.000247105,7473523,7475995
anglo,M,1990,Naoise,8.20727e-05,7475995,7476817
anglo,M,1990,Nate,5.19946e-06,7476817,7476870
anglo,M,1990,Nathan,0.0165035,7476870,7641898
anglo,M,1990,Nathaniel,0.000175459,7641898,7643653
anglo,M,1990,Neil,0.000432122,7643653,7647975
anglo,M,1990,Neville,0.000137352,7647975,7649349
anglo,M,1990,Niall,0.000135497,7649349,7650705
anglo,M,1990,Nicholas,0.0204325,7650705,7855021
anglo,M,1990,Nigel,0.000567427,7855021,7860696
anglo,M,1990,Nikau,0.000210361,7860696,7862800
anglo,M,1990,Niko,0.000105289,7862800,7863854
anglo,M,1990,Nikora,0.000191297,7863854,7865768
anglo,M,1990,Nixon,2.37225e-05,7865768,7866006
anglo,M,1990,Noah,0.000863508,7866006,7874642
anglo,M,1990,Noel,0.000349475,7874642,7878138
anglo,M,1990,Norman,0.00023187,7878138,7880458
anglo,M,1990,Odhran,0.000107113,7880458,7881530
anglo,M,1990,Oisin,0.000137183,7881530,7882903
anglo,M,1990,Oliver,0.00419668,7882903,7924869
anglo,M,1990,Omar,8.99462e-05,7924869,7925769
anglo,M,1990,Oran,9.02255e-05,7925769,7926672
anglo,M,1990,Oscar,0.000454116,7926672,7931214
anglo,M,1990,Owen,0.000234303,7931214,7933558
anglo,M,1990,Padraic,8.88515e-05,7933558,7934447
anglo,M,1990,Padraig,0.000155384,7934447,7936002
anglo,M,1990,Patrick,0.00870508,7936002,8023049
anglo,M,1990,Paul,0.00591328,8023049,8082180
anglo,M,1990,Pauric,0.000138927,8082180,8083570
anglo,M,1990,Peadar,9.87641e-05,8083570,8084559
anglo,M,1990,Pearce,7.11107e-05,8084559,8085271
anglo,M,1990,Pearse,8.164e-05,8085271,8086088
anglo,M,1990,Peter,0.00958513,8086088,8181935
anglo,M,1990,Philip,0.000844666,8181935,8190382
anglo,M,1990,Phillip,0.00232486,8190382,8213630
anglo,M,1990,Phoenix,9.554e-05,8213630,8214586
anglo,M,1990,Piaras,0.000165808,8214586,8216245
anglo,M,1990,Pierce,0.000129265,8216245,8217539
anglo,M,1990,Quentin,7.25758e-06,8217539,8217613
anglo,M,1990,Quinn,8.0375e-05,8217613,8218418
anglo,M,1990,Rawiri,0.000168224,8218418,8220101
anglo,M,1990,Raymond,0.000844179,8220101,8228543
anglo,M,1990,Reece,0.00296738,8228543,8258216
anglo,M,1990,Regan,0.000128037,8258216,8259497
anglo,M,1990,Reuben,0.000295088,8259497,8262449
anglo,M,1990,Rex,6.07687e-05,8262449,8263058
anglo,M,1990,Rhys,0.00432367,8263058,8306293
anglo,M,1990,Rian,6.69928e-05,8306293,8306964
anglo,M,1990,Richard,0.00447098,8306964,8351673
anglo,M,1990,Ricky,0.000150763,8351673,8353182
anglo,M,1990,Riley,0.00174159,8353182,8370598
anglo,M,1990,Robbie,6.37865e-05,8370598,8371237
anglo,M,1990,Robert,0.00911958,8371237,8462429
anglo,M,1990,Robin,0.000368318,8462429,8466113
anglo,M,1990,Rodney,0.000209711,8466113,8468211
anglo,M,1990,Roger,0.000358918,8468211,8471801
anglo,M,1990,Rohan,7.264e-05,8471801,8472528
anglo,M,1990,Roman,4.64702e-05,8472528,8472994
anglo,M,1990,Ronald,0.000270006,8472994,8475695
anglo,M,1990,Ronan,8.5283e-05,8475695,8476549
anglo,M,1990,Rory,9.32151e-05,8476549,8477482
anglo,M,1990,Ross,0.000587015,8477482,8483353
anglo,M,1990,Rowan,8.10022e-05,8483353,8484164
anglo,M,1990,Roy,7.63372e-05,8484164,8484928
anglo,M,1990,Ruairi,8.72742e-05,8484928,8485802
anglo,M,1990,Ruari,6.63667e-05,8485802,8486467
anglo,M,1990,Russell,0.000684668,8486467,8493314
anglo,M,1990,Ryan,0.0143501,8493314,8636809
anglo,M,1990,Ryder,7.87501e-05,8636809,8637597
anglo,M,1990,Sam,0.00381295,8637597,8675726
anglo,M,1990,Samuel,0.0173138,8675726,8848856
anglo,M,1990,Saul,7.47655e-05,8848856,8849605
anglo,M,1990,Scot,9.60139e-05,8849605,8850566
anglo,M,1990,Scott,0.00727202,8850566,8923283
anglo,M,1990,Seamus,0.00011598,8923283,8924444
anglo,M,1990,Sean,0.00621895,8924444,8986631
anglo,M,1990,Sean-Paul,7.99681e-05,8986631,8987432
anglo,M,1990,Sebastian,0.00011168,8987432,8988550
anglo,M,1990,Seth,8.44912e-05,8988550,8989396
anglo,M,1990,Shane,0.00398664,8989396,9029261
anglo,M,1990,Shannon,0.00059768,9029261,9035238
anglo,M,1990,Shaun,0.0034205,9035238,9069442
anglo,M,1990,Shay,7.09624e-05,9069442,9070153
anglo,M,1990,Shayne,3.20633e-05,9070153,9070475
anglo,M,1990,Shea,0.000121209,9070475,9071688
anglo,M,1990,Simon,0.00421286,9071688,9113815
anglo,M,1990,Sione,1.78731e-05,9113815,9113995
anglo,M,1990,Spencer,5.63275e-06,9113995,9114052
anglo,M,1990,Stanley,0.000293661,9114052,9116989
anglo,M,1990,Stefan,9.50271e-05,9116989,9117940
anglo,M,1990,Stephen,0.00549213,9117940,9172859
anglo,M,1990,Steven,0.0066737,9172859,9239594
anglo,M,1990,Stewart,0.000154273,9239594,9241138
anglo,M,1990,Stuart,0.000721138,9241138,9248350
anglo,M,1990,Tai,8.58994e-05,9248350,9249210
anglo,M,1990,Taine,2.20977e-05,9249210,9249432
anglo,M,1990,Tama,0.000136161,9249432,9250795
anglo,M,1990,Tamati,0.000191297,9250795,9252709
anglo,M,1990,Tane,0.000183931,9252709,9254549
anglo,M,1990,Tangaroa,6.55348e-05,9254549,9255205
anglo,M,1990,Taylor,0.00110419,9255205,9266247
anglo,M,1990,Te Ariki,0.000154142,9266247,9267789
anglo,M,1990,Te Koha,5.81689e-05,9267789,9268372
anglo,M,1990,Terence,0.000466458,9268372,9273037
anglo,M,1990,Terry,0.000156722,9273037,9274605
anglo,M,1990,Theo,3.36882e-05,9274605,9274943
anglo,M,1990,Theodore,4.64702e-05,9274943,9275409
anglo,M,1990,Thomas,0.0228883,9275409,9504282
anglo,M,1990,Tiare,5.15613e-05,9504282,9504799
anglo,M,1990,Tiarnan,6.81606e-05,9504799,9505482
anglo,M,1990,Tiernan,7.39286e-05,9505482,9506222
anglo,M,1990,Timothy,0.0114032,9506222,9620249
anglo,M,1990,Tobias,9.43957e-05,9620249,9621194
anglo,M,1990,Toby,0.000596899,9621194,9627164
anglo,M,1990,Todd,0.00109515,9627164,9638116
anglo,M,1990,Tom,7.0607e-05,9638116,9638823
anglo,M,1990,Tomas,0.000109392,9638823,9639918
anglo,M,1990,Tony,0.000817086,9639918,9648089
anglo,M,1990,Travis,0.00114595,9648089,9659549
anglo,M,1990,Trent,0.00190265,9659549,9678576
anglo,M,1990,Trevor,0.000424753,9678576,9682824
anglo,M,1990,Tristan,0.000941686,9682824,9692241
anglo,M,1990,Troy,0.00148841,9692241,9707125
anglo,M,1990,Tyler,0.00347507,9707125,9741875
anglo,M,1990,Tyrone,0.000121369,9741875,9743090
anglo,M,1990,Tyson,0.000825736,9743090,9751348
anglo,M,1990,Vaughan,3.48797e-05,9751348,9751698
anglo,M,1990,Victor,7.81923e-05,9751698,9752481
anglo,M,1990,Vincent,0.000168626,9752481,9754168
anglo,M,1990,Walter,6.17436e-06,9754168,9754231
anglo,M,1990,Warren,0.00041715,9754231,9758403
anglo,M,1990,Warwick,3.1955e-05,9758403,9758724
anglo,M,1990,Wayne,0.000995955,9758724,9768684
anglo,M,1990,William,0.0144739,9768684,9913417
anglo,M,1990,Wiremu,0.000208303,9913417,9915501
anglo,M,1990,Wyatt,6.28268e-06,9915501,9915565
anglo,M,1990,Xavier,0.000203537,9915565,9917601
anglo,M,1990,Zac,0.000678591,9917601,9924388
anglo,M,1990,Zach,7.78118e-05,9924388,9925167
anglo,M,1990,Zachary,0.00711707,9925167,9996335
anglo,M,1990,Zak,0.000260349,9996335,9998939
anglo,M,1990,Zane,8.24331e-05,9998939,9999764
anglo,M,1990,Zion,2.35059e-05,9999764,10000000
anglo,F,1990,Aaliyah,0.00014773,0,1478
anglo,F,1990,Abbey,0.00181252,1478,19603
anglo,F,1990,Abbi,6.85063e-05,19603,20289
anglo,F,1990,Abbie,9.40239e-05,20289,21230
anglo,F,1990,Abby,0.000464405,21230,25875
anglo,F,1990,Abigail,0.000362889,25875,29505
anglo,F,1990,Addison,7.6275e-05,29505,30269
anglo,F,1990,Adele,4.9702e-05,30269,30767
anglo,F,1990,Adrienne,8.86095e-05,30767,31654
anglo,F,1990,Aideen,4.67398e-05,31654,32122
anglo,F,1990,Aileen,9.13298e-05,32122,33036
anglo,F,1990,Ailis,5.75016e-05,33036,33612
anglo,F,1990,Aimee,0.00143634,33612,47975
anglo,F,1990,Aine,7.1033e-05,47975,48686
anglo,F,1990,Aisling,4.51973e-05,48686,49139
anglo,F,1990,Aislinn,4.56574e-05,49139,49597
anglo,F,1990,Alana,0.00397377,49597,89333
anglo,F,1990,Alanis,9.09615e-05,89333,90244
anglo,F,1990,Alanna,0.000158584,90244,91831
anglo,F,1990,Alannah,6.164e-05,91831,92448
anglo,F,1990,Aleisha,1.44611e-05,92448,92594
anglo,F,1990,Alex,0.000228918,92594,94884
anglo,F,1990,Alexandra,0.0113098,94884,207975
anglo,F,1990,Alexandria,0.000171068,207975,209687
anglo,F,1990,Alexis,0.000111861,209687,210807
anglo,F,1990,Alice,0.00447182,210807,255523
anglo,F,1990,Alicia,0.00344207,255523,289942
anglo,F,1990,Alisha,7.51134e-05,289942,290694
anglo,F,1990,Alison,0.00330006,290694,323693
anglo,F,1990,Alix,0.000113519,323693,324829
anglo,F,1990,Alyssa,0.00132486,324829,338078
anglo,F,1990,Amaia,9.4564e-05,338078,339025
anglo,F,1990,Amanda,0.00898835,339025,428903
anglo,F,1990,Amber,0.00571207,428903,486021
anglo,F,1990,Amelia,0.00594675,486021,545485
anglo,F,1990,Amie,9.65093e-05,545485,546451
anglo,F,1990,Amy,0.0160382,546451,706823
anglo,F,1990,Amy-Lee,4.5028e-05,706823,707274
anglo,F,1990,Amy-Leigh,6.36724e-05,707274,707912
anglo,F,1990,Ana,0.000103496,707912,708948
anglo,F,1990,Anahera,0.000249524,708948,711444
anglo,F,1990,Anastasia,0.000248013,711444,713925
anglo,F,1990,Andrea,0.000769434,713925,721620
anglo,F,1990,Angel,9.85337e-05,721620,722606
anglo,F,1990,Angela,0.00614457,722606,784048
anglo,F,1990,Angelina,6.09633e-06,784048,784110
anglo,F,1990,Anika,0.000203022,784110,786141
anglo,F,1990,Anita,0.000216349,786141,788305
anglo,F,1990,Ann,0.00030471,788305,791353
anglo,F,1990,Anna,0.00696596,791353,861009
anglo,F,1990,Annabelle,6.47912e-05,861009,861658
anglo,F,1990,Annalise,4.97752e-05,861658,862157
anglo,F,1990,Anne,0.000873246,862157,870890
anglo,F,1990,Anne-Marie,5.28763e-05,870890,871420
anglo,F,1990,Annette,0.000388044,871420,875301
anglo,F,1990,Annie,5.34004e-05,875301,875836
anglo,F,1990,Antoinette,4.90555e-05,875836,876328
anglo,F,1990,Aoibheann,0.000112216,876328,877451
anglo,F,1990,Aoibhin,4.59513e-05,877451,877911
anglo,F,1990,Aoibhinn,0.00039301,877911,881842
anglo,F,1990,Aoife,5.17049e-05,881842,882360
anglo,F,1990,April,5.74707e-05,882360,882936
anglo,F,1990,Arabella,5.95456e-06,882936,882997
anglo,F,1990,Aria,0.000277879,882997,885777
anglo,F,1990,Ariana,0.000245129,885777,888229
anglo,F,1990,Arianne,7.40352e-05,888229,888970
anglo,F,1990,Aroha,0.000254628,888970,891517
anglo,F,1990,Ashlee,0.00223556,891517,913872
anglo,F,1990,Ashleigh,0.0117481,913872,1031346
anglo,F,1990,Ashlene,9.17021e-05,1031346,1032264
anglo,F,1990,Ashley,0.00845378,1032264,1116797
anglo,F,1990,Ashling,0.000272046,1116797,1119518
anglo,F,1990,Ashton,5.16238e-05,1119518,1120035
anglo,F,1990,Ataahua,0.000124195,1120035,1121278
anglo,F,1990,Aurora,3.55856e-05,1121278,1121635
anglo,F,1990,Ava,0.000352595,1121635,1125162
anglo,F,1990,Awhina,8.26549e-05,1125162,1125989
anglo,F,1990,Ayesha,5.76096e-05,1125989,1126566
anglo,F,1990,Ayla,8.67664e-05,1126566,1127435
anglo,F,1990,Bailey,2.12663e-05,1127435,1127649
anglo,F,1990,Barbara,0.000717543,1127649,1134825
anglo,F,1990,Belinda,0.00159438,1134825,1150769
anglo,F,1990,Bella,0.000175518,1150769,1152525
anglo,F,1990,Bernadette,7.34077e-05,1152525,1153260
anglo,F,1990,Beth,8.09399e-05,1153260,1154070
anglo,F,1990,Bethan,9.02367e-05,1154070,1154973
anglo,F,1990,Bethany,0.00193309,1154973,1174304
anglo,F,1990,Beverley,0.000185684,1174304,1176162
anglo,F,1990,Bianca,0.0063025,1176162,1239184
anglo,F,1990,Billie,6.37988e-06,1239184,1239249
anglo,F,1990,Billie-Jo,6.32517e-05,1239249,1239882
anglo,F,1990,Blanaid,8.619e-05,1239882,1240745
anglo,F,1990,Breanna,0.000659518,1240745,1247341
anglo,F,1990,Brenda,0.000397562,1247341,1251317
anglo,F,1990,Briana,6.94698e-06,1251317,1251387
anglo,F,1990,Brianna,0.00415178,1251387,1292903
anglo,F,1990,Bridget,0.0002284,1292903,1295188
anglo,F,1990,Brigid,7.60067e-05,1295188,1295949
anglo,F,1990,Britney,0.000360296,1295949,1299553
anglo,F,1990,Brittany,0.00844909,1299553,1384039
anglo,F,1990,Brogan,8.98801e-05,1384039,1384939
anglo,F,1990,Bronach,0.00012562,1384939,1386196
anglo,F,1990,Bronagh,5.0296e-05,1386196,1386700
anglo,F,1990,Bronte,0.00163514,1386700,1403051
anglo,F,1990,Bronwyn,0.000341111,1403051,1406463
anglo,F,1990,Brooke,0.0114122,1406463,1520578
anglo,F,1990,Brooklyn,0.000162171,1520578,1522201
anglo,F,1990,Bryony,7.71642e-05,1522201,1522974
anglo,F,1990,Cailin,9.24589e-05,1522974,1523900
anglo,F,1990,Caitlin,0.0114746,1523900,1638639
anglo,F,1990,Caitlyn,0.000805514,1638639,1646695
anglo,F,1990,Caitriona,5.0677e-05,1646695,1647203
anglo,F,1990,Caoilfhionn,4.8568e-05,1647203,1647690
anglo,F,1990,Caoimhe,9.56615e-05,1647690,1648648
anglo,F,1990,Cara,5.30495e-05,1648648,1649179
anglo,F,1990,Caragh,5.52527e-05,1649179,1649732
anglo,F,1990,Carla,0.000100853,1649732,1650741
anglo,F,1990,Carly,9.5245e-05,1650741,1651694
anglo,F,1990,Carmel,7.74014e-05,1651694,1652469
anglo,F,1990,Carmen,3.30336e-05,1652469,1652800
anglo,F,1990,Carol,0.000565143,1652800,1658452
anglo,F,1990,Carole,6.99202e-05,1658452,1659152
anglo,F,1990,Caroline,0.000466645,1659152,1663819
anglo,F,1990,Carolyn,0.000540943,1663819,1669229
anglo,F,1990,Carrie,4.89851e-05,1669229,1669720
anglo,F,1990,Casey,0.00290241,1669720,1698743
anglo,F,1990,Cassandra,0.00753426,1698743,1774081
anglo,F,1990,Cassie,0.000213299,1774081,1776215
anglo,F,1990,Catherine,0.00244013,1776215,1800616
anglo,F,1990,Cathy,8.81515e-05,1800616,1801498
anglo,F,1990,Catriona,4.42059e-05,1801498,1801941
anglo,F,1990,Ceara,4.80263e-05,1801941,1802422
anglo,F,1990,Celine,0.000173072,1802422,1804154
anglo,F,1990,Chantel,5.88355e-05,1804154,1804743
anglo,F,1990,Chantelle,0.00274285,1804743,1832171
anglo,F,1990,Charis,8.91779e-05,1832171,1833064
anglo,F,1990,Charlene,5.11446e-05,1833064,1833576
anglo,F,1990,Charlie,0.000151174,1833576,1835089
anglo,F,1990,Charlotte,0.0052026,1835089,1887112
anglo,F,1990,Chelsea,0.00485731,1887112,1935683
anglo,F,1990,Chelsey,6.1901e-05,1935683,1936303
anglo,F,1990,Cherie,0.000206592,1936303,1938370
anglo,F,1990,Cherith,0.000312981,1938370,1941501
anglo,F,1990,Cheryl,0.000297473,1941501,1944477
anglo,F,1990,Cheyenne,4.89124e-05,1944477,1944967
anglo,F,1990,Chloe,0.014418,1944967,2089139
anglo,F,1990,Christina,0.00230649,2089139,2112203
anglo,F,1990,Christine,0.00277545,2112203,2139957
anglo,F,1990,Ciara,8.84901e-05,2139957,2140843
anglo,F,1990,Ciarrai,0.000209821,2140843,2142942
anglo,F,1990,Cindy,9.21538e-06,2142942,2143035
anglo,F,1990,Claire,0.00572102,2143035,2200242
anglo,F,1990,Clara,8.25084e-05,2200242,2201068
anglo,F,1990,Clare,6.18273e-05,2201068,2201687
anglo,F,1990,Clarissa,0.000191729,2201687,2203605
anglo,F,1990,Claudia,0.00375354,2203605,2241139
anglo,F,1990,Cliodhna,0.000360674,2241139,2244746
anglo,F,1990,Cliona,0.000124761,2244746,2245995
anglo,F,1990,Clodagh,5.6043e-05,2245995,2246556
anglo,F,1990,Codie,8.95271e-05,2246556,2247452
anglo,F,1990,Colleen,0.000253578,2247452,2249989
anglo,F,1990,Collette,6.02552e-05,2249989,2250593
anglo,F,1990,Connie,4.8363e-05,2250593,2251078
anglo,F,1990,Constance,8.74845e-05,2251078,2251954
anglo,F,1990,Cora,4.40463e-05,2251954,2252395
anglo,F,1990,Corinne,8.46416e-05,2252395,2253242
anglo,F,1990,Corrie,8.68308e-05,2253242,2254111
anglo,F,1990,Cortney,7.23928e-05,2254111,2254836
anglo,F,1990,Courteney,5.22818e-05,2254836,2255360
anglo,F,1990,Courtney,0.0120987,2255360,2376340
anglo,F,1990,Crystal,0.00052715,2376340,2381612
anglo,F,1990,Daire,0.000525915,2381612,2386872
anglo,F,1990,Dairine,4.69269e-05,2386872,2387342
anglo,F,1990,Daisy,2.79297e-05,2387342,2387622
anglo,F,1990,Dana,0.000167237,2387622,2389295
anglo,F,1990,Danielle,0.00926337,2389295,2481923
anglo,F,1990,Dara,9.05972e-05,2481923,2482830
anglo,F,1990,Darcy,4.63108e-05,2482830,2483294
anglo,F,1990,Darragh,6.12539e-05,2483294,2483907
anglo,F,1990,Dawn,5.41012e-05,2483907,2484449
anglo,F,1990,Dayna,8.40427e-05,2484449,2485290
anglo,F,1990,Dearbhail,6.38143e-05,2485290,2485929
anglo,F,1990,Dearbhaile,5.89504e-05,2485929,2486519
anglo,F,1990,Dearbhla,7.53341e-05,2486519,2487273
anglo,F,1990,Debbie,0.000196926,2487273,2489243
anglo,F,1990,Deborah,0.0013302,2489243,2502545
anglo,F,1990,Debra,0.000485268,2502545,2507398
anglo,F,1990,Deirbhile,4.43132e-05,2507398,2507842
anglo,F,1990,Demi,0.000109727,2507842,2508940
anglo,F,1990,Demi-Lee,6.49808e-05,2508940,2509591
anglo,F,1990,Demi-Leigh,8.71561e-05,2509591,2510463
anglo,F,1990,Denise,0.000556327,2510463,2516027
anglo,F,1990,Dervla,0.000194455,2516027,2517972
anglo,F,1990,Destiny,2.69373e-05,2517972,2518242
anglo,F,1990,Diana,0.000192636,2518242,2520169
anglo,F,1990,Diane,0.000626977,2520169,2526439
anglo,F,1990,Dianne,0.000328068,2526439,2529720
anglo,F,1990,Dionne,0.000155443,2529720,2531275
anglo,F,1990,Donna,0.00109835,2531275,2542259
anglo,F,1990,Dorothy,9.4501e-05,2542259,2543205
anglo,F,1990,Eadaoin,6.08743e-05,2543205,2543815
anglo,F,1990,Ebony,0.00314645,2543815,2575278
anglo,F,1990,Edel,5.7394e-05,2575278,2575853
anglo,F,1990,Eden,0.000273133,2575853,2578585
anglo,F,1990,Eileen,5.36677e-05,2578585,2579123
anglo,F,1990,Eilis,5.6144e-05,2579123,2579685
anglo,F,1990,Eilish,0.000138495,2579685,2581071
anglo,F,1990,Eimear,6.74947e-05,2581071,2581747
anglo,F,1990,Eimer,4.86368e-05,2581747,2582234
anglo,F,1990,Eimhear,0.000110336,2582234,2583338
anglo,F,1990,Elaine,0.00018051,2583338,2585144
anglo,F,1990,Eleanor,8.68071e-05,2585144,2586013
anglo,F,1990,Elise,0.00152362,2586013,2601249
anglo,F,1990,Elisha,7.57807e-05,2601249,2602008
anglo,F,1990,Eliza,0.00217368,2602008,2623744
anglo,F,1990,Elizabeth,0.0115542,2623744,2739279
anglo,F,1990,Ella,0.001682,2739279,2756099
anglo,F,1990,Ellen,0.00308071,2756099,2786905
anglo,F,1990,Ellie,0.000655888,2786905,2793464
anglo,F,1990,Eloise,5.25344e-05,2793464,2793990
anglo,F,1990,Elsie,1.37522e-05,2793990,2794129
anglo,F,1990,Emer,9.20784e-05,2794129,2795051
anglo,F,1990,Emilia,2.05574e-05,2795051,2795258
anglo,F,1990,Emilie,0.000153934,2795258,2796798
anglo,F,1990,Emily,0.0298098,2796798,3094876
anglo,F,1990,Emma,0.0246151,3094876,3341011
anglo,F,1990,Emma-Louise,0.000105162,3341011,3342064
anglo,F,1990,Enya,8.49454e-05,3342064,3342914
anglo,F,1990,Erica,0.000102053,3342914,3343935
anglo,F,1990,Erika,0.000161899,3343935,3345555
anglo,F,1990,Erin,0.00730328,3345555,3418584
anglo,F,1990,Eryn,5.38479e-05,3418584,3419123
anglo,F,1990,Esther,7.58673e-05,3419123,3419883
anglo,F,1990,Eva,0.000296331,3419883,3422847
anglo,F,1990,Eve,5.48686e-05,3422847,3423397
anglo,F,1990,Evelyn,0.000151918,3423397,3424917
anglo,F,1990,Evie,0.000123941,3424917,3426157
anglo,F,1990,Fainche,7.48944e-05,3426157,3426907
anglo,F,1990,Faith,0.000151835,3426907,3428426
anglo,F,1990,Faye,4.54834e-05,3428426,3428882
anglo,F,1990,Fiona,0.000901721,3428882,3437900
anglo,F,1990,Fionnuala,7.25928e-05,3437900,3438627
anglo,F,1990,Florence,4.12566e-05,3438627,3439041
anglo,F,1990,Frances,0.000231723,3439041,3441359
anglo,F,1990,Francesca,6.95594e-05,3441359,3442056
anglo,F,1990,Frankie,2.76462e-05,3442056,3442333
anglo,F,1990,Freya,7.46906e-05,3442333,3443081
anglo,F,1990,Gabriella,1.33269e-05,3443081,3443215
anglo,F,1990,Gabrielle,0.0059338,3443215,3502550
anglo,F,1990,Gail,0.000224634,3502550,3504797
anglo,F,1990,Gaylene,1.16256e-05,3504797,3504914
anglo,F,1990,Gemma,0.00416048,3504914,3546517
anglo,F,1990,Georgia,0.0140615,3546517,3687123
anglo,F,1990,Georgina,0.0015749,3687123,3702872
anglo,F,1990,Geraldine,6.39571e-05,3702872,3703513
anglo,F,1990,Gillian,0.000300882,3703513,3706523
anglo,F,1990,Gina,9.01101e-05,3706523,3707425
anglo,F,1990,Glenda,0.000121785,3707425,3708644
anglo,F,1990,Glenys,5.81278e-05,3708644,3709226
anglo,F,1990,Gloria,1.80054e-05,3709226,3709407
anglo,F,1990,Grace,0.00921056,3709407,3801507
anglo,F,1990,Grainne,0.000145634,3801507,3802964
anglo,F,1990,Haley,9.21877e-05,3802964,3803887
anglo,F,1990,Hana,7.59915e-05,3803887,3804648
anglo,F,1990,Hannah,0.01561,3804648,3960738
anglo,F,1990,Harmony,4.25325e-05,3960738,3961164
anglo,F,1990,Harper,0.000168145,3961164,3962846
anglo,F,1990,Harriet,7.90413e-05,3962846,3963637
anglo,F,1990,Hayleigh,0.00010107,3963637,3964649
anglo,F,1990,Hayley,0.00919933,3964649,4056637
anglo,F,1990,Hazel,0.000166868,4056637,4058307
anglo,F,1990,Heather,0.000679029,4058307,4065098
anglo,F,1990,Heidi,9.78739e-05,4065098,4066078
anglo,F,1990,Helen,0.00114935,4066078,4077572
anglo,F,1990,Helena,5.77183e-05,4077572,4078150
anglo,F,1990,Hilary,5.84943e-05,4078150,4078736
anglo,F,1990,Hinewai,7.59915e-05,4078736,4079497
anglo,F,1990,Hollie,4.87753e-05,4079497,4079986
anglo,F,1990,Holly,0.00598477,4079986,4139831
anglo,F,1990,Hope,2.01321e-05,4139831,4140033
anglo,F,1990,Huia,7.48573e-05,4140033,4140783
anglo,F,1990,Imogen,4.15401e-05,4140783,4141199
anglo,F,1990,Indi,5.95456e-06,4141199,4141260
anglo,F,1990,India,0.000179484,4141260,4143056
anglo,F,1990,Indie,7.00369e-05,4143056,4143757
anglo,F,1990,Iona,9.60829e-05,4143757,4144719
anglo,F,1990,Irene,9.18696e-05,4144719,4145639
anglo,F,1990,Isabel,7.07458e-05,4145639,4146347
anglo,F,1990,Isabella,0.00761629,4146347,4222506
anglo,F,1990,Isabelle,0.00182613,4222506,4240767
anglo,F,1990,Isla,0.000318427,4240767,4243952
anglo,F,1990,Isobel,1.20509e-05,4243952,4244073
anglo,F,1990,Ivy,8.18043e-05,4244073,4244892
anglo,F,1990,Jacqueline,0.00409283,4244892,4285818
anglo,F,1990,Jade,0.00828831,4285818,4368696
anglo,F,1990,Jaime,8.64828e-06,4368696,4368783
anglo,F,1990,Jamie,0.00031476,4368783,4371931
anglo,F,1990,Jamie-Lee,0.00013732,4371931,4373305
anglo,F,1990,Jamie-Leigh,6.22981e-05,4373305,4373929
anglo,F,1990,Jan,0.000224997,4373929,4376180
anglo,F,1990,Jana,4.55992e-05,4376180,4376637
anglo,F,1990,Jane,0.000759247,4376637,4384230
anglo,F,1990,Janet,0.000365974,4384230,4387890
anglo,F,1990,Janette,9.78248e-06,4387890,4387989
anglo,F,1990,Janice,0.000334507,4387989,4391335
anglo,F,1990,Janine,0.000563531,4391335,4396971
anglo,F,1990,Jasmin,8.3455e-05,4396971,4397806
anglo,F,1990,Jasmine,0.00782429,4397806,4476044
anglo,F,1990,Jayde,4.99225e-05,4476044,4476544
anglo,F,1990,Jayne,0.000149631,4476544,4478041
anglo,F,1990,Jean,0.000131351,4478041,4479355
anglo,F,1990,Jeanette,0.000127598,4479355,4480632
anglo,F,1990,Jemma,0.000130909,4480632,4481942
anglo,F,1990,Jena,0.00013843,4481942,4483327
anglo,F,1990,Jenna,0.00116295,4483327,4494957
anglo,F,1990,Jenni,0.000197287,4494957,4496931
anglo,F,1990,Jennifer,0.00721737,4496931,4569101
anglo,F,1990,Jenny,0.000624998,4569101,4575352
anglo,F,1990,Jessica,0.0494713,4575352,5070032
anglo,F,1990,Jessie,0.00207533,5070032,5090785
anglo,F,1990,Jill,0.000109257,5090785,5091878
anglo,F,1990,Jillian,0.000222729,5091878,5094106
anglo,F,1990,Joan,8.53938e-05,5094106,5094961
anglo,F,1990,Joanna,0.000435282,5094961,5099315
anglo,F,1990,Joanne,0.00137262,5099315,5113041
anglo,F,1990,Jocelyn,7.89687e-05,5113041,5113832
anglo,F,1990,Jodi,7.93941e-06,5113832,5113912
anglo,F,1990,Jodie,0.000118064,5113912,5115094
anglo,F,1990,Jody,5.47737e-05,5115094,5115643
anglo,F,1990,Johanna,8.23118e-05,5115643,5116467
anglo,F,1990,Jolene,9.55993e-05,5116467,5117424
anglo,F,1990,Jordan,0.00267073,5117424,5144130
anglo,F,1990,Jorja,6.46495e-05,5144130,5144777
anglo,F,1990,Josephine,0.000188192,5144777,5146660
anglo,F,1990,Joy,0.000131476,5146660,5147976
anglo,F,1990,Joyce,7.96273e-05,5147976,5148773
anglo,F,1990,Judith,0.000711243,5148773,5155886
anglo,F,1990,Julia,0.00300015,5155886,5185886
anglo,F,1990,Julie,0.00122866,5185886,5198173
anglo,F,1990,Julie-Anne,6.733e-05,5198173,5198847
anglo,F,1990,June,6.81647e-05,5198847,5199530
anglo,F,1990,Justine,0.000237905,5199530,5201910
anglo,F,1990,Kahurangi,0.000103496,5201910,5202946
anglo,F,1990,Kaia,0.000223438,5202946,5205181
anglo,F,1990,Kaitlin,5.71341e-05,5205181,5205753
anglo,F,1990,Kaitlyn,0.00170957,5205753,5222848
anglo,F,1990,Kara,9.73775e-05,5222848,5223823
anglo,F,1990,Karen,0.00197033,5223823,5243526
anglo,F,1990,Karla,7.9076e-05,5243526,5244318
anglo,F,1990,Karley,0.000121478,5244318,5245534
anglo,F,1990,Karyn,6.08215e-05,5245534,5246143
anglo,F,1990,Kate,0.0109956,5246143,5356093
anglo,F,1990,Katelyn,0.000827696,5356093,5364370
anglo,F,1990,Katharine,6.03777e-05,5364370,5364975
anglo,F,1990,Katherine,0.00559399,5364975,5420912
anglo,F,1990,Kathleen,0.00077464,5420912,5428659
anglo,F,1990,Kathryn,0.00247899,5428659,5453448
anglo,F,1990,Kathy,4.68019e-05,5453448,5453917
anglo,F,1990,Katie,0.00526229,5453917,5506537
anglo,F,1990,Katie-Louise,4.91262e-05,5506537,5507029
anglo,F,1990,Katrina,0.00167365,5507029,5523765
anglo,F,1990,Katy,5.19501e-05,5523765,5524285
anglo,F,1990,Kay,0.000170839,5524285,5525994
anglo,F,1990,Kaye,3.2183e-05,5525994,5526317
anglo,F,1990,Kayla,0.0079296,5526317,5605609
anglo,F,1990,Kayleigh,8.28781e-05,5605609,5606439
anglo,F,1990,Keely,0.000165406,5606439,5608094
anglo,F,1990,Keeva,0.00018657,5608094,5609961
anglo,F,1990,Keira,0.000107607,5609961,5611038
anglo,F,1990,Kellie,8.11588e-05,5611038,5611851
anglo,F,1990,Kelly,0.00310509,5611851,5642901
anglo,F,1990,Kelly-Anne,4.64933e-05,5642901,5643367
anglo,F,1990,Kelly-Marie,5.66559e-05,5643367,5643935
anglo,F,1990,Kelsey,0.000159842,5643935,5645534
anglo,F,1990,Keri,7.12231e-05,5645534,5646247
anglo,F,1990,Kerri,5.23657e-05,5646247,5646772
anglo,F,1990,Kerrie,0.000128293,5646772,5648056
anglo,F,1990,Kerry,0.000337832,5648056,5651435
anglo,F,1990,Khloe,1.3894e-05,5651435,5651575
anglo,F,1990,Kiara,0.000550249,5651575,5657078
anglo,F,1990,Kiera,5.09875e-05,5657078,5657589
anglo,F,1990,Kim,0.000896283,5657589,5666552
anglo,F,1990,Kimberley,0.00366708,5666552,5703221
anglo,F,1990,Kimberly,4.58921e-05,5703221,5703681
anglo,F,1990,Kira,5.08316e-05,5703681,5704190
anglo,F,1990,Kirby,0.000143123,5704190,5705622
anglo,F,1990,Kiri,1.84308e-05,5705622,5705807
anglo,F,1990,Kirsten,0.0005023,5705807,5710831
anglo,F,1990,Kirstie,0.00011992,5710831,5712031
anglo,F,1990,Kirstin,6.70037e-05,5712031,5712702
anglo,F,1990,Kirsty,0.00135987,5712702,5726301
anglo,F,1990,Kora,0.000124479,5726301,5727547
anglo,F,1990,Kori,0.000133105,5727547,5728879
anglo,F,1990,Kristen,0.000359028,5728879,5732470
anglo,F,1990,Kristin,4.58331e-05,5732470,5732929
anglo,F,1990,Kristina,4.57157e-05,5732929,5733387
anglo,F,1990,Kristy,0.00135513,5733387,5746938
anglo,F,1990,Krystal,9.21538e-05,5746938,5747860
anglo,F,1990,Kyla,5.81278e-06,5747860,5747919
anglo,F,1990,Kylie,0.000523434,5747919,5753154
anglo,F,1990,Lana,6.31131e-05,5753154,5753786
anglo,F,1990,Laoise,5.31366e-05,5753786,5754318
anglo,F,1990,Lara,0.000569646,5754318,5760015
anglo,F,1990,Laura,0.0151278,5760015,5911284
anglo,F,1990,Lauren,0.0176082,5911284,6087355
anglo,F,1990,Laurie,4.76959e-05,6087355,6087833
anglo,F,1990,Layla,7.59915e-05,6087833,6088594
anglo,F,1990,Leah,0.00100469,6088594,6098641
anglo,F,1990,Leanne,0.000538348,6098641,6104025
anglo,F,1990,Leigh,5.7287e-05,6104025,6104599
anglo,F,1990,Leona,7.21943e-05,6104599,6105322
anglo,F,1990,Leonie,6.44469e-05,6105322,6105967
anglo,F,1990,Lesley,0.000251774,6105967,6108486
anglo,F,1990,Libby,6.80521e-06,6108486,6108555
anglo,F,1990,Lilly,0.000115263,6108555,6109709
anglo,F,1990,Lily,0.00203641,6109709,6130073
anglo,F,1990,Linda,0.000935581,6130073,6139429
anglo,F,1990,Lindsay,6.43905e-05,6139429,6140074
anglo,F,1990,Lindsey,7.14145e-05,6140074,6140789
anglo,F,1990,Lisa,0.00646702,6140789,6205456
anglo,F,1990,Lisa-Marie,6.25666e-05,6205456,6206083
anglo,F,1990,Lois,0.000102945,6206083,6207113
anglo,F,1990,Lola,4.86289e-05,6207113,6207600
anglo,F,1990,Lorna,5.06002e-05,6207600,6208107
anglo,F,1990,Lorraine,0.000310268,6208107,6211210
anglo,F,1990,Louise,0.00227085,6211210,6233918
anglo,F,1990,Lucia,0.000136379,6233918,6235283
anglo,F,1990,Lucinda,0.00022473,6235283,6237531
anglo,F,1990,Lucy,0.00712358,6237531,6308763
anglo,F,1990,Luna,7.51408e-06,6308763,6308839
anglo,F,1990,Lydia,9.22995e-05,6308839,6309763
anglo,F,1990,Lynda,0.000359988,6309763,6313364
anglo,F,1990,Lyndsay,0.000181765,6313364,6315183
anglo,F,1990,Lyndsey,0.000412345,6315183,6319307
anglo,F,1990,Lynette,0.000519748,6319307,6324505
anglo,F,1990,Lynley,3.23247e-05,6324505,6324829
anglo,F,1990,Lynn,7.95113e-05,6324829,6325625
anglo,F,1990,Lynne,0.000204972,6325625,6327676
anglo,F,1990,Lynnette,1.7013e-05,6327676,6327847
anglo,F,1990,Lynsey,6.63635e-05,6327847,6328512
anglo,F,1990,MacKenzie,9.49893e-06,6328512,6328608
anglo,F,1990,Mackenzie,0.000147304,6328608,6330082
anglo,F,1990,Maddison,0.00747349,6330082,6404813
anglo,F,1990,Madeleine,0.00629601,6404813,6467770
anglo,F,1990,Madeline,0.00490028,6467770,6516770
anglo,F,1990,Madison,0.00531357,6516770,6569903
anglo,F,1990,Maeve,7.06568e-05,6569903,6570611
anglo,F,1990,Mahi,7.8827e-05,6570611,6571400
anglo,F,1990,Maia,0.000277879,6571400,6574180
anglo,F,1990,Mairead,6.54331e-05,6574180,6574835
anglo,F,1990,Manaia,0.000129299,6574835,6576129
anglo,F,1990,Mandy,5.32241e-05,6576129,6576662
anglo,F,1990,Maraea,9.96679e-05,6576662,6577660
anglo,F,1990,Maree,0.00032183,6577660,6580879
anglo,F,1990,Mareikura,0.000134403,6580879,6582224
anglo,F,1990,Margaret,0.000838521,6582224,6590610
anglo,F,1990,Maria,0.000840926,6590610,6599020
anglo,F,1990,Marian,7.44004e-05,6599020,6599765
anglo,F,1990,Marie,0.000420555,6599765,6603971
anglo,F,1990,Marie-Claire,7.36153e-05,6603971,6604708
anglo,F,1990,Marilyn,0.000123599,6604708,6605945
anglo,F,1990,Marion,0.000355952,6605945,6609505
anglo,F,1990,Martha,0.000460012,6609505,6614106
anglo,F,1990,Martina,7.76405e-05,6614106,6614883
anglo,F,1990,Mary,0.000893025,6614883,6623814
anglo,F,1990,Matilda,8.08118e-05,6623814,6624623
anglo,F,1990,Maura,5.21152e-05,6624623,6625145
anglo,F,1990,Maureen,0.000254531,6625145,6627691
anglo,F,1990,Maya,6.12469e-05,6627691,6628304
anglo,F,1990,Meabh,7.04707e-05,6628304,6629010
anglo,F,1990,Meaghan,0.000797138,6629010,6636982
anglo,F,1990,Meg,5.27903e-05,6636982,6637511
anglo,F,1990,Megan,0.00765394,6637511,6714046
anglo,F,1990,Meghan,4.73072e-05,6714046,6714520
anglo,F,1990,Meibh,4.75005e-05,6714520,6714996
anglo,F,1990,Melanie,0.00473415,6714996,6762335
anglo,F,1990,Melissa,0.0109029,6762335,6871357
anglo,F,1990,Mereana,9.03108e-05,6871357,6872261
anglo,F,1990,Mia,0.00161419,6872261,6888403
anglo,F,1990,Michaela,0.000192233,6888403,6890326
anglo,F,1990,Micheala,0.000148267,6890326,6891810
anglo,F,1990,Michele,0.000153401,6891810,6893345
anglo,F,1990,Michelle,0.00883789,6893345,6981719
anglo,F,1990,Mikaela,0.00106047,6981719,6992324
anglo,F,1990,Mikayla,0.0014252,6992324,7006576
anglo,F,1990,Mila,0.000161482,7006576,7008192
anglo,F,1990,Millie,0.000100802,7008192,7009201
anglo,F,1990,Miriam,5.9534e-05,7009201,7009797
anglo,F,1990,Miriama,8.70499e-05,7009797,7010668
anglo,F,1990,Mollie,4.7116e-05,7010668,7011140
anglo,F,1990,Molly,0.00190792,7011140,7030219
anglo,F,1990,Monica,0.000698678,7030219,7037206
anglo,F,1990,Monique,0.00561385,7037206,7093342
anglo,F,1990,Morgan,0.000154425,7093342,7094887
anglo,F,1990,Mya,4.99048e-05,7094887,7095387
anglo,F,1990,Nadia,0.00120824,7095387,7107470
anglo,F,1990,Nadine,0.00020199,7107470,7109491
anglo,F,1990,Naoimh,4.44212e-05,7109491,7109936
anglo,F,1990,Naoise,0.000139565,7109936,7111333
anglo,F,1990,Naomh,7.86172e-05,7111333,7112120
anglo,F,1990,Naomi,0.00209662,7112120,7133086
anglo,F,1990,Natalie,0.0108205,7133086,7241284
anglo,F,1990,Natasha,0.00937801,7241284,7335059
anglo,F,1990,Nevaeh,9.54147e-05,7335059,7336014
anglo,F,1990,Ngaire,1.64459e-05,7336014,7336179
anglo,F,1990,Nia,9.4564e-05,7336179,7337126
anglo,F,1990,Niamh,0.000103888,7337126,7338166
anglo,F,1990,Nichola,6.2702e-05,7338166,7338794
anglo,F,1990,Nichole,6.86789e-05,7338794,7339482
anglo,F,1990,Nicola,0.00340134,7339482,7373494
anglo,F,1990,Nicole,0.0117013,7373494,7490500
anglo,F,1990,Nikita,0.000233647,7490500,7492837
anglo,F,1990,Nikki,0.000152446,7492837,7494362
anglo,F,1990,Nina,0.000102578,7494362,7495389
anglo,F,1990,Nora,4.39407e-05,7495389,7495829
anglo,F,1990,Nuala,4.48603e-05,7495829,7496279
anglo,F,1990,Olive,7.44319e-05,7496279,7497024
anglo,F,1990,Olivia,0.0121056,7497024,7618073
anglo,F,1990,Oonagh,0.000134126,7618073,7619415
anglo,F,1990,Orfhlaith,0.000123918,7619415,7620655
anglo,F,1990,Orla,0.000697248,7620655,7627628
anglo,F,1990,Orlagh,6.57394e-05,7627628,7628286
anglo,F,1990,Orlaigh,0.000135168,7628286,7629639
anglo,F,1990,Orlaith,0.000346975,7629639,7633109
anglo,F,1990,Padraigin,5.58426e-05,7633109,7633668
anglo,F,1990,Paige,0.00520076,7633668,7685673
anglo,F,1990,Pamela,0.00043311,7685673,7690005
anglo,F,1990,Paris,0.000394219,7690005,7693948
anglo,F,1990,Patrice,4.8431e-05,7693948,7694433
anglo,F,1990,Patricia,0.000779072,7694433,7702224
anglo,F,1990,Paula,0.000630842,7702224,7708533
anglo,F,1990,Pauline,0.000487762,7708533,7713411
anglo,F,1990,Payton,6.23811e-06,7713411,7713474
anglo,F,1990,Penelope,0.000171973,7713474,7715195
anglo,F,1990,Peyton,8.80424e-05,7715195,7716076
anglo,F,1990,Philippa,0.000192672,7716076,7718004
anglo,F,1990,Phoebe,0.00104836,7718004,7728488
anglo,F,1990,Piper,8.22296e-05,7728488,7729311
anglo,F,1990,Pippa,5.89785e-05,7729311,7729902
anglo,F,1990,Polly,4.73714e-05,7729902,7730377
anglo,F,1990,Poppy,0.000119375,7730377,7731572
anglo,F,1990,Quinn,3.01981e-05,7731572,7731875
anglo,F,1990,Rachael,0.00606551,7731875,7792527
anglo,F,1990,Rachel,0.0136957,7792527,7929476
anglo,F,1990,Rachelle,5.73012e-05,7929476,7930050
anglo,F,1990,Raewyn,0.000430855,7930050,7934359
anglo,F,1990,Rebecca,0.0214738,7934359,8149083
anglo,F,1990,Rebekah,0.00189074,8149083,8167990
anglo,F,1990,Regan,8.01454e-05,8167990,8168792
anglo,F,1990,Renee,0.00389486,8168792,8207739
anglo,F,1990,Rhian,7.78817e-05,8207739,8208519
anglo,F,1990,Rhianna,4.36797e-05,8208519,8208957
anglo,F,1990,Rhianne,5.24499e-05,8208957,8209482
anglo,F,1990,Rhiannon,0.00440289,8209482,8253509
anglo,F,1990,Rhonda,1.85725e-05,8253509,8253696
anglo,F,1990,Ria,9.96679e-05,8253696,8254694
anglo,F,1990,Riley,9.584e-05,8254694,8255653
anglo,F,1990,Rita,7.08442e-05,8255653,8256362
anglo,F,1990,Roberta,8.31652e-05,8256362,8257195
anglo,F,1990,Robyn,0.000842157,8257195,8265617
anglo,F,1990,Rochelle,0.000295743,8265617,8268575
anglo,F,1990,Roise,8.88322e-05,8268575,8269464
anglo,F,1990,Roisin,4.71795e-05,8269464,8269937
anglo,F,1990,Rose,0.000277698,8269937,8272715
anglo,F,1990,Roseanna,4.35764e-05,8272715,8273152
anglo,F,1990,Rosemary,0.000330646,8273152,8276459
anglo,F,1990,Rosie,7.55565e-05,8276459,8277216
anglo,F,1990,Ruby,0.00201516,8277216,8297367
anglo,F,1990,Ruth,0.000287716,8297367,8300245
anglo,F,1990,Sabrina,5.65525e-05,8300245,8300811
anglo,F,1990,Sacha,0.000100588,8300811,8301818
anglo,F,1990,Sadie,2.1408e-05,8301818,8302033
anglo,F,1990,Sally,0.00115747,8302033,8313608
anglo,F,1990,Samantha,0.0217311,8313608,8530905
anglo,F,1990,Sandra,0.00111883,8530905,8542094
anglo,F,1990,Saoirse,6.88526e-05,8542094,8542783
anglo,F,1990,Sara,0.000206495,8542783,8544849
anglo,F,1990,Sarah,0.0339164,8544849,8883991
anglo,F,1990,Sarah-Jane,7.91179e-05,8883991,8884783
anglo,F,1990,Sarah-Louise,4.43671e-05,8884783,8885228
anglo,F,1990,Sasha,0.000110864,8885228,8886338
anglo,F,1990,Saskia,4.934e-05,8886338,8886832
anglo,F,1990,Savannah,0.000106695,8886832,8887900
anglo,F,1990,Scarlett,0.000148155,8887900,8889382
anglo,F,1990,Seana,6.10001e-05,8889382,8889993
anglo,F,1990,Seanan,5.59426e-05,8889993,8890553
anglo,F,1990,Seaneen,6.06246e-05,8890553,8891160
anglo,F,1990,Seanna,0.000127385,8891160,8892435
anglo,F,1990,Selina,6.15106e-05,8892435,8893051
anglo,F,1990,Seona,7.62345e-05,8893051,8893814
anglo,F,1990,Serena,0.000129218,8893814,8895107
anglo,F,1990,Shakira,7.37231e-06,8895107,8895182
anglo,F,1990,Shania,0.00125135,8895182,8907696
anglo,F,1990,Shanice,0.000119161,8907696,8908889
anglo,F,1990,Shanna,0.000114185,8908889,8910032
anglo,F,1990,Shannan,4.41525e-05,8910032,8910474
anglo,F,1990,Shannen,5.37576e-05,8910474,8911013
anglo,F,1990,Shannon,0.00489771,8911013,8959988
anglo,F,1990,Sharlene,3.11905e-05,8959988,8960301
anglo,F,1990,Sharon,0.00107558,8960301,8971057
anglo,F,1990,Shauna,0.000490032,8971057,8975958
anglo,F,1990,Shauneen,0.000220741,8975958,8978166
anglo,F,1990,Sheila,5.03716e-05,8978166,8978671
anglo,F,1990,Shelby,0.000375918,8978671,8982431
anglo,F,1990,Shelley,0.000428904,8982431,8986721
anglo,F,1990,Sheree,7.96042e-05,8986721,8987518
anglo,F,1990,Sheryl,0.000239316,8987518,8989912
anglo,F,1990,Shirley,0.000330816,8989912,8993221
anglo,F,1990,Shona,0.000217559,8993221,8995397
anglo,F,1990,Sian,0.000160219,8995397,8997000
anglo,F,1990,Sienna,0.000192531,8997000,8998926
anglo,F,1990,Simone,0.00132463,8998926,9012172
anglo,F,1990,Sinead,7.26448e-05,9012172,9012899
anglo,F,1990,Siobhan,0.00011555,9012899,9014055
anglo,F,1990,Siofra,0.000136233,9014055,9015418
anglo,F,1990,Skye,1.37522e-05,9015418,9015557
anglo,F,1990,Skyla,1.48864e-05,9015557,9015707
anglo,F,1990,Skylar,5.81278e-06,9015707,9015766
anglo,F,1990,Sofia,8.93183e-05,9015766,9016660
anglo,F,1990,Sonia,3.48767e-05,9016660,9017010
anglo,F,1990,Sonya,8.96019e-05,9017010,9017907
anglo,F,1990,Sophia,0.00112687,9017907,9029176
anglo,F,1990,Sophie,0.0119494,9029176,9148662
anglo,F,1990,Sophie-Louise,0.000175141,9148662,9150414
anglo,F,1990,Sorcha,8.78163e-05,9150414,9151293
anglo,F,1990,Stacey,0.00251069,9151293,9176399
anglo,F,1990,Stella,0.000187569,9176399,9178276
anglo,F,1990,Stephanie,0.0177155,9178276,9355420
anglo,F,1990,Summer,0.000209402,9355420,9357515
anglo,F,1990,Susan,0.00190214,9357515,9376536
anglo,F,1990,Susanna,0.000109127,9376536,9377628
anglo,F,1990,Susannah,4.72433e-05,9377628,9378101
anglo,F,1990,Suzanne,0.000726118,9378101,9385363
anglo,F,1990,Sylvia,0.000156992,9385363,9386934
anglo,F,1990,Tahlia,0.00217758,9386934,9408709
anglo,F,1990,Tamara,0.00304923,9408709,9439200
anglo,F,1990,Tammy,4.77615e-05,9439200,9439679
anglo,F,1990,Tania,0.000975271,9439679,9449432
anglo,F,1990,Tanya,0.000287901,9449432,9452312
anglo,F,1990,Tara,0.00494399,9452312,9501750
anglo,F,1990,Tayla,0.00500777,9501750,9551825
anglo,F,1990,Taylah,0.00291125,9551825,9580936
anglo,F,1990,Taylor,0.00720316,9580936,9652964
anglo,F,1990,Tegan,0.00328804,9652964,9685843
anglo,F,1990,Teresa,0.000368964,9685843,9689533
anglo,F,1990,Terina,7.48573e-05,9689533,9690283
anglo,F,1990,Terri,0.000117681,9690283,9691461
anglo,F,1990,Tess,0.000108536,9691461,9692547
anglo,F,1990,Tessa,0.000250692,9692547,9695055
anglo,F,1990,Thea,3.95553e-05,9695055,9695452
anglo,F,1990,Theresa,6.11267e-05,9695452,9696064
anglo,F,1990,Therese,4.60703e-05,9696064,9696526
anglo,F,1990,Tia,0.000295756,9696526,9699484
anglo,F,1990,Tiana,5.50088e-05,9699484,9700035
anglo,F,1990,Tiare,9.51311e-05,9700035,9700987
anglo,F,1990,Tiarna,6.79955e-05,9700987,9701668
anglo,F,1990,Tiegan,5.94161e-05,9701668,9702263
anglo,F,1990,Tiffany,0.00289826,9702263,9731245
anglo,F,1990,Tina,0.000364106,9731245,9734887
anglo,F,1990,Toni,0.000476226,9734887,9739650
anglo,F,1990,Tonicha,0.000141911,9739650,9741070
anglo,F,1990,Tori,0.00152457,9741070,9756316
anglo,F,1990,Tory,4.50842e-05,9756316,9756768
anglo,F,1990,Tracey,0.00102407,9756768,9767009
anglo,F,1990,Tracy,0.000650706,9767009,9773517
anglo,F,1990,Trinity,5.68518e-05,9773517,9774086
anglo,F,1990,Tui,0.000177361,9774086,9775860
anglo,F,1990,Tyla,1.3894e-05,9775860,9776000
anglo,F,1990,Tyler,0.000169124,9776000,9777692
anglo,F,1990,Una,0.000294739,9777692,9780640
anglo,F,1990,Ursula,5.1868e-05,9780640,9781160
anglo,F,1990,Valerie,0.000141111,9781160,9782572
anglo,F,1990,Vanessa,0.00509718,9782572,9833541
anglo,F,1990,Vicki,0.000449569,9833541,9838037
anglo,F,1990,Vicky,2.80715e-05,9838037,9838319
anglo,F,1990,Victoria,0.0056244,9838319,9894560
anglo,F,1990,Violet,7.17382e-05,9894560,9895278
anglo,F,1990,Virginia,7.65586e-06,9895278,9895356
anglo,F,1990,Vivienne,0.000113704,9895356,9896494
anglo,F,1990,Waimarie,9.51311e-05,9896494,9897446
anglo,F,1990,Wendy,0.00101999,9897446,9907646
anglo,F,1990,Whitney,0.000576873,9907646,9913415
anglo,F,1990,Wikitoria,8.26549e-05,9913415,9914242
anglo,F,1990,Willow,0.000105339,9914242,9915296
anglo,F,1990,Yasmin,7.64641e-05,9915296,9916062
anglo,F,1990,Yasmine,0.000118415,9916062,9917247
anglo,F,1990,Yvonne,0.000517604,9917247,9922424
anglo,F,1990,Zara,0.000233621,9922424,9924761
anglo,F,1990,Zoe,0.00750081,9924761,9999765
anglo,F,1990,Zoey,2.33929e-05,9999765,10000000
anglo,M,2000,Aaron,0.00663941,0,66392
anglo,M,2000,Abdul,7.76234e-05,66392,67169
anglo,M,2000,Adam,0.000902068,67169,76190
anglo,M,2000,Adrian,0.00126649,76190,88855
anglo,M,2000,Aedan,7.66993e-05,88855,89623
anglo,M,2000,Aidan,0.00534898,89623,143111
anglo,M,2000,Aiden,0.00493487,143111,192458
anglo,M,2000,Alan,0.000692403,192458,199383
anglo,M,2000,Alastair,0.000122459,199383,200609
anglo,M,2000,Albert,0.000114897,200609,201759
anglo,M,2000,Alex,0.00552538,201759,257011
anglo,M,2000,Alexander,0.0144029,257011,401033
anglo,M,2000,Alistair,0.000193013,401033,402964
anglo,M,2000,Alister,9.10776e-05,402964,403876
anglo,M,2000,Allan,0.000427511,403876,408152
anglo,M,2000,Allen,5.52442e-06,408152,408208
anglo,M,2000,Anaru,7.96167e-05,408208,409005
anglo,M,2000,Andre,1.37569e-05,409005,409144
anglo,M,2000,Andrew,0.0101492,409144,510632
anglo,M,2000,Angus,0.00734601,510632,584089
anglo,M,2000,Anthony,0.00840712,584089,668157
anglo,M,2000,Antoin,6.21738e-05,668157,668780
anglo,M,2000,Anton,8.85833e-05,668780,669667
anglo,M,2000,Antony,0.000244683,669667,672115
anglo,M,2000,Aodhan,0.000153042,672115,673646
anglo,M,2000,Archer,4.12707e-05,673646,674060
anglo,M,2000,Archie,0.00171933,674060,691253
anglo,M,2000,Ari,0.000106589,691253,692320
anglo,M,2000,Ariki,0.000127603,692320,693597
anglo,M,2000,Arlo,6.32601e-05,693597,694231
anglo,M,2000,Arran,9.56844e-05,694231,695189
anglo,M,2000,Arron,7.54536e-05,695189,695944
anglo,M,2000,Arthur,0.000159901,695944,697544
anglo,M,2000,Asher,3.45547e-05,697544,697891
anglo,M,2000,Ashley,0.000155964,697891,699452
anglo,M,2000,Ashton,0.00325854,699452,732037
anglo,M,2000,Austin,7.45256e-05,732037,732783
anglo,M,2000,Bailey,0.00940983,732783,826877
anglo,M,2000,Bailie,8.60154e-05,826877,827738
anglo,M,2000,Barry,0.000499232,827738,832731
anglo,M,2000,Beau,0.00187726,832731,851504
anglo,M,2000,Beauden,1.35403e-05,851504,851640
anglo,M,2000,Ben,0.00134572,851640,865098
anglo,M,2000,Benjamin,0.0188856,865098,1053945
anglo,M,2000,Benn,6.59985e-05,1053945,1054606
anglo,M,2000,Bernard,0.000548867,1054606,1060095
anglo,M,2000,Bevan,6.86762e-05,1060095,1060783
anglo,M,2000,Billy,0.00109747,1060783,1071758
anglo,M,2000,Blaine,8.4567e-05,1071758,1072605
anglo,M,2000,Blair,0.000310126,1072605,1075707
anglo,M,2000,Blake,0.00917816,1075707,1167485
anglo,M,2000,Bodhi,7.58254e-06,1167485,1167562
anglo,M,2000,Brad,0.000112981,1167562,1168693
anglo,M,2000,Bradley,0.00244243,1168693,1193117
anglo,M,2000,Brandon,0.0030921,1193117,1224037
anglo,M,2000,Braxton,8.02666e-05,1224037,1224841
anglo,M,2000,Brayden,0.00300618,1224841,1254902
anglo,M,2000,Breandan,8.18556e-05,1254902,1255722
anglo,M,2000,Brendan,0.00222247,1255722,1277947
anglo,M,2000,Brendon,0.000342623,1277947,1281374
anglo,M,2000,Brent,0.000602704,1281374,1287402
anglo,M,2000,Brett,0.000691808,1287402,1294321
anglo,M,2000,Brian,0.000782066,1294321,1302142
anglo,M,2000,Brock,0.00251989,1302142,1327341
anglo,M,2000,Brodie,0.00187998,1327341,1346141
anglo,M,2000,Brooklyn,4.39788e-05,1346141,1346582
anglo,M,2000,Bruce,0.000753848,1346582,1354121
anglo,M,2000,Bryan,0.000478758,1354121,1358909
anglo,M,2000,Bryce,0.000299135,1358909,1361901
anglo,M,2000,Cahal,9.98507e-05,1361901,1362900
anglo,M,2000,Cahir,6.44635e-05,1362900,1363546
anglo,M,2000,Cailum,7.34383e-05,1363546,1364281
anglo,M,2000,Cal,0.000100593,1364281,1365288
anglo,M,2000,Caleb,0.00615461,1365288,1426832
anglo,M,2000,Callan,7.42604e-05,1426832,1427576
anglo,M,2000,Callum,0.0052272,1427576,1479846
anglo,M,2000,Calum,8.22914e-05,1479846,1480670
anglo,M,2000,Calvin,0.000219075,1480670,1482862
anglo,M,2000,Cameron,0.0091355,1482862,1574213
anglo,M,2000,Campbell,4.57119e-05,1574213,1574671
anglo,M,2000,Caoimhin,0.000235519,1574671,1577027
anglo,M,2000,Caolain,8.01721e-05,1577027,1577830
anglo,M,2000,Caolan,7.14097e-05,1577830,1578545
anglo,M,2000,Caomhan,9.80569e-05,1578545,1579527
anglo,M,2000,Carl,0.000445949,1579527,1583987
anglo,M,2000,Carlos,1.32153e-05,1583987,1584120
anglo,M,2000,Carter,0.000250611,1584120,1586627
anglo,M,2000,Cathal,6.15585e-05,1586627,1587244
anglo,M,2000,Charles,0.00435378,1587244,1630781
anglo,M,2000,Charlie,0.00707899,1630781,1701568
anglo,M,2000,Chase,1.8848e-05,1701568,1701757
anglo,M,2000,Che,0.000126424,1701757,1703022
anglo,M,2000,Chris,9.91228e-05,1703022,1704014
anglo,M,2000,Christian,0.00615071,1704014,1765519
anglo,M,2000,Christie,7.85778e-05,1765519,1766306
anglo,M,2000,Christopher,0.009306,1766306,1859362
anglo,M,2000,Christy,9.77084e-05,1859362,1860340
anglo,M,2000,Cianan,0.000141657,1860340,1861757
anglo,M,2000,Ciaran,7.91657e-05,1861757,1862550
anglo,M,2000,Cillian,0.000105805,1862550,1863609
anglo,M,2000,Clark,0.000187559,1863609,1865485
anglo,M,2000,Clayton,6.391e-06,1865485,1865550
anglo,M,2000,Clifford,0.000132283,1865550,1866874
anglo,M,2000,Clinton,0.000108755,1866874,1867962
anglo,M,2000,Clive,0.0002703,1867962,1870666
anglo,M,2000,Cody,0.00514259,1870666,1922090
anglo,M,2000,Cohen,1.07239e-05,1922090,1922198
anglo,M,2000,Cole,7.01927e-05,1922198,1922901
anglo,M,2000,Colin,0.000534839,1922901,1928250
anglo,M,2000,Colm,0.000102912,1928250,1929280
anglo,M,2000,Colum,0.0004553,1929280,1933834
anglo,M,2000,Conal,0.000111312,1933834,1934948
anglo,M,2000,Conall,0.000147575,1934948,1936425
anglo,M,2000,Conan,0.00010097,1936425,1937436
anglo,M,2000,Conchur,6.40101e-05,1937436,1938077
anglo,M,2000,Conn,6.16599e-05,1938077,1938695
anglo,M,2000,Connor,0.00935618,1938695,2032253
anglo,M,2000,Conor,0.000201778,2032253,2034272
anglo,M,2000,Conrad,0.000107559,2034272,2035349
anglo,M,2000,Cooper,0.0128186,2035349,2163529
anglo,M,2000,Corey,0.00253859,2163529,2188915
anglo,M,2000,Cormac,6.32366e-05,2188915,2189548
anglo,M,2000,Cory,0.000138373,2189548,2190933
anglo,M,2000,Craig,0.00156753,2190933,2206608
anglo,M,2000,Cruz,5.63275e-06,2206608,2206665
anglo,M,2000,Curtis,0.000567699,2206665,2212343
anglo,M,2000,Daire,9.07912e-05,2212343,2213252
anglo,M,2000,Dale,0.000503302,2213252,2218286
anglo,M,2000,Damian,0.000216906,2218286,2220456
anglo,M,2000,Damien,8.67648e-05,2220456,2221325
anglo,M,2000,Damon,2.2856e-05,2221325,2221555
anglo,M,2000,Daniel,0.0209876,2221555,2431421
anglo,M,2000,Danny,6.66153e-05,2431421,2432088
anglo,M,2000,Dara,0.000200503,2432088,2434094
anglo,M,2000,Darcy,0.00269546,2434094,2461048
anglo,M,2000,Darragh,0.000110823,2461048,2462157
anglo,M,2000,Darrell,6.78964e-05,2462157,2462837
anglo,M,2000,Darren,0.00042319,2462837,2467070
anglo,M,2000,Darrin,2.35059e-05,2467070,2467306
anglo,M,2000,Darryl,0.00044566,2467306,2471763
anglo,M,2000,Darryn,2.81637e-05,2471763,2472046
anglo,M,2000,Daryl,0.000296921,2472046,2475016
anglo,M,2000,David,0.00929409,2475016,2567953
anglo,M,2000,Deaglan,7.00899e-05,2567953,2568655
anglo,M,2000,Dean,0.00116709,2568655,2580326
anglo,M,2000,Deane,6.99472e-05,2580326,2581026
anglo,M,2000,Declan,0.00251908,2581026,2606217
anglo,M,2000,Denis,0.00015794,2606217,2607797
anglo,M,2000,Dennis,0.000307908,2607797,2610877
anglo,M,2000,Derek,0.00080167,2610877,2618894
anglo,M,2000,Dermot,0.000102515,2618894,2619920
anglo,M,2000,Desmond,0.000111796,2619920,2621039
anglo,M,2000,Diarmuid,7.02333e-05,2621039,2621742
anglo,M,2000,Dillon,8.17603e-05,2621742,2622561
anglo,M,2000,Dion,0.000138977,2622561,2623952
anglo,M,2000,Domhnall,7.89684e-05,2623952,2624743
anglo,M,2000,Dominic,0.00307906,2624743,2655533
anglo,M,2000,Don,0.000183718,2655533,2657371
anglo,M,2000,Donal,6.49256e-05,2657371,2658021
anglo,M,2000,Donald,0.00036464,2658021,2661668
anglo,M,2000,Douglas,0.000423788,2661668,2665907
anglo,M,2000,Duncan,0.000438629,2665907,2670294
anglo,M,2000,Dwayne,6.17436e-06,2670294,2670357
anglo,M,2000,Dylan,0.0132882,2670357,2803234
anglo,M,2000,Eamon,6.82937e-05,2803234,2803918
anglo,M,2000,Eamonn,7.23271e-05,2803918,2804642
anglo,M,2000,Edward,0.00274789,2804642,2832121
anglo,M,2000,Eli,0.000468262,2832121,2836804
anglo,M,2000,Elijah,0.00300173,2836804,2866821
anglo,M,2000,Elliot,9.41667e-05,2866821,2867764
anglo,M,2000,Elliott,0.000127823,2867764,2869043
anglo,M,2000,Emmet,0.000171766,2869043,2870762
anglo,M,2000,Emmett,6.84275e-05,2870762,2871447
anglo,M,2000,Enda,0.000807759,2871447,2879525
anglo,M,2000,Eoghan,7.68818e-05,2879525,2880295
anglo,M,2000,Eoin,0.000134674,2880295,2881643
anglo,M,2000,Eric,0.000374846,2881643,2885392
anglo,M,2000,Ethan,0.0180178,2885392,3065562
anglo,M,2000,Euan,6.91073e-05,3065562,3066254
anglo,M,2000,Eugene,6.92454e-05,3066254,3066947
anglo,M,2000,Eunan,8.43318e-05,3066947,3067791
anglo,M,2000,Evan,7.74362e-05,3067791,3068566
anglo,M,2000,Ewan,7.15604e-05,3068566,3069283
anglo,M,2000,Ezra,3.34715e-05,3069283,3069619
anglo,M,2000,Feargal,6.64907e-05,3069619,3070285
anglo,M,2000,Fearghal,8.03775e-05,3070285,3071090
anglo,M,2000,Felix,8.32997e-05,3071090,3071924
anglo,M,2000,Fergal,0.000117089,3071924,3073096
anglo,M,2000,Fergus,8.07925e-05,3073096,3073905
anglo,M,2000,Finbar,0.000123096,3073905,3075137
anglo,M,2000,Finn,0.0021783,3075137,3096920
anglo,M,2000,Fintan,7.528e-05,3096920,3097674
anglo,M,2000,Fionntan,0.000149698,3097674,3099172
anglo,M,2000,Fletcher,4.842e-05,3099172,3099657
anglo,M,2000,Flynn,0.00218348,3099657,3121492
anglo,M,2000,Francis,0.000109393,3121492,3122587
anglo,M,2000,Frank,9.75295e-05,3122587,3123563
anglo,M,2000,Fraser,5.52442e-06,3123563,3123619
anglo,M,2000,Frazer,8.31818e-05,3123619,3124452
anglo,M,2000,Frederick,0.000107431,3124452,3125527
anglo,M,2000,Gabriel,0.00209573,3125527,3146484
anglo,M,2000,Gareth,0.000312331,3146484,3149608
anglo,M,2000,Garrett,6.56356e-05,3149608,3150265
anglo,M,2000,Garry,0.000283179,3150265,3153098
anglo,M,2000,Gary,0.000664678,3153098,3159745
anglo,M,2000,Gavin,0.000456646,3159745,3164312
anglo,M,2000,Geoffrey,0.000898681,3164312,3173299
anglo,M,2000,George,0.00519243,3173299,3225222
anglo,M,2000,Gerald,7.56148e-05,3225222,3225979
anglo,M,2000,Gerard,0.000129315,3225979,3227273
anglo,M,2000,Giles,0.000923481,3227273,3236508
anglo,M,2000,Glen,0.00040191,3236508,3240528
anglo,M,2000,Glenn,0.000502262,3240528,3245551
anglo,M,2000,Gordon,0.000336497,3245551,3248917
anglo,M,2000,Graeme,0.000752732,3248917,3256445
anglo,M,2000,Graham,0.000496282,3256445,3261409
anglo,M,2000,Grant,0.000987988,3261409,3271289
anglo,M,2000,Grayson,2.80554e-05,3271289,3271571
anglo,M,2000,Gregory,0.000919755,3271571,3280769
anglo,M,2000,Guy,0.000724058,3280769,3288010
anglo,M,2000,Hamish,0.00425035,3288010,3330512
anglo,M,2000,Harley,4.36538e-05,3330512,3330950
anglo,M,2000,Harrison,0.0109356,3330950,3440301
anglo,M,2000,Harry,0.0080115,3440301,3520413
anglo,M,2000,Harvey,9.40746e-05,3520413,3521355
anglo,M,2000,Hayden,0.00764124,3521355,3597765
anglo,M,2000,Hemi,0.000147318,3597765,3599239
anglo,M,2000,Henry,0.00482252,3599239,3647463
anglo,M,2000,Hoani,6.21769e-05,3647463,3648086
anglo,M,2000,Howard,7.72502e-05,3648086,3648859
anglo,M,2000,Hudson,3.04385e-05,3648859,3649164
anglo,M,2000,Hugh,0.000117177,3649164,3650337
anglo,M,2000,Hugo,0.000419732,3650337,3654535
anglo,M,2000,Hunter,0.00260901,3654535,3680625
anglo,M,2000,Iain,7.70654e-05,3680625,3681397
anglo,M,2000,Ian,0.000895338,3681397,3690351
anglo,M,2000,Ihaia,5.15613e-05,3690351,3690868
anglo,M,2000,Isaac,0.00975626,3690868,3788427
anglo,M,2000,Isaiah,3.78044e-05,3788427,3788806
anglo,M,2000,Israel,5.63275e-06,3788806,3788863
anglo,M,2000,Ivan,2.5564e-05,3788863,3789120
anglo,M,2000,Jack,0.0283548,3789120,4072654
anglo,M,2000,Jackson,0.00966225,4072654,4169273
anglo,M,2000,Jacob,0.0156158,4169273,4325424
anglo,M,2000,Jai,0.0023378,4325424,4348802
anglo,M,2000,Jaime,0.000131511,4348802,4350118
anglo,M,2000,Jake,0.0108215,4350118,4458328
anglo,M,2000,Jakob,4.98281e-06,4458328,4458379
anglo,M,2000,James,0.0229301,4458379,4687669
anglo,M,2000,Jamie,0.00253406,4687669,4713009
anglo,M,2000,Jared,0.000563362,4713009,4718643
anglo,M,2000,Jarlath,6.25932e-05,4718643,4719270
anglo,M,2000,Jarrod,0.00094212,4719270,4728692
anglo,M,2000,Jason,0.00434292,4728692,4772120
anglo,M,2000,Jasper,0.000377805,4772120,4775899
anglo,M,2000,Jaxon,6.74846e-05,4775899,4776575
anglo,M,2000,Jay,0.000154201,4776575,4778118
anglo,M,2000,Jayden,0.0123402,4778118,4901515
anglo,M,2000,Jeffrey,0.00039927,4901515,4905508
anglo,M,2000,Jeremy,0.00348287,4905508,4940336
anglo,M,2000,Jesse,0.00579862,4940336,4998320
anglo,M,2000,Jett,0.0015477,4998320,5013797
anglo,M,2000,Joe,6.30202e-05,5013797,5014428
anglo,M,2000,Joel,0.00627376,5014428,5077163
anglo,M,2000,John,0.0077512,5077163,5154672
anglo,M,2000,Johnathan,0.000130002,5154672,5155973
anglo,M,2000,Johnny,6.33456e-05,5155973,5156607
anglo,M,2000,Jon,0.000113842,5156607,5157746
anglo,M,2000,Jonathan,0.00514176,5157746,5209162
anglo,M,2000,Jonathon,0.000104048,5209162,5210203
anglo,M,2000,Jordan,0.0105199,5210203,5315398
anglo,M,2000,Jordon,0.00010801,5315398,5316479
anglo,M,2000,Joseph,0.0104264,5316479,5420739
anglo,M,2000,Josh,8.016e-05,5420739,5421542
anglo,M,2000,Joshua,0.0286302,5421542,5707830
anglo,M,2000,Josiah,5.63275e-06,5707830,5707887
anglo,M,2000,Jude,7.27978e-05,5707887,5708616
anglo,M,2000,Julian,0.000152249,5708616,5710139
anglo,M,2000,Justin,0.00455701,5710139,5755708
anglo,M,2000,Jye,0.000286129,5755708,5758570
anglo,M,2000,Kahu,7.58254e-05,5758570,5759329
anglo,M,2000,Kahurangi,0.000101714,5759329,5760347
anglo,M,2000,Kai,0.00302711,5760347,5790618
anglo,M,2000,Kaleb,5.32944e-05,5790618,5791152
anglo,M,2000,Kane,0.000201521,5791152,5793168
anglo,M,2000,Karl,0.000481772,5793168,5797986
anglo,M,2000,Kauri,0.000174723,5797986,5799734
anglo,M,2000,Kayden,1.33236e-05,5799734,5799868
anglo,M,2000,Kealan,0.000170223,5799868,5801571
anglo,M,2000,Keanu,5.84939e-06,5801571,5801630
anglo,M,2000,Keegan,3.8021e-05,5801630,5802011
anglo,M,2000,Keelan,7.97655e-05,5802011,5802810
anglo,M,2000,Keith,0.000311938,5802810,5805930
anglo,M,2000,Kelly,6.28268e-06,5805930,5805994
anglo,M,2000,Kelvin,0.000293294,5805994,5808928
anglo,M,2000,Kenneth,0.000416719,5808928,5813096
anglo,M,2000,Kerry,0.000260406,5813096,5815701
anglo,M,2000,Kevin,0.00182753,5815701,5833976
anglo,M,2000,Kieran,0.000233888,5833976,5836316
anglo,M,2000,Killian,0.000315164,5836316,5839468
anglo,M,2000,Kim,1.35403e-05,5839468,5839604
anglo,M,2000,Kingston,7.49589e-05,5839604,5840355
anglo,M,2000,Kirk,8.91218e-05,5840355,5841247
anglo,M,2000,Koby,0.000747837,5841247,5848726
anglo,M,2000,Kristian,9.66823e-05,5848726,5849694
anglo,M,2000,Kristopher,6.20701e-05,5849694,5850316
anglo,M,2000,Kurt,0.000130893,5850316,5851626
anglo,M,2000,Kurtis,0.000115435,5851626,5852781
anglo,M,2000,Kye,0.000637287,5852781,5859155
anglo,M,2000,Kyle,0.00398932,5859155,5899047
anglo,M,2000,Lachlan,0.0245901,5899047,6144937
anglo,M,2000,Lance,0.000320417,6144937,6148142
anglo,M,2000,Lawrence,0.000149545,6148142,6149638
anglo,M,2000,Lee,0.000155914,6149638,6151198
anglo,M,2000,Leigh,6.516e-05,6151198,6151851
anglo,M,2000,Leo,0.000678095,6151851,6158633
anglo,M,2000,Leon,0.000166714,6158633,6160301
anglo,M,2000,Leonard,8.15714e-05,6160301,6161118
anglo,M,2000,Leslie,0.000454026,6161118,6165659
anglo,M,2000,Levi,0.00253445,6165659,6191003
anglo,M,2000,Lewis,0.000437065,6191003,6195374
anglo,M,2000,Liam,0.0164349,6195374,6359715
anglo,M,2000,Lincoln,0.000499265,6359715,6364708
anglo,M,2000,Lindsay,9.56484e-05,6364708,6365665
anglo,M,2000,Lloyd,0.000116788,6365665,6366834
anglo,M,2000,Logan,0.00634164,6366834,6430248
anglo,M,2000,Lorcan,0.000151905,6430248,6431768
anglo,M,2000,Louis,0.000315599,6431768,6434925
anglo,M,2000,Luca,0.00223021,6434925,6457227
anglo,M,2000,Lucas,0.00844508,6457227,6541674
anglo,M,2000,Luka,1.28903e-05,6541674,6541804
anglo,M,2000,Lukas,7.58254e-06,6541804,6541881
anglo,M,2000,Luke,0.0154847,6541881,6696721
anglo,M,2000,Lyndon,0.000225276,6696721,6698975
anglo,M,2000,Macauley,6.50425e-05,6698975,6699626
anglo,M,2000,Mairtin,0.000351598,6699626,6703143
anglo,M,2000,Malachy,8.36368e-05,6703143,6703980
anglo,M,2000,Malcolm,0.000361107,6703980,6707592
anglo,M,2000,Manaaki,6.21769e-05,6707592,6708215
anglo,M,2000,Manaia,0.000155334,6708215,6709769
anglo,M,2000,Manawa,5.80606e-05,6709769,6710351
anglo,M,2000,Manus,0.000300386,6710351,6713356
anglo,M,2000,Marc,6.71199e-05,6713356,6714028
anglo,M,2000,Marco,0.000198181,6714028,6716011
anglo,M,2000,Marcus,0.00471096,6716011,6763119
anglo,M,2000,Mark,0.00319758,6763119,6795094
anglo,M,2000,Martin,0.000602183,6795094,6801117
anglo,M,2000,Martyn,7.36008e-05,6801117,6801854
anglo,M,2000,Mason,0.00250705,6801854,6826924
anglo,M,2000,Mathew,0.00080752,6826924,6835000
anglo,M,2000,Matiu,4.92865e-05,6835000,6835494
anglo,M,2000,Matthew,0.0190303,6835494,7025789
anglo,M,2000,Maurice,0.000136738,7025789,7027157
anglo,M,2000,Max,0.00998065,7027157,7126959
anglo,M,2000,Maxwell,1.86314e-05,7126959,7127146
anglo,M,2000,Mervyn,1.75482e-05,7127146,7127322
anglo,M,2000,Micah,5.63275e-06,7127322,7127379
anglo,M,2000,Michael,0.0145013,7127379,7272386
anglo,M,2000,Micheal,7.4141e-05,7272386,7273128
anglo,M,2000,Mikaere,0.000153059,7273128,7274659
anglo,M,2000,Mitchel,0.000103312,7274659,7275693
anglo,M,2000,Mitchell,0.00905773,7275693,7366267
anglo,M,2000,Mohamed,6.61206e-05,7366267,7366929
anglo,M,2000,Mohammad,0.000112305,7366929,7368053
anglo,M,2000,Mohammed,0.000532922,7368053,7373383
anglo,M,2000,Morgan,0.000110822,7373383,7374492
anglo,M,2000,Murray,0.000524604,7374492,7379739
anglo,M,2000,Myles,0.000247105,7379739,7382211
anglo,M,2000,Naoise,8.20727e-05,7382211,7383033
anglo,M,2000,Nate,0.000954627,7383033,7392580
anglo,M,2000,Nathan,0.0105141,7392580,7497716
anglo,M,2000,Nathaniel,0.000175459,7497716,7499471
anglo,M,2000,Neil,0.000432122,7499471,7503793
anglo,M,2000,Neville,0.000137352,7503793,7505167
anglo,M,2000,Niall,0.000135497,7505167,7506523
anglo,M,2000,Nicholas,0.0169619,7506523,7676135
anglo,M,2000,Nigel,0.000567427,7676135,7681810
anglo,M,2000,Nikau,0.000210361,7681810,7683914
anglo,M,2000,Niko,0.000105289,7683914,7684968
anglo,M,2000,Nikora,0.000191297,7684968,7686882
anglo,M,2000,Nixon,2.37225e-05,7686882,7687120
anglo,M,2000,Noah,0.0123912,7687120,7811027
anglo,M,2000,Noel,0.000349475,7811027,7814523
anglo,M,2000,Norman,0.00023187,7814523,7816843
anglo,M,2000,Odhran,0.000107113,7816843,7817915
anglo,M,2000,Oisin,0.000137183,7817915,7819288
anglo,M,2000,Oliver,0.0125831,7819288,7945113
anglo,M,2000,Omar,8.99462e-05,7945113,7946013
anglo,M,2000,Oran,9.02255e-05,7946013,7946916
anglo,M,2000,Oscar,0.00655234,7946916,8012437
anglo,M,2000,Owen,0.00198684,8012437,8032305
anglo,M,2000,Padraic,8.88515e-05,8032305,8033194
anglo,M,2000,Padraig,0.000155384,8033194,8034749
anglo,M,2000,Patrick,0.00805481,8034749,8115294
anglo,M,2000,Paul,0.00260696,8115294,8141363
anglo,M,2000,Pauric,0.000138927,8141363,8142753
anglo,M,2000,Peadar,9.87641e-05,8142753,8143742
anglo,M,2000,Pearce,7.11107e-05,8143742,8144454
anglo,M,2000,Pearse,8.164e-05,8144454,8145271
anglo,M,2000,Peter,0.00572489,8145271,8202518
anglo,M,2000,Philip,0.000844666,8202518,8210965
anglo,M,2000,Phillip,0.000720557,8210965,8218171
anglo,M,2000,Phoenix,9.554e-05,8218171,8219127
anglo,M,2000,Piaras,0.000165808,8219127,8220786
anglo,M,2000,Pierce,0.000129265,8220786,8222080
anglo,M,2000,Quentin,7.25758e-06,8222080,8222154
anglo,M,2000,Quinn,8.0375e-05,8222154,8222959
anglo,M,2000,Rawiri,0.000168224,8222959,8224642
anglo,M,2000,Raymond,0.000621586,8224642,8230859
anglo,M,2000,Reece,0.000817872,8230859,8239038
anglo,M,2000,Regan,0.000128037,8239038,8240319
anglo,M,2000,Reuben,0.000295088,8240319,8243271
anglo,M,2000,Rex,6.07687e-05,8243271,8243880
anglo,M,2000,Rhys,0.00230447,8243880,8266925
anglo,M,2000,Rian,6.69928e-05,8266925,8267596
anglo,M,2000,Richard,0.00197631,8267596,8287359
anglo,M,2000,Ricky,0.000150763,8287359,8288868
anglo,M,2000,Riley,0.0134914,8288868,8423776
anglo,M,2000,Robbie,6.37865e-05,8423776,8424415
anglo,M,2000,Robert,0.00362219,8424415,8460636
anglo,M,2000,Robin,0.000368318,8460636,8464320
anglo,M,2000,Rodney,0.000209711,8464320,8466418
anglo,M,2000,Roger,0.000358918,8466418,8470008
anglo,M,2000,Rohan,7.264e-05,8470008,8470735
anglo,M,2000,Roman,4.64702e-05,8470735,8471201
anglo,M,2000,Ronald,0.000270006,8471201,8473902
anglo,M,2000,Ronan,8.5283e-05,8473902,8474756
anglo,M,2000,Rory,9.32151e-05,8474756,8475689
anglo,M,2000,Ross,0.000587015,8475689,8481560
anglo,M,2000,Rowan,8.10022e-05,8481560,8482371
anglo,M,2000,Roy,7.63372e-05,8482371,8483135
anglo,M,2000,Ruairi,8.72742e-05,8483135,8484009
anglo,M,2000,Ruari,6.63667e-05,8484009,8484674
anglo,M,2000,Russell,0.000684668,8484674,8491521
anglo,M,2000,Ryan,0.0169693,8491521,8661206
anglo,M,2000,Ryder,7.87501e-05,8661206,8661994
anglo,M,2000,Sam,0.00301103,8661994,8692104
anglo,M,2000,Samuel,0.0180151,8692104,8872247
anglo,M,2000,Saul,7.47655e-05,8872247,8872996
anglo,M,2000,Scot,9.60139e-05,8872996,8873957
anglo,M,2000,Scott,0.00123758,8873957,8886333
anglo,M,2000,Seamus,0.00011598,8886333,8887494
anglo,M,2000,Sean,0.00352463,8887494,8922740
anglo,M,2000,Sean-Paul,7.99681e-05,8922740,8923541
anglo,M,2000,Sebastian,0.00513194,8923541,8974859
anglo,M,2000,Seth,0.00255235,8974859,9000382
anglo,M,2000,Shane,0.00126666,9000382,9013049
anglo,M,2000,Shannon,0.000117204,9013049,9014222
anglo,M,2000,Shaun,0.000635376,9014222,9020576
anglo,M,2000,Shay,7.09624e-05,9020576,9021287
anglo,M,2000,Shayne,3.20633e-05,9021287,9021609
anglo,M,2000,Shea,0.000121209,9021609,9022822
anglo,M,2000,Simon,0.00122957,9022822,9035118
anglo,M,2000,Sione,1.78731e-05,9035118,9035298
anglo,M,2000,Spencer,5.63275e-06,9035298,9035355
anglo,M,2000,Stanley,0.000293661,9035355,9038292
anglo,M,2000,Stefan,9.50271e-05,9038292,9039243
anglo,M,2000,Stephen,0.00213694,9039243,9060612
anglo,M,2000,Steven,0.00160283,9060612,9076640
anglo,M,2000,Stewart,0.000154273,9076640,9078184
anglo,M,2000,Stuart,0.000721138,9078184,9085396
anglo,M,2000,Tai,8.58994e-05,9085396,9086256
anglo,M,2000,Taine,2.20977e-05,9086256,9086478
anglo,M,2000,Taj,0.00073158,9086478,9093794
anglo,M,2000,Tama,0.000136161,9093794,9095157
anglo,M,2000,Tamati,0.000191297,9095157,9097071
anglo,M,2000,Tane,0.000183931,9097071,9098911
anglo,M,2000,Tangaroa,6.55348e-05,9098911,9099567
anglo,M,2000,Taylor,0.000352259,9099567,9103090
anglo,M,2000,Te Ariki,0.000154142,9103090,9104632
anglo,M,2000,Te Koha,5.81689e-05,9104632,9105215
anglo,M,2000,Terence,0.000466458,9105215,9109880
anglo,M,2000,Terry,0.000156722,9109880,9111448
anglo,M,2000,Theo,3.36882e-05,9111448,9111786
anglo,M,2000,Theodore,4.64702e-05,9111786,9112252
anglo,M,2000,Thomas,0.0239419,9112252,9351660
anglo,M,2000,Tiare,5.15613e-05,9351660,9352177
anglo,M,2000,Tiarnan,6.81606e-05,9352177,9352860
anglo,M,2000,Tiernan,7.39286e-05,9352860,9353600
anglo,M,2000,Timothy,0.00386884,9353600,9392287
anglo,M,2000,Tobias,9.43957e-05,9392287,9393232
anglo,M,2000,Toby,0.00394591,9393232,9432690
anglo,M,2000,Todd,0.000136919,9432690,9434060
anglo,M,2000,Tom,7.0607e-05,9434060,9434767
anglo,M,2000,Tomas,0.000109392,9434767,9435862
anglo,M,2000,Tony,0.000817086,9435862,9444033
anglo,M,2000,Travis,0.000119852,9444033,9445232
anglo,M,2000,Trent,5.67608e-05,9445232,9445801
anglo,M,2000,Trevor,0.000424753,9445801,9450049
anglo,M,2000,Tristan,0.00148202,9450049,9464869
anglo,M,2000,Troy,0.000326587,9464869,9468136
anglo,M,2000,Tyler,0.00773766,9468136,9545510
anglo,M,2000,Tyrone,0.000121369,9545510,9546725
anglo,M,2000,Tyson,0.000356654,9546725,9550292
anglo,M,2000,Vaughan,3.48797e-05,9550292,9550642
anglo,M,2000,Victor,7.81923e-05,9550642,9551425
anglo,M,2000,Vincent,0.000168626,9551425,9553112
anglo,M,2000,Walter,6.17436e-06,9553112,9553175
anglo,M,2000,Warren,0.00041715,9553175,9557347
anglo,M,2000,Warwick,3.1955e-05,9557347,9557668
anglo,M,2000,Wayne,0.000995955,9557668,9567628
anglo,M,2000,William,0.0245969,9567628,9813585
anglo,M,2000,Wiremu,0.000208303,9813585,9815669
anglo,M,2000,Wyatt,6.28268e-06,9815669,9815733
anglo,M,2000,Xavier,0.00335421,9815733,9849274
anglo,M,2000,Zac,0.00418158,9849274,9891089
anglo,M,2000,Zach,7.78118e-05,9891089,9891868
anglo,M,2000,Zachary,0.00847675,9891868,9976632
anglo,M,2000,Zak,0.000260349,9976632,9979236
anglo,M,2000,Zane,0.00205282,9979236,9999764
anglo,M,2000,Zion,2.35059e-05,9999764,10000000
anglo,F,2000,Aaliyah,0.000493089,0,4932
anglo,F,2000,Abbey,0.00592049,4932,64134
anglo,F,2000,Abbi,6.85063e-05,64134,64820
anglo,F,2000,Abbie,9.40239e-05,64820,65761
anglo,F,2000,Abby,0.00342453,65761,100005
anglo,F,2000,Abigail,0.00469955,100005,146998
anglo,F,2000,Addison,0.000828196,146998,155280
anglo,F,2000,Adele,4.9702e-05,155280,155778
anglo,F,2000,Adrienne,8.86095e-05,155778,156665
anglo,F,2000,Aideen,4.67398e-05,156665,157133
anglo,F,2000,Aileen,9.13298e-05,157133,158047
anglo,F,2000,Ailis,5.75016e-05,158047,158623
anglo,F,2000,Aimee,0.000581694,158623,164441
anglo,F,2000,Aine,7.1033e-05,164441,165152
anglo,F,2000,Aisling,4.51973e-05,165152,165605
anglo,F,2000,Aislinn,4.56574e-05,165605,166063
anglo,F,2000,Alana,0.00331424,166063,199204
anglo,F,2000,Alanis,9.09615e-05,199204,200115
anglo,F,2000,Alanna,0.000158584,200115,201702
anglo,F,2000,Alannah,6.164e-05,201702,202319
anglo,F,2000,Aleisha,1.44611e-05,202319,202465
anglo,F,2000,Alex,0.000228918,202465,204755
anglo,F,2000,Alexandra,0.0064607,204755,269358
anglo,F,2000,Alexandria,0.000171068,269358,271070
anglo,F,2000,Alexis,0.00147144,271070,285784
anglo,F,2000,Alice,0.00401824,285784,325965
anglo,F,2000,Alicia,0.00326207,325965,358584
anglo,F,2000,Alisha,7.51134e-05,358584,359336
anglo,F,2000,Alison,0.000767356,359336,367010
anglo,F,2000,Alix,0.000113519,367010,368146
anglo,F,2000,Alyssa,0.00753,368146,443442
anglo,F,2000,Amaia,9.4564e-05,443442,444389
anglo,F,2000,Amanda,0.00115999,444389,455989
anglo,F,2000,Amber,0.00590291,455989,515015
anglo,F,2000,Amelia,0.0136998,515015,652004
anglo,F,2000,Amelie,0.00131149,652004,665119
anglo,F,2000,Amie,9.65093e-05,665119,666085
anglo,F,2000,Amy,0.00936971,666085,759777
anglo,F,2000,Amy-Lee,4.5028e-05,759777,760228
anglo,F,2000,Amy-Leigh,6.36724e-05,760228,760866
anglo,F,2000,Ana,0.000103496,760866,761902
anglo,F,2000,Anahera,0.000249524,761902,764398
anglo,F,2000,Anastasia,0.000248013,764398,766879
anglo,F,2000,Andrea,0.000769434,766879,774574
anglo,F,2000,Angel,9.85337e-05,774574,775560
anglo,F,2000,Angela,0.00318793,775560,807438
anglo,F,2000,Angelina,0.00375696,807438,845006
anglo,F,2000,Anika,0.000203022,845006,847037
anglo,F,2000,Anita,0.000216349,847037,849201
anglo,F,2000,Ann,0.00030471,849201,852249
anglo,F,2000,Anna,0.00674645,852249,919710
anglo,F,2000,Annabelle,0.0045326,919710,965034
anglo,F,2000,Annalise,4.97752e-05,965034,965533
anglo,F,2000,Anne,0.000873246,965533,974266
anglo,F,2000,Anne-Marie,5.28763e-05,974266,974796
anglo,F,2000,Annette,0.000388044,974796,978677
anglo,F,2000,Annie,5.34004e-05,978677,979212
anglo,F,2000,Antoinette,4.90555e-05,979212,979704
anglo,F,2000,Aoibheann,0.000112216,979704,980827
anglo,F,2000,Aoibhin,4.59513e-05,980827,981287
anglo,F,2000,Aoibhinn,0.00039301,981287,985218
anglo,F,2000,Aoife,5.17049e-05,985218,985736
anglo,F,2000,April,5.74707e-05,985736,986312
anglo,F,2000,Arabella,5.95456e-06,986312,986373
anglo,F,2000,Aria,0.000277879,986373,989153
anglo,F,2000,Ariana,0.000245129,989153,991605
anglo,F,2000,Arianne,7.40352e-05,991605,992346
anglo,F,2000,Aroha,0.000254628,992346,994893
anglo,F,2000,Ashlee,6.57837e-05,994893,995552
anglo,F,2000,Ashleigh,0.0039159,995552,1034709
anglo,F,2000,Ashlene,9.17021e-05,1034709,1035627
anglo,F,2000,Ashley,0.00529093,1035627,1088534
anglo,F,2000,Ashling,0.000272046,1088534,1091255
anglo,F,2000,Ashton,5.16238e-05,1091255,1091772
anglo,F,2000,Ataahua,0.000124195,1091772,1093015
anglo,F,2000,Audrey,0.000786894,1093015,1100884
anglo,F,2000,Aurora,3.55856e-05,1100884,1101241
anglo,F,2000,Ava,0.00960297,1101241,1197265
anglo,F,2000,Awhina,8.26549e-05,1197265,1198092
anglo,F,2000,Ayesha,5.76096e-05,1198092,1198669
anglo,F,2000,Ayla,8.67664e-05,1198669,1199538
anglo,F,2000,Bailey,2.12663e-05,1199538,1199752
anglo,F,2000,Barbara,0.000717543,1199752,1206928
anglo,F,2000,Belinda,0.000177786,1206928,1208707
anglo,F,2000,Bella,0.00351544,1208707,1243860
anglo,F,2000,Bernadette,7.34077e-05,1243860,1244595
anglo,F,2000,Beth,8.09399e-05,1244595,1245405
anglo,F,2000,Bethan,9.02367e-05,1245405,1246308
anglo,F,2000,Bethany,0.00191644,1246308,1265472
anglo,F,2000,Beverley,0.000185684,1265472,1267330
anglo,F,2000,Bianca,0.00487437,1267330,1316071
anglo,F,2000,Billie,6.37988e-06,1316071,1316136
anglo,F,2000,Billie-Jo,6.32517e-05,1316136,1316769
anglo,F,2000,Blanaid,8.619e-05,1316769,1317632
anglo,F,2000,Breanna,0.000371589,1317632,1321349
anglo,F,2000,Brenda,0.000397562,1321349,1325325
anglo,F,2000,Briana,6.94698e-06,1325325,1325395
anglo,F,2000,Brianna,0.00486562,1325395,1374049
anglo,F,2000,Bridget,0.0002284,1374049,1376334
anglo,F,2000,Brigid,7.60067e-05,1376334,1377095
anglo,F,2000,Britney,0.000389406,1377095,1380990
anglo,F,2000,Brittany,0.000869199,1380990,1389682
anglo,F,2000,Brogan,8.98801e-05,1389682,1390582
anglo,F,2000,Bronach,0.00012562,1390582,1391839
anglo,F,2000,Bronagh,5.0296e-05,1391839,1392343
anglo,F,2000,Bronte,0.000340987,1392343,1395754
anglo,F,2000,Bronwyn,0.000341111,1395754,1399166
anglo,F,2000,Brooke,0.0063426,1399166,1462589
anglo,F,2000,Brooklyn,0.000162171,1462589,1464212
anglo,F,2000,Bryony,7.71642e-05,1464212,1464985
anglo,F,2000,Cailin,9.24589e-05,1464985,1465911
anglo,F,2000,Caitlin,0.0103071,1465911,1568975
anglo,F,2000,Caitlyn,0.00219286,1568975,1590903
anglo,F,2000,Caitriona,5.0677e-05,1590903,1591411
anglo,F,2000,Caoilfhionn,4.8568e-05,1591411,1591898
anglo,F,2000,Caoimhe,9.56615e-05,1591898,1592856
anglo,F,2000,Cara,5.30495e-05,1592856,1593387
anglo,F,2000,Caragh,5.52527e-05,1593387,1593940
anglo,F,2000,Carla,0.000100853,1593940,1594949
anglo,F,2000,Carly,9.5245e-05,1594949,1595902
anglo,F,2000,Carmel,7.74014e-05,1595902,1596677
anglo,F,2000,Carmen,3.30336e-05,1596677,1597008
anglo,F,2000,Carol,0.000565143,1597008,1602660
anglo,F,2000,Carole,6.99202e-05,1602660,1603360
anglo,F,2000,Caroline,0.000466645,1603360,1608027
anglo,F,2000,Carolyn,0.000540943,1608027,1613437
anglo,F,2000,Carrie,4.89851e-05,1613437,1613928
anglo,F,2000,Casey,0.000201899,1613928,1615948
anglo,F,2000,Cassandra,0.000139067,1615948,1617340
anglo,F,2000,Cassie,0.000213299,1617340,1619474
anglo,F,2000,Catherine,0.00150736,1619474,1634548
anglo,F,2000,Cathy,8.81515e-05,1634548,1635430
anglo,F,2000,Catriona,4.42059e-05,1635430,1635873
anglo,F,2000,Ceara,4.80263e-05,1635873,1636354
anglo,F,2000,Celine,0.000173072,1636354,1638086
anglo,F,2000,Chantel,5.88355e-05,1638086,1638675
anglo,F,2000,Chantelle,5.79434e-05,1638675,1639255
anglo,F,2000,Charis,8.91779e-05,1639255,1640148
anglo,F,2000,Charlene,5.11446e-05,1640148,1640660
anglo,F,2000,Charli,0.00134209,1640660,1654081
anglo,F,2000,Charlie,0.000151174,1654081,1655594
anglo,F,2000,Charlize,0.000349731,1655594,1659092
anglo,F,2000,Charlotte,0.0206415,1659092,1865494
anglo,F,2000,Chelsea,0.0091349,1865494,1956838
anglo,F,2000,Chelsey,6.1901e-05,1956838,1957458
anglo,F,2000,Cherie,0.000206592,1957458,1959525
anglo,F,2000,Cherith,0.000312981,1959525,1962656
anglo,F,2000,Cheryl,0.000297473,1962656,1965632
anglo,F,2000,Cheyenne,4.89124e-05,1965632,1966122
anglo,F,2000,Chloe,0.0257659,1966122,2223764
anglo,F,2000,Christina,0.00108562,2223764,2234620
anglo,F,2000,Christine,0.00157349,2234620,2250355
anglo,F,2000,Ciara,8.84901e-05,2250355,2251241
anglo,F,2000,Ciarrai,0.000209821,2251241,2253340
anglo,F,2000,Cindy,9.21538e-06,2253340,2253433
anglo,F,2000,Claire,0.00562509,2253433,2309681
anglo,F,2000,Clara,8.25084e-05,2309681,2310507
anglo,F,2000,Clare,6.18273e-05,2310507,2311126
anglo,F,2000,Clarissa,0.000191729,2311126,2313044
anglo,F,2000,Claudia,0.00487635,2313044,2361805
anglo,F,2000,Cliodhna,0.000360674,2361805,2365412
anglo,F,2000,Cliona,0.000124761,2365412,2366661
anglo,F,2000,Clodagh,5.6043e-05,2366661,2367222
anglo,F,2000,Codie,8.95271e-05,2367222,2368118
anglo,F,2000,Colleen,0.000253578,2368118,2370655
anglo,F,2000,Collette,6.02552e-05,2370655,2371258
anglo,F,2000,Connie,4.8363e-05,2371258,2371743
anglo,F,2000,Constance,8.74845e-05,2371743,2372619
anglo,F,2000,Cora,4.40463e-05,2372619,2373060
anglo,F,2000,Corinne,8.46416e-05,2373060,2373907
anglo,F,2000,Corrie,8.68308e-05,2373907,2374776
anglo,F,2000,Cortney,7.23928e-05,2374776,2375501
anglo,F,2000,Courteney,5.22818e-05,2375501,2376025
anglo,F,2000,Courtney,0.00383362,2376025,2414359
anglo,F,2000,Crystal,0.00011739,2414359,2415534
anglo,F,2000,Daire,0.000525915,2415534,2420794
anglo,F,2000,Dairine,4.69269e-05,2420794,2421264
anglo,F,2000,Daisy,2.79297e-05,2421264,2421544
anglo,F,2000,Dana,0.000167237,2421544,2423217
anglo,F,2000,Danielle,0.00197097,2423217,2442926
anglo,F,2000,Dara,9.05972e-05,2442926,2443833
anglo,F,2000,Darcy,4.63108e-05,2443833,2444297
anglo,F,2000,Darragh,6.12539e-05,2444297,2444910
anglo,F,2000,Dawn,5.41012e-05,2444910,2445452
anglo,F,2000,Dayna,8.40427e-05,2445452,2446293
anglo,F,2000,Dearbhail,6.38143e-05,2446293,2446932
anglo,F,2000,Dearbhaile,5.89504e-05,2446932,2447522
anglo,F,2000,Dearbhla,7.53341e-05,2447522,2448276
anglo,F,2000,Debbie,0.000196926,2448276,2450246
anglo,F,2000,Deborah,0.0013302,2450246,2463548
anglo,F,2000,Debra,0.000485268,2463548,2468401
anglo,F,2000,Deirbhile,4.43132e-05,2468401,2468845
anglo,F,2000,Demi,0.000109727,2468845,2469943
anglo,F,2000,Demi-Lee,6.49808e-05,2469943,2470594
anglo,F,2000,Demi-Leigh,8.71561e-05,2470594,2471466
anglo,F,2000,Denise,0.000556327,2471466,2477030
anglo,F,2000,Dervla,0.000194455,2477030,2478975
anglo,F,2000,Destiny,2.69373e-05,2478975,2479245
anglo,F,2000,Diana,0.000192636,2479245,2481172
anglo,F,2000,Diane,0.000626977,2481172,2487442
anglo,F,2000,Dianne,0.000328068,2487442,2490723
anglo,F,2000,Dionne,0.000155443,2490723,2492278
anglo,F,2000,Donna,0.00109835,2492278,2503262
anglo,F,2000,Dorothy,9.4501e-05,2503262,2504208
anglo,F,2000,Eadaoin,6.08743e-05,2504208,2504818
anglo,F,2000,Ebony,0.00337423,2504818,2538559
anglo,F,2000,Edel,5.7394e-05,2538559,2539134
anglo,F,2000,Eden,0.000273133,2539134,2541866
anglo,F,2000,Eileen,5.36677e-05,2541866,2542404
anglo,F,2000,Eilis,5.6144e-05,2542404,2542966
anglo,F,2000,Eilish,0.000138495,2542966,2544352
anglo,F,2000,Eimear,6.74947e-05,2544352,2545028
anglo,F,2000,Eimer,4.86368e-05,2545028,2545515
anglo,F,2000,Eimhear,0.000110336,2545515,2546619
anglo,F,2000,Elaine,0.00018051,2546619,2548425
anglo,F,2000,Eleanor,8.68071e-05,2548425,2549294
anglo,F,2000,Elise,5.62892e-05,2549294,2549858
anglo,F,2000,Elisha,7.57807e-05,2549858,2550617
anglo,F,2000,Eliza,0.00441972,2550617,2594812
anglo,F,2000,Elizabeth,0.00897981,2594812,2684605
anglo,F,2000,Ella,0.019922,2684605,2883812
anglo,F,2000,Ellen,0.000130443,2883812,2885117
anglo,F,2000,Ellie,0.00372375,2885117,2922353
anglo,F,2000,Eloise,5.25344e-05,2922353,2922879
anglo,F,2000,Elsie,1.37522e-05,2922879,2923018
anglo,F,2000,Emer,9.20784e-05,2923018,2923940
anglo,F,2000,Emilia,2.05574e-05,2923940,2924147
anglo,F,2000,Emilie,0.000153934,2924147,2925687
anglo,F,2000,Emily,0.0286692,2925687,3212360
anglo,F,2000,Emma,0.0176679,3212360,3389027
anglo,F,2000,Emma-Louise,0.000105162,3389027,3390080
anglo,F,2000,Enya,8.49454e-05,3390080,3390930
anglo,F,2000,Erica,0.000102053,3390930,3391951
anglo,F,2000,Erika,0.000161899,3391951,3393571
anglo,F,2000,Erin,0.00472675,3393571,3440836
anglo,F,2000,Eryn,5.38479e-05,3440836,3441375
anglo,F,2000,Esther,7.58673e-05,3441375,3442135
anglo,F,2000,Eva,0.00348762,3442135,3477010
anglo,F,2000,Eve,5.48686e-05,3477010,3477560
anglo,F,2000,Evelyn,0.000151918,3477560,3479080
anglo,F,2000,Evie,0.00177205,3479080,3496800
anglo,F,2000,Fainche,7.48944e-05,3496800,3497550
anglo,F,2000,Faith,0.000151835,3497550,3499069
anglo,F,2000,Faye,4.54834e-05,3499069,3499525
anglo,F,2000,Fiona,0.000901721,3499525,3508543
anglo,F,2000,Fionnuala,7.25928e-05,3508543,3509270
anglo,F,2000,Florence,4.12566e-05,3509270,3509684
anglo,F,2000,Frances,0.000231723,3509684,3512002
anglo,F,2000,Francesca,6.95594e-05,3512002,3512699
anglo,F,2000,Frankie,2.76462e-05,3512699,3512976
anglo,F,2000,Freya,7.46906e-05,3512976,3513724
anglo,F,2000,Gabriella,0.00176198,3513724,3531344
anglo,F,2000,Gabrielle,0.00473444,3531344,3578686
anglo,F,2000,Gail,0.000224634,3578686,3580933
anglo,F,2000,Gaylene,1.16256e-05,3580933,3581050
anglo,F,2000,Gemma,0.00399242,3581050,3620972
anglo,F,2000,Georgia,0.0172672,3620972,3793633
anglo,F,2000,Georgina,0.0001583,3793633,3795217
anglo,F,2000,Geraldine,6.39571e-05,3795217,3795858
anglo,F,2000,Gillian,0.000300882,3795858,3798868
anglo,F,2000,Gina,9.01101e-05,3798868,3799770
anglo,F,2000,Glenda,0.000121785,3799770,3800989
anglo,F,2000,Glenys,5.81278e-05,3800989,3801571
anglo,F,2000,Gloria,1.80054e-05,3801571,3801752
anglo,F,2000,Grace,0.0177985,3801752,3979726
anglo,F,2000,Grainne,0.000145634,3979726,3981183
anglo,F,2000,Haley,9.21877e-05,3981183,3982106
anglo,F,2000,Hana,7.59915e-05,3982106,3982867
anglo,F,2000,Hannah,0.0178818,3982867,4161673
anglo,F,2000,Harmony,4.25325e-05,4161673,4162099
anglo,F,2000,Harper,0.000168145,4162099,4163781
anglo,F,2000,Harriet,7.90413e-05,4163781,4164572
anglo,F,2000,Hayleigh,0.00010107,4164572,4165584
anglo,F,2000,Hayley,0.0101237,4165584,4266815
anglo,F,2000,Hazel,0.000166868,4266815,4268485
anglo,F,2000,Heather,0.000679029,4268485,4275276
anglo,F,2000,Heidi,9.78739e-05,4275276,4276256
anglo,F,2000,Helen,0.00114935,4276256,4287750
anglo,F,2000,Helena,5.77183e-05,4287750,4288328
anglo,F,2000,Hilary,5.84943e-05,4288328,4288914
anglo,F,2000,Hinewai,7.59915e-05,4288914,4289675
anglo,F,2000,Hollie,4.87753e-05,4289675,4290164
anglo,F,2000,Holly,0.00950373,4290164,4385196
anglo,F,2000,Hope,2.01321e-05,4385196,4385398
anglo,F,2000,Huia,7.48573e-05,4385398,4386148
anglo,F,2000,Imogen,0.00521755,4386148,4438321
anglo,F,2000,Indi,5.95456e-06,4438321,4438382
anglo,F,2000,India,0.000179484,4438382,4440178
anglo,F,2000,Indie,7.00369e-05,4440178,4440879
anglo,F,2000,Iona,9.60829e-05,4440879,4441841
anglo,F,2000,Irene,9.18696e-05,4441841,4442761
anglo,F,2000,Isabel,0.00197241,4442761,4462485
anglo,F,2000,Isabella,0.023371,4462485,4696180
anglo,F,2000,Isabelle,0.00704853,4696180,4766661
anglo,F,2000,Isla,0.00152063,4766661,4781867
anglo,F,2000,Isobel,1.20509e-05,4781867,4781988
anglo,F,2000,Ivy,0.000588913,4781988,4787878
anglo,F,2000,Jacinta,0.000393447,4787878,4791813
anglo,F,2000,Jacqueline,0.000842067,4791813,4800234
anglo,F,2000,Jade,0.00944847,4800234,4894713
anglo,F,2000,Jaime,8.64828e-06,4894713,4894800
anglo,F,2000,Jamie,0.00031476,4894800,4897948
anglo,F,2000,Jamie-Lee,0.00013732,4897948,4899322
anglo,F,2000,Jamie-Leigh,6.22981e-05,4899322,4899946
anglo,F,2000,Jan,0.000224997,4899946,4902197
anglo,F,2000,Jana,4.55992e-05,4902197,4902654
anglo,F,2000,Jane,0.000759247,4902654,4910247
anglo,F,2000,Janet,0.000365974,4910247,4913907
anglo,F,2000,Janette,9.78248e-06,4913907,4914006
anglo,F,2000,Janice,0.000334507,4914006,4917352
anglo,F,2000,Janine,0.000563531,4917352,4922988
anglo,F,2000,Jasmin,0.00047253,4922988,4927714
anglo,F,2000,Jasmine,0.0132153,4927714,5059859
anglo,F,2000,Jayde,4.99225e-05,5059859,5060359
anglo,F,2000,Jayne,0.000149631,5060359,5061856
anglo,F,2000,Jean,0.000131351,5061856,5063170
anglo,F,2000,Jeanette,0.000127598,5063170,5064447
anglo,F,2000,Jemma,0.00128502,5064447,5077297
anglo,F,2000,Jena,0.00013843,5077297,5078682
anglo,F,2000,Jenna,0.000280991,5078682,5081493
anglo,F,2000,Jenni,0.000197287,5081493,5083467
anglo,F,2000,Jennifer,0.00324781,5083467,5115944
anglo,F,2000,Jenny,0.000624998,5115944,5122195
anglo,F,2000,Jessica,0.0256931,5122195,5379109
anglo,F,2000,Jessie,0.000159213,5379109,5380702
anglo,F,2000,Jill,0.000109257,5380702,5381795
anglo,F,2000,Jillian,0.000222729,5381795,5384023
anglo,F,2000,Joan,8.53938e-05,5384023,5384878
anglo,F,2000,Joanna,0.000435282,5384878,5389232
anglo,F,2000,Joanne,0.00137262,5389232,5402958
anglo,F,2000,Jocelyn,7.89687e-05,5402958,5403749
anglo,F,2000,Jodi,7.93941e-06,5403749,5403829
anglo,F,2000,Jodie,0.000118064,5403829,5405011
anglo,F,2000,Jody,5.47737e-05,5405011,5405560
anglo,F,2000,Johanna,8.23118e-05,5405560,5406384
anglo,F,2000,Jolene,9.55993e-05,5406384,5407341
anglo,F,2000,Jordan,0.00169494,5407341,5424290
anglo,F,2000,Jorja,0.00180893,5424290,5442379
anglo,F,2000,Josephine,0.000188192,5442379,5444262
anglo,F,2000,Joy,0.000131476,5444262,5445578
anglo,F,2000,Joyce,7.96273e-05,5445578,5446375
anglo,F,2000,Judith,0.000711243,5446375,5453488
anglo,F,2000,Julia,0.00172555,5453488,5470743
anglo,F,2000,Julie,0.00122866,5470743,5483030
anglo,F,2000,Julie-Anne,6.733e-05,5483030,5483704
anglo,F,2000,June,6.81647e-05,5483704,5484387
anglo,F,2000,Justine,0.000237905,5484387,5486767
anglo,F,2000,Kahurangi,0.000103496,5486767,5487803
anglo,F,2000,Kaia,0.000223438,5487803,5490038
anglo,F,2000,Kaitlin,5.71341e-05,5490038,5490610
anglo,F,2000,Kaitlyn,0.00246991,5490610,5515308
anglo,F,2000,Kara,9.73775e-05,5515308,5516283
anglo,F,2000,Karen,0.00197033,5516283,5535986
anglo,F,2000,Karla,7.9076e-05,5535986,5536778
anglo,F,2000,Karley,0.000121478,5536778,5537994
anglo,F,2000,Karyn,6.08215e-05,5537994,5538603
anglo,F,2000,Kate,0.00563721,5538603,5594972
anglo,F,2000,Katelyn,0.000508077,5594972,5600053
anglo,F,2000,Katharine,6.03777e-05,5600053,5600658
anglo,F,2000,Katherine,0.00140875,5600658,5614745
anglo,F,2000,Kathleen,0.000415612,5614745,5618902
anglo,F,2000,Kathryn,0.00080483,5618902,5626951
anglo,F,2000,Kathy,4.68019e-05,5626951,5627420
anglo,F,2000,Katie,0.0032454,5627420,5659873
anglo,F,2000,Katie-Louise,4.91262e-05,5659873,5660365
anglo,F,2000,Katrina,0.000545838,5660365,5665824
anglo,F,2000,Katy,5.19501e-05,5665824,5666344
anglo,F,2000,Kay,0.000170839,5666344,5668053
anglo,F,2000,Kaye,3.2183e-05,5668053,5668376
anglo,F,2000,Kayla,0.00626018,5668376,5730974
anglo,F,2000,Kayleigh,8.28781e-05,5730974,5731804
anglo,F,2000,Keely,0.000165406,5731804,5733459
anglo,F,2000,Keeva,0.00018657,5733459,5735326
anglo,F,2000,Keira,0.00229779,5735326,5758303
anglo,F,2000,Kellie,8.11588e-05,5758303,5759116
anglo,F,2000,Kelly,0.000919703,5759116,5768313
anglo,F,2000,Kelly-Anne,4.64933e-05,5768313,5768779
anglo,F,2000,Kelly-Marie,5.66559e-05,5768779,5769347
anglo,F,2000,Kelsey,0.000159842,5769347,5770946
anglo,F,2000,Keri,7.12231e-05,5770946,5771659
anglo,F,2000,Kerri,5.23657e-05,5771659,5772184
anglo,F,2000,Kerrie,0.000128293,5772184,5773468
anglo,F,2000,Kerry,0.000337832,5773468,5776847
anglo,F,2000,Khloe,1.3894e-05,5776847,5776987
anglo,F,2000,Kiara,0.00485688,5776987,5825553
anglo,F,2000,Kiera,5.09875e-05,5825553,5826064
anglo,F,2000,Kim,0.000896283,5826064,5835027
anglo,F,2000,Kimberley,0.000353882,5835027,5838567
anglo,F,2000,Kimberly,4.58921e-05,5838567,5839027
anglo,F,2000,Kira,5.08316e-05,5839027,5839536
anglo,F,2000,Kirby,0.000143123,5839536,5840968
anglo,F,2000,Kiri,1.84308e-05,5840968,5841153
anglo,F,2000,Kirsten,0.0005023,5841153,5846177
anglo,F,2000,Kirstie,0.00011992,5846177,5847377
anglo,F,2000,Kirstin,6.70037e-05,5847377,5848048
anglo,F,2000,Kirsty,0.000528638,5848048,5853335
anglo,F,2000,Kora,0.000124479,5853335,5854581
anglo,F,2000,Kori,0.000133105,5854581,5855913
anglo,F,2000,Kristin,4.58331e-05,5855913,5856372
anglo,F,2000,Kristina,4.57157e-05,5856372,5856830
anglo,F,2000,Kristy,2.43853e-05,5856830,5857075
anglo,F,2000,Krystal,9.21538e-05,5857075,5857997
anglo,F,2000,Kyla,5.81278e-06,5857997,5858056
anglo,F,2000,Kylie,0.000523434,5858056,5863291
anglo,F,2000,Lana,6.31131e-05,5863291,5863923
anglo,F,2000,Laoise,5.31366e-05,5863923,5864455
anglo,F,2000,Lara,0.0080777,5864455,5945227
anglo,F,2000,Laura,0.00717678,5945227,6016991
anglo,F,2000,Lauren,0.00844706,6016991,6101457
anglo,F,2000,Laurie,4.76959e-05,6101457,6101935
anglo,F,2000,Layla,0.00289132,6101935,6130847
anglo,F,2000,Leah,0.00102652,6130847,6141113
anglo,F,2000,Leanne,0.000538348,6141113,6146497
anglo,F,2000,Leigh,5.7287e-05,6146497,6147071
anglo,F,2000,Leona,7.21943e-05,6147071,6147794
anglo,F,2000,Leonie,6.44469e-05,6147794,6148439
anglo,F,2000,Lesley,0.000251774,6148439,6150958
anglo,F,2000,Libby,6.80521e-06,6150958,6151027
anglo,F,2000,Lillian,0.00114974,6151027,6162525
anglo,F,2000,Lilly,0.00400164,6162525,6202540
anglo,F,2000,Lily,0.0144045,6202540,6346576
anglo,F,2000,Linda,0.000935581,6346576,6355932
anglo,F,2000,Lindsay,6.43905e-05,6355932,6356577
anglo,F,2000,Lindsey,7.14145e-05,6356577,6357292
anglo,F,2000,Lisa,0.00176844,6357292,6374976
anglo,F,2000,Lisa-Marie,6.25666e-05,6374976,6375603
anglo,F,2000,Lois,0.000102945,6375603,6376633
anglo,F,2000,Lola,4.86289e-05,6376633,6377120
anglo,F,2000,Lorna,5.06002e-05,6377120,6377627
anglo,F,2000,Lorraine,0.000310268,6377627,6380730
anglo,F,2000,Louise,0.000694246,6380730,6387673
anglo,F,2000,Lucia,0.000136379,6387673,6389038
anglo,F,2000,Lucinda,0.00022473,6389038,6391286
anglo,F,2000,Lucy,0.0100669,6391286,6491949
anglo,F,2000,Luna,7.51408e-06,6491949,6492025
anglo,F,2000,Lydia,9.22995e-05,6492025,6492949
anglo,F,2000,Lynda,0.000359988,6492949,6496550
anglo,F,2000,Lyndsay,0.000181765,6496550,6498369
anglo,F,2000,Lyndsey,0.000412345,6498369,6502493
anglo,F,2000,Lynette,0.000519748,6502493,6507691
anglo,F,2000,Lynley,3.23247e-05,6507691,6508015
anglo,F,2000,Lynn,7.95113e-05,6508015,6508811
anglo,F,2000,Lynne,0.000204972,6508811,6510862
anglo,F,2000,Lynnette,1.7013e-05,6510862,6511033
anglo,F,2000,Lynsey,6.63635e-05,6511033,6511698
anglo,F,2000,MacKenzie,9.49893e-06,6511698,6511794
anglo,F,2000,Mackenzie,0.00392877,6511794,6551080
anglo,F,2000,Maddison,0.00926728,6551080,6643747
anglo,F,2000,Madeleine,0.00367346,6643747,6680480
anglo,F,2000,Madeline,0.00431466,6680480,6723625
anglo,F,2000,Madison,0.0101822,6723625,6825440
anglo,F,2000,Maeve,7.06568e-05,6825440,6826148
anglo,F,2000,Mahi,7.8827e-05,6826148,6826937
anglo,F,2000,Maia,0.000277879,6826937,6829717
anglo,F,2000,Mairead,6.54331e-05,6829717,6830372
anglo,F,2000,Makayla,0.0012328,6830372,6842700
anglo,F,2000,Manaia,0.000129299,6842700,6843994
anglo,F,2000,Mandy,5.32241e-05,6843994,6844527
anglo,F,2000,Maraea,9.96679e-05,6844527,6845525
anglo,F,2000,Maree,0.00032183,6845525,6848744
anglo,F,2000,Mareikura,0.000134403,6848744,6850089
anglo,F,2000,Margaret,0.000838521,6850089,6858475
anglo,F,2000,Maria,0.000840926,6858475,6866885
anglo,F,2000,Mariam,0.00108854,6866885,6877771
anglo,F,2000,Marian,7.44004e-05,6877771,6878516
anglo,F,2000,Marie,0.000420555,6878516,6882722
anglo,F,2000,Marie-Claire,7.36153e-05,6882722,6883459
anglo,F,2000,Marilyn,0.000123599,6883459,6884696
anglo,F,2000,Marion,0.000355952,6884696,6888256
anglo,F,2000,Martha,0.000460012,6888256,6892857
anglo,F,2000,Martina,7.76405e-05,6892857,6893634
anglo,F,2000,Mary,0.00123838,6893634,6906018
anglo,F,2000,Matilda,0.00590382,6906018,6965053
anglo,F,2000,Maura,5.21152e-05,6965053,6965575
anglo,F,2000,Maureen,0.000254531,6965575,6968121
anglo,F,2000,Maya,0.00431484,6968121,7011267
anglo,F,2000,Meabh,7.04707e-05,7011267,7011973
anglo,F,2000,Meaghan,0.000797138,7011973,7019945
anglo,F,2000,Meg,5.27903e-05,7019945,7020474
anglo,F,2000,Megan,0.00249846,7020474,7045458
anglo,F,2000,Meghan,4.73072e-05,7045458,7045932
anglo,F,2000,Meibh,4.75005e-05,7045932,7046408
anglo,F,2000,Melanie,0.000695086,7046408,7053359
anglo,F,2000,Melissa,0.00139636,7053359,7067323
anglo,F,2000,Mereana,9.03108e-05,7067323,7068227
anglo,F,2000,Mia,0.017162,7068227,7239836
anglo,F,2000,Michaela,0.000192233,7239836,7241759
anglo,F,2000,Micheala,0.000148267,7241759,7243243
anglo,F,2000,Michele,0.000153401,7243243,7244778
anglo,F,2000,Michelle,0.00226838,7244778,7267461
anglo,F,2000,Mikaela,6.80521e-06,7267461,7267530
anglo,F,2000,Mikayla,0.00530885,7267530,7320616
anglo,F,2000,Mila,0.000161482,7320616,7322232
anglo,F,2000,Millie,0.000100802,7322232,7323241
anglo,F,2000,Miriam,5.9534e-05,7323241,7323837
anglo,F,2000,Miriama,8.70499e-05,7323837,7324708
anglo,F,2000,Mollie,4.7116e-05,7324708,7325180
anglo,F,2000,Molly,0.00641164,7325180,7389293
anglo,F,2000,Monica,7.93941e-06,7389293,7389373
anglo,F,2000,Monique,0.0030614,7389373,7419986
anglo,F,2000,Morgan,0.000154425,7419986,7421531
anglo,F,2000,Mya,4.99048e-05,7421531,7422031
anglo,F,2000,Nadia,0.00120824,7422031,7434113
anglo,F,2000,Nadine,0.00020199,7434113,7436134
anglo,F,2000,Naoimh,4.44212e-05,7436134,7436579
anglo,F,2000,Naoise,0.000139565,7436579,7437976
anglo,F,2000,Naomh,7.86172e-05,7437976,7438763
anglo,F,2000,Naomi,0.000118069,7438763,7439945
anglo,F,2000,Natalie,0.00655968,7439945,7505538
anglo,F,2000,Natasha,0.00581587,7505538,7563694
anglo,F,2000,Nevaeh,9.54147e-05,7563694,7564649
anglo,F,2000,Ngaire,1.64459e-05,7564649,7564814
anglo,F,2000,Nia,9.4564e-05,7564814,7565761
anglo,F,2000,Niamh,0.000103888,7565761,7566801
anglo,F,2000,Nichola,6.2702e-05,7566801,7567429
anglo,F,2000,Nichole,6.86789e-05,7567429,7568117
anglo,F,2000,Nicola,0.00152815,7568117,7583398
anglo,F,2000,Nicole,0.00204224,7583398,7603820
anglo,F,2000,Nikita,0.000233647,7603820,7606157
anglo,F,2000,Nikki,0.000152446,7606157,7607682
anglo,F,2000,Nina,0.000102578,7607682,7608709
anglo,F,2000,Nora,4.39407e-05,7608709,7609149
anglo,F,2000,Nuala,4.48603e-05,7609149,7609599
anglo,F,2000,Olive,7.44319e-05,7609599,7610344
anglo,F,2000,Olivia,0.0246982,7610344,7857310
anglo,F,2000,Oonagh,0.000134126,7857310,7858652
anglo,F,2000,Orfhlaith,0.000123918,7858652,7859892
anglo,F,2000,Orla,0.000697248,7859892,7866865
anglo,F,2000,Orlagh,6.57394e-05,7866865,7867523
anglo,F,2000,Orlaigh,0.000135168,7867523,7868876
anglo,F,2000,Orlaith,0.000346975,7868876,7872346
anglo,F,2000,Padraigin,5.58426e-05,7872346,7872905
anglo,F,2000,Paige,0.00681807,7872905,7941082
anglo,F,2000,Pamela,0.00043311,7941082,7945414
anglo,F,2000,Paris,0.00186174,7945414,7964031
anglo,F,2000,Patrice,4.8431e-05,7964031,7964516
anglo,F,2000,Patricia,0.000779072,7964516,7972307
anglo,F,2000,Paula,0.000630842,7972307,7978616
anglo,F,2000,Pauline,0.000487762,7978616,7983494
anglo,F,2000,Payton,6.23811e-06,7983494,7983557
anglo,F,2000,Penelope,0.000171973,7983557,7985278
anglo,F,2000,Peyton,8.80424e-05,7985278,7986159
anglo,F,2000,Philippa,0.000192672,7986159,7988087
anglo,F,2000,Phoebe,0.00594896,7988087,8047573
anglo,F,2000,Piper,0.000423217,8047573,8051806
anglo,F,2000,Pippa,5.89785e-05,8051806,8052397
anglo,F,2000,Polly,4.73714e-05,8052397,8052872
anglo,F,2000,Poppy,0.000547795,8052872,8058351
anglo,F,2000,Quinn,3.01981e-05,8058351,8058654
anglo,F,2000,Rachael,0.00124156,8058654,8071070
anglo,F,2000,Rachel,0.00584857,8071070,8129553
anglo,F,2000,Rachelle,5.73012e-05,8129553,8130127
anglo,F,2000,Raewyn,0.000430855,8130127,8134436
anglo,F,2000,Rebecca,0.0066789,8134436,8201221
anglo,F,2000,Rebekah,0.000236086,8201221,8203583
anglo,F,2000,Regan,8.01454e-05,8203583,8204385
anglo,F,2000,Renee,0.000480192,8204385,8209188
anglo,F,2000,Rhian,7.78817e-05,8209188,8209968
anglo,F,2000,Rhianna,4.36797e-05,8209968,8210406
anglo,F,2000,Rhianne,5.24499e-05,8210406,8210931
anglo,F,2000,Rhiannon,0.000242846,8210931,8213360
anglo,F,2000,Rhonda,1.85725e-05,8213360,8213547
anglo,F,2000,Ria,9.96679e-05,8213547,8214545
anglo,F,2000,Riley,9.584e-05,8214545,8215504
anglo,F,2000,Rita,7.08442e-05,8215504,8216213
anglo,F,2000,Roberta,8.31652e-05,8216213,8217046
anglo,F,2000,Robyn,0.000842157,8217046,8225468
anglo,F,2000,Rochelle,0.000295743,8225468,8228426
anglo,F,2000,Roise,8.88322e-05,8228426,8229315
anglo,F,2000,Roisin,4.71795e-05,8229315,8229788
anglo,F,2000,Rose,0.00105585,8229788,8240347
anglo,F,2000,Roseanna,4.35764e-05,8240347,8240784
anglo,F,2000,Rosemary,0.000330646,8240784,8244091
anglo,F,2000,Rosie,7.55565e-05,8244091,8244848
anglo,F,2000,Ruby,0.0125793,8244848,8370633
anglo,F,2000,Ruth,0.000287716,8370633,8373511
anglo,F,2000,Sabrina,5.65525e-05,8373511,8374077
anglo,F,2000,Sacha,0.000100588,8374077,8375084
anglo,F,2000,Sadie,2.1408e-05,8375084,8375299
anglo,F,2000,Sally,0.000396489,8375299,8379265
anglo,F,2000,Samantha,0.0093194,8379265,8472453
anglo,F,2000,Sandra,0.00111883,8472453,8483642
anglo,F,2000,Saoirse,6.88526e-05,8483642,8484331
anglo,F,2000,Sara,0.000932186,8484331,8493653
anglo,F,2000,Sarah,0.0209266,8493653,8702905
anglo,F,2000,Sarah-Jane,7.91179e-05,8702905,8703697
anglo,F,2000,Sarah-Louise,4.43671e-05,8703697,8704142
anglo,F,2000,Sasha,0.000110864,8704142,8705252
anglo,F,2000,Saskia,4.934e-05,8705252,8705746
anglo,F,2000,Savannah,0.00147502,8705746,8720496
anglo,F,2000,Scarlett,0.0032389,8720496,8752884
anglo,F,2000,Seana,6.10001e-05,8752884,8753495
anglo,F,2000,Seanan,5.59426e-05,8753495,8754055
anglo,F,2000,Seaneen,6.06246e-05,8754055,8754662
anglo,F,2000,Seanna,0.000127385,8754662,8755937
anglo,F,2000,Selina,6.15106e-05,8755937,8756553
anglo,F,2000,Seona,7.62345e-05,8756553,8757316
anglo,F,2000,Serena,0.000129218,8757316,8758609
anglo,F,2000,Shakira,0.000413934,8758609,8762749
anglo,F,2000,Shania,9.62151e-05,8762749,8763712
anglo,F,2000,Shanice,0.000119161,8763712,8764905
anglo,F,2000,Shanna,0.000114185,8764905,8766048
anglo,F,2000,Shannan,4.41525e-05,8766048,8766490
anglo,F,2000,Shannen,5.37576e-05,8766490,8767029
anglo,F,2000,Shannon,0.000405964,8767029,8771089
anglo,F,2000,Sharlene,3.11905e-05,8771089,8771402
anglo,F,2000,Sharon,0.00107558,8771402,8782158
anglo,F,2000,Shauna,0.000490032,8782158,8787059
anglo,F,2000,Shauneen,0.000220741,8787059,8789267
anglo,F,2000,Sheila,5.03716e-05,8789267,8789772
anglo,F,2000,Shelby,0.000375918,8789772,8793532
anglo,F,2000,Shelley,0.000428904,8793532,8797822
anglo,F,2000,Sheree,7.96042e-05,8797822,8798619
anglo,F,2000,Sheryl,0.000239316,8798619,8801013
anglo,F,2000,Shirley,0.000330816,8801013,8804322
anglo,F,2000,Shona,0.000217559,8804322,8806498
anglo,F,2000,Sian,0.000160219,8806498,8808101
anglo,F,2000,Sienna,0.0104309,8808101,8912404
anglo,F,2000,Simone,0.000114862,8912404,8913554
anglo,F,2000,Sinead,7.26448e-05,8913554,8914281
anglo,F,2000,Siobhan,0.00011555,8914281,8915437
anglo,F,2000,Siofra,0.000136233,8915437,8916800
anglo,F,2000,Skye,0.00160065,8916800,8932806
anglo,F,2000,Skyla,1.48864e-05,8932806,8932956
anglo,F,2000,Skylar,5.81278e-06,8932956,8933015
anglo,F,2000,Sofia,0.00274727,8933015,8960487
anglo,F,2000,Sonia,3.48767e-05,8960487,8960837
anglo,F,2000,Sonya,8.96019e-05,8960837,8961734
anglo,F,2000,Sophia,0.00824137,8961734,9044143
anglo,F,2000,Sophie,0.0211636,9044143,9255765
anglo,F,2000,Sophie-Louise,0.000175141,9255765,9257517
anglo,F,2000,Sorcha,8.78163e-05,9257517,9258396
anglo,F,2000,Stacey,0.000696035,9258396,9265357
anglo,F,2000,Stella,0.00182693,9265357,9283626
anglo,F,2000,Stephanie,0.00696442,9283626,9353266
anglo,F,2000,Summer,0.00317774,9353266,9385042
anglo,F,2000,Susan,0.00190214,9385042,9404063
anglo,F,2000,Susanna,0.000109127,9404063,9405155
anglo,F,2000,Susannah,4.72433e-05,9405155,9405628
anglo,F,2000,Suzanne,0.000726118,9405628,9412890
anglo,F,2000,Sylvia,0.000156992,9412890,9414461
anglo,F,2000,Tahlia,0.00647439,9414461,9479201
anglo,F,2000,Talia,0.000730062,9479201,9486502
anglo,F,2000,Tamara,0.000145792,9486502,9487961
anglo,F,2000,Tammy,4.77615e-05,9487961,9488440
anglo,F,2000,Tania,0.000975271,9488440,9498193
anglo,F,2000,Tanya,0.000287901,9498193,9501073
anglo,F,2000,Tara,0.00421253,9501073,9543196
anglo,F,2000,Tayla,0.00322242,9543196,9575419
anglo,F,2000,Taylah,0.00320878,9575419,9607506
anglo,F,2000,Taylor,0.00389738,9607506,9646478
anglo,F,2000,Tegan,4.50845e-05,9646478,9646930
anglo,F,2000,Teresa,0.000368964,9646930,9650620
anglo,F,2000,Terina,7.48573e-05,9650620,9651370
anglo,F,2000,Terri,0.000117681,9651370,9652548
anglo,F,2000,Tess,0.000108536,9652548,9653634
anglo,F,2000,Tessa,0.000250692,9653634,9656142
anglo,F,2000,Thea,3.95553e-05,9656142,9656539
anglo,F,2000,Theresa,6.11267e-05,9656539,9657151
anglo,F,2000,Therese,4.60703e-05,9657151,9657613
anglo,F,2000,Tia,0.000295756,9657613,9660571
anglo,F,2000,Tiana,0.00271296,9660571,9687700
anglo,F,2000,Tiare,9.51311e-05,9687700,9688652
anglo,F,2000,Tiarna,6.79955e-05,9688652,9689333
anglo,F,2000,Tiegan,5.94161e-05,9689333,9689928
anglo,F,2000,Tiffany,8.06727e-05,9689928,9690736
anglo,F,2000,Tina,0.000364106,9690736,9694378
anglo,F,2000,Toni,0.000476226,9694378,9699141
anglo,F,2000,Tonicha,0.000141911,9699141,9700561
anglo,F,2000,Tori,0.000139193,9700561,9701954
anglo,F,2000,Tory,4.50842e-05,9701954,9702406
anglo,F,2000,Tracey,0.00102407,9702406,9712647
anglo,F,2000,Tracy,0.000650706,9712647,9719155
anglo,F,2000,Trinity,5.68518e-05,9719155,9719724
anglo,F,2000,Tui,0.000177361,9719724,9721498
anglo,F,2000,Tyla,1.3894e-05,9721498,9721638
anglo,F,2000,Tyler,0.000169124,9721638,9723330
anglo,F,2000,Una,0.000294739,9723330,9726278
anglo,F,2000,Ursula,5.1868e-05,9726278,9726798
anglo,F,2000,Valerie,0.000141111,9726798,9728210
anglo,F,2000,Vanessa,0.00134189,9728210,9741629
anglo,F,2000,Vicki,0.000449569,9741629,9746125
anglo,F,2000,Vicky,2.80715e-05,9746125,9746407
anglo,F,2000,Victoria,0.00381284,9746407,9784534
anglo,F,2000,Violet,0.000460813,9784534,9789143
anglo,F,2000,Virginia,7.65586e-06,9789143,9789221
anglo,F,2000,Vivienne,0.000113704,9789221,9790359
anglo,F,2000,Waimarie,9.51311e-05,9790359,9791311
anglo,F,2000,Wendy,0.00101999,9791311,9801511
anglo,F,2000,Whitney,0.000576873,9801511,9807280
anglo,F,2000,Wikitoria,8.26549e-05,9807280,9808107
anglo,F,2000,Willow,0.000485671,9808107,9812964
anglo,F,2000,Yasmin,7.64641e-05,9812964,9813730
anglo,F,2000,Yasmine,0.000118415,9813730,9814915
anglo,F,2000,Yvonne,0.000517604,9814915,9820092
anglo,F,2000,Zara,0.00445662,9820092,9864656
anglo,F,2000,Zoe,0.0135118,9864656,9999765
anglo,F,2000,Zoey,2.33929e-05,9999765,10000000
chinese,M,0,Bin,0.00386956,0,38696
chinese,M,0,Bing,0.00360061,38696,74702
chinese,M,0,Bo,0.0120391,74702,195092
chinese,M,0,Boyang,0.00722086,195092,267300
chinese,M,0,Chao,0.00628546,267300,330154
chinese,M,0,Che-Wei,0.000967742,330154,339832
chinese,M,0,Chen,0.00411746,339832,381007
chinese,M,0,Chen-Jui,0.000483871,381007,385847
chinese,M,0,Cheng,0.00328397,385847,418687
chinese,M,0,Cheng-En,0.00193548,418687,438043
chinese,M,0,Cheng-Han,0.00193548,438043,457399
chinese,M,0,Cheng-Hsiung,0.00145161,457399,471916
chinese,M,0,Cheng-Hung,0.000967742,471916,481594
chinese,M,0,Cheng-I,0.000967742,481594,491272
chinese,M,0,Chenxi,0.00821338,491272,573405
chinese,M,0,Chi Keung,0.00613813,573405,634786
chinese,M,0,Chia-Hao,0.00290323,634786,663819
chinese,M,0,Chia-Hung,0.000967742,663819,673497
chinese,M,0,Chia-Jung,0.000967742,673497,683175
chinese,M,0,Chia-Ming,0.00145161,683175,697692
chinese,M,0,Chia-Wei,0.000967742,697692,707370
chinese,M,0,Chien-Cheng,0.00145161,707370,721887
chinese,M,0,Chien-Chih,0.000967742,721887,731565
chinese,M,0,Chien-Chung,0.000967742,731565,741243
chinese,M,0,Chien-Hsing,0.000967742,741243,750921
chinese,M,0,Chien-Hua,0.000967742,750921,760599
chinese,M,0,Chien-Hung,0.00241935,760599,784793
chinese,M,0,Chien-Liang,0.000967742,784793,794471
chinese,M,0,Chien-Ming,0.000967742,794471,804149
chinese,M,0,Chih-Cheng,0.000967742,804149,813827
chinese,M,0,Chih-Chiang,0.00193548,813827,833183
chinese,M,0,Chih-Chung,0.00145161,833183,847700
chinese,M,0,Chih-Hao,0.00241935,847700,871894
chinese,M,0,Chih-Hsien,0.000967742,871894,881572
chinese,M,0,Chih-Hsiung,0.000967742,881572,891250
chinese,M,0,Chih-Hung,0.000967742,891250,900928
chinese,M,0,Chih-Ming,0.000967742,900928,910606
chinese,M,0,Chih-Wei,0.00241935,910606,934800
chinese,M,0,Chih-Wen,0.000967742,934800,944478
chinese,M,0,Chih-Yuan,0.000967742,944478,954156
chinese,M,0,Chin-Fa,0.000967742,954156,963834
chinese,M,0,Chin-Hsing,0.000967742,963834,973512
chinese,M,0,Chin-Lung,0.00193548,973512,992868
chinese,M,0,Chin-Tsai,0.000967742,992868,1002546
chinese,M,0,Chun Kit,0.00501856,1002546,1052732
chinese,M,0,Chun-Chieh,0.00241935,1052732,1076926
chinese,M,0,Chun-Hao,0.000967742,1076926,1086604
chinese,M,0,Chun-Hsien,0.00145161,1086604,1101121
chinese,M,0,Chun-Hsiung,0.00145161,1101121,1115638
chinese,M,0,Chun-Hung,0.00241935,1115638,1139832
chinese,M,0,Chun-Liang,0.000967742,1139832,1149510
chinese,M,0,Chun-Ming,0.000967742,1149510,1159188
chinese,M,0,Chun-Nan,0.000967742,1159188,1168866
chinese,M,0,Chun-Ting,0.000967742,1168866,1178544
chinese,M,0,Chun-Yu,0.000967742,1178544,1188222
chinese,M,0,Dong,0.00312799,1188222,1219502
chinese,M,0,En-Sho,0.000483871,1219502,1224342
chinese,M,0,Fan,0.00302088,1224342,1254551
chinese,M,0,Fei,0.00418477,1254551,1296399
chinese,M,0,Feng,0.00597883,1296399,1356187
chinese,M,0,Gang,0.00370332,1356187,1393221
chinese,M,0,Guoqiang,0.00850848,1393221,1478305
chinese,M,0,Hang,0.00570217,1478305,1535327
chinese,M,0,Hao,0.0164716,1535327,1700041
chinese,M,0,Haoran,0.0826173,1700041,2526199
chinese,M,0,Ho Yin,0.0047451,2526199,2573650
chinese,M,0,Hongwei,0.0048207,2573650,2621857
chinese,M,0,Hongxia,0.00405239,2621857,2662381
chinese,M,0,Hsin-Hung,0.00145161,2662381,2676898
chinese,M,0,Hua,0.00324345,2676898,2709333
chinese,M,0,Huan,0.0036512,2709333,2745845
chinese,M,0,Hui,0.00355147,2745845,2781360
chinese,M,0,I-Hsiung,0.000967742,2781360,2791038
chinese,M,0,Jen-Chieh,0.000967742,2791038,2800716
chinese,M,0,Jia,0.0031655,2800716,2832371
chinese,M,0,Jiahao,0.00701088,2832371,2902480
chinese,M,0,Jian,0.00392854,2902480,2941766
chinese,M,0,Jianguo,0.0088269,2941766,3030034
chinese,M,0,Jianhua,0.00473022,3030034,3077336
chinese,M,0,Jianjun,0.00305572,3077336,3107894
chinese,M,0,Jianping,0.00345732,3107894,3142468
chinese,M,0,Jiawei,0.00501311,3142468,3192599
chinese,M,0,Jie,0.0143378,3192599,3335975
chinese,M,0,Jui-En,0.000483871,3335975,3340815
chinese,M,0,Jun,0.0104009,3340815,3444823
chinese,M,0,Jung-Hua,0.000967742,3444823,3454501
chinese,M,0,Junjie,0.030737,3454501,3761866
chinese,M,0,Ka Ho,0.00731875,3761866,3835053
chinese,M,0,Kai,0.0108923,3835053,3943975
chinese,M,0,Kai-Hsiang,0.000967742,3943975,3953653
chinese,M,0,Kin Wah,0.00570172,3953653,4010670
chinese,M,0,Kuan-Hung,0.000967742,4010670,4020348
chinese,M,0,Kuan-Lin,0.00145161,4020348,4034865
chinese,M,0,Kuan-Ting,0.00193548,4034865,4054221
chinese,M,0,Kuan-Yu,0.00193548,4054221,4073577
chinese,M,0,Kun,0.00545121,4073577,4128089
chinese,M,0,Kuo-Hsiung,0.000967742,4128089,4137767
chinese,M,0,Kuo-Hua,0.00145161,4137767,4152284
chinese,M,0,Kuo-Jung,0.000967742,4152284,4161962
chinese,M,0,Kwok Wai,0.00666565,4161962,4228618
chinese,M,0,Lei,0.0153267,4228618,4381883
chinese,M,0,Li,0.00440144,4381883,4425898
chinese,M,0,Liang,0.00447904,4425898,4470689
chinese,M,0,Lin,0.00309141,4470689,4501604
chinese,M,0,Long,0.0061281,4501604,4562885
chinese,M,0,Man Kit,0.00926247,4562885,4655509
chinese,M,0,Ming,0.0034122,4655509,4689631
chinese,M,0,Ming-Che,0.000967742,4689631,4699309
chinese,M,0,Ming-Hui,0.00145161,4699309,4713826
chinese,M,0,Ming-Hung,0.000967742,4713826,4723504
chinese,M,0,Ming-Te,0.00145161,4723504,4738021
chinese,M,0,Ming-Tsung,0.000967742,4738021,4747699
chinese,M,0,Mingyu,0.0178133,4747699,4925830
chinese,M,0,Nan,0.00336829,4925830,4959513
chinese,M,0,Ning,0.00398945,4959513,4999408
chinese,M,0,Pai-Han,0.00145161,4999408,5013925
chinese,M,0,Pai-Hung,0.000967742,5013925,5023603
chinese,M,0,Pai-Jui,0.000483871,5023603,5028443
chinese,M,0,Pai-Lin,0.000967742,5028443,5038121
chinese,M,0,Pai-Yen,0.000967742,5038121,5047799
chinese,M,0,Pai-Yu,0.000967742,5047799,5057477
chinese,M,0,Peng,0.0114354,5057477,5171830
chinese,M,0,Pin-Jui,0.000483871,5171830,5176670
chinese,M,0,Ping,0.00381242,5176670,5214795
chinese,M,0,Po-Wen,0.000967742,5214795,5224473
chinese,M,0,Qiang,0.00954592,5224473,5319931
chinese,M,0,Rui,0.00583704,5319931,5378301
chinese,M,0,Ruilin,0.00793909,5378301,5457691
chinese,M,0,Sheng,0.00533425,5457691,5511034
chinese,M,0,Sheng-Hsiung,0.000967742,5511034,5520712
chinese,M,0,Shih-Chang,0.000967742,5520712,5530390
chinese,M,0,Shih-Ming,0.000967742,5530390,5540068
chinese,M,0,Shuai,0.00332557,5540068,5573324
chinese,M,0,Shuo,0.00681339,5573324,5641458
chinese,M,0,Siu Ming,0.0175908,5641458,5817363
chinese,M,0,Siyuan,0.00491492,5817363,5866512
chinese,M,0,Tao,0.0134746,5866512,6001256
chinese,M,0,Tianyu,0.0213393,6001256,6214646
chinese,M,0,Tsung-Han,0.00193548,6214646,6234002
chinese,M,0,Tsung-Hsien,0.000967742,6234002,6243680
chinese,M,0,Tsung-Lin,0.000967742,6243680,6253358
chinese,M,0,Tsung-Ming,0.000967742,6253358,6263036
chinese,M,0,Tsz Hin,0.0132441,6263036,6395475
chinese,M,0,Tzu-Chen,0.000483871,6395475,6400315
chinese,M,0,Tzu-En,0.000483871,6400315,6405155
chinese,M,0,Tzu-Hao,0.000967742,6405155,6414833
chinese,M,0,Tzu-Hsiang,0.000967742,6414833,6424511
chinese,M,0,Tzu-Jui,0.000483871,6424511,6429351
chinese,M,0,Wai Man,0.00533373,6429351,6482688
chinese,M,0,Wei,0.00995407,6482688,6582228
chinese,M,0,Wei-Ting,0.000967742,6582228,6591906
chinese,M,0,Wen,0.00425445,6591906,6634451
chinese,M,0,Wen-Chang,0.000967742,6634451,6644129
chinese,M,0,Wen-Cheng,0.000967742,6644129,6653807
chinese,M,0,Wen-Chieh,0.000967742,6653807,6663485
chinese,M,0,Wen-Chin,0.000967742,6663485,6673163
chinese,M,0,Wen-Chung,0.000967742,6673163,6682841
chinese,M,0,Wen-Hsiang,0.000967742,6682841,6692519
chinese,M,0,Wen-Hsien,0.000967742,6692519,6702197
chinese,M,0,Wen-Hsiung,0.00193548,6702197,6721553
chinese,M,0,Wen-Hua,0.000967742,6721553,6731231
chinese,M,0,Wen-Lung,0.00145161,6731231,6745748
chinese,M,0,Wen-Pin,0.00145161,6745748,6760265
chinese,M,0,Wenbo,0.00511553,6760265,6811420
chinese,M,0,Wing Kei,0.00815267,6811420,6892946
chinese,M,0,Wu-Hsiung,0.000967742,6892946,6902624
chinese,M,0,Xiang,0.00455958,6902624,6948220
chinese,M,0,Xiaoming,0.00917156,6948220,7039935
chinese,M,0,Xin,0.00662728,7039935,7106208
chinese,M,0,Xu,0.00375704,7106208,7143779
chinese,M,0,Yan,0.00432663,7143779,7187046
chinese,M,0,Yang,0.0127142,7187046,7314187
chinese,M,0,Yen-Ting,0.00145161,7314187,7328704
chinese,M,0,Yichen,0.0362181,7328704,7690879
chinese,M,0,Yiming,0.0194088,7690879,7884964
chinese,M,0,Yiu Fai,0.0108284,7884964,7993247
chinese,M,0,Yong,0.00350373,7993247,8028285
chinese,M,0,Yu,0.00645159,8028285,8092801
chinese,M,0,Yu-Chen,0.000483871,8092801,8097641
chinese,M,0,Yu-En,0.000483871,8097641,8102481
chinese,M,0,Yu-Hsiang,0.00145161,8102481,8116998
chinese,M,0,Yu-Hsuan,0.000967742,8116998,8126676
chinese,M,0,Yu-Ting,0.000483871,8126676,8131516
chinese,M,0,Yufei,0.00464325,8131516,8177949
chinese,M,0,Yuhang,0.00744457,8177949,8252394
chinese,M,0,Yung-Chang,0.000967742,8252394,8262072
chinese,M,0,Yuxuan,0.0573573,8262072,8835635
chinese,M,0,Zhen,0.00557371,8835635,8891372
chinese,M,0,Zhenyu,0.00522248,8891372,8943597
chinese,M,0,Zhihao,0.0237256,8943597,9180849
chinese,M,0,Zhiqiang,0.00320398,9180849,9212889
chinese,M,0,Zhiwei,0.0267553,9212889,9480438
chinese,M,0,Zihan,0.0442735,9480438,9923166
chinese,M,0,Zixuan,0.00768344,9923166,10000000
vietnamese,M,0,An,0.0783703,0,112472
vietnamese,M,0,Bao,0.16605,112472,350777
vietnamese,M,0,Binh,0.0769582,350777,461223
vietnamese,M,0,Cuong,0.114896,461223,626114
vietnamese,M,0,Danh,0.0756063,626114,734620
vietnamese,M,0,Dat,0.111376,734620,894459
vietnamese,M,0,Duc,0.324131,894459,1359630
vietnamese,M,0,Dung,0.132224,1359630,1549389
vietnamese,M,0,Hai,0.150223,1549389,1764979
vietnamese,M,0,Hao,0.0743107,1764979,1871625
vietnamese,M,0,Hieu,0.157656,1871625,2097883
vietnamese,M,0,Hoang,0.108107,2097883,2253031
vietnamese,M,0,Hung,0.285295,2253031,2662467
vietnamese,M,0,Huy,0.463463,2662467,3327597
vietnamese,M,0,Khanh,0.256113,3327597,3695153
vietnamese,M,0,Khoa,0.105061,3695153,3845930
vietnamese,M,0,Kiet,0.0730677,3845930,3950793
vietnamese,M,0,Loc,0.102216,3950793,4097487
vietnamese,M,0,Long,0.233258,4097487,4432244
vietnamese,M,0,Luan,0.071874,4432244,4535393
vietnamese,M,0,Minh,0.615572,4535393,5418819
vietnamese,M,0,Nam,0.214798,5418819,5727083
vietnamese,M,0,Nghia,0.0707267,5727083,5828586
vietnamese,M,0,Nhan,0.0696228,5828586,5928505
vietnamese,M,0,Nhat,0.0995509,5928505,6071374
vietnamese,M,0,Phat,0.0970486,6071374,6210652
vietnamese,M,0,Phong,0.118699,6210652,6381001
vietnamese,M,0,Phuc,0.127313,6381001,6563712
vietnamese,M,0,Quang,0.199526,6563712,6850059
vietnamese,M,0,Quoc,0.0946938,6850059,6985958
vietnamese,M,0,Sang,0.0685598,6985958,7084351
vietnamese,M,0,Son,0.143587,7084351,7290418
vietnamese,M,0,Tai,0.092473,7290418,7423130
vietnamese,M,0,Tam,0.0675354,7423130,7520053
vietnamese,M,0,Thang,0.0903747,7520053,7649753
vietnamese,M,0,Thanh,0.186649,7649753,7917619
vietnamese,M,0,Thien,0.0665474,7917619,8013124
vietnamese,M,0,Thinh,0.0883883,8013124,8139974
vietnamese,M,0,Tien,0.122823,8139974,8316241
vietnamese,M,0,Toan,0.0865048,8316241,8440388
vietnamese,M,0,Tri,0.0847159,8440388,8561967
vietnamese,M,0,Trung,0.17562,8561967,8814005
vietnamese,M,0,Truong,0.0655938,8814005,8908142
vietnamese,M,0,Tu,0.0830142,8908142,9027279
vietnamese,M,0,Tuan,0.378929,9027279,9571092
vietnamese,M,0,Viet,0.0813932,9571092,9687903
vietnamese,M,0,Vinh,0.137621,9687903,9885408
vietnamese,M,0,Vu,0.079847,9885408,10000000
lebanese,M,0,Adam,0.0604987,0,81723
lebanese,M,0,Ahmed,0.199526,81723,351244
lebanese,M,0,Ali,0.186649,351244,603371
lebanese,M,0,Anthony,0.0813932,603371,713318
lebanese,M,0,Antoine,0.0743107,713318,813698
lebanese,M,0,Bechara,0.0730677,813698,912399
lebanese,M,0,Bilal,0.16605,912399,1136701
lebanese,M,0,Chadi,0.071874,1136701,1233790
lebanese,M,0,Charbel,0.285295,1233790,1619168
lebanese,M,0,Danny,0.0707267,1619168,1714707
lebanese,M,0,Edmond,0.0696228,1714707,1808755
lebanese,M,0,Elias,0.615572,1808755,2640272
lebanese,M,0,Elie,0.079847,2640272,2748131
lebanese,M,0,Fadi,0.102216,2748131,2886206
lebanese,M,0,Fouad,0.0685598,2886206,2978818
lebanese,M,0,Georges,0.463463,2978818,3604866
lebanese,M,0,Ghassan,0.0995509,3604866,3739341
lebanese,M,0,Habib,0.0675354,3739341,3830569
lebanese,M,0,Hassan,0.150223,3830569,4033491
lebanese,M,0,Hussein,0.143587,4033491,4227450
lebanese,M,0,Ibrahim,0.137621,4227450,4413350
lebanese,M,0,Imad,0.0970486,4413350,4544444
lebanese,M,0,Jad,0.132224,4544444,4723053
lebanese,M,0,Jamal,0.0946938,4723053,4850967
lebanese,M,0,Johnny,0.0665474,4850967,4940860
lebanese,M,0,Joseph,0.378929,4940860,5452719
lebanese,M,0,Karim,0.127313,5452719,5624695
lebanese,M,0,Khaled,0.157656,5624695,5837658
lebanese,M,0,Mahmoud,0.0655938,5837658,5926263
lebanese,M,0,Maroun,0.0783703,5926263,6032127
lebanese,M,0,Marwan,0.092473,6032127,6157041
lebanese,M,0,Michael,0.256113,6157041,6503000
lebanese,M,0,Mohamed,0.214798,6503000,6793151
lebanese,M,0,Mustafa,0.0646727,6793151,6880512
lebanese,M,0,Nabil,0.122823,6880512,7046422
lebanese,M,0,Nader,0.0903747,7046422,7168501
lebanese,M,0,Omar,0.17562,7168501,7405729
lebanese,M,0,Peter,0.233258,7405729,7720816
lebanese,M,0,Rabih,0.0883883,7720816,7840212
lebanese,M,0,Rafic,0.0769582,7840212,7944168
lebanese,M,0,Rami,0.118699,7944168,8104508
lebanese,M,0,Ramzi,0.0637824,8104508,8190666
lebanese,M,0,Riad,0.0629213,8190666,8275661
lebanese,M,0,Salim,0.0620879,8275661,8359530
lebanese,M,0,Sami,0.114896,8359530,8514732
lebanese,M,0,Samir,0.0865048,8514732,8631584
lebanese,M,0,Sleiman,0.0756063,8631584,8733714
lebanese,M,0,Tarek,0.0847159,8733714,8848149
lebanese,M,0,Tony,0.324131,8848149,9285987
lebanese,M,0,Wael,0.0612808,9285987,9368766
lebanese,M,0,Walid,0.111376,9368766,9519214
lebanese,M,0,Wissam,0.0830142,9519214,9631351
lebanese,M,0,Youssef,0.108107,9631351,9777383
lebanese,M,0,Zein,0.0597404,9777383,9858082
lebanese,M,0,Ziad,0.105061,9858082,10000000
filipino,M,0,Angelo,0.137621,0,214549
filipino,M,0,Arnel,0.17562,214549,488336
filipino,M,0,Carlo,0.143587,488336,712186
filipino,M,0,Christian,0.233258,712186,1075830
filipino,M,0,Danilo,0.0883883,1075830,1213626
filipino,M,0,Dennis,0.0756063,1213626,1331495
filipino,M,0,Eduardo,0.122823,1331495,1522973
filipino,M,0,Efren,0.0865048,1522973,1657833
filipino,M,0,Emmanuel,0.0769582,1657833,1777810
filipino,M,0,Ferdinand,0.0847159,1777810,1909881
filipino,M,0,Francis,0.118699,1909881,2094930
filipino,M,0,Gerald,0.114896,2094930,2274051
filipino,M,0,Jayson,0.111376,2274051,2447684
filipino,M,0,Jericho,0.16605,2447684,2706553
filipino,M,0,Jerome,0.324131,2706553,3211866
filipino,M,0,Joel,0.214798,3211866,3546731
filipino,M,0,John Paul,0.378929,3546731,4137472
filipino,M,0,Jose,0.615572,4137472,5097133
filipino,M,0,Jun,0.0830142,5097133,5226551
filipino,M,0,Kenneth,0.108107,5226551,5395087
filipino,M,0,Leo,0.105061,5395087,5558876
filipino,M,0,Mark,0.463463,5558876,6281403
filipino,M,0,Marvin,0.132224,6281403,6487537
filipino,M,0,Miguel,0.150223,6487537,6721731
filipino,M,0,Nestor,0.0813932,6721731,6848622
filipino,M,0,Noel,0.102216,6848622,7007975
filipino,M,0,Oscar,0.0995509,7007975,7163173
filipino,M,0,Paolo,0.157656,7163173,7408955
filipino,M,0,Ramon,0.256113,7408955,7808229
filipino,M,0,Raymond,0.0970486,7808229,7959526
filipino,M,0,Renato,0.079847,7959526,8084006
filipino,M,0,Rey,0.0743107,8084006,8199855
filipino,M,0,Reynaldo,0.127313,8199855,8398333
filipino,M,0,Rodel,0.285295,8398333,8843101
filipino,M,0,Rogelio,0.0783703,8843101,8965279
filipino,M,0,Romeo,0.0946938,8965279,9112905
filipino,M,0,Rommel,0.186649,9112905,9403886
filipino,M,0,Ronaldo,0.199526,9403886,9714943
filipino,M,0,Vincent,0.092473,9714943,9859107
filipino,M,0,Wilfredo,0.0903747,9859107,10000000
korean,M,0,Byeongcheol,0.0884046,0,91242
korean,M,0,Dohyeon,0.251189,91242,350490
korean,M,0,Donghyeon,0.152392,350490,507772
korean,M,0,Doyun,0.659754,507772,1188691
korean,M,0,Geonu,0.144956,1188691,1338298
korean,M,0,Gwangsu,0.109336,1338298,1451143
korean,M,0,Gyeongsu,0.093411,1451143,1547552
korean,M,0,Hyeonjun,0.165723,1547552,1718592
korean,M,0,Hyeonu,0.135427,1718592,1858364
korean,M,0,Jaeho,0.0913195,1858364,1952614
korean,M,0,Jaehyeon,0.517282,1952614,2486491
korean,M,0,Jeongho,0.127404,2486491,2617983
korean,M,0,Jeonghun,0.435275,2617983,3067223
korean,M,0,Jeongnam,0.129935,3067223,3201328
korean,M,0,Jeongsik,0.103259,3201328,3307901
korean,M,0,Jeongsu,0.141585,3307901,3454028
korean,M,0,Jeongung,0.14855,3454028,3607345
korean,M,0,Jihu,0.120535,3607345,3731748
korean,M,0,Jihun,0.189465,3731748,3927291
korean,M,0,Jinho,0.170902,3927291,4103677
korean,M,0,Jinu,0.237227,4103677,4348515
korean,M,0,Jongsu,0.205269,4348515,4560370
korean,M,0,Jungsu,0.0992525,4560370,4662807
korean,M,0,Junho,0.0893485,4662807,4755023
korean,M,0,Junhyeok,0.311129,4755023,5076134
korean,M,0,Junseo,0.107728,5076134,5187319
korean,M,0,Junyeong,0.214602,5187319,5408806
korean,M,0,Juwon,0.0923495,5408806,5504119
korean,M,0,Minjae,0.156512,5504119,5665652
korean,M,0,Minjun,0.267581,5665652,5941817
korean,M,0,Minseok,0.22516,5941817,6174201
korean,M,0,Minsu,0.101876,6174201,6279346
korean,M,0,Sangcheol,0.0980066,6279346,6380498
korean,M,0,Sangho,0.380731,6380498,6773443
korean,M,0,Sanghun,0.100541,6773443,6877211
korean,M,0,Sanghyeon,0.0945057,6877211,6974749
korean,M,0,Seojun,0.0968016,6974749,7074657
korean,M,0,Seongho,0.118457,7074657,7196915
korean,M,0,Seonghun,0.11101,7196915,7311487
korean,M,0,Seonghyeon,0.160942,7311487,7477592
korean,M,0,Seongjin,0.116471,7477592,7597800
korean,M,0,Seongmin,0.138415,7597800,7740656
korean,M,0,Seongsu,0.114572,7740656,7858904
korean,M,0,Seunghyeon,0.112753,7858904,7975275
korean,M,0,Seungmin,0.104693,7975275,8083328
korean,M,0,Siu,0.182697,8083328,8271886
korean,M,0,Ujin,0.196945,8271886,8475150
korean,M,0,Yejun,0.176537,8475150,8657351
korean,M,0,Yeongcheol,0.287175,8657351,8953739
korean,M,0,Yeonggil,0.125,8953739,9082750
korean,M,0,Yeongho,0.0956352,9082750,9181454
korean,M,0,Yeonghwan,0.341279,9181454,9533682
korean,M,0,Yeongil,0.122713,9533682,9660333
korean,M,0,Yeongjin,0.106182,9660333,9769922
korean,M,0,Yeongsik,0.132605,9769922,9906782
korean,M,0,Yeongsu,0.0903197,9906782,10000000
greek,M,0,Achilleas,0.000644878,0,6450
greek,M,0,Adam,0.000249157,6450,8942
greek,M,0,Adamantios,7.94414e-05,8942,9737
greek,M,0,Afentis,6.74641e-05,9737,10413
greek,M,0,Afxentios,0.000151213,10413,11926
greek,M,0,Agamemnon,9.4917e-05,11926,12876
greek,M,0,Agapios,0.000466507,12876,17542
greek,M,0,Agapitos,8.43301e-05,17542,18386
greek,M,0,Agathangelos,7.11878e-05,18386,19099
greek,M,0,Agathoklis,6.80927e-05,19099,19781
greek,M,0,Agathonikos,0.000429918,19781,24081
greek,M,0,Agisilaos,0.00438517,24081,67932
greek,M,0,Aias,8.15087e-05,67932,68748
greek,M,0,Aimilianos,9.74482e-05,68748,69723
greek,M,0,Aimilios,0.00022604,69723,71984
greek,M,0,Akritas,9.78832e-05,71984,72964
greek,M,0,Akrivos,7.35766e-05,72964,73701
greek,M,0,Alexandros,0.000167373,73701,75376
greek,M,0,Alexios,6.83048e-05,75376,76060
greek,M,0,Alkiviadis,0.000134514,76060,77406
greek,M,0,Amvrosios,0.000133694,77406,78744
greek,M,0,Anagnostis,0.000135345,78744,80098
greek,M,0,Ananias,0.000296295,80098,83062
greek,M,0,Anargyros,0.000317766,83062,86241
greek,M,0,Anastasios,0.0142433,86241,228669
greek,M,0,Anaxagoras,0.000145204,228669,230122
greek,M,0,Andreas,0.0140346,230122,370463
greek,M,0,Androklis,7.09574e-05,370463,371174
greek,M,0,Andronikos,0.000192332,371174,373098
greek,M,0,Anestis,0.000308815,373098,376187
greek,M,0,Angelis,6.64419e-05,376187,376852
greek,M,0,Angelo,0.0152796,376852,529643
greek,M,0,Angelos,0.000104409,529643,530688
greek,M,0,Anthimos,8.87686e-05,530688,531577
greek,M,0,Anthoulis,8.06097e-05,531577,532384
greek,M,0,Antigonos,0.000123179,532384,533617
greek,M,0,Antipatros,0.000327251,533617,536890
greek,M,0,Antonios,0.000142376,536890,538315
greek,M,0,Antypas,8.66634e-05,538315,539183
greek,M,0,Apollon,8.18128e-05,539183,540002
greek,M,0,Apostolos,0.000113605,540002,541139
greek,M,0,Archelaos,0.000707285,541139,548213
greek,M,0,Archimidis,0.00199326,548213,568146
greek,M,0,Argyrios,0.00115399,568146,579686
greek,M,0,Aris,0.000313226,579686,582819
greek,M,0,Aristarchos,0.00109629,582819,593783
greek,M,0,Aristeidis,0.000189016,593783,595674
greek,M,0,Aristofanis,0.000171296,595674,597388
greek,M,0,Aristomenis,7.26021e-05,597388,598115
greek,M,0,Aristos,7.72036e-05,598115,598888
greek,M,0,Aristotelis,0.000348029,598888,602369
greek,M,0,Aristovoulos,0.000214959,602369,604520
greek,M,0,Artemios,0.00015774,604520,606098
greek,M,0,Artemis,0.00548146,606098,660912
greek,M,0,Asimakis,0.00182715,660912,679184
greek,M,0,Asimis,7.28433e-05,679184,679913
greek,M,0,Asklipios,0.000141457,679913,681329
greek,M,0,Asterios,8.80556e-05,681329,682211
greek,M,0,Athanasios,0.0177409,682211,859614
greek,M,0,Athinagoras,0.00010748,859614,860690
greek,M,0,Athinodoros,0.000166105,860690,862352
greek,M,0,Avgeris,6.04018e-05,862352,862957
greek,M,0,Avgoustos,6.68471e-05,862957,863626
greek,M,0,Avraam,0.000181205,863626,865439
greek,M,0,Bill,0.0367967,865439,1233393
greek,M,0,Charalampos,6.21129e-05,1233393,1234015
greek,M,0,Charilaos,9.06026e-05,1234015,1234922
greek,M,0,Charis,6.44878e-05,1234922,1235568
greek,M,0,Charitos,8.49839e-05,1235568,1236419
greek,M,0,Chris,0.0334878,1236419,1571285
greek,M,0,Christian,0.000152263,1571285,1572809
greek,M,0,Christodoulos,0.000105922,1572809,1573869
greek,M,0,Christoforos,0.000148148,1573869,1575351
greek,M,0,Christos,0.0199856,1575351,1775201
greek,M,0,Chrysanthos,6.07364e-05,1775201,1775809
greek,M,0,Chrysostomos,6.05686e-05,1775809,1776416
greek,M,0,Chrysovalantios,7.02751e-05,1776416,1777120
greek,M,0,Con,0.0806462,1777120,2583552
greek,M,0,Costa,0.0135069,2583552,2718616
greek,M,0,Damaskinos,0.00011018,2718616,2719719
greek,M,0,Damianos,0.00012529,2719719,2720973
greek,M,0,Daniil,0.000217087,2720973,2723145
greek,M,0,Diamantis,6.85182e-05,2723145,2723831
greek,M,0,Dikaios,0.000184251,2723831,2725674
greek,M,0,Dimitrios,0.0223179,2725674,2948846
greek,M,0,Dimitris,9.09786e-05,2948846,2949757
greek,M,0,Dimokratis,9.61659e-05,2949757,2950720
greek,M,0,Dimokritos,0.000609051,2950720,2956811
greek,M,0,Dimos,0.000487241,2956811,2961684
greek,M,0,Dimosthenis,0.000371624,2961684,2965401
greek,M,0,Diogenis,7.45777e-05,2965401,2966148
greek,M,0,Diomidis,6.91667e-05,2966148,2966841
greek,M,0,Dionysios,0.000843301,2966841,2975275
greek,M,0,Dominikos,0.000116627,2975275,2976442
greek,M,0,Dorotheos,9.21254e-05,2976442,2977364
greek,M,0,Drakon,0.000108544,2977364,2978450
greek,M,0,Drosos,7.14197e-05,2978450,2979165
greek,M,0,Efkleidis,6.09051e-05,2979165,2979775
greek,M,0,Efraim,0.000199326,2979775,2981769
greek,M,0,Efsevios,9.92119e-05,2981769,2982762
greek,M,0,Efstathios,7.40738e-05,2982762,2983504
greek,M,0,Efstratios,6.89492e-05,2983504,2984194
greek,M,0,Efthymios,6.15894e-05,2984194,2984811
greek,M,0,Eftychios,0.000203017,2984811,2986842
greek,M,0,Eirinaios,7.61314e-05,2986842,2987604
greek,M,0,Ektoras,0.000106436,2987604,2988669
greek,M,0,Eleftherios,7.83066e-05,2988669,2989453
greek,M,0,Elissaios,7.66638e-05,2989453,2990221
greek,M,0,Emmanouil,0.000185812,2990221,2992080
greek,M,0,Epameinondas,8.59837e-05,2992080,2992941
greek,M,0,Ermis,0.000438517,2992941,2997327
greek,M,0,Ermolaos,0.00011302,2997327,2998458
greek,M,0,Erotokritos,0.000136185,2998458,2999821
greek,M,0,Errikos,8.12068e-05,2999821,3000634
greek,M,0,Evangelos,0.0125255,3000634,3125885
greek,M,0,Evdoxios,0.000626452,3125885,3132150
greek,M,0,Evgenios,6.33695e-05,3132150,3132785
greek,M,0,Evmenios,0.000111867,3132785,3133905
greek,M,0,Evripidis,6.31868e-05,3133905,3134538
greek,M,0,Exarchos,7.53465e-05,3134538,3135292
greek,M,0,Faidon,0.000101509,3135292,3136308
greek,M,0,Fanourios,7.69328e-05,3136308,3137078
greek,M,0,Filimon,9.8765e-05,3137078,3138067
greek,M,0,Filippos,0.000664419,3138067,3144712
greek,M,0,Floriant,0.00011601,3144712,3145873
greek,M,0,Foivos,8.21192e-05,3145873,3146695
greek,M,0,Fokas,7.58679e-05,3146695,3147455
greek,M,0,Fokion,0.000235762,3147455,3149814
greek,M,0,Foteinos,0.000117881,3149814,3150994
greek,M,0,Fotios,8.2739e-05,3150994,3151822
greek,M,0,Fragiskos,0.000292344,3151822,3154746
greek,M,0,Freiderikos,0.000264167,3154746,3157389
greek,M,0,Frixos,0.000194034,3157389,3159330
greek,M,0,Galatios,6.8733e-05,3159330,3160018
greek,M,0,Galinos,0.000219258,3160018,3162212
greek,M,0,Garyfallos,0.000132083,3162212,3163534
greek,M,0,Gavriil,0.0109629,3163534,3273160
greek,M,0,George,0.111547,3273160,4388586
greek,M,0,Georgios,0.0267566,4388586,4656143
greek,M,0,Gerasimos,0.000114795,4656143,4657292
greek,M,0,Giannis,7.05011e-05,4657292,4657998
greek,M,0,Gikas,0.000178259,4657998,4659782
greek,M,0,Giorgos,0.00104409,4659782,4670223
greek,M,0,Grigorios,6.56462e-05,4670223,4670880
greek,M,0,Harry,0.0147887,4670880,4818762
greek,M,0,Iakovos,6.78818e-05,4818762,4819442
greek,M,0,Iason,0.00313226,4819442,4850764
greek,M,0,Iasonas,0.000195766,4850764,4852723
greek,M,0,Ieremias,0.000509903,4852723,4857823
greek,M,0,Ieronymos,0.000730861,4857823,4865132
greek,M,0,Ierotheos,0.000353643,4865132,4868669
greek,M,0,Ignatios,0.000129739,4868669,4869967
greek,M,0,Ikaros,6.30053e-05,4869967,4870598
greek,M,0,Ilias,0.000164856,4870598,4872248
greek,M,0,Ioakeim,0.000146172,4872248,4873711
greek,M,0,Ioannis,0.0212654,4873711,5086358
greek,M,0,Ion,0.000160043,5086358,5087959
greek,M,0,Ionas,0.000210825,5087959,5090068
greek,M,0,Iordanis,7.74765e-05,5090068,5090844
greek,M,0,Iosif,0.000413695,5090844,5094982
greek,M,0,Ioulianos,6.76723e-05,5094982,5095660
greek,M,0,Ioulios,8.63222e-05,5095660,5096524
greek,M,0,Ippokratis,0.000103914,5096524,5097564
greek,M,0,Ippolytos,9.29061e-05,5097564,5098494
greek,M,0,Iraklis,8.91294e-05,5098494,5099386
greek,M,0,Irodotos,0.000996629,5099386,5109353
greek,M,0,Isaak,0.000562201,5109353,5114976
greek,M,0,Isaias,0.00059259,5114976,5120903
greek,M,0,Isidoros,0.000337321,5120903,5124277
greek,M,0,Jim,0.0409451,5124277,5533714
greek,M,0,John,0.0463191,5533714,5996888
greek,M,0,Kallinikos,0.00024362,5996888,5999325
greek,M,0,Karolos,7.88699e-05,5999325,6000115
greek,M,0,Kimon,0.000261022,6000115,6002726
greek,M,0,Kirykos,0.000119813,6002726,6003925
greek,M,0,Kleanthis,0.00137036,6003925,6017629
greek,M,0,Klearchos,0.000221473,6017629,6019845
greek,M,0,Kleomenis,0.000246358,6019845,6022310
greek,M,0,Kleopas,7.77512e-05,6022310,6023089
greek,M,0,Kleovoulos,8.77033e-05,6023089,6023967
greek,M,0,Klimis,0.000137036,6023967,6025338
greek,M,0,Komninos,0.000212872,6025338,6027468
greek,M,0,Konstantinos,0.02541,6027468,6281559
greek,M,0,Kornilios,7.30861e-05,6281559,6282291
greek,M,0,Kosmas,9.45079e-05,6282291,6283237
greek,M,0,Kostas,0.000150177,6283237,6284740
greek,M,0,Krystallis,6.48693e-05,6284740,6285390
greek,M,0,Kyprianos,0.000149155,6285390,6286883
greek,M,0,Kyriakos,0.000105413,6286883,6287938
greek,M,0,Kyriazis,0.000201154,6287938,6289950
greek,M,0,Kyros,0.0001874,6289950,6291825
greek,M,0,Laertis,0.000109084,6291825,6292917
greek,M,0,Lampros,0.000114197,6292917,6294060
greek,M,0,Laokratis,9.13577e-05,6294060,6294975
greek,M,0,Laskaris,0.000522044,6294975,6300196
greek,M,0,Lavrentios,0.000284751,6300196,6303044
greek,M,0,Lazaros,0.000378032,6303044,6306825
greek,M,0,Leandros,0.0024362,6306825,6331187
greek,M,0,Lemonis,6.17629e-05,6331187,6331806
greek,M,0,Leon,9.7017e-05,6331806,6332777
greek,M,0,Leonardos,0.000110737,6332777,6333885
greek,M,0,Leonidas,0.00730861,6333885,6406969
greek,M,0,Logothetis,0.000548146,6406969,6412451
greek,M,0,Loudovikos,0.00014055,6412451,6413857
greek,M,0,Loukas,0.000156613,6413857,6415424
greek,M,0,Loukianos,6.60417e-05,6415424,6416085
greek,M,0,Lykourgos,9.02298e-05,6416085,6416988
greek,M,0,Lysandros,0.000252021,6416988,6419509
greek,M,0,Magdalinos,0.0012181,6419509,6431691
greek,M,0,Makarios,0.000304526,6431691,6434737
greek,M,0,Manolis,0.013133,6434737,6566063
greek,M,0,Marinos,0.000108009,6566063,6567144
greek,M,0,Marios,0.000130511,6567144,6568450
greek,M,0,Markos,0.000498314,6568450,6573434
greek,M,0,Martinos,0.000109629,6573434,6574531
greek,M,0,Matthaios,0.00033221,6574531,6577854
greek,M,0,Mavrikios,0.000138771,6577854,6579243
greek,M,0,Mavroeidis,6.12454e-05,6579243,6579856
greek,M,0,Mavros,6.66439e-05,6579856,6580523
greek,M,0,Mavroudis,0.000228394,6580523,6582808
greek,M,0,Megaklis,8.70073e-05,6582808,6583679
greek,M,0,Meletios,0.00012181,6583679,6584898
greek,M,0,Menandros,0.000147153,6584898,6586370
greek,M,0,Menelaos,0.000104908,6586370,6587420
greek,M,0,Merkourios,6.50618e-05,6587420,6588072
greek,M,0,Methodios,7.97303e-05,6588072,6588870
greek,M,0,Michael,0.0158088,6588870,6746953
greek,M,0,Michail,9.33014e-05,6746953,6747887
greek,M,0,Michalis,6.42986e-05,6747887,6748531
greek,M,0,Mikes,9.53297e-05,6748531,6749485
greek,M,0,Miltiadis,6.70515e-05,6749485,6750157
greek,M,0,Minas,0.000391533,6750157,6754073
greek,M,0,Minoas,0.000174015,6754073,6755814
greek,M,0,Napoleon,0.000155502,6755814,6757370
greek,M,0,Nathanail,0.000101981,6757370,6758391
greek,M,0,Nearchos,8.2428e-05,6758391,6759216
greek,M,0,Nektarios,0.000190659,6759216,6761124
greek,M,0,Neofytos,6.22893e-05,6761124,6761748
greek,M,0,Neoklis,0.000111299,6761748,6762862
greek,M,0,Nick,0.0640668,6762862,7403506
greek,M,0,Nikandros,6.54503e-05,7403506,7404161
greek,M,0,Nikiforos,0.000877033,7404161,7412932
greek,M,0,Nikitas,0.000421651,7412932,7417149
greek,M,0,Nikodimos,0.00274073,7417149,7444556
greek,M,0,Nikolaos,0.0238053,7444556,7682601
greek,M,0,Nikon,8.30524e-05,7682601,7683433
greek,M,0,Nikos,7.38244e-05,7683433,7684172
greek,M,0,Odysseas,0.000106955,7684172,7685243
greek,M,0,Odyssevs,6.28247e-05,7685243,7685872
greek,M,0,Omiros,0.000953297,7685872,7695406
greek,M,0,Orestis,0.000121137,7695406,7696618
greek,M,0,Orfeas,0.000300354,7696618,7699622
greek,M,0,Othon,6.98275e-05,7699622,7700321
greek,M,0,Pafsanias,6.35531e-05,7700321,7700958
greek,M,0,Panagiotis,0.0202235,7700958,7903186
greek,M,0,Panagis,0.0016866,7903186,7920052
greek,M,0,Panormitis,0.000208817,7920052,7922141
greek,M,0,Pantazis,8.4007e-05,7922141,7922982
greek,M,0,Panteleimon,0.000322439,7922982,7926207
greek,M,0,Pantelis,9.25141e-05,7926207,7927133
greek,M,0,Paraschos,8.03144e-05,7927133,7927937
greek,M,0,Paraskevas,0.000126739,7927937,7929205
greek,M,0,Paris,0.00017972,7929205,7931003
greek,M,0,Paschalis,0.000342591,7931003,7934430
greek,M,0,Patroklos,6.72572e-05,7934430,7935104
greek,M,0,Pavlos,7.21245e-05,7935104,7935826
greek,M,0,Pelopidas,0.000254952,7935826,7938376
greek,M,0,Periklis,0.000175407,7938376,7940131
greek,M,0,Peter,0.0535926,7940131,8476038
greek,M,0,Petros,8.00213e-05,8476038,8476839
greek,M,0,Pindaros,6.10748e-05,8476839,8477451
greek,M,0,Platon,0.00011244,8477451,8478576
greek,M,0,Ploutarchos,0.000139655,8478576,8479974
greek,M,0,Polychronios,0.000137898,8479974,8481354
greek,M,0,Polydoros,0.000102457,8481354,8482380
greek,M,0,Polykarpos,0.000128221,8482380,8483663
greek,M,0,Polykratis,0.000257951,8483663,8486243
greek,M,0,Polyvios,0.000126011,8486243,8487504
greek,M,0,Polyzois,0.000100118,8487504,8488506
greek,M,0,Praxitelis,0.000233254,8488506,8490839
greek,M,0,Prodromos,0.000100577,8490839,8491846
greek,M,0,Prokopios,8.36864e-05,8491846,8492684
greek,M,0,Promitheas,0.000783066,8492684,8500515
greek,M,0,Pyrros,9.96629e-05,8500515,8501513
greek,M,0,Pythagoras,7.23625e-05,8501513,8502238
greek,M,0,Rachil,0.000172644,8502238,8503965
greek,M,0,Rafail,9.83221e-05,8503965,8504949
greek,M,0,Rallis,0.000913577,8504949,8514085
greek,M,0,Rigas,6.41106e-05,8514085,8514727
greek,M,0,Rizos,0.000398652,8514727,8518714
greek,M,0,Rodoflos,9.41023e-05,8518714,8519656
greek,M,0,Romanos,0.000154407,8519656,8521201
greek,M,0,Samouil,0.000182715,8521201,8523029
greek,M,0,Sarantis,9.65896e-05,8523029,8523996
greek,M,0,Savvas,7.56063e-05,8523996,8524753
greek,M,0,Serafeim,7.63966e-05,8524753,8525518
greek,M,0,Sergios,6.37379e-05,8525518,8526156
greek,M,0,Sevastianos,0.000123875,8526156,8527396
greek,M,0,Siranous,7.00506e-05,8527396,8528098
greek,M,0,Sofoklis,9.5746e-05,8528098,8529056
greek,M,0,Sokratis,7.07285e-05,8529056,8529764
greek,M,0,Solomon,8.33682e-05,8529764,8530599
greek,M,0,Solon,0.000103424,8530599,8531634
greek,M,0,Sotirios,0.00019753,8531634,8533610
greek,M,0,Sotiris,0.000277542,8533610,8536386
greek,M,0,Sozon,0.000534777,8536386,8541735
greek,M,0,Spilios,0.000476649,8541735,8546502
greek,M,0,Spiro,0.0170022,8546502,8716519
greek,M,0,Spyridon,0.000270689,8716519,8719227
greek,M,0,Stamatios,0.000158883,8719227,8720817
greek,M,0,Stamatis,0.000119162,8720817,8722010
greek,M,0,Stavros,0.015017,8722010,8872176
greek,M,0,Stefanos,6.4678e-05,8872176,8872824
greek,M,0,Stellios,0.00035944,8872824,8876419
greek,M,0,Stergios,0.000115399,8876419,8877574
greek,M,0,Steve,0.0285211,8877574,9162775
greek,M,0,Stylianos,0.000132884,9162775,9164105
greek,M,0,Symeon,0.000223733,9164105,9166343
greek,M,0,Taxiarchis,0.000756063,9166343,9173904
greek,M,0,Taxiarchos,0.000144249,9173904,9175347
greek,M,0,Thalis,7.43249e-05,9175347,9176091
greek,M,0,Themis,0.000176821,9176091,9177860
greek,M,0,Themistoklis,0.000447466,9177860,9182336
greek,M,0,Theo,0.0163811,9182336,9346142
greek,M,0,Theocharis,9.37002e-05,9346142,9347080
greek,M,0,Theodoros,0.000406034,9347080,9351141
greek,M,0,Theodosios,0.000274073,9351141,9353883
greek,M,0,Theodosis,0.000122491,9353883,9355109
greek,M,0,Theodoulos,0.000384664,9355109,9358957
greek,M,0,Theofanis,8.53145e-05,9358957,9359811
greek,M,0,Theofilos,0.00365431,9359811,9396354
greek,M,0,Theofrastos,0.00011725,9396354,9397527
greek,M,0,Theofylaktos,8.09071e-05,9397527,9398337
greek,M,0,Theoklitos,6.52555e-05,9398337,9398991
greek,M,0,Theologos,0.000161219,9398991,9400604
greek,M,0,Theopistos,0.000267388,9400604,9403279
greek,M,0,Theotokis,7.1888e-05,9403279,9403999
greek,M,0,Thisevs,8.56478e-05,9403999,9404856
greek,M,0,Thomas,0.000118518,9404856,9406042
greek,M,0,Thoukydidis,0.00128976,9406042,9418940
greek,M,0,Thrasyvoulos,6.26452e-05,9418940,9419567
greek,M,0,Tilemachos,0.000163626,9419567,9421204
greek,M,0,Timoleon,6.62412e-05,9421204,9421867
greek,M,0,Timon,6.93856e-05,9421867,9422562
greek,M,0,Timotheos,7.33306e-05,9422562,9423296
greek,M,0,Titos,8.84106e-05,9423296,9424181
greek,M,0,Tom,0.0307809,9424181,9731979
greek,M,0,Triantafyllos,0.000206848,9731979,9734048
greek,M,0,Tryfon,0.000240943,9734048,9736458
greek,M,0,Tsampikos,0.000365431,9736458,9740113
greek,M,0,Tzanetos,9.17399e-05,9740113,9741031
greek,M,0,Vaios,6.24668e-05,9741031,9741657
greek,M,0,Valantis,0.000230798,9741657,9743966
greek,M,0,Valentinos,0.000576996,9743966,9749737
greek,M,0,Valerios,0.000812068,9749737,9757858
greek,M,0,Vardis,0.000124579,9757858,9759105
greek,M,0,Varsamos,0.000162414,9759105,9760730
greek,M,0,Vartholomaios,7.16531e-05,9760730,9761448
greek,M,0,Vasileios,0.000101041,9761448,9762459
greek,M,0,Vasilios,0.0192337,9762459,9954790
greek,M,0,Vasilis,0.000204914,9954790,9956840
greek,M,0,Velissarios,0.000143306,9956840,9958274
greek,M,0,Venetios,6.14169e-05,9958274,9958889
greek,M,0,Veniamin,0.00219258,9958889,9980815
greek,M,0,Venizelos,7.80279e-05,9980815,9981596
greek,M,0,Vikentios,6.58434e-05,9981596,9982255
greek,M,0,Vissarion,7.91546e-05,9982255,9983048
greek,M,0,Vladimiros,8.46557e-05,9983048,9983896
greek,M,0,Vlasios,7.85872e-05,9983896,9984683
greek,M,0,Vlasis,6.96058e-05,9984683,9985380
greek,M,0,Vrasidas,7.50885e-05,9985380,9986132
greek,M,0,Vyron,0.000238324,9986132,9988516
greek,M,0,Xanthos,0.0002811,9988516,9991328
greek,M,0,Xenofon,0.000120472,9991328,9992534
greek,M,0,Yakinthos,0.000169968,9992534,9994235
greek,M,0,Zacharias,8.94932e-05,9994235,9995131
greek,M,0,Zafeirios,0.00016866,9995131,9996819
greek,M,0,Zafeiris,8.73539e-05,9996819,9997694
greek,M,0,Zinon,0.000102938,9997694,9998724
greek,M,0,Zinovios,0.000127476,9998724,10000000
italian,M,0,Achille,0.000447902,0,4480
italian,M,0,Adamo,0.000917132,4480,13652
italian,M,0,Adelmo,0.00058363,13652,19489
italian,M,0,Adriano,0.000511322,19489,24603
italian,M,0,Agnolo,0.000931925,24603,33923
italian,M,0,Agostino,0.000454955,33923,38473
italian,M,0,Alberico,0.00109018,38473,49375
italian,M,0,Alberto,0.000218861,49375,51565
italian,M,0,Alderano,0.000235834,51565,53924
italian,M,0,Aldo,0.00106999,53924,64625
italian,M,0,Alessandro,0.000280482,64625,67431
italian,M,0,Alessio,0.000307337,67431,70505
italian,M,0,Alfio,0.000431189,70505,74818
italian,M,0,Alfredo,0.000572073,74818,80540
italian,M,0,Alphons,0.000231117,80540,82852
italian,M,0,Amadeo,0.000305711,82852,85910
italian,M,0,Amedeo,0.000300934,85910,88920
italian,M,0,Amico,0.00122935,88920,101214
italian,M,0,Amleto,0.000310642,101214,104321
italian,M,0,Angelo,0.0311012,104321,415325
italian,M,0,Annibale,0.000228377,415325,417610
italian,M,0,Ansaldo,0.000404051,417610,421651
italian,M,0,Antonello,0.000862378,421651,430276
italian,M,0,Antonino,0.000236801,430276,432645
italian,M,0,Antonio,0.0553984,432645,986615
italian,M,0,Armando,0.000825419,986615,994870
italian,M,0,Arnaldo,0.00385196,994870,1033389
italian,M,0,Arnulfo,0.000424848,1033389,1037638
italian,M,0,Arsenio,0.000502429,1037638,1042663
italian,M,0,Arturo,0.000312321,1042663,1045787
italian,M,0,Atenulf,0.000215595,1045787,1047944
italian,M,0,Augusto,0.000875445,1047944,1056699
italian,M,0,Azeglio,0.000696137,1056699,1063661
italian,M,0,Baccio,0.00024798,1063661,1066142
italian,M,0,Baldassare,0.00105053,1066142,1076648
italian,M,0,Bartolomeo,0.000489655,1076648,1081545
italian,M,0,Benedetto,0.000213998,1081545,1083686
italian,M,0,Benito,0.000356663,1083686,1087254
italian,M,0,Benvenuto,0.000220532,1087254,1089460
italian,M,0,Beppe,0.000368021,1089460,1093141
italian,M,0,Bernardo,0.000555571,1093141,1098698
italian,M,0,Biagio,0.000515887,1098698,1103858
italian,M,0,Bruno,0.00825419,1103858,1186399
italian,M,0,Calcedonio,0.000296304,1186399,1189363
italian,M,0,Calogero,0.000265043,1189363,1192014
italian,M,0,Camillo,0.00027514,1192014,1194766
italian,M,0,Carlo,0.0184262,1194766,1379024
italian,M,0,Carmelo,0.000252312,1379024,1381548
italian,M,0,Cesare,0.000226586,1381548,1383815
italian,M,0,Cipriano,0.00240747,1383815,1407890
italian,M,0,Cirillo,0.000608204,1407890,1413973
italian,M,0,Ciro,0.00101367,1413973,1424110
italian,M,0,Claudio,0.000268741,1424110,1426798
italian,M,0,Coluccio,0.000219693,1426798,1428996
italian,M,0,Coriolano,0.000418691,1428996,1433184
italian,M,0,Corrado,0.00361121,1433184,1469296
italian,M,0,Costantino,0.00206355,1469296,1489932
italian,M,0,Costanzo,0.000222228,1489932,1492155
italian,M,0,Damiano,0.000473601,1492155,1496892
italian,M,0,Daniele,0.00120374,1496892,1508930
italian,M,0,Danilo,0.0144448,1508930,1653375
italian,M,0,Dante,0.00037277,1653375,1657104
italian,M,0,Dario,0.0115559,1657104,1772660
italian,M,0,Delfino,0.000345984,1772660,1776121
italian,M,0,Dino,0.0134536,1776121,1910654
italian,M,0,Dionigi,0.000361121,1910654,1914266
italian,M,0,Domenico,0.0266903,1914266,2181162
italian,M,0,Donatello,0.000251215,2181162,2183675
italian,M,0,Donato,0.00525267,2183675,2236201
italian,M,0,Durante,0.00037038,2236201,2239906
italian,M,0,Edoardo,0.000415679,2239906,2244064
italian,M,0,Elladio,0.000216402,2244064,2246229
italian,M,0,Elmo,0.00131317,2246229,2259361
italian,M,0,Emilio,0.00186385,2259361,2278000
italian,M,0,Ennio,0.000979311,2278000,2287794
italian,M,0,Enrico,0.00288897,2287794,2316684
italian,M,0,Enzio,0.000233924,2316684,2319024
italian,M,0,Enzo,0.0131551,2319024,2450572
italian,M,0,Eraldo,0.000332065,2450572,2453894
italian,M,0,Ermanno,0.000687849,2453894,2460773
italian,M,0,Ermenegildo,0.000566464,2460773,2466438
italian,M,0,Ermes,0.000271264,2466438,2469152
italian,M,0,Ernesto,0.0018056,2469152,2487209
italian,M,0,Ettore,0.000291815,2487209,2490128
italian,M,0,Ezio,0.000257943,2490128,2492708
italian,M,0,Fabio,0.00113293,2492708,2504038
italian,M,0,Fabrizio,0.000382645,2504038,2507865
italian,M,0,Fausto,0.000358878,2507865,2511455
italian,M,0,Fedele,0.000589585,2511455,2517352
italian,M,0,Federico,0.000393057,2517352,2521283
italian,M,0,Federigo,0.000481494,2521283,2526099
italian,M,0,Ferdinando,0.000240747,2526099,2528507
italian,M,0,Filippo,0.000277785,2528507,2531286
italian,M,0,Fiorenzo,0.0027514,2531286,2558800
italian,M,0,Fiorino,0.000304102,2558800,2561842
italian,M,0,Flavio,0.00134371,2561842,2575280
italian,M,0,Francesco,0.0420435,2575280,2995705
italian,M,0,Franco,0.000261445,2995705,2998320
italian,M,0,Frank,0.0228713,2998320,3227028
italian,M,0,Fredo,0.00125607,3227028,3239589
italian,M,0,Fulvio,0.000243795,3239589,3242028
italian,M,0,Gabriele,0.000299375,3242028,3245023
italian,M,0,Gaetano,0.000539994,3245023,3250424
italian,M,0,Galasso,0.000750381,3250424,3257929
italian,M,0,Gaspare,0.000813793,3257929,3266068
italian,M,0,Gastone,0.00103177,3266068,3276386
italian,M,0,Geronimo,0.000621283,3276386,3282600
italian,M,0,Giacinto,0.000704626,3282600,3289647
italian,M,0,Giacobbe,0.000780802,3289647,3297456
italian,M,0,Giacomo,0.000802491,3297456,3305482
italian,M,0,Giampaolo,0.000287459,3305482,3308358
italian,M,0,Giampiero,0.000224822,3308358,3310607
italian,M,0,Gian,0.00722242,3310607,3382830
italian,M,0,Giancarlo,0.00032279,3382830,3386059
italian,M,0,Gianfrancesco,0.000273836,3386059,3388798
italian,M,0,Gianfranco,0.000339878,3388798,3392198
italian,M,0,Gianluca,0.0192598,3392198,3584791
italian,M,0,Gianluigi,0.00962989,3584791,3681088
italian,M,0,Gianmarco,0.000849696,3681088,3689586
italian,M,0,Gianni,0.000837382,3689586,3697961
italian,M,0,Gianpaolo,0.000214793,3697961,3700110
italian,M,0,Gianpietro,0.000577793,3700110,3705889
italian,M,0,Gilberto,0.000213208,3705889,3708022
italian,M,0,Gino,0.000286036,3708022,3710883
italian,M,0,Gioacchino,0.000223086,3710883,3713115
italian,M,0,Gioachino,0.00024277,3713115,3715544
italian,M,0,Gioele,0.000288897,3715544,3718434
italian,M,0,Gioffre,0.000628036,3718434,3724715
italian,M,0,Gionata,0.00028185,3724715,3727534
italian,M,0,Giorgio,0.000363392,3727534,3731169
italian,M,0,Giosue,0.000324603,3731169,3734416
italian,M,0,Giovanni,0.071845,3734416,4452847
italian,M,0,Girolamo,0.00641993,4452847,4517045
italian,M,0,Giuliano,0.00481494,4517045,4565194
italian,M,0,Giulio,0.000520535,4565194,4570400
italian,M,0,Giuseppe,0.0962344,4570400,5532719
italian,M,0,Giustino,0.000330168,5532719,5536022
italian,M,0,Goffredo,0.000354474,5536022,5539568
italian,M,0,Graziano,0.000315734,5539568,5542726
italian,M,0,Greco,0.000947202,5542726,5552199
italian,M,0,Guarino,0.000223951,5552199,5554439
italian,M,0,Guglielmo,0.00199239,5554439,5574363
italian,M,0,Guido,0.000217216,5574363,5576536
italian,M,0,Gustavo,0.000365692,5576536,5580194
italian,M,0,Hugo,0.000595663,5580194,5586151
italian,M,0,Ignazio,0.000328292,5586151,5589435
italian,M,0,Ippazio,0.000722242,5589435,5596658
italian,M,0,Ivan,0.000260267,5596658,5599262
italian,M,0,Ivo,0.000232981,5599262,5601593
italian,M,0,Jacopo,0.000350178,5601593,5605096
italian,M,0,Joe,0.0214527,5605096,5819618
italian,M,0,Lamberto,0.000498098,5819618,5824600
italian,M,0,Lando,0.00148152,5824600,5839416
italian,M,0,Laureano,0.000444456,5839416,5843861
italian,M,0,Lazzaro,0.000671853,5843861,5850580
italian,M,0,Leonardo,0.00304102,5850580,5880990
italian,M,0,Leone,0.000241755,5880990,5883408
italian,M,0,Leopoldo,0.000434431,5883408,5887753
italian,M,0,Liberto,0.00030898,5887753,5890844
italian,M,0,Livio,0.00192598,5890844,5910104
italian,M,0,Lodovico,0.000230197,5910104,5912407
italian,M,0,Lorenzo,0.00320996,5912407,5944507
italian,M,0,Luca,0.0174383,5944507,6118886
italian,M,0,Luchino,0.00024692,6118886,6121356
italian,M,0,Luciano,0.000451401,6121356,6125871
italian,M,0,Lucio,0.00444456,6125871,6170316
italian,M,0,Ludovico,0.000375191,6170316,6174069
italian,M,0,Luigi,0.0354121,6174069,6528181
italian,M,0,Manuel,0.00152051,6528181,6543387
italian,M,0,Marcantonio,0.000437722,6543387,6547765
italian,M,0,Marcello,0.000348068,6547765,6551247
italian,M,0,Marco,0.0176615,6551247,6727858
italian,M,0,Mariano,0.00160498,6727858,6743908
italian,M,0,Mario,0.0322366,6743908,7066266
italian,M,0,Martino,0.00111114,7066266,7077378
italian,M,0,Massimiliano,0.000760254,7077378,7084981
italian,M,0,Massimo,0.000465962,7084981,7089642
italian,M,0,Matteo,0.000401245,7089642,7093655
italian,M,0,Mattia,0.000297832,7093655,7096634
italian,M,0,Maurilio,0.00577793,7096634,7154413
italian,M,0,Maurizio,0.0041271,7154413,7195684
italian,M,0,Mauro,0.00262633,7195684,7221948
italian,M,0,Michelangelo,0.000377643,7221948,7225725
italian,M,0,Michele,0.0144788,7225725,7370510
italian,M,0,Micheletto,0.000238758,7370510,7372899
italian,M,0,Michelotto,0.000888913,7372899,7381789
italian,M,0,Milo,0.000421747,7381789,7386007
italian,M,0,Mirco,0.000290348,7386007,7388911
italian,M,0,Mirko,0.000469751,7388911,7393609
italian,M,0,Nanni,0.000409783,7393609,7397708
italian,M,0,Napoleone,0.000293296,7397708,7400642
italian,M,0,Niccolo,0.000326437,7400642,7403907
italian,M,0,Nico,0.000477515,7403907,7408683
italian,M,0,Nicola,0.0138757,7408683,7547437
italian,M,0,Nicolo,0.000649206,7547437,7553930
italian,M,0,Nino,0.000390401,7553930,7557835
italian,M,0,Orazio,0.000234875,7557835,7560185
italian,M,0,Oreste,0.00041271,7560185,7564313
italian,M,0,Orlando,0.00024587,7564313,7566773
italian,M,0,Osvaldo,0.000485541,7566773,7571629
italian,M,0,Ottavio,0.000506836,7571629,7576698
italian,M,0,Ottone,0.00144448,7576698,7591143
italian,M,0,Panfilo,0.000266264,7591143,7593807
italian,M,0,Paolo,0.0161381,7593807,7755184
italian,M,0,Paride,0.000211646,7755184,7757301
italian,M,0,Pasqual,0.000314018,7757301,7760442
italian,M,0,Pasquale,0.0152737,7760442,7913175
italian,M,0,Patrizio,0.000225701,7913175,7915433
italian,M,0,Pellegrino,0.00115559,7915433,7926990
italian,M,0,Pier,0.000614674,7926990,7933138
italian,M,0,Pierangelo,0.000550279,7933138,7938642
italian,M,0,Piergiorgio,0.00339878,7938642,7972630
italian,M,0,Piergiuseppe,0.000387781,7972630,7976509
italian,M,0,Pierluigi,0.000462235,7976509,7981132
italian,M,0,Piermaria,0.000262633,7981132,7983759
italian,M,0,Piero,0.00175089,7983759,8001268
italian,M,0,Pierpaolo,0.000320996,8001268,8004479
italian,M,0,Piersanti,0.000996195,8004479,8014442
italian,M,0,Pietro,0.0013757,8014442,8028200
italian,M,0,Pompeo,0.000770391,8028200,8035905
italian,M,0,Pomponio,0.000458566,8035905,8040492
italian,M,0,Puccio,0.000385196,8040492,8044345
italian,M,0,Raffaele,0.000276456,8044345,8047110
italian,M,0,Raffaellino,0.00169939,8047110,8064104
italian,M,0,Raffaello,0.000294793,8064104,8067053
italian,M,0,Raimondo,0.000337891,8067053,8070433
italian,M,0,Ranieri,0.000406897,8070433,8074503
italian,M,0,Rembrandt,0.000283232,8074503,8077336
italian,M,0,Renzo,0.000962989,8077336,8086967
italian,M,0,Riccardo,0.00213998,8086967,8108367
italian,M,0,Ricciotti,0.000263833,8108367,8111006
italian,M,0,Roberto,0.000229283,8111006,8113300
italian,M,0,Rocco,0.0154545,8113300,8267842
italian,M,0,Rodolfo,0.000713325,8267842,8274976
italian,M,0,Rolando,0.000731384,8274976,8282291
italian,M,0,Roman,0.000237775,8282291,8284670
italian,M,0,Romeo,0.000791498,8284670,8292586
italian,M,0,Romolo,0.000545088,8292586,8298038
italian,M,0,Ronaldo,0.000212424,8298038,8300163
italian,M,0,Rosario,0.000244828,8300163,8302612
italian,M,0,Ruggero,0.000641993,8302612,8309033
italian,M,0,Ruggiero,0.0002591,8309033,8311625
italian,M,0,Sabatino,0.000253418,8311625,8314160
italian,M,0,Salvatore,0.0477253,8314160,8791400
italian,M,0,Salvi,0.000218035,8791400,8793581
italian,M,0,Sam,0.0191321,8793581,8984898
italian,M,0,Sandro,0.000269997,8984898,8987599
italian,M,0,Sante,0.0015616,8987599,9003216
italian,M,0,Santino,0.0288897,9003216,9292106
italian,M,0,Saverio,0.000254535,9292106,9294652
italian,M,0,Sebastiano,0.000679757,9294652,9301450
italian,M,0,Sergio,0.0123213,9301450,9424661
italian,M,0,Sergius,0.00117917,9424661,9436453
italian,M,0,Severino,0.000398478,9436453,9440439
italian,M,0,Silvestro,0.000333985,9440439,9443780
italian,M,0,Silvio,0.000534994,9443780,9449131
italian,M,0,Simone,0.00140925,9449131,9463224
italian,M,0,Stefano,0.000740761,9463224,9470632
italian,M,0,Telemaco,0.000221377,9470632,9472847
italian,M,0,Temistocle,0.000239748,9472847,9475245
italian,M,0,Tiziano,0.00066413,9475245,9481887
italian,M,0,Toni,0.000530086,9481887,9487189
italian,M,0,Tonino,0.000343925,9487189,9490629
italian,M,0,Tony,0.0202178,9490629,9692802
italian,M,0,Torquato,0.000634938,9692802,9699152
italian,M,0,Tullio,0.000267497,9699152,9701828
italian,M,0,Ubaldo,0.000380127,9701828,9705630
italian,M,0,Uberto,0.000560964,9705630,9711240
italian,M,0,Ugo,0.000250127,9711240,9713742
italian,M,0,Ugolino,0.00034189,9713742,9717162
italian,M,0,Umberto,0.000525267,9717162,9722416
italian,M,0,Valerio,0.00049384,9722416,9727355
italian,M,0,Venancio,0.000427995,9727355,9731636
italian,M,0,Vincentio,0.000272544,9731636,9734362
italian,M,0,Vincenzo,0.0258041,9734362,9992396
italian,M,0,Virgilio,0.000279127,9992396,9995188
italian,M,0,Vito,0.000232046,9995188,9997509
italian,M,0,Vittorio,0.000249049,9997509,10000000
indian,M,0,Aadi,0.00100372,0,10038
indian,M,0,Aarav,0.0162741,10038,172776
indian,M,0,Aarnav,0.000595843,172776,178735
indian,M,0,Aarush,0.0021015,178735,199750
indian,M,0,Aayush,0.00223495,199750,222100
indian,M,0,Abdul,0.0121877,222100,343975
indian,M,0,Abeer,0.0011559,343975,355535
indian,M,0,Abhimanyu,0.00447372,355535,400272
indian,M,0,Abhiram,0.00093303,400272,409603
indian,M,0,Aditya,0.000597676,409603,415581
indian,M,0,Advaith,0.000904022,415581,424622
indian,M,0,Advay,0.000812954,424622,432752
indian,M,0,Advik,0.000622712,432752,438980
indian,M,0,Agastya,0.000843597,438980,447417
indian,M,0,Akshay,0.00088135,447417,456231
indian,M,0,Alexander,0.0010807,456231,467039
indian,M,0,Amit,0.0546656,467039,1013681
indian,M,0,Amol,0.000599521,1013681,1019677
indian,M,0,Anay,0.0141016,1019677,1160690
indian,M,0,Andrew,0.00143492,1160690,1175040
indian,M,0,Anil,0.0226995,1175040,1402030
indian,M,0,Anirudh,0.00193163,1402030,1421347
indian,M,0,Anmol,0.000678207,1421347,1428130
indian,M,0,Ansh,0.00107378,1428130,1438869
indian,M,0,Anthony,0.000943171,1438869,1448301
indian,M,0,Arin,0.00161583,1448301,1464460
indian,M,0,Arjun,0.0369307,1464460,1833758
indian,M,0,Aryan,0.00178982,1833758,1851657
indian,M,0,Ashok,0.0115249,1851657,1966903
indian,M,0,Atharv,0.000734324,1966903,1974247
indian,M,0,Avi,0.00377108,1974247,2011958
indian,M,0,Ayaan,0.000890264,2011958,2020861
indian,M,0,Ayush,0.00165115,2020861,2037373
indian,M,0,Ayushman,0.000650237,2037373,2043876
indian,M,0,Azaan,0.000918268,2043876,2053059
indian,M,0,Azad,0.000722839,2053059,2060288
indian,M,0,Bachittar,0.0015988,2060288,2076277
indian,M,0,Bahadurjit,0.000639332,2076277,2082671
indian,M,0,Bakhshi,0.000656984,2082671,2089242
indian,M,0,Balendra,0.000816647,2089242,2097409
indian,M,0,Balhaar,0.000764923,2097409,2105059
indian,M,0,Baljiwan,0.000774673,2105059,2112807
indian,M,0,Balvan,0.000659268,2112807,2119401
indian,M,0,Balveer,0.000746228,2119401,2126864
indian,M,0,Banjeet,0.00140907,2126864,2140955
indian,M,0,Benjamin,0.00142186,2140955,2155174
indian,M,0,Brijesh,0.00156592,2155174,2170834
indian,M,0,Caleb,0.000605135,2170834,2176886
indian,M,0,Chaitanya,0.00618788,2176886,2238764
indian,M,0,Chakradev,0.00122518,2238764,2251016
indian,M,0,Chakradhar,0.00185768,2251016,2269593
indian,M,0,Champak,0.00136037,2269593,2283197
indian,M,0,Chanakya,0.000809298,2283197,2291291
indian,M,0,Chandran,0.00133741,2291291,2304666
indian,M,0,Chandresh,0.000788116,2304666,2312548
indian,M,0,Charan,0.00114785,2312548,2324027
indian,M,0,Charles,0.00355401,2324027,2359567
indian,M,0,Chatresh,0.000781329,2359567,2367381
indian,M,0,Chatura,0.0028437,2367381,2395818
indian,M,0,Christopher,0.00129401,2395818,2408759
indian,M,0,Daksh,0.00069068,2408759,2415667
indian,M,0,Dakshesh,0.000693237,2415667,2422600
indian,M,0,Dalbir,0.001207,2422600,2434671
indian,M,0,Daniel,0.000654718,2434671,2441219
indian,M,0,Darpan,0.000620702,2441219,2447427
indian,M,0,Darsh,0.000768142,2447427,2455109
indian,M,0,David,0.000980713,2455109,2464917
indian,M,0,Deepak,0.0119836,2464917,2584751
indian,M,0,Dev,0.000740222,2584751,2592154
indian,M,0,Devansh,0.00172729,2592154,2609427
indian,M,0,Dhruv,0.00110943,2609427,2620522
indian,M,0,Dominic,0.000771392,2620522,2628237
indian,M,0,Ekalinga,0.000608944,2628237,2634327
indian,M,0,Ekansh,0.000731414,2634327,2641642
indian,M,0,Ekapad,0.00155004,2641642,2657143
indian,M,0,Ekaraj,0.00465179,2657143,2703661
indian,M,0,Ekavir,0.00117238,2703661,2715386
indian,M,0,Ekbal,0.00102798,2715386,2725667
indian,M,0,Elijah,0.00204124,2725667,2746080
indian,M,0,Ethan,0.00127347,2746080,2758815
indian,M,0,Falan,0.00137219,2758815,2772538
indian,M,0,Faqid,0.00297297,2772538,2802268
indian,M,0,Faraj,0.00968217,2802268,2899088
indian,M,0,Faras,0.000761734,2899088,2906706
indian,M,0,Farhan,0.00111688,2906706,2917876
indian,M,0,Fariq,0.000839625,2917876,2926273
indian,M,0,Faris,0.00190625,2926273,2945336
indian,M,0,Finn,0.000725672,2945336,2952594
indian,M,0,Fitan,0.00201254,2952594,2972720
indian,M,0,Fiyaz,0.000899383,2972720,2981715
indian,M,0,Frado,0.00109486,2981715,2992664
indian,M,0,Frederick,0.00166947,2992664,3009359
indian,M,0,Gabriel,0.000798549,3009359,3017345
indian,M,0,Gagan,0.000648023,3017345,3023826
indian,M,0,Gaurang,0.00147578,3023826,3038584
indian,M,0,Gaurav,0.00319392,3038584,3070523
indian,M,0,Gautam,0.00100967,3070523,3080620
indian,M,0,Gavin,0.00123451,3080620,3092966
indian,M,0,George,0.00163327,3092966,3109299
indian,M,0,Girik,0.000958858,3109299,3118888
indian,M,0,Girindra,0.00188162,3118888,3137705
indian,M,0,Girish,0.00104706,3137705,3148176
indian,M,0,Gopal,0.00125365,3148176,3160713
indian,M,0,Gunbir,0.000755445,3160713,3168268
indian,M,0,Guneet,0.000714486,3168268,3175414
indian,M,0,Gurpreet,0.0169144,3175414,3344554
indian,M,0,Hardik,0.000831805,3344554,3352873
indian,M,0,Harish,0.000706348,3352873,3359937
indian,M,0,Harpreet,0.0180329,3359937,3540262
indian,M,0,Harrison,0.00402046,3540262,3580466
indian,M,0,Harsh,0.00327608,3580466,3613227
indian,M,0,Harshil,0.000824148,3613227,3621469
indian,M,0,Hemang,0.00106696,3621469,3632139
indian,M,0,Henry,0.00126347,3632139,3644774
indian,M,0,Hitesh,0.00158217,3644774,3660596
indian,M,0,Hredhaan,0.00700002,3660596,3730595
indian,M,0,Hritik,0.00176842,3730595,3748280
indian,M,0,Ikbal,0.0212201,3748280,3960476
indian,M,0,Imaran,0.00103425,3960476,3970819
indian,M,0,Indrajit,0.00131531,3970819,3983973
indian,M,0,Isaac,0.0010536,3983973,3994510
indian,M,0,Isaiah,0.000607033,3994510,4000581
indian,M,0,Ishaan,0.000777985,4000581,4008362
indian,M,0,Ishwar,0.00183443,4008362,4026707
indian,M,0,Jack,0.00181181,4026707,4044826
indian,M,0,Jackson,0.000628829,4044826,4051115
indian,M,0,Jacob,0.00113993,4051115,4062515
indian,M,0,Jagat,0.00116408,4062515,4074156
indian,M,0,Jagdish,0.00092313,4074156,4083388
indian,M,0,Jai,0.000758575,4083388,4090975
indian,M,0,Jairaj,0.0058556,4090975,4149530
indian,M,0,Jason,0.000680661,4149530,4156337
indian,M,0,Jatin,0.000948336,4156337,4165821
indian,M,0,Jeet,0.00431029,4165821,4208924
indian,M,0,Jeremiah,0.00290672,4208924,4237991
indian,M,0,Jonathan,0.000835695,4237991,4246349
indian,M,0,Joshua,0.00556094,4246349,4301958
indian,M,0,Kabir,0.00119813,4301958,4313940
indian,M,0,Kai,0.00104061,4313940,4324347
indian,M,0,Kalpit,0.000802096,4324347,4332369
indian,M,0,Karan,0.0152026,4332369,4484392
indian,M,0,Kevin,0.0006372,4484392,4490765
indian,M,0,Kiaan,0.00101569,4490765,4500923
indian,M,0,Krish,0.00506089,4500923,4551531
indian,M,0,Krishna,0.00106023,4551531,4562134
indian,M,0,Laban,0.000975145,4562134,4571886
indian,M,0,Laksh,0.0024315,4571886,4596201
indian,M,0,Lakshit,0.00072003,4596201,4603402
indian,M,0,Liam,0.00085167,4603402,4611919
indian,M,0,Logan,0.00124399,4611919,4624360
indian,M,0,Lohit,0.000717246,4624360,4631533
indian,M,0,Lucky,0.00073726,4631533,4638906
indian,M,0,Luke,0.000847612,4638906,4647383
indian,M,0,Maanas,0.000703681,4647383,4654421
indian,M,0,Maanav,0.00102179,4654421,4664640
indian,M,0,Madhav,0.00139653,4664640,4678606
indian,M,0,Manan,0.0293508,4678606,4972107
indian,M,0,Manbir,0.000864111,4972107,4980749
indian,M,0,Manpreet,0.0159407,4980749,5140153
indian,M,0,Manthan,0.000695815,5140153,5147112
indian,M,0,Mason,0.00207088,5147112,5167821
indian,M,0,Matthew,0.000616726,5167821,5173989
indian,M,0,Max,0.00529768,5173989,5226965
indian,M,0,Michael,0.00113213,5226965,5238287
indian,M,0,Mitesh,0.000632983,5238287,5244618
indian,M,0,Mohammed,0.0015045,5244618,5259664
indian,M,0,Nachiket,0.000997856,5259664,5269643
indian,M,0,Naksh,0.00108773,5269643,5280521
indian,M,0,Nakul,0.00064148,5280521,5286937
indian,M,0,Nathan,0.000953565,5286937,5296473
indian,M,0,Nathaniel,0.0107737,5296473,5404208
indian,M,0,Naveen,0.000795037,5404208,5412159
indian,M,0,Neel,0.00128364,5412159,5424996
indian,M,0,Nicholas,0.000827957,5424996,5433276
indian,M,0,Nihal,0.00144826,5433276,5447759
indian,M,0,Nikhil,0.0136475,5447759,5584231
indian,M,0,Nitesh,0.00345562,5584231,5618787
indian,M,0,Noah,0.000868349,5618787,5627471
indian,M,0,Ojas,0.00093807,5627471,5636852
indian,M,0,Oliver,0.0168576,5636852,5805425
indian,M,0,Om,0.00881151,5805425,5893539
indian,M,0,Omkaar,0.000652469,5893539,5900065
indian,M,0,Onkar,0.00072853,5900065,5907351
indian,M,0,Onveer,0.000805679,5907351,5915409
indian,M,0,Orinder,0.000612807,5915409,5921538
indian,M,0,Oscar,0.000986354,5921538,5931402
indian,M,0,Owen,0.00389128,5931402,5970315
indian,M,0,Parth,0.00134878,5970315,5983803
indian,M,0,Patrick,0.000908715,5983803,5992891
indian,M,0,Peter,0.00121601,5992891,6005052
indian,M,0,Pranav,0.0139323,6005052,6144372
indian,M,0,Praneel,0.000752345,6144372,6151896
indian,M,0,Pranit,0.000709037,6151896,6158987
indian,M,0,Pratyush,0.00060138,6158987,6165002
indian,M,0,Qabil,0.000624736,6165002,6171250
indian,M,0,Qadim,0.000784706,6171250,6179098
indian,M,0,Qarin,0.000992067,6179098,6189019
indian,M,0,Qasim,0.00148999,6189019,6203919
indian,M,0,Quincy,0.00252156,6203919,6229135
indian,M,0,Rachit,0.000964219,6229135,6238778
indian,M,0,Raghav,0.00168825,6238778,6255661
indian,M,0,Rahul,0.0756113,6255661,7011754
indian,M,0,Raj,0.0249424,7011754,7261172
indian,M,0,Ranbir,0.000820378,7261172,7269377
indian,M,0,Ranveer,0.000666229,7269377,7276040
indian,M,0,Ravi,0.0193329,7276040,7469365
indian,M,0,Rayaan,0.000630898,7469365,7475675
indian,M,0,Rehaan,0.000701037,7475675,7482686
indian,M,0,Reyansh,0.000688144,7482686,7489568
indian,M,0,Rishi,0.000668587,7489568,7496255
indian,M,0,Robert,0.00079156,7496255,7504171
indian,M,0,Rohan,0.0323668,7504171,7827831
indian,M,0,Ronith,0.00750465,7827831,7902876
indian,M,0,Rudra,0.000872635,7902876,7911603
indian,M,0,Rushil,0.000618707,7911603,7917791
indian,M,0,Ryan,0.00311626,7917791,7948954
indian,M,0,Sai,0.00213316,7948954,7970286
indian,M,0,Saksham,0.00365892,7970286,8006875
indian,M,0,Samaksh,0.00216592,8006875,8028535
indian,M,0,Samar,0.000859919,8028535,8037135
indian,M,0,Samarth,0.00061476,8037135,8043283
indian,M,0,Samesh,0.000743211,8043283,8050716
indian,M,0,Samuel,0.000675773,8050716,8057475
indian,M,0,Sanjay,0.0277544,8057475,8335013
indian,M,0,Sarthak,0.00066157,8335013,8341630
indian,M,0,Sathvik,0.000643644,8341630,8348067
indian,M,0,Shaurya,0.00256948,8348067,8373762
indian,M,0,Shivansh,0.00227137,8373762,8396476
indian,M,0,Siddharth,0.000626775,8396476,8402745
indian,M,0,Simon,0.00198473,8402745,8422593
indian,M,0,Suresh,0.0208646,8422593,8631235
indian,M,0,Tanay,0.00219983,8631235,8653234
indian,M,0,Tanish,0.00278367,8653234,8681071
indian,M,0,Tanveer,0.00272642,8681071,8708335
indian,M,0,Tarak,0.000683135,8708335,8715167
indian,M,0,Teerth,0.00484665,8715167,8763633
indian,M,0,Tejas,0.00230915,8763633,8786725
indian,M,0,Theodore,0.000749272,8786725,8794219
indian,M,0,Thomas,0.00130456,8794219,8807265
indian,M,0,Timothy,0.00151935,8807265,8822459
indian,M,0,Tristan,0.00238912,8822459,8846351
indian,M,0,Udant,0.00267175,8846351,8873069
indian,M,0,Udarsh,0.00247561,8873069,8897825
indian,M,0,Umang,0.0041597,8897825,8939422
indian,M,0,Upkaar,0.000855772,8939422,8947981
indian,M,0,Utkarsh,0.00110209,8947981,8959003
indian,M,0,Vedant,0.00071175,8959003,8966121
indian,M,0,Veer,0.00174758,8966121,8983597
indian,M,0,Victor,0.00132626,8983597,8996860
indian,M,0,Vihaan,0.000885782,8996860,9005719
indian,M,0,Vikram,0.0434273,9005719,9439981
indian,M,0,Vincent,0.00195778,9439981,9459559
indian,M,0,Viraj,0.000673358,9459559,9466293
indian,M,0,Vivaan,0.00153452,9466293,9481639
indian,M,0,Vivek,0.0124856,9481639,9606492
indian,M,0,Wahab,0.00138424,9606492,9620335
indian,M,0,Warinder,0.00809924,9620335,9701326
indian,M,0,Warjas,0.00261949,9701326,9727521
indian,M,0,Wazir,0.000645825,9727521,9733980
indian,M,0,William,0.000635084,9733980,9740332
indian,M,0,Wriddhish,0.00304272,9740332,9770759
indian,M,0,Wridesh,0.00336316,9770759,9804391
indian,M,0,Wyatt,0.00146187,9804391,9819010
indian,M,0,Xavier,0.000698415,9819010,9825995
indian,M,0,Yagnesh,0.00234837,9825995,9849479
indian,M,0,Yash,0.00112445,9849479,9860724
indian,M,0,Yatan,0.000670963,9860724,9867434
indian,M,0,Yatin,0.000685629,9867434,9874291
indian,M,0,Yug,0.00118083,9874291,9886100
indian,M,0,Yuvraj,0.00092805,9886100,9895381
indian,M,0,Zaid,0.000913464,9895381,9904516
indian,M,0,Zashil,0.00656583,9904516,9970174
indian,M,0,Zayan,0.00170752,9970174,9987250
indian,M,0,Zayyan,0.000610869,9987250,9993360
indian,M,0,Zehaan,0.000663891,9993360,10000000
japanese,M,0,Akemi,0.122713,0,132845
japanese,M,0,Akira,0.132605,132845,276398
japanese,M,0,Asuka,0.109336,276398,394761
japanese,M,0,Atsushi,0.118457,394761,522997
japanese,M,0,Chiyo,0.103259,522997,634781
japanese,M,0,Hanako,0.0956352,634781,738312
japanese,M,0,Haruka,0.189465,738312,943418
japanese,M,0,Hideki,0.156512,943418,1112851
japanese,M,0,Hiroshi,0.0945057,1112851,1215159
japanese,M,0,Jun,0.120535,1215159,1345645
japanese,M,0,Kana,0.14855,1345645,1506459
japanese,M,0,Kaori,0.093411,1506459,1607582
japanese,M,0,Kazuya,0.0968016,1607582,1712376
japanese,M,0,Kenichi,0.135427,1712376,1858984
japanese,M,0,Kumiko,0.517282,1858984,2418970
japanese,M,0,Kyosuke,0.114572,2418970,2543001
japanese,M,0,Maaya,0.22516,2543001,2786749
japanese,M,0,Mai,0.116471,2786749,2912836
japanese,M,0,Manabu,0.380731,2912836,3324998
japanese,M,0,Mikako,0.0992525,3324998,3432445
japanese,M,0,Miki,0.104693,3432445,3545782
japanese,M,0,Minoru,0.106182,3545782,3660730
japanese,M,0,Mituru,0.112753,3660730,3782793
japanese,M,0,Momoko,0.100541,3782793,3891635
japanese,M,0,Nanami,0.176537,3891635,4082747
japanese,M,0,Naoki,0.182697,4082747,4280527
japanese,M,0,Naoko,0.107728,4280527,4397150
japanese,M,0,Naoto,0.129935,4397150,4537813
japanese,M,0,Osamu,0.267581,4537813,4827484
japanese,M,0,Rei,0.138415,4827484,4977326
japanese,M,0,Rika,0.311129,4977326,5314141
japanese,M,0,Ryohei,0.251189,5314141,5586067
japanese,M,0,Ryosuke,0.165723,5586067,5765472
japanese,M,0,Satomi,0.170902,5765472,5950484
japanese,M,0,Sayuri,0.287175,5950484,6261367
japanese,M,0,Shohei,0.101876,6261367,6371654
japanese,M,0,Shota,0.141585,6371654,6524928
japanese,M,0,Sotaro,0.659754,6524928,7239147
japanese,M,0,Taichi,0.160942,7239147,7413376
japanese,M,0,Takuma,0.144956,7413376,7570299
japanese,M,0,Taro,0.214602,7570299,7802618
japanese,M,0,Tomoya,0.0980066,7802618,7908716
japanese,M,0,Tsubasa,0.125,7908716,8044036
japanese,M,0,Yasuhiro,0.196945,8044036,8257240
japanese,M,0,Yoichi,0.341279,8257240,8626693
japanese,M,0,Yoko,0.127404,8626693,8764615
japanese,M,0,Yosuke,0.205269,8764615,8986830
japanese,M,0,Yui,0.237227,8986830,9243642
japanese,M,0,Yuki,0.435275,9243642,9714851
japanese,M,0,Yumiko,0.11101,9714851,9835026
japanese,M,0,Yuta,0.152392,9835026,10000000
turkish,M,0,Ahmet,0.378929,0,769566
turkish,M,0,Ali,0.324131,769566,1427843
turkish,M,0,Baris,0.114896,1427843,1661185
turkish,M,0,Burak,0.186649,1661185,2040250
turkish,M,0,Can,0.17562,2040250,2396916
turkish,M,0,Cem,0.137621,2396916,2676411
turkish,M,0,Deniz,0.143587,2676411,2968023
turkish,M,0,Emre,0.199526,2968023,3373241
turkish,M,0,Erkan,0.132224,3373241,3641774
turkish,M,0,Hasan,0.285295,3641774,4221179
turkish,M,0,Huseyin,0.256113,4221179,4741318
turkish,M,0,Ibrahim,0.233258,4741318,5215042
turkish,M,0,Kaan,0.118699,5215042,5456108
turkish,M,0,Kemal,0.16605,5456108,5793340
turkish,M,0,Mehmet,0.615572,5793340,7043503
turkish,M,0,Murat,0.214798,7043503,7479736
turkish,M,0,Mustafa,0.463463,7479736,8420981
turkish,M,0,Onur,0.127313,8420981,8679541
turkish,M,0,Ozan,0.150223,8679541,8984629
turkish,M,0,Serkan,0.157656,8984629,9304812
turkish,M,0,Tolga,0.111376,9304812,9531005
turkish,M,0,Volkan,0.108107,9531005,9750559
turkish,M,0,Yusuf,0.122823,9750559,10000000
german,M,0,Abbas,0.00351516,0,3702
german,M,0,Abdul,0.00222264,3702,6043
german,M,0,Abdullah,0.00440308,6043,10680
german,M,0,Abraham,0.00231443,10680,13118
german,M,0,Abram,0.00267163,13118,15932
german,M,0,Achim,0.00361922,15932,19743
german,M,0,Ada,0.00491814,19743,24922
german,M,0,Adalbert,0.021848,24922,47925
german,M,0,Adam,0.00353908,47925,51652
german,M,0,Adelbert,0.00607914,51652,58053
german,M,0,Adem,0.00365752,58053,61905
german,M,0,Adolf,0.00316934,61905,65243
german,M,0,Adrian,0.00702381,65243,72639
german,M,0,Ahmad,0.00349159,72639,76316
german,M,0,Ahmed,0.00217848,76316,78611
german,M,0,Ahmet,0.00972802,78611,88854
german,M,0,Alan,0.00272251,88854,91721
german,M,0,Alban,0.0144281,91721,106912
german,M,0,Albert,0.0572545,106912,167191
german,M,0,Alberto,0.00287268,167191,170216
german,M,0,Albin,0.00263556,170216,172992
german,M,0,Albrecht,0.0120175,172992,185645
german,M,0,Aldo,0.00219812,185645,187960
german,M,0,Aleksandar,0.00290008,187960,191014
german,M,0,Aleksander,0.00551719,191014,196824
german,M,0,Aleksandr,0.00627419,196824,203431
german,M,0,Aleksej,0.00222039,203431,205770
german,M,0,Alessandro,0.00497923,205770,211013
german,M,0,Alex,0.00215921,211013,213287
german,M,0,Alexander,0.00212172,213287,215522
german,M,0,Alexandre,0.199372,215522,425424
german,M,0,Alexandros,0.00694791,425424,432740
german,M,0,Alexei,0.00321289,432740,436124
german,M,0,Alexej,0.00411008,436124,440452
german,M,0,Alf,0.00577531,440452,446533
german,M,0,Alfons,0.00383389,446533,450570
german,M,0,Alfonso,0.0141981,450570,465519
german,M,0,Alfred,0.00253925,465519,468193
german,M,0,Alfredo,0.0105606,468193,479312
german,M,0,Ali,0.00532469,479312,484919
german,M,0,Alois,0.00236983,484919,487415
german,M,0,Aloys,0.00241461,487415,489958
german,M,0,Alwin,0.00243904,489958,492527
german,M,0,Amir,0.00517254,492527,497974
german,M,0,Anastasios,0.00625409,497974,504559
german,M,0,Anatol,0.00467791,504559,509485
german,M,0,Anatoli,0.00400561,509485,513703
german,M,0,Anatolij,0.00476645,513703,518722
german,M,0,Andre,0.00492243,518722,523905
german,M,0,Andreas,0.00219592,523905,526218
german,M,0,Andree,0.0418474,526218,570277
german,M,0,Andrei,0.00897962,570277,579732
german,M,0,Andrej,0.00260051,579732,582471
german,M,0,Andres,0.00355724,582471,586217
german,M,0,Andrew,0.00352111,586217,589925
german,M,0,Andrey,0.0025573,589925,592618
german,M,0,Andrzej,0.00253626,592618,595289
german,M,0,Andy,0.00266499,595289,598096
german,M,0,Angelo,0.00405312,598096,602364
german,M,0,Anselm,0.0233549,602364,626953
german,M,0,Ansgar,0.00513262,626953,632358
german,M,0,Ante,0.00799149,632358,640773
german,M,0,Anthony,0.00215076,640773,643038
german,M,0,Anto,0.00308137,643038,646283
german,M,0,Anton,0.00277549,646283,649206
german,M,0,Antonino,0.00317891,649206,652554
german,M,0,Antonio,0.00301118,652554,655725
german,M,0,Antonios,0.00279364,655725,658667
german,M,0,Antonius,0.00715428,658667,666200
german,M,0,Apostolos,0.153893,666200,828222
german,M,0,Aribert,0.00402132,828222,832457
german,M,0,Arif,0.010441,832457,843450
german,M,0,Armin,0.00663804,843450,850440
german,M,0,Arnd,0.00478914,850440,855483
german,M,0,Arndt,0.00322274,855483,858877
german,M,0,Arne,0.00644003,858877,865658
german,M,0,Arnfried,0.00757839,865658,873638
german,M,0,Arnim,0.00268836,873638,876469
german,M,0,Arno,0.00217632,876469,878761
german,M,0,Arnold,0.00218716,878761,881065
german,M,0,Arnulf,0.00229014,881065,883477
german,M,0,Arthur,0.00254524,883477,886158
german,M,0,Artur,0.00347413,886158,889817
german,M,0,Athanasios,0.00237761,889817,892321
german,M,0,Attila,0.00204502,892321,894475
german,M,0,August,0.0030724,894475,897711
german,M,0,Augustin,0.00315983,897711,901039
german,M,0,Axel,0.00313166,901039,904337
german,M,0,Aziz,0.00666084,904337,911351
german,M,0,Baldur,0.00885258,911351,920672
german,M,0,Balthasar,0.00275759,920672,923576
german,M,0,Baptist,0.00330912,923576,927061
german,M,0,Bartholomaus,0.00285726,927061,930070
german,M,0,Bastian,0.00280834,930070,933028
german,M,0,Bayram,0.0103823,933028,943960
german,M,0,Bekir,0.00331435,943960,947450
german,M,0,Bela,0.0159929,947450,964289
german,M,0,Ben,0.0118607,964289,976777
german,M,0,Benedikt,0.042987,976777,1022035
german,M,0,Benjamin,0.0062143,1022035,1028579
german,M,0,Benno,0.00305024,1028579,1031791
german,M,0,Berend,0.00657062,1031791,1038710
german,M,0,Bernard,0.00881107,1038710,1047987
german,M,0,Bernd,0.00249814,1047987,1050618
german,M,0,Bernd-Dieter,0.00367699,1050618,1054490
german,M,0,Berndt,0.00203749,1054490,1056636
german,M,0,Bernfried,0.00218064,1056636,1058933
german,M,0,Bernhard,0.015569,1058933,1075325
german,M,0,Bernt,0.00294837,1075325,1078430
german,M,0,Bernward,0.00962733,1078430,1088567
german,M,0,Bert,0.00245841,1088567,1091156
german,M,0,Berthold,0.00648295,1091156,1097982
german,M,0,Bertold,0.0162894,1097982,1115133
german,M,0,Bertram,0.00460323,1115133,1119980
german,M,0,Birger,0.0482883,1119980,1170820
german,M,0,Bjorn,0.00228057,1170820,1173222
german,M,0,Bodo,0.0145461,1173222,1188537
german,M,0,Bogdan,0.00687372,1188537,1195775
german,M,0,Boris,0.00853163,1195775,1204758
german,M,0,Branko,0.0059142,1204758,1210986
german,M,0,Brian,0.00218281,1210986,1213285
german,M,0,Bruno,0.00223854,1213285,1215643
german,M,0,Burckhard,0.025482,1215643,1242472
german,M,0,Burghard,0.00617504,1242472,1248974
german,M,0,Burkard,0.00358176,1248974,1252746
german,M,0,Burkhard,0.0195946,1252746,1273376
german,M,0,Burkhardt,0.00292,1273376,1276451
german,M,0,Calogero,0.0161397,1276451,1293444
german,M,0,Carl,0.00535338,1293444,1299081
german,M,0,Carl-Heinz,0.00300264,1299081,1302243
german,M,0,Carlo,0.00338402,1302243,1305807
german,M,0,Carlos,0.00410184,1305807,1310126
german,M,0,Carmelo,0.00303275,1310126,1313320
german,M,0,Carsten,0.00379161,1313320,1317313
german,M,0,Celal,0.00202629,1317313,1319447
german,M,0,Cemal,0.00502927,1319447,1324743
german,M,0,Cemil,0.00222943,1324743,1327091
german,M,0,Cengiz,0.00265839,1327091,1329891
german,M,0,Cetin,0.00308587,1329891,1333141
german,M,0,Charles,0.00251266,1333141,1335787
german,M,0,Christian,0.0024254,1335787,1338342
german,M,0,Christof,0.00465631,1338342,1343245
german,M,0,Christoph,0.0041518,1343245,1347617
german,M,0,Christopher,0.0023519,1347617,1350094
german,M,0,Christos,0.0172529,1350094,1368259
german,M,0,Claas,0.0025244,1368259,1370918
german,M,0,Claudio,0.0061363,1370918,1377379
german,M,0,Claudius,0.00430062,1377379,1381908
german,M,0,Claus,0.00311777,1381908,1385191
german,M,0,Claus-Dieter,0.00294428,1385191,1388292
german,M,0,Claus-Peter,0.0551892,1388292,1446397
german,M,0,Clemens,0.00692299,1446397,1453687
german,M,0,Conrad,0.00316458,1453687,1457020
german,M,0,Constantin,0.0030069,1457020,1460187
german,M,0,Cord,0.00329871,1460187,1463661
german,M,0,Cornelius,0.00208953,1463661,1465862
german,M,0,Cosimo,0.0057923,1465862,1471961
german,M,0,Curt,0.002464,1471961,1474556
german,M,0,Czeslaw,0.00929157,1474556,1484339
german,M,0,Dagobert,0.00211155,1484339,1486563
german,M,0,Damian,0.00206606,1486563,1488739
german,M,0,Dan,0.0061946,1488739,1495262
german,M,0,Daniel,0.00488223,1495262,1500403
german,M,0,Daniele,0.00247527,1500403,1503010
german,M,0,Danilo,0.0331812,1503010,1537945
german,M,0,Danny,0.0028232,1537945,1540918
german,M,0,Darius,0.00525437,1540918,1546451
german,M,0,Dariusz,0.00595003,1546451,1552716
german,M,0,Darko,0.00582658,1552716,1558851
german,M,0,David,0.00367048,1558851,1562716
german,M,0,Denis,0.0030371,1562716,1565915
german,M,0,Dennis,0.00920013,1565915,1575602
german,M,0,Denny,0.0280641,1575602,1605149
german,M,0,Detlef,0.00207577,1605149,1607335
german,M,0,Detlev,0.00248665,1607335,1609954
german,M,0,Diedrich,0.00225469,1609954,1612329
german,M,0,Dierk,0.0028611,1612329,1615342
german,M,0,Dieter,0.0140859,1615342,1630173
german,M,0,Diethard,0.00256949,1630173,1632879
german,M,0,Diethelm,0.005339,1632879,1638501
german,M,0,Diether,0.0174254,1638501,1656848
german,M,0,Dietmar,0.00314099,1656848,1660156
german,M,0,Dietrich,0.00652648,1660156,1667028
german,M,0,Dimitri,0.0312689,1667028,1699949
german,M,0,Dimitrios,0.00224084,1699949,1702309
german,M,0,Dino,0.00274697,1702309,1705202
german,M,0,Dirk,0.00265511,1705202,1707998
german,M,0,Ditmar,0.00387717,1707998,1712081
german,M,0,Dittmar,0.0780901,1712081,1794296
german,M,0,Dogan,0.00480057,1794296,1799351
german,M,0,Domenico,0.00237501,1799351,1801852
german,M,0,Dominic,0.00205453,1801852,1804016
german,M,0,Dominik,0.00225702,1804016,1806393
german,M,0,Donald,0.00214865,1806393,1808656
german,M,0,Dragan,0.00337855,1808656,1812214
german,M,0,Drago,0.00646142,1812214,1819018
german,M,0,Dursun,0.00349745,1819018,1822701
german,M,0,Dusan,0.00304585,1822701,1825909
german,M,0,Eberhard,0.00445138,1825909,1830596
german,M,0,Eberhardt,0.0132518,1830596,1844549
german,M,0,Eckard,0.00544144,1844549,1850279
german,M,0,Eckart,0.007181,1850279,1857840
german,M,0,Eckehard,0.00202259,1857840,1859970
german,M,0,Eckhard,0.00254824,1859970,1862654
german,M,0,Eckhardt,0.00489414,1862654,1867808
german,M,0,Eckhart,0.00379859,1867808,1871808
german,M,0,Edelbert,0.0202893,1871808,1893170
german,M,0,Edgar,0.0221328,1893170,1916473
german,M,0,Edmund,0.00323266,1916473,1919877
german,M,0,Eduard,0.00221142,1919877,1922206
german,M,0,Edward,0.00457199,1922206,1927020
german,M,0,Edwin,0.00501666,1927020,1932303
german,M,0,Egbert,0.00235955,1932303,1934788
german,M,0,Eggert,0.00210953,1934788,1937010
german,M,0,Egon,0.00234179,1937010,1939476
german,M,0,Ehrenfried,0.00256338,1939476,1942176
german,M,0,Ehrhard,0.00328836,1942176,1945639
german,M,0,Eitel,0.0215709,1945639,1968350
german,M,0,Ekkehard,0.0207822,1968350,1990231
german,M,0,Ekkehart,0.00531047,1990231,1995823
german,M,0,Ekrem,0.00216987,1995823,1998108
german,M,0,Elias,0.00406116,1998108,2002385
german,M,0,Elmar,0.0117838,2002385,2014792
german,M,0,Emanuel,0.00380559,2014792,2018800
german,M,0,Emil,0.027144,2018800,2047379
german,M,0,Emin,0.00876998,2047379,2056613
german,M,0,Emmerich,0.00609806,2056613,2063034
german,M,0,Engelbert,0.00433729,2063034,2067601
german,M,0,Engin,0.00327808,2067601,2071053
german,M,0,Enno,0.00296485,2071053,2074175
german,M,0,Enrico,0.00952881,2074175,2084208
german,M,0,Enver,0.00222716,2084208,2086554
german,M,0,Ercan,0.173545,2086554,2269265
german,M,0,Erdal,0.00795803,2269265,2277644
german,M,0,Erdogan,0.00575843,2277644,2283708
german,M,0,Erhard,0.00340054,2283708,2287289
german,M,0,Erhardt,0.0338749,2287289,2322954
german,M,0,Eric,0.00255125,2322954,2325641
german,M,0,Erich,0.0498377,2325641,2378112
german,M,0,Erik,0.0258771,2378112,2405357
german,M,0,Erkan,0.0285494,2405357,2435415
german,M,0,Ernest,0.00249238,2435415,2438040
german,M,0,Ernst,0.00420307,2438040,2442466
german,M,0,Ernst-August,0.00203374,2442466,2444608
german,M,0,Ernst-Dieter,0.00550186,2444608,2450401
german,M,0,Ernst-Otto,0.00290404,2450401,2453459
german,M,0,Erol,0.00564314,2453459,2459401
german,M,0,Erwin,0.00257564,2459401,2462114
german,M,0,Eugen,0.00298152,2462114,2465254
german,M,0,Evangelos,0.00462431,2465254,2470124
german,M,0,Ewald,0.234924,2470124,2717456
german,M,0,Fabian,0.00562706,2717456,2723381
german,M,0,Falk,0.00209151,2723381,2725584
german,M,0,Falko,0.00224313,2725584,2727947
german,M,0,Faruk,0.00203561,2727947,2730091
german,M,0,Fatih,0.00366399,2730091,2733950
german,M,0,Fedor,0.00565931,2733950,2739909
german,M,0,Felix,0.00288827,2739909,2742951
german,M,0,Ferdi,0.00285343,2742951,2745956
german,M,0,Ferdinand,0.00266169,2745956,2748759
german,M,0,Ferenc,0.00449083,2748759,2753488
german,M,0,Fernando,0.00230953,2753488,2755921
german,M,0,Filippo,0.0120976,2755921,2768659
german,M,0,Florian,0.00220032,2768659,2770977
german,M,0,Folker,0.00399004,2770977,2775179
german,M,0,Folkert,0.019374,2775179,2795577
german,M,0,Francesco,0.0224255,2795577,2819188
german,M,0,Francis,0.00419443,2819188,2823605
german,M,0,Francisco,0.00841751,2823605,2832468
german,M,0,Franco,0.0096774,2832468,2842658
german,M,0,Franjo,0.00508039,2842658,2848008
german,M,0,Frank,0.00429156,2848008,2852527
german,M,0,Frank-Michael,0.00209748,2852527,2854736
german,M,0,Frank-Peter,0.00362555,2854736,2858554
german,M,0,Franz,0.00333547,2858554,2862067
german,M,0,Franz-Josef,0.00301977,2862067,2865247
german,M,0,Franz-Peter,0.00298572,2865247,2868391
german,M,0,Franz-Xaver,0.00317412,2868391,2871734
german,M,0,Fred,0.0134505,2871734,2885896
german,M,0,Freddy,0.00233927,2885896,2888360
german,M,0,Frederic,0.00220253,2888360,2890680
german,M,0,Frederik,0.00654847,2890680,2897575
german,M,0,Fredi,0.00272598,2897575,2900446
german,M,0,Fredo,0.00329352,2900446,2903914
german,M,0,Fredy,0.00270874,2903914,2906767
german,M,0,Fridolin,0.0369864,2906767,2945708
german,M,0,Friedbert,0.00204313,2945708,2947860
german,M,0,Friedemann,0.00214029,2947860,2950114
german,M,0,Frieder,0.00267829,2950114,2952935
german,M,0,Friedhelm,0.0023243,2952935,2955383
german,M,0,Friedhold,0.0139756,2955383,2970098
german,M,0,Friedo,0.00240125,2970098,2972627
german,M,0,Friedrich,0.00402922,2972627,2976870
german,M,0,Friedrich-Karl,0.00358795,2976870,2980648
german,M,0,Friedrich-Wilhelm,0.00221814,2980648,2982984
german,M,0,Frithjof,0.0097792,2982984,2993281
german,M,0,Fritz,0.00334613,2993281,2996805
german,M,0,Gabor,0.00293614,2996805,2999897
german,M,0,Gabriel,0.00232927,2999897,3002350
german,M,0,Gaetano,0.0028307,3002350,3005331
german,M,0,Gebhard,0.00318372,3005331,3008684
german,M,0,Geert,0.00239068,3008684,3011202
german,M,0,Georg,0.0102668,3011202,3022012
german,M,0,George,0.00689826,3022012,3029276
german,M,0,Georgios,0.0035756,3029276,3033041
german,M,0,Gerald,0.0083432,3033041,3041826
german,M,0,Gerard,0.00256034,3041826,3044523
german,M,0,Gerd,0.00271561,3044523,3047383
german,M,0,Gereon,0.0020935,3047383,3049588
german,M,0,Gerfried,0.00748936,3049588,3057474
german,M,0,Gerhard,0.00231689,3057474,3059914
german,M,0,Gerhardt,0.00382677,3059914,3063944
german,M,0,Gerhart,0.00309491,3063944,3067203
german,M,0,German,0.0112741,3067203,3079074
german,M,0,Gernot,0.00437463,3079074,3083681
german,M,0,Gero,0.00322769,3083681,3087080
german,M,0,Gerold,0.00250974,3087080,3089723
german,M,0,Gerolf,0.0039066,3089723,3093837
german,M,0,Gert,0.00204881,3093837,3095995
german,M,0,Gerwin,0.00295247,3095995,3099104
german,M,0,Gilbert,0.00312239,3099104,3102392
german,M,0,Gino,0.016442,3102392,3119703
german,M,0,Giorgio,0.0082343,3119703,3128373
german,M,0,Giovanni,0.0111369,3128373,3140099
german,M,0,Gisbert,0.00248379,3140099,3142715
german,M,0,Giuseppe,0.00319338,3142715,3146078
german,M,0,Goran,0.00309946,3146078,3149342
german,M,0,Gordon,0.00254224,3149342,3152020
german,M,0,Gottfried,0.00331961,3152020,3155516
german,M,0,Gotthard,0.0036901,3155516,3159402
german,M,0,Gotthilf,0.00574166,3159402,3165448
german,M,0,Gotthold,0.0033039,3165448,3168927
german,M,0,Gottlieb,0.00346259,3168927,3172573
german,M,0,Gottlob,0.00236725,3172573,3175066
german,M,0,Gotz,0.00246681,3175066,3177664
german,M,0,Gregor,0.00207187,3177664,3179846
german,M,0,Grzegorz,0.00403715,3179846,3184097
german,M,0,Guenter,0.00233426,3184097,3186556
german,M,0,Guenther,0.00506751,3186556,3191892
german,M,0,Guido,0.00684935,3191892,3199104
german,M,0,Guiseppe,0.00993623,3199104,3209566
german,M,0,Gunar,0.00238806,3209566,3212081
german,M,0,Gundolf,0.00256644,3212081,3214784
german,M,0,Gunnar,0.0088945,3214784,3224149
german,M,0,Gunter,0.00781215,3224149,3232375
german,M,0,Gunther,0.0102769,3232375,3243196
german,M,0,Guntram,0.00422921,3243196,3247650
german,M,0,Gustav,0.00454119,3247650,3252432
german,M,0,H.-Dieter,0.00424683,3252432,3256904
german,M,0,Hagen,0.00262912,3256904,3259673
german,M,0,Hajo,0.00326787,3259673,3263114
german,M,0,Hakan,0.00293209,3263114,3266202
german,M,0,Halil,0.00223397,3266202,3268555
german,M,0,Hannes,0.0306819,3268555,3300858
german,M,0,Hanni,0.00239596,3300858,3303382
german,M,0,Hanno,0.00336767,3303382,3306929
german,M,0,Hanns,0.0230362,3306929,3331183
german,M,0,Hans,0.0994148,3331183,3435849
german,M,0,Hans-Adolf,0.00809368,3435849,3444371
german,M,0,Hans-Albert,0.0824692,3444371,3531197
german,M,0,Hans-Bernd,0.00284581,3531197,3534194
german,M,0,Hans-Christian,0.00395927,3534194,3538363
german,M,0,Hans-Detlef,0.00299839,3538363,3541521
german,M,0,Hans-Dieter,0.00250103,3541521,3544155
german,M,0,Hans-Dietrich,0.00257872,3544155,3546871
german,M,0,Hans-Eberhard,0.004135,3546871,3551225
german,M,0,Hans-Erich,0.00484688,3551225,3556329
german,M,0,Hans-Friedrich,0.0024173,3556329,3558875
german,M,0,Hans-Georg,0.0250994,3558875,3585301
german,M,0,Hans-Gerd,0.00313632,3585301,3588604
german,M,0,Hans-Gerhard,0.00893685,3588604,3598014
german,M,0,Hans-Gunter,0.00230708,3598014,3600444
german,M,0,Hans-Gunther,0.00524055,3600444,3605962
german,M,0,Hans-H.,0.00307688,3605962,3609202
german,M,0,Hans-Heinrich,0.0020189,3609202,3611329
german,M,0,Hans-Helmut,0.0706516,3611329,3685713
german,M,0,Hans-Henning,0.00275404,3685713,3688614
german,M,0,Hans-Herbert,0.00270532,3688614,3691463
german,M,0,Hans-Hermann,0.0301178,3691463,3723172
german,M,0,Hans-Hinrich,0.00209948,3723172,3725383
german,M,0,Hans-J.,0.00263234,3725383,3728155
german,M,0,Hans-Joachim,0.00406922,3728155,3732440
german,M,0,Hans-Jochen,0.00236211,3732440,3734928
german,M,0,Hans-Jorg,0.020052,3734928,3756040
german,M,0,Hans-Josef,0.00412666,3756040,3760386
german,M,0,Hans-Jurgen,0.00234431,3760386,3762855
german,M,0,Hans-Karl,0.00346835,3762855,3766508
german,M,0,Hans-Ludwig,0.00469971,3766508,3771457
german,M,0,Hans-Martin,0.00253329,3771457,3774125
german,M,0,Hans-Michael,0.0024473,3774125,3776703
german,M,0,Hans-Otto,0.00221366,3776703,3779035
german,M,0,Hans-Peter,0.00248095,3779035,3781648
german,M,0,Hans-Rainer,0.00273294,3781648,3784526
german,M,0,Hans-Rudolf,0.0126029,3784526,3797795
german,M,0,Hans-Theo,0.0114868,3797795,3809889
german,M,0,Hans-Ulrich,0.00342845,3809889,3813500
german,M,0,Hans-Uwe,0.00416026,3813500,3817881
german,M,0,Hans-Walter,0.00211764,3817881,3820111
german,M,0,Hans-Werner,0.00309038,3820111,3823366
german,M,0,Hans-Wilhelm,0.00650464,3823366,3830215
german,M,0,Hans-Willi,0.00224543,3830215,3832580
german,M,0,Hans-Wolfgang,0.00227345,3832580,3834975
german,M,0,Hansgeorg,0.00302408,3834975,3838160
german,M,0,Hansjoachim,0.125893,3838160,3970702
german,M,0,Hansjorg,0.00393652,3970702,3974847
german,M,0,Hansjurgen,0.00481206,3974847,3979914
german,M,0,Hanspeter,0.00260998,3979914,3982663
german,M,0,Harald,0.00235445,3982663,3985143
german,M,0,Hardy,0.00233176,3985143,3987599
german,M,0,Harm,0.00482361,3987599,3992678
german,M,0,Harold,0.0108088,3992678,4004059
german,M,0,Harri,0.0022317,4004059,4006410
german,M,0,Harro,0.0137605,4006410,4020898
german,M,0,Harry,0.00228295,4020898,4023303
german,M,0,Hartmut,0.00499164,4023303,4028559
german,M,0,Hartmuth,0.00637677,4028559,4035274
german,M,0,Hartwig,0.00466708,4035274,4040189
german,M,0,Hasan,0.00246962,4040189,4042790
german,M,0,Hassan,0.0047107,4042790,4047751
german,M,0,Hasso,0.00206413,4047751,4049925
german,M,0,Heiko,0.00381968,4049925,4053947
german,M,0,Heimo,0.00776331,4053947,4062121
german,M,0,Heiner,0.0105005,4062121,4073177
german,M,0,Heinfried,0.00203001,4073177,4075315
german,M,0,Heini,0.0048586,4075315,4080431
german,M,0,Heino,0.115544,4080431,4202078
german,M,0,Heinrich,0.0128726,4202078,4215631
german,M,0,Heinz,0.00830657,4215631,4224377
german,M,0,Heinz-Dieter,0.00699832,4224377,4231746
german,M,0,Heinz-Georg,0.0124296,4231746,4244833
german,M,0,Heinz-Gerd,0.00321781,4244833,4248222
german,M,0,Heinz-Gunter,0.00598632,4248222,4254525
german,M,0,Heinz-Gunther,0.00404512,4254525,4258785
german,M,0,Heinz-Joachim,0.00805931,4258785,4267271
german,M,0,Heinz-Josef,0.00335149,4267271,4270801
german,M,0,Heinz-Jurgen,0.00202444,4270801,4272933
german,M,0,Heinz-Otto,0.0176015,4272933,4291465
german,M,0,Heinz-Peter,0.00264204,4291465,4294248
german,M,0,Heinz-Walter,0.00743123,4294248,4302073
german,M,0,Heinz-Werner,0.00221589,4302073,4304407
german,M,0,Heinz-Wilhelm,0.00240925,4304407,4306944
german,M,0,Heinz-Willi,0.00670693,4306944,4314006
german,M,0,Helfried,0.00388449,4314006,4318097
german,M,0,Helge,0.00252736,4318097,4320759
german,M,0,Hellmut,0.0020622,4320759,4322931
german,M,0,Hellmuth,0.00472174,4322931,4327903
german,M,0,Helmar,0.00280097,4327903,4330853
german,M,0,Helmut,0.00210148,4330853,4333066
german,M,0,Helmuth,0.0038482,4333066,4337118
german,M,0,Hendrik,0.00561108,4337118,4343026
german,M,0,Henner,0.00224774,4343026,4345393
german,M,0,Henning,0.00342283,4345393,4348998
german,M,0,Henrik,0.0119385,4348998,4361568
german,M,0,Henry,0.0619184,4361568,4426758
german,M,0,Henryk,0.00340608,4426758,4430345
german,M,0,Herbert,0.00269512,4430345,4433183
german,M,0,Heribert,0.00239332,4433183,4435704
german,M,0,Hermann,0.00539703,4435704,4441387
german,M,0,Hermann-Josef,0.00639771,4441387,4448124
german,M,0,Herrmann,0.00260366,4448124,4450866
german,M,0,Herwig,0.00240658,4450866,4453401
german,M,0,Hilmar,0.0113441,4453401,4465345
german,M,0,Hinrich,0.00389183,4465345,4469443
german,M,0,Holger,0.00770062,4469443,4477551
german,M,0,Holm,0.00271217,4477551,4480407
german,M,0,Horst,0.00428253,4480407,4484917
german,M,0,Horst-Dieter,0.00320799,4484917,4488295
german,M,0,Horst-Gunter,0.0117081,4488295,4500622
german,M,0,Horst-Peter,0.0407698,4500622,4543546
german,M,0,Hubert,0.00272945,4543546,4546421
german,M,0,Hubertus,0.00264856,4546421,4549210
german,M,0,Hugo,0.00381262,4549210,4553225
german,M,0,Huseyin,0.00416874,4553225,4557615
german,M,0,Ian,0.00267496,4557615,4560432
german,M,0,Ibrahim,0.0121788,4560432,4573255
german,M,0,Ignatz,0.00441265,4573255,4577902
german,M,0,Ignaz,0.00427355,4577902,4582402
german,M,0,Igor,0.0115595,4582402,4594573
german,M,0,Ilhan,0.0158489,4594573,4611260
german,M,0,Ilias,0.00211357,4611260,4613486
german,M,0,Ilija,0.00675371,4613486,4620597
german,M,0,Ilja,0.00213613,4620597,4622847
german,M,0,Immo,0.00348575,4622847,4626518
german,M,0,Imre,0.0187426,4626518,4646251
german,M,0,Ingbert,0.0454752,4646251,4694129
german,M,0,Ingmar,0.0030635,4694129,4697355
german,M,0,Ingo,0.00259113,4697355,4700084
german,M,0,Ingolf,0.0022249,4700084,4702427
german,M,0,Ioannis,0.00203187,4702427,4704567
german,M,0,Isidor,0.0183452,4704567,4723882
german,M,0,Ismail,0.00261951,4723882,4726641
german,M,0,Ismet,0.00214237,4726641,4728898
german,M,0,Istvan,0.00352708,4728898,4732612
german,M,0,Ivan,0.00298993,4732612,4735761
german,M,0,Ivo,0.00518599,4735761,4741222
german,M,0,Iwan,0.0066838,4741222,4748260
german,M,0,Jacek,0.00511945,4748260,4753651
german,M,0,Jacob,0.00408546,4753651,4757953
german,M,0,Jakob,0.0165977,4757953,4775428
german,M,0,James,0.00273643,4775428,4778310
german,M,0,Jan,0.00244179,4778310,4780882
german,M,0,Jan-Peter,0.00265183,4780882,4783675
german,M,0,Janko,0.00281204,4783675,4786637
german,M,0,Jann,0.00312702,4786637,4789930
german,M,0,Janos,0.00442227,4789930,4794587
german,M,0,Janus,0.00327297,4794587,4798034
german,M,0,Janusz,0.00332487,4798034,4801535
german,M,0,Jaroslav,0.00204692,4801535,4803691
german,M,0,Jaroslaw,0.00302841,4803691,4806880
german,M,0,Jens,0.0028922,4806880,4809926
german,M,0,Jens-Peter,0.00283446,4809926,4812911
german,M,0,Jens-Uwe,0.00226169,4812911,4815293
german,M,0,Jerzy,0.00225005,4815293,4817663
german,M,0,Jiri,0.00334079,4817663,4821181
german,M,0,Joachim,0.00202815,4821181,4823317
german,M,0,Jobst,0.00284962,4823317,4826318
german,M,0,Jochem,0.00284202,4826318,4829311
german,M,0,Jochen,0.00572499,4829311,4835339
german,M,0,Joerg,0.00231197,4835339,4837774
german,M,0,Johan,0.0037033,4837774,4841674
german,M,0,Johann,0.0110696,4841674,4853329
german,M,0,Johannes,0.0532751,4853329,4909419
german,M,0,John,0.00292402,4909419,4912498
german,M,0,Jonas,0.00522679,4912498,4918002
german,M,0,Jonathan,0.00355116,4918002,4921742
german,M,0,Jorg,0.00306794,4921742,4924973
german,M,0,Jorg-Peter,0.00845519,4924973,4933876
german,M,0,Jorge,0.00324264,4933876,4937291
german,M,0,Jorgen,0.00335686,4937291,4940826
german,M,0,Jorn,0.0170841,4940826,4958813
german,M,0,Jose,0.0294775,4958813,4989848
german,M,0,Josef,0.00238282,4989848,4992358
german,M,0,Joseph,0.0101541,4992358,5003049
german,M,0,Josip,0.0325169,5003049,5037284
german,M,0,Jost,0.00231935,5037284,5039727
german,M,0,Jovan,0.00261632,5039727,5042483
german,M,0,Jozef,0.00490611,5042483,5047649
german,M,0,Juan,0.00299416,5047649,5050802
german,M,0,Juergen,0.0210382,5050802,5072952
german,M,0,Julian,0.00227109,5072952,5075344
german,M,0,Julius,0.00439355,5075344,5079971
german,M,0,Jurgen,0.00906647,5079971,5089517
german,M,0,Juri,0.0378612,5089517,5129379
german,M,0,Jurij,0.00373675,5129379,5133314
german,M,0,Justus,0.0102101,5133314,5144064
german,M,0,Kai-Uwe,0.00213199,5144064,5146310
german,M,0,Kamil,0.00541175,5146310,5152009
german,M,0,Karl,0.00244454,5152009,5154584
german,M,0,Karl-August,0.00212377,5154584,5156821
german,M,0,Karl-Dieter,0.00243357,5156821,5159384
german,M,0,Karl-Ernst,0.00510636,5159384,5164761
german,M,0,Karl-Friedrich,0.00205644,5164761,5166927
german,M,0,Karl-Georg,0.00290802,5166927,5169990
german,M,0,Karl-Hans,0.00203937,5169990,5172138
german,M,0,Karl-Heinrich,0.0674641,5172138,5243166
german,M,0,Karl-Heinz,0.00773183,5243166,5251307
german,M,0,Karl-Hermann,0.00458235,5251307,5256132
german,M,0,Karl-Josef,0.00260681,5256132,5258878
german,M,0,Karl-Jurgen,0.00377773,5258878,5262856
german,M,0,Karl-Ludwig,0.00526828,5262856,5268404
german,M,0,Karl-Otto,0.0262853,5268404,5296079
german,M,0,Karl-Peter,0.00496688,5296079,5301309
german,M,0,Karl-Werner,0.00205072,5301309,5303469
german,M,0,Karl-Wilhelm,0.00707539,5303469,5310919
german,M,0,Karlfried,0.0055952,5310919,5316811
german,M,0,Karlheinz,0.00414339,5316811,5321174
german,M,0,Karsten,0.00384103,5321174,5325219
german,M,0,Kasimir,0.00360664,5325219,5329017
german,M,0,Kaspar,0.00629443,5329017,5335645
german,M,0,Kay-Uwe,0.00464559,5335645,5340537
german,M,0,Kazim,0.0177814,5340537,5359258
german,M,0,Kemal,0.0290527,5359258,5389846
german,M,0,Kenan,0.00220475,5389846,5392168
german,M,0,Kenneth,0.0645658,5392168,5460145
german,M,0,Kevin,0.0361531,5460145,5498209
german,M,0,Kilian,0.00519951,5498209,5503684
german,M,0,Klaas,0.0038554,5503684,5507744
german,M,0,Klaus,0.00604165,5507744,5514106
german,M,0,Klaus-D.,0.00394407,5514106,5518259
german,M,0,Klaus-Dieter,0.00257256,5518259,5520968
german,M,0,Klaus-Gunter,0.00245284,5520968,5523551
german,M,0,Klaus-Jurgen,0.00397459,5523551,5527737
german,M,0,Klaus-Michael,0.00606033,5527737,5534118
german,M,0,Klaus-Peter,0.0295752,5534118,5565256
german,M,0,Klaus-Ulrich,0.00251851,5565256,5567909
german,M,0,Klaus-Werner,0.00220919,5567909,5570236
german,M,0,Klemens,0.00600465,5570236,5576559
german,M,0,Knud,0.0205326,5576559,5598177
german,M,0,Knut,0.00983096,5598177,5608528
german,M,0,Konrad,0.00338951,5608528,5612098
german,M,0,Konstantin,0.00278999,5612098,5615036
german,M,0,Konstantinos,0.00386988,5615036,5619111
german,M,0,Korbinian,0.00363827,5619111,5622942
german,M,0,Kornelius,0.00247811,5622942,5625552
german,M,0,Kristian,0.00229979,5625552,5627974
german,M,0,Krzysztof,0.00215286,5627974,5630242
german,M,0,Kunibert,0.00310401,5630242,5633511
german,M,0,Kuno,0.0123448,5633511,5646509
german,M,0,Kurt,0.0064188,5646509,5653268
german,M,0,Ladislaus,0.0154329,5653268,5669517
german,M,0,Lambert,0.00245007,5669517,5672097
german,M,0,Lars,0.00924561,5672097,5681832
german,M,0,Laszlo,0.00521312,5681832,5687321
german,M,0,Laurenz,0.00911057,5687321,5696914
german,M,0,Leander,0.0024612,5696914,5699506
german,M,0,Leif,0.00860955,5699506,5708571
german,M,0,Leo,0.0039215,5708571,5712701
german,M,0,Leon,0.0930004,5712701,5810614
german,M,0,Leonard,0.00223626,5810614,5812969
german,M,0,Leonardo,0.0027973,5812969,5815915
german,M,0,Leonhard,0.0594901,5815915,5878548
german,M,0,Leonid,0.00422046,5878548,5882992
german,M,0,Leopold,0.00902283,5882992,5892492
german,M,0,Leszek,0.00515916,5892492,5897925
german,M,0,Linus,0.0039823,5897925,5902119
german,M,0,Lorenz,0.00483521,5902119,5907211
german,M,0,Lorenzo,0.00228774,5907211,5909621
german,M,0,Lothar,0.00374351,5909621,5913563
german,M,0,Louis,0.00726241,5913563,5921210
german,M,0,Luciano,0.00368353,5921210,5925089
german,M,0,Ludger,0.00323764,5925089,5928499
german,M,0,Ludwig,0.00635597,5928499,5935192
german,M,0,Luigi,0.00697301,5935192,5942534
german,M,0,Luis,0.00452091,5942534,5947295
german,M,0,Lukas,0.00710148,5947295,5954773
german,M,0,Lutz,0.00227819,5954773,5957173
german,M,0,Magnus,0.00234683,5957173,5959645
german,M,0,Mahmoud,0.00407733,5959645,5963939
german,M,0,Mahmut,0.00447101,5963939,5968647
german,M,0,Maik,0.00812835,5968647,5977206
german,M,0,Malte,0.00225935,5977206,5979586
german,M,0,Manfred,0.0114149,5979586,5991605
german,M,0,Manuel,0.00250683,5991605,5994245
german,M,0,Marc,0.00210349,5994245,5996461
german,M,0,Marcel,0.00311317,5996461,5999740
german,M,0,Marco,0.00292805,5999740,6002824
german,M,0,Marcus,0.00276115,6002824,6005732
german,M,0,Marek,0.0044809,6005732,6010451
german,M,0,Marian,0.00214446,6010451,6012710
german,M,0,Marijan,0.00214656,6012710,6014971
german,M,0,Mario,0.00421175,6014971,6019406
german,M,0,Marius,0.00259738,6019406,6022142
german,M,0,Mariusz,0.00593206,6022142,6028388
german,M,0,Mark,0.00208164,6028388,6030581
german,M,0,Marko,0.00399781,6030581,6034791
german,M,0,Markus,0.021301,6034791,6057218
german,M,0,Marten,0.00570842,6057218,6063229
german,M,0,Martin,0.00325268,6063229,6066654
german,M,0,Marvin,0.00673023,6066654,6073741
german,M,0,Massimo,0.00737404,6073741,6081506
german,M,0,Mathias,0.00288045,6081506,6084540
german,M,0,Mato,0.0112051,6084540,6096338
german,M,0,Matteo,0.00320311,6096338,6099711
german,M,0,Matthaus,0.00210751,6099711,6101931
german,M,0,Matthias,0.0267073,6101931,6130050
german,M,0,Mattias,0.00212787,6130050,6132291
german,M,0,Maurice,0.0116333,6132291,6144540
german,M,0,Maurizio,0.00680118,6144540,6151701
german,M,0,Max,0.0167566,6151701,6169344
german,M,0,Maxim,0.0037503,6169344,6173293
german,M,0,Maximilian,0.00602309,6173293,6179635
german,M,0,Mehdi,0.0189482,6179635,6199585
german,M,0,Mehmet,0.0033731,6199585,6203137
german,M,0,Meik,0.0103242,6203137,6214007
german,M,0,Meinhard,0.0109376,6214007,6225523
german,M,0,Meinolf,0.0236831,6225523,6250458
german,M,0,Meinrad,0.00258181,6250458,6253177
german,M,0,Mesut,0.00474398,6253177,6258173
german,M,0,Metin,0.00596812,6258173,6264457
german,M,0,Micha,0.038781,6264457,6305287
german,M,0,Michael,0.00333016,6305287,6308794
german,M,0,Michail,0.00237242,6308794,6311293
german,M,0,Michel,0.00314568,6311293,6314606
german,M,0,Miguel,0.00271906,6314606,6317470
german,M,0,Mijo,0.00838018,6317470,6326294
german,M,0,Mike,0.00206993,6326294,6328474
german,M,0,Mikhail,0.00430973,6328474,6333012
german,M,0,Milan,0.00336226,6333012,6336553
german,M,0,Milos,0.00536785,6336553,6342205
german,M,0,Miodrag,0.00207772,6342205,6344393
german,M,0,Mirco,0.00318854,6344393,6347751
german,M,0,Mirko,0.00277189,6347751,6350670
german,M,0,Miroslav,0.00286495,6350670,6353687
german,M,0,Miroslaw,0.00547147,6353687,6359448
german,M,0,Mohamed,0.00215709,6359448,6361720
german,M,0,Mohammad,0.00208558,6361720,6363917
german,M,0,Mohammed,0.00435588,6363917,6368504
german,M,0,Moritz,0.00417727,6368504,6372903
german,M,0,Muharrem,0.00245562,6372903,6375489
german,M,0,Murat,0.00288436,6375489,6378527
german,M,0,Mustafa,0.00207382,6378527,6380711
german,M,0,Muzaffer,0.0146662,6380711,6396153
german,M,0,Necati,0.00324765,6396153,6399573
german,M,0,Nick,0.00240391,6399573,6402105
german,M,0,Nico,0.00326279,6402105,6405541
german,M,0,Nicolai,0.00230221,6405541,6407966
german,M,0,Nicolas,0.00998976,6407966,6418484
german,M,0,Nicolaus,0.00477776,6418484,6423515
german,M,0,Niels,0.00779506,6423515,6431723
german,M,0,Niklas,0.0149126,6431723,6447424
german,M,0,Niko,0.00455141,6447424,6452217
german,M,0,Nikola,0.00328321,6452217,6455675
german,M,0,Nikolai,0.002685,6455675,6458503
german,M,0,Nikolaj,0.00553261,6458503,6464329
german,M,0,Nikolaos,0.00212993,6464329,6466572
german,M,0,Nikolas,0.00392899,6466572,6470710
german,M,0,Nikolaus,0.002969,6470710,6473837
german,M,0,Nils,0.00372329,6473837,6477758
german,M,0,Norbert,0.00409363,6477758,6482069
german,M,0,Norman,0.00269851,6482069,6484911
german,M,0,Nurettin,0.0741745,6484911,6563004
german,M,0,Nuri,0.00364466,6563004,6566842
german,M,0,Olaf,0.00339501,6566842,6570417
german,M,0,Ole,0.0026227,6570417,6573179
german,M,0,Oliver,0.0198205,6573179,6594047
german,M,0,Orhan,0.0110032,6594047,6605632
german,M,0,Ortwin,0.00557941,6605632,6611507
german,M,0,Oscar,0.00217417,6611507,6613797
german,M,0,Oskar,0.00232182,6613797,6616242
german,M,0,Osman,0.00344543,6616242,6619870
german,M,0,Oswald,0.00202074,6619870,6621998
german,M,0,Oswin,0.00219153,6621998,6624306
german,M,0,Otfried,0.00731778,6624306,6632011
german,M,0,Othmar,0.0227265,6632011,6655939
german,M,0,Otmar,0.00212582,6655939,6658178
german,M,0,Ottfried,0.0026388,6658178,6660957
german,M,0,Ottmar,0.00229495,6660957,6663374
german,M,0,Otto,0.00782709,6663374,6671615
german,M,0,Ottokar,0.00261315,6671615,6674367
german,M,0,Ottomar,0.00438407,6674367,6678984
german,M,0,Paolo,0.0397491,6678984,6720833
german,M,0,Pascal,0.00475519,6720833,6725840
german,M,0,Pasquale,0.00434656,6725840,6730417
german,M,0,Patric,0.00370994,6730417,6734324
german,M,0,Patrick,0.00659293,6734324,6741266
german,M,0,Patrik,0.00259425,6741266,6743998
german,M,0,Paul,0.00350333,6743998,6747687
german,M,0,Paul-Gerhard,0.00213406,6747687,6749935
german,M,0,Paul-Heinz,0.00206028,6749935,6752105
german,M,0,Paulo,0.138415,6752105,6897831
german,M,0,Pavel,0.00227582,6897831,6900228
german,M,0,Pawel,0.00461374,6900228,6905086
german,M,0,Pedro,0.0106215,6905086,6916270
german,M,0,Peer,0.00278635,6916270,6919205
german,M,0,Pero,0.00487039,6919205,6924334
german,M,0,Petar,0.00281947,6924334,6927303
german,M,0,Peter,0.00354511,6927303,6931036
german,M,0,Peter-Michael,0.00255428,6931036,6933726
german,M,0,Petros,0.00343975,6933726,6937348
german,M,0,Philip,0.00514585,6937348,6942767
german,M,0,Philipp,0.00401345,6942767,6946993
german,M,0,Philippe,0.00291599,6946993,6950064
german,M,0,Phillip,0.0094324,6950064,6959996
german,M,0,Pierre,0.00217201,6959996,6962284
german,M,0,Pietro,0.0181531,6962284,6981397
german,M,0,Piotr,0.0085704,6981397,6990421
german,M,0,Pirmin,0.004238,6990421,6994884
german,M,0,Pius,0.00396691,6994884,6999061
german,M,0,Rafael,0.00819866,6999061,7007694
german,M,0,Raik,0.0243695,7007694,7033352
german,M,0,Raimund,0.00494238,7033352,7038556
german,M,0,Rainer,0.00241192,7038556,7041096
german,M,0,Ralf,0.00248951,7041096,7043718
german,M,0,Ralf-Dieter,0.00868898,7043718,7052867
german,M,0,Ralf-Peter,0.00587882,7052867,7059057
german,M,0,Ralph,0.00580938,7059057,7065174
german,M,0,Ramazan,0.00682518,7065174,7072361
german,M,0,Ramon,0.0131548,7072361,7086212
german,M,0,Randolf,0.00208755,7086212,7088411
german,M,0,Raphael,0.00296071,7088411,7091529
german,M,0,Raymond,0.027596,7091529,7120583
german,M,0,Raymund,0.00589645,7120583,7126792
german,M,0,Recep,0.0247288,7126792,7152828
german,M,0,Reginald,0.00375712,7152828,7156785
german,M,0,Reimar,0.00281575,7156785,7159750
german,M,0,Reimer,0.00234937,7159750,7162224
german,M,0,Reimund,0.00233676,7162224,7164685
german,M,0,Reinald,0.0037166,7164685,7168599
german,M,0,Reiner,0.00278272,7168599,7171530
german,M,0,Reinhard,0.0150392,7171530,7187364
german,M,0,Reinhardt,0.00206799,7187364,7189542
german,M,0,Reinhart,0.00500412,7189542,7194811
german,M,0,Reinhold,0.00310859,7194811,7198085
german,M,0,Remo,0.00253032,7198085,7200750
german,M,0,Renato,0.0136555,7200750,7215128
german,M,0,Rene,0.00583269,7215128,7221270
german,M,0,Reza,0.0027791,7221270,7224197
german,M,0,Ricardo,0.00269174,7224197,7227032
german,M,0,Richard,0.00247244,7227032,7229636
german,M,0,Rico,0.00792486,7229636,7237980
german,M,0,Rigo,0.00258801,7237980,7240706
german,M,0,Riza,0.00677735,7240706,7247842
german,M,0,Robby,0.00350924,7247842,7251538
german,M,0,Robert,0.00276472,7251538,7254450
german,M,0,Roberto,0.0129653,7254450,7268101
german,M,0,Robin,0.00359416,7268101,7271886
german,M,0,Rocco,0.03188,7271886,7305451
german,M,0,Rochus,0.00250392,7305451,7308088
german,M,0,Roderich,0.00425569,7308088,7312569
german,M,0,Roger,0.00225237,7312569,7314941
german,M,0,Roland,0.0061556,7314941,7321423
german,M,0,Rolf,0.00315038,7321423,7324741
german,M,0,Rolf-Dieter,0.00450081,7324741,7329481
german,M,0,Rolf-Peter,0.00567558,7329481,7335457
german,M,0,Roman,0.535887,7335457,7899647
german,M,0,Romuald,0.0031551,7899647,7902970
german,M,0,Ron,0.00216559,7902970,7905251
german,M,0,Ronald,0.0152992,7905251,7921359
german,M,0,Ronny,0.0125156,7921359,7934537
german,M,0,Rouven,0.00294021,7934537,7937634
german,M,0,Roy,0.00283823,7937634,7940623
german,M,0,Ruben,0.00849323,7940623,7949566
german,M,0,Rudi,0.0179652,7949566,7968481
german,M,0,Rudiger,0.0027683,7968481,7971397
german,M,0,Rudolf,0.00287656,7971397,7974426
german,M,0,Rudolph,0.00345113,7974426,7978060
german,M,0,Rupert,0.00827027,7978060,7986768
german,M,0,Ryszard,0.0100439,7986768,7997343
german,M,0,Saban,0.00301547,7997343,8000519
german,M,0,Sabri,0.00249525,8000519,8003147
german,M,0,Sahin,0.00305465,8003147,8006364
german,M,0,Salih,0.00205262,8006364,8008526
german,M,0,Salvatore,0.00802525,8008526,8016976
german,M,0,Sami,0.00723506,8016976,8024594
german,M,0,Samir,0.00268164,8024594,8027418
german,M,0,Samuel,0.00361292,8027418,8031223
german,M,0,Sandor,0.00453103,8031223,8035994
german,M,0,Sandro,0.00229254,8035994,8038409
german,M,0,Sebastian,0.00463492,8038409,8043290
german,M,0,Sebastiano,0.00353307,8043290,8047011
german,M,0,Sedat,0.00216346,8047011,8049290
german,M,0,Selim,0.00226638,8049290,8051677
german,M,0,Senol,0.00864907,8051677,8060784
german,M,0,Sepp,0.00229737,8060784,8063204
german,M,0,Serge,0.0050547,8063204,8068527
german,M,0,Sergei,0.00391404,8068527,8072649
german,M,0,Sergej,0.00373001,8072649,8076577
german,M,0,Sergio,0.0021156,8076577,8078805
german,M,0,Severin,0.00360039,8078805,8082597
german,M,0,Siegbert,0.0058613,8082597,8088769
german,M,0,Siegfried,0.00216773,8088769,8091052
german,M,0,Sieghard,0.0026453,8091052,8093838
german,M,0,Siegmar,0.00297734,8093838,8096974
german,M,0,Siegmund,0.00230465,8096974,8099401
german,M,0,Siegward,0.00948034,8099401,8109383
german,M,0,Sigfried,0.00436523,8109383,8113980
german,M,0,Sigismund,0.00633531,8113980,8120651
german,M,0,Sigmar,0.0135521,8120651,8134920
german,M,0,Sigmund,0.00243084,8134920,8137480
german,M,0,Sigurd,0.00432806,8137480,8142038
german,M,0,Silvester,0.00459277,8142038,8146874
german,M,0,Silvio,0.0073458,8146874,8154609
german,M,0,Simon,0.00242269,8154609,8157161
german,M,0,Slavko,0.00584388,8157161,8163315
german,M,0,Slawomir,0.0106832,8163315,8174563
german,M,0,Slobodan,0.0107456,8174563,8185877
german,M,0,Sonke,0.00504195,8185877,8191186
german,M,0,Soren,0.00238021,8191186,8193693
german,M,0,Stanislaus,0.00238543,8193693,8196205
german,M,0,Stanislav,0.0514959,8196205,8250422
german,M,0,Stanislaw,0.00569195,8250422,8256416
german,M,0,Stavros,0.0157076,8256416,8272954
german,M,0,Stefan,0.00270191,8272954,8275800
german,M,0,Stefano,0.00766967,8275800,8283876
german,M,0,Steffen,0.00816335,8283876,8292471
german,M,0,Stephan,0.0027505,8292471,8295368
german,M,0,Stephen,0.00661541,8295368,8302334
german,M,0,Steve,0.00319824,8302334,8305702
german,M,0,Steven,0.0441942,8305702,8352231
german,M,0,Stjepan,0.106841,8352231,8464715
german,M,0,Sukru,0.0169186,8464715,8482528
german,M,0,Suleyman,0.00378466,8482528,8486514
german,M,0,Sven,0.00872928,8486514,8495705
german,M,0,Swen,0.0053824,8495705,8501373
german,M,0,Sylvester,0.00228534,8501373,8503780
german,M,0,Sylvio,0.00456168,8503780,8508584
german,M,0,Tadeusz,0.00218498,8508584,8510885
german,M,0,Tassilo,0.287175,8510885,8813227
german,M,0,Thaddaus,0.00395165,8813227,8817388
german,M,0,Theo,0.00611712,8817388,8823829
german,M,0,Theobald,0.00295659,8823829,8826943
german,M,0,Theodor,0.00356333,8826943,8830696
german,M,0,Theodoros,0.00226873,8830696,8833086
german,M,0,Thies,0.00468878,8833086,8838023
german,M,0,Thilo,0.372041,8838023,9229714
german,M,0,Thomas,0.00241999,9229714,9232263
german,M,0,Thoralf,0.0042646,9232263,9236754
german,M,0,Thorben,0.00529633,9236754,9242331
german,M,0,Thorsten,0.0070495,9242331,9249754
german,M,0,Tibor,0.00915512,9249754,9259394
german,M,0,Till,0.00451083,9259394,9264144
german,M,0,Tillmann,0.00740252,9264144,9271938
german,M,0,Tilman,0.00341164,9271938,9275531
german,M,0,Tilmann,0.00363189,9275531,9279356
german,M,0,Tilo,0.0468372,9279356,9328668
german,M,0,Tim,0.00528227,9328668,9334230
german,M,0,Timm,0.00365108,9334230,9338075
german,M,0,Timo,0.00938496,9338075,9347957
german,M,0,Tino,0.00252145,9347957,9350613
german,M,0,Tobias,0.00345685,9350613,9354253
german,M,0,Tom,0.00789198,9354253,9362563
german,M,0,Tomas,0.00251558,9362563,9365212
german,M,0,Tomasz,0.00280465,9365212,9368166
german,M,0,Tomislav,0.00376397,9368166,9372130
german,M,0,Toni,0.002357,9372130,9374612
german,M,0,Tony,0.00289613,9374612,9377662
german,M,0,Toralf,0.00218934,9377662,9379968
german,M,0,Torben,0.00473283,9379968,9384952
german,M,0,Torsten,0.00411835,9384952,9389289
german,M,0,Traugott,0.00236468,9389289,9391780
german,M,0,Udo,0.0095778,9391780,9401865
german,M,0,Ulf,0.00305906,9401865,9405087
german,M,0,Uli,0.00933802,9405087,9414919
german,M,0,Ullrich,0.00377084,9414919,9418890
german,M,0,Ulrich,0.0185417,9418890,9438412
german,M,0,Urban,0.00297316,9438412,9441543
german,M,0,Urs,0.00356945,9441543,9445302
german,M,0,Utz,0.00219372,9445302,9447613
german,M,0,Uwe,0.00273993,9447613,9450499
german,M,0,Vadim,0.00712778,9450499,9458004
german,M,0,Valentin,0.0130593,9458004,9471754
german,M,0,Valerij,0.00211968,9471754,9473987
german,M,0,Vassilios,0.0049546,9473987,9479204
german,M,0,Veit,0.0063148,9479204,9485853
german,M,0,Veli,0.00418583,9485853,9490261
german,M,0,Victor,0.0138672,9490261,9504862
german,M,0,Viktor,0.00205836,9504862,9507030
german,M,0,Vincent,0.0143121,9507030,9522099
german,M,0,Vincenzo,0.015168,9522099,9538069
german,M,0,Vinko,0.00431888,9538069,9542617
german,M,0,Vinzenz,0.00242812,9542617,9545174
german,M,0,Vitali,0.0122612,9545174,9558084
german,M,0,Vito,0.00763899,9558084,9566127
german,M,0,Vittorio,0.00754846,9566127,9574075
german,M,0,Vitus,0.00720792,9574075,9581665
german,M,0,Vladimir,0.00728998,9581665,9589341
german,M,0,Vlado,0.0874013,9589341,9681359
german,M,0,Volker,0.00258491,9681359,9684081
german,M,0,Volkhard,0.00204125,9684081,9686231
german,M,0,Volkmar,0.00207968,9686231,9688422
german,M,0,Waldemar,0.00444163,9688422,9693099
german,M,0,Walfried,0.0133504,9693099,9707155
german,M,0,Walter,0.0024363,9707155,9709721
german,M,0,Walther,0.00325773,9709721,9713152
german,M,0,Wenzel,0.00548662,9713152,9718929
german,M,0,Werner,0.0147883,9718929,9734499
german,M,0,Wieland,0.00446117,9734499,9739197
german,M,0,Wieslaw,0.0100987,9739197,9749830
german,M,0,Wigbert,0.00493023,9749830,9755022
german,M,0,Wilfried,0.00210549,9755022,9757240
german,M,0,Wilhelm,0.00220697,9757240,9759565
german,M,0,Willfried,0.00274345,9759565,9762454
german,M,0,Willi,0.00304147,9762454,9765657
german,M,0,William,0.0346,9765657,9802085
german,M,0,Willibald,0.00556372,9802085,9807944
german,M,0,Willibert,0.00232678,9807944,9810395
german,M,0,Willy,0.00386263,9810395,9814463
german,M,0,Winfried,0.0098833,9814463,9824869
german,M,0,Witold,0.0353586,9824869,9862096
german,M,0,Wladimir,0.00746018,9862096,9869951
german,M,0,Wojciech,0.00542655,9869951,9875665
german,M,0,Woldemar,0.00751879,9875665,9883582
german,M,0,Wolf,0.0191586,9883582,9903753
german,M,0,Wolf-Dieter,0.0127813,9903753,9917210
german,M,0,Wolf-Dietrich,0.00286881,9917210,9920231
german,M,0,Wolf-Rudiger,0.002912,9920231,9923298
german,M,0,Wolfgang,0.00443193,9923298,9927965
german,M,0,Wolfhard,0.00208361,9927965,9930160
german,M,0,Wolfram,0.0078594,9930160,9938435
german,M,0,Wulf,0.0108728,9938435,9949883
german,M,0,Xaver,0.00341723,9949883,9953482
german,M,0,Yilmaz,0.00216133,9953482,9955758
german,M,0,Yusuf,0.00213821,9955758,9958010
german,M,0,Zbigniew,0.00623413,9958010,9964574
german,M,0,Zdravko,0.00347993,9964574,9968239
german,M,0,Zeki,0.0126914,9968239,9981602
german,M,0,Zeljko,0.00369669,9981602,9985495
german,M,0,Zenon,0.00262591,9985495,9988261
german,M,0,Zlatko,0.00509334,9988261,9993624
german,M,0,Zoltan,0.00215497,9993624,9995894
german,M,0,Zoran,0.0038992,9995894,10000000
dutch,M,0,Aaron,0.0215709,0,31006
dutch,M,0,Abel,0.0149126,31006,52442
dutch,M,0,Adam,0.0097792,52442,66499
dutch,M,0,Aiden,0.0144281,66499,87239
dutch,M,0,Alex,0.125893,87239,268195
dutch,M,0,Alexander,0.0125156,268195,286186
dutch,M,0,Ali,0.0179652,286186,312010
dutch,M,0,Amin,0.0078594,312010,323308
dutch,M,0,Amir,0.0083432,323308,335301
dutch,M,0,Arie,0.027144,335301,374318
dutch,M,0,Aron,0.0141981,374318,394727
dutch,M,0,Arthur,0.0136555,394727,414356
dutch,M,0,Ayden,0.0230362,414356,447469
dutch,M,0,Ayoub,0.015569,447469,469848
dutch,M,0,Bart,0.00792486,469848,481240
dutch,M,0,Bas,0.0205326,481240,510754
dutch,M,0,Bastiaan,0.0191586,510754,538293
dutch,M,0,Beau,0.00707539,538293,548464
dutch,M,0,Ben,0.00760856,548464,559401
dutch,M,0,Benjamin,0.0161397,559401,582601
dutch,M,0,Berat,0.535887,582601,1352873
dutch,M,0,Berend,0.00789198,1352873,1364218
dutch,M,0,Bilal,0.0233549,1364218,1397789
dutch,M,0,Bjorn,0.00993623,1397789,1412072
dutch,M,0,Boaz,0.00740252,1412072,1422713
dutch,M,0,Boris,0.0110696,1422713,1438625
dutch,M,0,Bradley,0.0236831,1438625,1472667
dutch,M,0,Bram,0.0202893,1472667,1501831
dutch,M,0,Brent,0.042987,1501831,1563621
dutch,M,0,Brian,0.0132518,1563621,1582670
dutch,M,0,Bryan,0.00998976,1582670,1597030
dutch,M,0,Cas,0.007181,1597030,1607353
dutch,M,0,Casper,0.00697301,1607353,1617377
dutch,M,0,Chris,0.138415,1617377,1816332
dutch,M,0,Colin,0.00748936,1816332,1827098
dutch,M,0,Collin,0.0183452,1827098,1853468
dutch,M,0,Cornelis,0.0120175,1853468,1870743
dutch,M,0,Daan,0.287175,1870743,2283522
dutch,M,0,Damian,0.0131548,2283522,2302431
dutch,M,0,Dani,0.00983096,2302431,2316563
dutch,M,0,Daniel,0.123118,2316563,2493531
dutch,M,0,Dave,0.0117081,2493531,2510361
dutch,M,0,David,0.0121788,2510361,2527868
dutch,M,0,Dean,0.00728998,2527868,2538347
dutch,M,0,Dex,0.0185417,2538347,2564999
dutch,M,0,Dion,0.00723506,2564999,2575400
dutch,M,0,Dirk,0.0150392,2575400,2597018
dutch,M,0,Duuk,0.0070495,2597018,2607152
dutch,M,0,Dylan,0.0482883,2607152,2676561
dutch,M,0,Dylano,0.0262853,2676561,2714344
dutch,M,0,Elias,0.0243695,2714344,2749373
dutch,M,0,Emir,0.0874013,2749373,2875003
dutch,M,0,Faas,0.106841,2875003,3028574
dutch,M,0,Fabian,0.0108728,3028574,3044203
dutch,M,0,Fedde,0.0346,3044203,3093937
dutch,M,0,Felix,0.0176015,3093937,3119238
dutch,M,0,Finn,0.00845519,3119238,3131392
dutch,M,0,Florian,0.027596,3131392,3171059
dutch,M,0,Floris,0.0157076,3171059,3193638
dutch,M,0,Gerrit,0.00770062,3193638,3204708
dutch,M,0,Giel,0.0994148,3204708,3347605
dutch,M,0,Gijs,0.0102668,3347605,3362363
dutch,M,0,Giovanni,0.00860955,3362363,3374739
dutch,M,0,Guus,0.010441,3374739,3389748
dutch,M,0,Hamza,0.00915512,3389748,3402908
dutch,M,0,Hendrik,0.0195946,3402908,3431074
dutch,M,0,Hidde,0.0100439,3431074,3445512
dutch,M,0,Hugo,0.0107456,3445512,3460959
dutch,M,0,Ian,0.00726241,3460959,3471399
dutch,M,0,Ibrahim,0.0207822,3471399,3501272
dutch,M,0,Imran,0.0532751,3501272,3577849
dutch,M,0,Ivan,0.199372,3577849,3864422
dutch,M,0,Jack,0.0116333,3864422,3881144
dutch,M,0,Jacob,0.0227265,3881144,3913812
dutch,M,0,Jake,0.00737404,3913812,3924412
dutch,M,0,James,0.0224255,3924412,3956647
dutch,M,0,Jamie,0.0095778,3956647,3970415
dutch,M,0,Jan,0.021301,3970415,4001034
dutch,M,0,Jari,0.0780901,4001034,4113280
dutch,M,0,Jason,0.0096774,4113280,4127191
dutch,M,0,Jasper,0.0133504,4127191,4146382
dutch,M,0,Jay,0.0106832,4146382,4161739
dutch,M,0,Jayden,0.015168,4161739,4183542
dutch,M,0,Jayson,0.0114868,4183542,4200054
dutch,M,0,Jelle,0.00872928,4200054,4212602
dutch,M,0,Jelte,0.00864907,4212602,4225035
dutch,M,0,Jens,0.00933802,4225035,4238458
dutch,M,0,Jesper,0.00746018,4238458,4249182
dutch,M,0,Jesse,0.0102101,4249182,4263859
dutch,M,0,Jim,0.0165977,4263859,4287717
dutch,M,0,Jip,0.00816335,4287717,4299452
dutch,M,0,Job,0.0120976,4299452,4316842
dutch,M,0,Joel,0.00805931,4316842,4328427
dutch,M,0,Joep,0.0126029,4328427,4346543
dutch,M,0,Joey,0.00779506,4346543,4357748
dutch,M,0,Johannes,0.00972802,4357748,4371732
dutch,M,0,Jonas,0.0674641,4371732,4468704
dutch,M,0,Jonathan,0.00799149,4468704,4480192
dutch,M,0,Joost,0.0117838,4480192,4497131
dutch,M,0,Jordy,0.00720792,4497131,4507492
dutch,M,0,Joris,0.00766967,4507492,4518517
dutch,M,0,Jorn,0.0127813,4518517,4536890
dutch,M,0,Jort,0.00812835,4536890,4548575
dutch,M,0,Joshua,0.00712778,4548575,4558821
dutch,M,0,Jules,0.0369864,4558821,4611985
dutch,M,0,Julian,0.00692299,4611985,4621937
dutch,M,0,Julius,0.0101541,4621937,4636533
dutch,M,0,Jurre,0.00952881,4636533,4650230
dutch,M,0,Justin,0.0162894,4650230,4673645
dutch,M,0,Kai,0.00827027,4673645,4685533
dutch,M,0,Kay,0.0619184,4685533,4774534
dutch,M,0,Keano,0.115544,4774534,4940615
dutch,M,0,Kevin,0.0138672,4940615,4960548
dutch,M,0,Kian,0.0112051,4960548,4976655
dutch,M,0,Kick,0.0441942,4976655,5040180
dutch,M,0,Koen,0.0110032,5040180,5055997
dutch,M,0,Kyan,0.153893,5055997,5277200
dutch,M,0,Kyano,0.00754846,5277200,5288051
dutch,M,0,Lars,0.0397491,5288051,5345186
dutch,M,0,Laurens,0.0134505,5345186,5364520
dutch,M,0,Lenn,0.00699832,5364520,5374580
dutch,M,0,Leon,0.00924561,5374580,5387870
dutch,M,0,Levi,0.00689826,5387870,5397786
dutch,M,0,Lex,0.0154329,5397786,5419970
dutch,M,0,Liam,0.00809368,5419970,5431605
dutch,M,0,Loek,0.0361531,5431605,5483572
dutch,M,0,Lorenzo,0.0331812,5483572,5531267
dutch,M,0,Luc,0.0189482,5531267,5558504
dutch,M,0,Luca,0.00881107,5558504,5571170
dutch,M,0,Lucas,0.00938496,5571170,5584661
dutch,M,0,Luka,0.0111369,5584661,5600670
dutch,M,0,Lukas,0.00763899,5600670,5611651
dutch,M,0,Luke,0.0105606,5611651,5626832
dutch,M,0,Luuk,0.0145461,5626832,5647741
dutch,M,0,Maarten,0.00715428,5647741,5658025
dutch,M,0,Mads,0.0741745,5658025,5764643
dutch,M,0,Marijn,0.00702381,5764643,5774740
dutch,M,0,Marinus,0.0267073,5774740,5813130
dutch,M,0,Mark,0.0454752,5813130,5878496
dutch,M,0,Mart,0.234924,5878496,6216171
dutch,M,0,Mason,0.0143121,6216171,6236744
dutch,M,0,Mathijs,0.0551892,6236744,6316073
dutch,M,0,Mats,0.0126914,6316073,6334316
dutch,M,0,Matthias,0.0159929,6334316,6357305
dutch,M,0,Matthijs,0.173545,6357305,6606755
dutch,M,0,Maurits,0.0247288,6606755,6642301
dutch,M,0,Max,0.0140859,6642301,6662549
dutch,M,0,Maxim,0.0172529,6662549,6687349
dutch,M,0,Mees,0.0824692,6687349,6805889
dutch,M,0,Mehmet,0.0103823,6805889,6820813
dutch,M,0,Melle,0.0170841,6820813,6845370
dutch,M,0,Merijn,0.0285494,6845370,6886407
dutch,M,0,Micha,0.00962733,6886407,6900246
dutch,M,0,Michael,0.0109376,6900246,6915968
dutch,M,0,Mick,0.038781,6915968,6971712
dutch,M,0,Mika,0.372041,6971712,7506476
dutch,M,0,Mike,0.0115595,7506476,7523092
dutch,M,0,Milan,0.0295752,7523092,7565604
dutch,M,0,Milo,0.0139756,7565604,7585693
dutch,M,0,Mohamed,0.020052,7585693,7614516
dutch,M,0,Mohammed,0.03188,7614516,7660341
dutch,M,0,Morris,0.0130593,7660341,7679113
dutch,M,0,Muhammed,0.0338749,7679113,7727805
dutch,M,0,Mustafa,0.00731778,7727805,7738324
dutch,M,0,Nathan,0.0100987,7738324,7752841
dutch,M,0,Naud,0.0181531,7752841,7778935
dutch,M,0,Nick,0.00948034,7778935,7792563
dutch,M,0,Niek,0.0177814,7792563,7818123
dutch,M,0,Niels,0.0122612,7818123,7835748
dutch,M,0,Noah,0.0468372,7835748,7903072
dutch,M,0,Noud,0.00849323,7903072,7915281
dutch,M,0,Nout,0.00902283,7915281,7928251
dutch,M,0,Olaf,0.00838018,7928251,7940297
dutch,M,0,Olivier,0.0118607,7940297,7957346
dutch,M,0,Oscar,0.00751879,7957346,7968154
dutch,M,0,Owen,0.00906647,7968154,7981187
dutch,M,0,Pepijn,0.0113441,7981187,7997494
dutch,M,0,Philip,0.0147883,7997494,8018751
dutch,M,0,Pieter,0.0088945,8018751,8031537
dutch,M,0,Pim,0.00911057,8031537,8044633
dutch,M,0,Quinn,0.0073458,8044633,8055193
dutch,M,0,Quinten,0.0129653,8055193,8073830
dutch,M,0,Raf,0.0594901,8073830,8159341
dutch,M,0,Rafael,0.0353586,8159341,8210166
dutch,M,0,Ravi,0.0280641,8210166,8250506
dutch,M,0,Rayan,0.00885258,8250506,8263231
dutch,M,0,Rens,0.00795803,8263231,8274671
dutch,M,0,Rick,0.0108088,8274671,8290208
dutch,M,0,Rik,0.0094324,8290208,8303767
dutch,M,0,Riley,0.00710148,8303767,8313976
dutch,M,0,Roan,0.0082343,8313976,8325813
dutch,M,0,Robin,0.0167566,8325813,8349899
dutch,M,0,Rowan,0.0706516,8349899,8451453
dutch,M,0,Ruben,0.0378612,8451453,8505875
dutch,M,0,Ryan,0.00776331,8505875,8517035
dutch,M,0,Sam,0.0290527,8517035,8558796
dutch,M,0,Sami,0.0325169,8558796,8605536
dutch,M,0,Samuel,0.00920013,8605536,8618761
dutch,M,0,Sander,0.0152992,8618761,8640753
dutch,M,0,Sebastiaan,0.0119385,8640753,8657914
dutch,M,0,Sem,0.0407698,8657914,8716517
dutch,M,0,Senn,0.00897962,8716517,8729425
dutch,M,0,Senna,0.00773183,8729425,8740540
dutch,M,0,Sep,0.00782709,8740540,8751791
dutch,M,0,Sepp,0.0645658,8751791,8844597
dutch,M,0,Seth,0.0514959,8844597,8918617
dutch,M,0,Siem,0.00876998,8918617,8931224
dutch,M,0,Sil,0.00868898,8931224,8943714
dutch,M,0,Simon,0.0158489,8943714,8966496
dutch,M,0,Sjoerd,0.00893685,8966496,8979343
dutch,M,0,Stan,0.021848,8979343,9010748
dutch,M,0,Stef,0.0306819,9010748,9054851
dutch,M,0,Stefan,0.0085704,9054851,9067171
dutch,M,0,Sten,0.025482,9067171,9103799
dutch,M,0,Stijn,0.0210382,9103799,9134040
dutch,M,0,Sven,0.00853163,9134040,9146304
dutch,M,0,Teun,0.019374,9146304,9174153
dutch,M,0,Thijmen,0.0137605,9174153,9193933
dutch,M,0,Thijn,0.0105005,9193933,9209027
dutch,M,0,Thijs,0.016442,9209027,9232661
dutch,M,0,Thom,0.0169186,9232661,9256980
dutch,M,0,Thomas,0.0187426,9256980,9283921
dutch,M,0,Ties,0.00929157,9283921,9297277
dutch,M,0,Tijmen,0.0128726,9297277,9315781
dutch,M,0,Tijn,0.0098833,9315781,9329988
dutch,M,0,Tijs,0.0198205,9329988,9358479
dutch,M,0,Tim,0.0106215,9358479,9373747
dutch,M,0,Timo,0.0103242,9373747,9388588
dutch,M,0,Tobias,0.00830657,9388588,9400529
dutch,M,0,Tom,0.00694791,9400529,9410517
dutch,M,0,Tristan,0.0498377,9410517,9482153
dutch,M,0,Twan,0.0112741,9482153,9498359
dutch,M,0,Tycho,0.0135521,9498359,9517840
dutch,M,0,Tygo,0.0250994,9517840,9553918
dutch,M,0,Tyler,0.0221328,9553918,9585732
dutch,M,0,Valentijn,0.0418474,9585732,9645884
dutch,M,0,Victor,0.0312689,9645884,9690830
dutch,M,0,Vigo,0.0146662,9690830,9711912
dutch,M,0,Vince,0.0114149,9711912,9728321
dutch,M,0,Vincent,0.0240211,9728321,9762849
dutch,M,0,Wesley,0.00819866,9762849,9774635
dutch,M,0,Wessel,0.0258771,9774635,9811831
dutch,M,0,Willem,0.00802525,9811831,9823367
dutch,M,0,Wout,0.00841751,9823367,9835467
dutch,M,0,Wouter,0.00757839,9835467,9846361
dutch,M,0,Xavi,0.0572545,9846361,9928658
dutch,M,0,Yassin,0.0124296,9928658,9946525
dutch,M,0,Youssef,0.0174254,9946525,9971573
dutch,M,0,Yusuf,0.0123448,9971573,9989318
dutch,M,0,Zakaria,0.00743123,9989318,10000000
croatian,M,0,Aldo,0.0157076,0,28462
croatian,M,0,Alen,0.019374,28462,63567
croatian,M,0,Andrija,0.0162894,63567,93083
croatian,M,0,Ante,0.0994148,93083,273216
croatian,M,0,Anto,0.0285494,273216,324946
croatian,M,0,Anton,0.0202893,324946,361710
croatian,M,0,Antonio,0.535887,361710,1332695
croatian,M,0,Antun,0.0195946,1332695,1368200
croatian,M,0,Boris,0.020052,1368200,1404534
croatian,M,0,Bozo,0.0243695,1404534,1448691
croatian,M,0,Branko,0.0346,1448691,1511384
croatian,M,0,Bruno,0.153893,1511384,1790227
croatian,M,0,Dalibor,0.0183452,1790227,1823468
croatian,M,0,Damir,0.0741745,1823468,1957867
croatian,M,0,Danijel,0.0258771,1957867,2004755
croatian,M,0,Dario,0.027596,2004755,2054758
croatian,M,0,Darko,0.0468372,2054758,2139624
croatian,M,0,David,0.0290527,2139624,2192266
croatian,M,0,Davor,0.0594901,2192266,2300058
croatian,M,0,Dejan,0.0824692,2300058,2449487
croatian,M,0,Denis,0.0210382,2449487,2487608
croatian,M,0,Dino,0.0247288,2487608,2532416
croatian,M,0,Domagoj,0.0619184,2532416,2644608
croatian,M,0,Dominik,0.0174254,2644608,2676182
croatian,M,0,Dragan,0.0172529,2676182,2707444
croatian,M,0,Dragutin,0.0532751,2707444,2803975
croatian,M,0,Drazen,0.0150392,2803975,2831226
croatian,M,0,Duje,0.0185417,2831226,2864823
croatian,M,0,Duro,0.0221328,2864823,2904927
croatian,M,0,Dusan,0.016442,2904927,2934720
croatian,M,0,Elvis,0.0325169,2934720,2993639
croatian,M,0,Erik,0.0230362,2993639,3035380
croatian,M,0,Filip,0.0301178,3035380,3089952
croatian,M,0,Fran,0.0441942,3089952,3170029
croatian,M,0,Franjo,0.0312689,3170029,3226687
croatian,M,0,Goran,0.0930004,3226687,3395197
croatian,M,0,Hrvoje,0.015168,3395197,3422681
croatian,M,0,Igor,0.287175,3422681,3943020
croatian,M,0,Ilija,0.0170841,3943020,3973976
croatian,M,0,Ivan,0.0306819,3973976,4029570
croatian,M,0,Ivica,0.0674641,4029570,4151811
croatian,M,0,Ivo,0.0295752,4151811,4205400
croatian,M,0,Jakov,0.0551892,4205400,4305399
croatian,M,0,Janko,0.0262853,4305399,4353027
croatian,M,0,Josip,0.0154329,4353027,4380991
croatian,M,0,Josko,0.0331812,4380991,4441114
croatian,M,0,Joso,0.0418474,4441114,4516939
croatian,M,0,Jozo,0.0181531,4516939,4549832
croatian,M,0,Juraj,0.0161397,4549832,4579077
croatian,M,0,Jure,0.0176015,4579077,4610970
croatian,M,0,Karlo,0.03188,4610970,4668735
croatian,M,0,Kristijan,0.0454752,4668735,4751133
croatian,M,0,Leon,0.0205326,4751133,4788338
croatian,M,0,Lovre,0.0706516,4788338,4916354
croatian,M,0,Lovro,0.0158489,4916354,4945072
croatian,M,0,Luka,0.0874013,4945072,5103437
croatian,M,0,Marijan,0.0179652,5103437,5135990
croatian,M,0,Marin,0.0407698,5135990,5209863
croatian,M,0,Mario,0.0498377,5209863,5300166
croatian,M,0,Marko,0.021848,5300166,5339754
croatian,M,0,Martin,0.0167566,5339754,5370117
croatian,M,0,Mate,0.0227265,5370117,5411297
croatian,M,0,Matej,0.0189482,5411297,5445631
croatian,M,0,Mateo,0.038781,5445631,5515900
croatian,M,0,Matija,0.025482,5515900,5562072
croatian,M,0,Mato,0.0780901,5562072,5703566
croatian,M,0,Mihael,0.0338749,5703566,5764946
croatian,M,0,Mijo,0.0514959,5764946,5858253
croatian,M,0,Milan,0.0250994,5858253,5903732
croatian,M,0,Mile,0.0353586,5903732,5967800
croatian,M,0,Mirko,0.015569,5967800,5996011
croatian,M,0,Miroslav,0.0280641,5996011,6046862
croatian,M,0,Mislav,0.0152992,6046862,6074584
croatian,M,0,Mladen,0.027144,6074584,6123768
croatian,M,0,Nenad,0.115544,6123768,6333125
croatian,M,0,Niko,0.0159929,6333125,6362104
croatian,M,0,Nikola,0.138415,6362104,6612901
croatian,M,0,Niksa,0.0169186,6612901,6643557
croatian,M,0,Patrik,0.0165977,6643557,6673632
croatian,M,0,Pavao,0.0482883,6673632,6761128
croatian,M,0,Pero,0.234924,6761128,7186792
croatian,M,0,Petar,0.0361531,7186792,7252300
croatian,M,0,Robert,0.0236831,7252300,7295213
croatian,M,0,Roko,0.0207822,7295213,7332870
croatian,M,0,Romano,0.0369864,7332870,7399887
croatian,M,0,Rudolf,0.0191586,7399887,7434602
croatian,M,0,Sasa,0.0645658,7434602,7551591
croatian,M,0,Sime,0.173545,7551591,7866042
croatian,M,0,Sinisa,0.0198205,7866042,7901956
croatian,M,0,Slavko,0.0215709,7901956,7941042
croatian,M,0,Stjepan,0.042987,7941042,8018932
croatian,M,0,Tomislav,0.125893,8018932,8247040
croatian,M,0,Tomo,0.0177814,8247040,8279259
croatian,M,0,Toni,0.021301,8279259,8317856
croatian,M,0,Valter,0.372041,8317856,8991966
croatian,M,0,Vedran,0.0267073,8991966,9040359
croatian,M,0,Viktor,0.0378612,9040359,9108962
croatian,M,0,Vjekoslav,0.0240211,9108962,9152487
croatian,M,0,Vladimir,0.106841,9152487,9346075
croatian,M,0,Vlado,0.0397491,9346075,9418098
croatian,M,0,Zdravko,0.0224255,9418098,9458732
croatian,M,0,Zeljko,0.199372,9458732,9819979
croatian,M,0,Zlatko,0.0572545,9819979,9923721
croatian,M,0,Zoran,0.0233549,9923721,9966039
croatian,M,0,Zvonko,0.0187426,9966039,10000000
spanish,M,0,Aaron,0.0064188,0,8060
spanish,M,0,Abel,0.00519951,8060,14589
spanish,M,0,Abilio,0.00445138,14589,20179
spanish,M,0,Abraham,0.00511945,20179,26608
spanish,M,0,Adalberto,0.00849323,26608,37273
spanish,M,0,Adan,0.0240211,37273,67433
spanish,M,0,Adelardo,0.00447101,67433,73047
spanish,M,0,Adolfo,0.0085704,73047,83808
spanish,M,0,Adrian,0.0185417,83808,107089
spanish,M,0,Agapito,0.0780901,107089,205134
spanish,M,0,Agustin,0.0930004,205134,321899
spanish,M,0,Aitor,0.0181531,321899,344692
spanish,M,0,Albano,0.00416026,344692,349916
spanish,M,0,Albert,0.00515916,349916,356394
spanish,M,0,Alberto,0.0202893,356394,381869
spanish,M,0,Albino,0.03188,381869,421896
spanish,M,0,Alcides,0.00532469,421896,428582
spanish,M,0,Ale,0.00550186,428582,435491
spanish,M,0,Alejandro,0.00473283,435491,441434
spanish,M,0,Alejo,0.00469971,441434,447336
spanish,M,0,Alex,0.00972802,447336,459551
spanish,M,0,Alfonso,0.00574166,459551,466761
spanish,M,0,Alfredo,0.0454752,466761,523857
spanish,M,0,Alonso,0.00506751,523857,530220
spanish,M,0,Alvaro,0.00740252,530220,539515
spanish,M,0,Amado,0.00434656,539515,544973
spanish,M,0,Amador,0.00589645,544973,552377
spanish,M,0,Amancio,0.0397491,552377,602284
spanish,M,0,Amando,0.0498377,602284,664858
spanish,M,0,Amaro,0.0874013,664858,774594
spanish,M,0,Ambrosio,0.0122612,774594,789989
spanish,M,0,Americo,0.0170841,789989,811440
spanish,M,0,Amilcar,0.00652648,811440,819635
spanish,M,0,Amor,0.027144,819635,853716
spanish,M,0,Anacleto,0.00478914,853716,859730
spanish,M,0,Anastasio,0.0674641,859730,944434
spanish,M,0,Andres,0.00452091,944434,950111
spanish,M,0,Angel,0.0572545,950111,1021997
spanish,M,0,Angelino,0.00802525,1021997,1032074
spanish,M,0,Anibal,0.0107456,1032074,1045566
spanish,M,0,Anselmo,0.0195946,1045566,1070169
spanish,M,0,Antonio,0.00567558,1070169,1077296
spanish,M,0,Apolinar,0.00418583,1077296,1082552
spanish,M,0,Ariel,0.00707539,1082552,1091436
spanish,M,0,Aristides,0.106841,1091436,1225578
spanish,M,0,Armando,0.0378612,1225578,1273115
spanish,M,0,Arsenio,0.00466708,1273115,1278976
spanish,M,0,Artemio,0.00924561,1278976,1290585
spanish,M,0,Arturo,0.00607914,1290585,1298219
spanish,M,0,Asdrubal,0.00541175,1298219,1305015
spanish,M,0,Atilio,0.0128726,1305015,1321178
spanish,M,0,Augusto,0.00675371,1321178,1329658
spanish,M,0,Aureliano,0.00697301,1329658,1338414
spanish,M,0,Aurelio,0.00446117,1338414,1344016
spanish,M,0,Baldomero,0.00504195,1344016,1350347
spanish,M,0,Balduino,0.0102101,1350347,1363167
spanish,M,0,Baltasar,0.00531047,1363167,1369835
spanish,M,0,Bartolome,0.0100439,1369835,1382446
spanish,M,0,Basilio,0.00682518,1382446,1391016
spanish,M,0,Baudelio,0.00584388,1391016,1398354
spanish,M,0,Bautista,0.0127813,1398354,1414402
spanish,M,0,Benigno,0.173545,1414402,1632293
spanish,M,0,Benito,0.0117838,1632293,1647089
spanish,M,0,Benjamin,0.00562706,1647089,1654155
spanish,M,0,Bernabe,0.00694791,1654155,1662879
spanish,M,0,Bernardino,0.00609806,1662879,1670536
spanish,M,0,Bernardo,0.00525437,1670536,1677134
spanish,M,0,Berto,0.0227265,1677134,1705669
spanish,M,0,Blas,0.0048586,1705669,1711770
spanish,M,0,Bonifacio,0.00805931,1711770,1721890
spanish,M,0,Borja,0.0095778,1721890,1733916
spanish,M,0,Bruno,0.00536785,1733916,1740656
spanish,M,0,Buenaventura,0.00983096,1740656,1753000
spanish,M,0,Calisto,0.0110032,1753000,1766816
spanish,M,0,Calixto,0.015569,1766816,1786364
spanish,M,0,Camilo,0.0114868,1786364,1800787
spanish,M,0,Candelario,0.0138672,1800787,1818199
spanish,M,0,Candido,0.00726241,1818199,1827318
spanish,M,0,Carlito,0.0063148,1827318,1835247
spanish,M,0,Carlos,0.00421175,1835247,1840536
spanish,M,0,Carmelo,0.0824692,1840536,1944079
spanish,M,0,Casemiro,0.00463492,1944079,1949899
spanish,M,0,Cayetano,0.0116333,1949899,1964506
spanish,M,0,Cebrian,0.00845519,1964506,1975123
spanish,M,0,Cecilio,0.00782709,1975123,1984951
spanish,M,0,Ceferino,0.00623413,1984951,1992779
spanish,M,0,Celestino,0.00938496,1992779,2004563
spanish,M,0,Celso,0.0161397,2004563,2024828
spanish,M,0,Cesar,0.0368821,2024828,2071135
spanish,M,0,Che,0.0706516,2071135,2159841
spanish,M,0,Chema,0.0097792,2159841,2172120
spanish,M,0,Chucho,0.0230362,2172120,2201044
spanish,M,0,Chus,0.00633531,2201044,2208999
spanish,M,0,Chuy,0.0137605,2208999,2226277
spanish,M,0,Cipriano,0.0125156,2226277,2241992
spanish,M,0,Ciriaco,0.0207601,2241992,2268058
spanish,M,0,Cirino,0.0306819,2268058,2306581
spanish,M,0,Ciro,0.0441942,2306581,2362069
spanish,M,0,Claudio,0.00518599,2362069,2368581
spanish,M,0,Clemente,0.00902283,2368581,2379910
spanish,M,0,Cleto,0.0418474,2379910,2432452
spanish,M,0,Climaco,0.0146662,2432452,2450867
spanish,M,0,Conrado,0.00712778,2450867,2459817
spanish,M,0,Cornelio,0.0139756,2459817,2477365
spanish,M,0,Cosme,0.00876998,2477365,2488377
spanish,M,0,Cristian,0.00654847,2488377,2496600
spanish,M,0,Cristobal,0.0057923,2496600,2503873
spanish,M,0,Cruz,0.0105606,2503873,2517133
spanish,M,0,Curro,0.00841751,2517133,2527702
spanish,M,0,Custodio,0.00457199,2527702,2533443
spanish,M,0,Damian,0.00577531,2533443,2540695
spanish,M,0,Dan,0.0189482,2540695,2564486
spanish,M,0,Dani,0.00893685,2564486,2575707
spanish,M,0,Daniel,0.00646142,2575707,2583821
spanish,M,0,Danilo,0.0157076,2583821,2603543
spanish,M,0,Dario,0.0312689,2603543,2642803
spanish,M,0,David,0.00929157,2642803,2654470
spanish,M,0,Demetrio,0.0108088,2654470,2668042
spanish,M,0,Desiderio,0.0109376,2668042,2681775
spanish,M,0,Diego,0.535887,2681775,3354596
spanish,M,0,Dimas,0.00723506,3354596,3363681
spanish,M,0,Dionisio,0.0176015,3363681,3385781
spanish,M,0,Domingo,0.0191586,3385781,3409836
spanish,M,0,Donato,0.00496688,3409836,3416073
spanish,M,0,Duilio,0.0126029,3416073,3431897
spanish,M,0,Edelmiro,0.00488223,3431897,3438028
spanish,M,0,Edgar,0.00453103,3438028,3443718
spanish,M,0,Edgardo,0.00657062,3443718,3451969
spanish,M,0,Edmundo,0.0183452,3451969,3475003
spanish,M,0,Edu,0.00673023,3475003,3483454
spanish,M,0,Eduardo,0.0247288,3483454,3514503
spanish,M,0,Efrain,0.00424683,3514503,3519836
spanish,M,0,Eladio,0.0114149,3519836,3534169
spanish,M,0,Eleuterio,0.0118607,3534169,3549061
spanish,M,0,Elias,0.0136555,3549061,3566207
spanish,M,0,Eligio,0.234924,3566207,3861161
spanish,M,0,Eliseo,0.00564314,3861161,3868247
spanish,M,0,Eloy,0.00731778,3868247,3877436
spanish,M,0,Elpidio,0.00522679,3877436,3883999
spanish,M,0,Emigdio,0.0233549,3883999,3913323
spanish,M,0,Emiliano,0.00689826,3913323,3921985
spanish,M,0,Emilio,0.115544,3921985,4067054
spanish,M,0,Enrique,0.0115595,4067054,4081568
spanish,M,0,Epifanio,0.025482,4081568,4113562
spanish,M,0,Erasmo,0.0167566,4113562,4134601
spanish,M,0,Eric,0.00474398,4134601,4140558
spanish,M,0,Ernesto,0.00464559,4140558,4146392
spanish,M,0,Espiridion,0.00510636,4146392,4152804
spanish,M,0,Esteban,0.00748936,4152804,4162208
spanish,M,0,Eugenio,0.027596,4162208,4196856
spanish,M,0,Eusebio,0.0070495,4196856,4205708
spanish,M,0,Eustaquio,0.010441,4205708,4218818
spanish,M,0,Eutimio,0.00499164,4218818,4225086
spanish,M,0,Eutropio,0.0062143,4225086,4232889
spanish,M,0,Evaristo,0.00763899,4232889,4242481
spanish,M,0,Ezequiel,0.0041518,4242481,4247695
spanish,M,0,Fabian,0.0120976,4247695,4262885
spanish,M,0,Fabio,0.00514585,4262885,4269347
spanish,M,0,Fabricio,0.0338749,4269347,4311879
spanish,M,0,Faustino,0.0482883,4311879,4372507
spanish,M,0,Fausto,0.0111369,4372507,4386491
spanish,M,0,Federico,0.0088945,4386491,4397659
spanish,M,0,Feliciano,0.00556372,4397659,4404645
spanish,M,0,Felipe,0.0117081,4404645,4419346
spanish,M,0,Felix,0.0135296,4419346,4436334
spanish,M,0,Fermin,0.0102668,4436334,4449225
spanish,M,0,Fernando,0.0059142,4449225,4456651
spanish,M,0,Fidel,0.00524055,4456651,4463232
spanish,M,0,Fito,0.005339,4463232,4469936
spanish,M,0,Flavio,0.287175,4469936,4830492
spanish,M,0,Florencio,0.00853163,4830492,4841205
spanish,M,0,Florentino,0.0101541,4841205,4853955
spanish,M,0,Fortunato,0.00557941,4853955,4860961
spanish,M,0,Francisco,0.00872928,4860961,4871922
spanish,M,0,Fulgencio,0.00920013,4871922,4883474
spanish,M,0,Gabino,0.00467791,4883474,4889348
spanish,M,0,Gabriel,0.0150392,4889348,4908231
spanish,M,0,Galo,0.0258771,4908231,4940721
spanish,M,0,Gaspar,0.00827027,4940721,4951106
spanish,M,0,Gaston,0.0124296,4951106,4966713
spanish,M,0,Geraldo,0.00838018,4966713,4977236
spanish,M,0,Gerardo,0.00575843,4977236,4984467
spanish,M,0,German,0.00501666,4984467,4990767
spanish,M,0,Geronimo,0.00572499,4990767,4997956
spanish,M,0,Gervasio,0.00637677,4997956,5005963
spanish,M,0,Gil,0.00494238,5005963,5012169
spanish,M,0,Gilberto,0.0145461,5012169,5030433
spanish,M,0,Glauco,0.0994148,5030433,5155252
spanish,M,0,Godofredo,0.00799149,5155252,5165287
spanish,M,0,Gonzalo,0.00491814,5165287,5171463
spanish,M,0,Goyo,0.00455141,5171463,5177178
spanish,M,0,Graciano,0.0143121,5177178,5195148
spanish,M,0,Gregorio,0.0050547,5195148,5201495
spanish,M,0,Guadalupe,0.0551892,5201495,5270787
spanish,M,0,Guillermo,0.00521312,5270787,5277333
spanish,M,0,Guiomar,0.00948034,5277333,5289237
spanish,M,0,Gustavo,0.0131548,5289237,5305754
spanish,M,0,Haroldo,0.00860955,5305754,5316565
spanish,M,0,Hector,0.0212669,5316565,5343267
spanish,M,0,Heliodoro,0.153893,5343267,5536485
spanish,M,0,Heraclio,0.00441265,5536485,5542026
spanish,M,0,Herberto,0.00760856,5542026,5551580
spanish,M,0,Heriberto,0.00819866,5551580,5561875
spanish,M,0,Hermenegildo,0.00442227,5561875,5567428
spanish,M,0,Herminio,0.00998976,5567428,5579971
spanish,M,0,Hernan,0.00472174,5579971,5585900
spanish,M,0,Hernando,0.00458235,5585900,5591654
spanish,M,0,Hilario,0.00702381,5591654,5600474
spanish,M,0,Hipolito,0.004238,5600474,5605796
spanish,M,0,Horacio,0.0126914,5605796,5621731
spanish,M,0,Hugo,0.00915512,5621731,5633227
spanish,M,0,Humberto,0.0159929,5633227,5653308
spanish,M,0,Iban,0.0514959,5653308,5717963
spanish,M,0,Ignacio,0.00602309,5717963,5725526
spanish,M,0,Iker,0.0141981,5725526,5743353
spanish,M,0,Ildefonso,0.015168,5743353,5762398
spanish,M,0,Inigo,0.00715428,5762398,5771381
spanish,M,0,Inocencio,0.00666084,5771381,5779745
spanish,M,0,Isaac,0.00477776,5779745,5785745
spanish,M,0,Isaias,0.00881107,5785745,5796809
spanish,M,0,Isidoro,0.00604165,5796809,5804395
spanish,M,0,Isidro,0.00509334,5804395,5810791
spanish,M,0,Ismael,0.00489414,5810791,5816937
spanish,M,0,Ivan,0.00456168,5816937,5822665
spanish,M,0,Jacinto,0.0120175,5822665,5837754
spanish,M,0,Jacobo,0.00648295,5837754,5845895
spanish,M,0,Jafet,0.00606033,5845895,5853505
spanish,M,0,Jaime,0.0047107,5853505,5859420
spanish,M,0,Javi,0.00596812,5859420,5866914
spanish,M,0,Javier,0.0346,5866914,5910356
spanish,M,0,Jenaro,0.0169186,5910356,5931599
spanish,M,0,Jeremias,0.016442,5931599,5952243
spanish,M,0,Jeronimo,0.00593206,5952243,5959692
spanish,M,0,Jesus,0.0098833,5959692,5972102
spanish,M,0,Joan,0.0149126,5972102,5990826
spanish,M,0,Joaquin,0.0361531,5990826,6036218
spanish,M,0,Joel,0.0049546,6036218,6042440
spanish,M,0,Jonatan,0.00911057,6042440,6053880
spanish,M,0,Jordan,0.0061363,6053880,6061585
spanish,M,0,Jordi,0.00687372,6061585,6070216
spanish,M,0,Jorge,0.00438407,6070216,6075721
spanish,M,0,Jose,0.0121557,6075721,6090984
spanish,M,0,Josep,0.00751879,6090984,6100425
spanish,M,0,Josue,0.0243695,6100425,6131023
spanish,M,0,Juan,0.00439355,6131023,6136540
spanish,M,0,Juanito,0.0078594,6136540,6146409
spanish,M,0,Julian,0.00993623,6146409,6158885
spanish,M,0,Julio,0.00551719,6158885,6165813
spanish,M,0,Kike,0.0152992,6165813,6185023
spanish,M,0,Lalo,0.0741745,6185023,6278152
spanish,M,0,Lazaro,0.00548662,6278152,6285042
spanish,M,0,Leandro,0.0267073,6285042,6318575
spanish,M,0,Leocadio,0.00454119,6318575,6324278
spanish,M,0,Leon,0.0165977,6324278,6345118
spanish,M,0,Leonardo,0.00569195,6345118,6352265
spanish,M,0,Leoncio,0.0158489,6352265,6372165
spanish,M,0,Leonel,0.0179652,6372165,6394722
spanish,M,0,Leopoldo,0.00484688,6394722,6400808
spanish,M,0,Lino,0.021848,6400808,6428240
spanish,M,0,Lisandro,0.00582658,6428240,6435556
spanish,M,0,Lope,0.0108728,6435556,6449208
spanish,M,0,Lorenzo,0.00417727,6449208,6454454
spanish,M,0,Loreto,0.0205326,6454454,6480234
spanish,M,0,Lucas,0.00650464,6480234,6488402
spanish,M,0,Lucho,0.00493023,6488402,6494593
spanish,M,0,Luciano,0.00670693,6494593,6503015
spanish,M,0,Lucio,0.0113441,6503015,6517259
spanish,M,0,Luis,0.0252471,6517259,6548958
spanish,M,0,Lupe,0.00663804,6548958,6557293
spanish,M,0,Macario,0.00460323,6557293,6563073
spanish,M,0,Manolo,0.00639771,6563073,6571107
spanish,M,0,Manu,0.00475519,6571107,6577078
spanish,M,0,Manuel,0.00547147,6577078,6583949
spanish,M,0,Marc,0.0110696,6583949,6597848
spanish,M,0,Marcelino,0.0073458,6597848,6607072
spanish,M,0,Marcelo,0.0100987,6607072,6619752
spanish,M,0,Marcial,0.0280641,6619752,6654988
spanish,M,0,Marciano,0.125893,6654988,6813050
spanish,M,0,Marcio,0.0295752,6813050,6850183
spanish,M,0,Marco,0.00461374,6850183,6855977
spanish,M,0,Marcos,0.00419443,6855977,6861244
spanish,M,0,Maria,0.00770062,6861244,6870913
spanish,M,0,Mariano,0.00952881,6870913,6882878
spanish,M,0,Marino,0.0103823,6882878,6895914
spanish,M,0,Mario,0.00528227,6895914,6902547
spanish,M,0,Martin,0.0107437,6902547,6916037
spanish,M,0,Mateo,0.00962733,6916037,6928125
spanish,M,0,Matias,0.00481206,6928125,6934168
spanish,M,0,Mauricio,0.0147883,6934168,6952736
spanish,M,0,Maxi,0.00570842,6952736,6959904
spanish,M,0,Maximiano,0.00627419,6959904,6967782
spanish,M,0,Maximiliano,0.00535338,6967782,6974504
spanish,M,0,Maximino,0.00635597,6974504,6982485
spanish,M,0,Maximo,0.0221328,6982485,7010274
spanish,M,0,Melchor,0.00611712,7010274,7017955
spanish,M,0,Miguel,0.0130593,7017955,7034352
spanish,M,0,Modesto,0.00816335,7034352,7044602
spanish,M,0,Mohamed,0.00430973,7044602,7050014
spanish,M,0,Moises,0.00553261,7050014,7056961
spanish,M,0,Moreno,0.042987,7056961,7110933
spanish,M,0,Nacho,0.00443193,7110933,7116498
spanish,M,0,Nacio,0.00468878,7116498,7122386
spanish,M,0,Nando,0.00432806,7122386,7127821
spanish,M,0,Narciso,0.0468372,7127821,7186627
spanish,M,0,Natalio,0.00526828,7186627,7193242
spanish,M,0,Natanael,0.00661541,7193242,7201549
spanish,M,0,Nazaret,0.00483521,7201549,7207621
spanish,M,0,Nazario,0.0061946,7207621,7215400
spanish,M,0,Nestor,0.00617504,7215400,7223154
spanish,M,0,Nicanor,0.00425569,7223154,7228498
spanish,M,0,Nico,0.00459277,7228498,7234265
spanish,M,0,Nicodemo,0.020052,7234265,7259442
spanish,M,0,Nicolas,0.0133504,7259442,7276205
spanish,M,0,Nilo,0.00776331,7276205,7285953
spanish,M,0,Noe,0.199372,7285953,7536271
spanish,M,0,Norberto,0.019374,7536271,7560597
spanish,M,0,Octavio,0.00789198,7560597,7570507
spanish,M,0,Olegario,0.0645658,7570507,7651572
spanish,M,0,Omar,0.00565931,7651572,7658678
spanish,M,0,Onofre,0.00502927,7658678,7664993
spanish,M,0,Oscar,0.0112051,7664993,7679062
spanish,M,0,Osvaldo,0.00430062,7679062,7684463
spanish,M,0,Ovidio,0.0096774,7684463,7696614
spanish,M,0,Pablo,0.0132518,7696614,7713253
spanish,M,0,Paco,0.00539703,7713253,7720030
spanish,M,0,Pancho,0.00554812,7720030,7726997
spanish,M,0,Panfilo,0.0172529,7726997,7748660
spanish,M,0,Pascual,0.0162894,7748660,7769113
spanish,M,0,Pastor,0.00580938,7769113,7776408
spanish,M,0,Patricio,0.00500412,7776408,7782692
spanish,M,0,Paulino,0.00416874,7782692,7787927
spanish,M,0,Pedro,0.00684935,7787927,7796528
spanish,M,0,Pelayo,0.00595003,7796528,7803999
spanish,M,0,Pepe,0.038781,7803999,7852691
spanish,M,0,Pepito,0.0044809,7852691,7858318
spanish,M,0,Pio,0.00868898,7858318,7869228
spanish,M,0,Placido,0.00885258,7869228,7880344
spanish,M,0,Plinio,0.0106215,7880344,7893681
spanish,M,0,Poncio,0.00544144,7893681,7900514
spanish,M,0,Porfirio,0.00830657,7900514,7910944
spanish,M,0,Primitivo,0.0224255,7910944,7939101
spanish,M,0,Prudencio,0.0301178,7939101,7976916
spanish,M,0,Quique,0.00437463,7976916,7982409
spanish,M,0,Quirino,0.00508039,7982409,7988789
spanish,M,0,Rafa,0.00449083,7988789,7994428
spanish,M,0,Rafael,0.0112741,7994428,8008584
spanish,M,0,Raimundo,0.0215709,8008584,8035668
spanish,M,0,Ramiro,0.0106832,8035668,8049082
spanish,M,0,Ramon,0.0285494,8049082,8084928
spanish,M,0,Raul,0.00933802,8084928,8096653
spanish,M,0,Regulo,0.00487039,8096653,8102769
spanish,M,0,Reinaldo,0.0177814,8102769,8125095
spanish,M,0,Remigio,0.0053824,8125095,8131854
spanish,M,0,Renato,0.0262853,8131854,8164857
spanish,M,0,Rene,0.00795803,8164857,8174850
spanish,M,0,Reyes,0.00435588,8174850,8180320
spanish,M,0,Reynaldo,0.00480057,8180320,8186348
spanish,M,0,Ricardo,0.00809368,8186348,8196511
spanish,M,0,Rico,0.00517254,8196511,8203006
spanish,M,0,Roberto,0.0331812,8203006,8244667
spanish,M,0,Rodolfo,0.0532751,8244667,8311556
spanish,M,0,Rodrigo,0.00600465,8311556,8319096
spanish,M,0,Rogelio,0.00710148,8319096,8328013
spanish,M,0,Rolando,0.0353586,8328013,8372408
spanish,M,0,Roldan,0.0154329,8372408,8391785
spanish,M,0,Roman,0.00422046,8391785,8397085
spanish,M,0,Romulo,0.0123448,8397085,8412585
spanish,M,0,Roque,0.00680118,8412585,8421125
spanish,M,0,Rosario,0.0055952,8421125,8428151
spanish,M,0,Rosendo,0.00497923,8428151,8434404
spanish,M,0,Ruben,0.0460661,8434404,8492242
spanish,M,0,Rufino,0.00897962,8492242,8503517
spanish,M,0,Ruperto,0.00659293,8503517,8511796
spanish,M,0,Ruy,0.0129653,8511796,8528075
spanish,M,0,Sabas,0.00677735,8528075,8536585
spanish,M,0,Salomon,0.00482361,8536585,8542642
spanish,M,0,Salvador,0.00422921,8542642,8547953
spanish,M,0,Samu,0.00428253,8547953,8553331
spanish,M,0,Samuel,0.00476645,8553331,8559316
spanish,M,0,Sancho,0.00779506,8559316,8569104
spanish,M,0,Sandalio,0.0082343,8569104,8579443
spanish,M,0,Santiago,0.00864907,8579443,8590303
spanish,M,0,Santos,0.0066838,8590303,8598696
spanish,M,0,Saturnino,0.00427355,8598696,8604063
spanish,M,0,Sebastian,0.0636932,8604063,8684033
spanish,M,0,Segismundo,0.00433729,8684033,8689480
spanish,M,0,Sergio,0.00444163,8689480,8695058
spanish,M,0,Seve,0.00440308,8695058,8700587
spanish,M,0,Severiano,0.00692299,8700587,8709280
spanish,M,0,Severino,0.0083432,8709280,8719756
spanish,M,0,Severo,0.0042646,8719756,8725111
spanish,M,0,Sigfrido,0.00462431,8725111,8730918
spanish,M,0,Silvestre,0.00545641,8730918,8737770
spanish,M,0,Silvio,0.00451083,8737770,8743434
spanish,M,0,Simon,0.00757839,8743434,8752950
spanish,M,0,Sosimo,0.0103242,8752950,8765913
spanish,M,0,Tadeo,0.0207822,8765913,8792007
spanish,M,0,Telmo,0.0290527,8792007,8828484
spanish,M,0,Teo,0.0187426,8828484,8852017
spanish,M,0,Teobaldo,0.00746018,8852017,8861384
spanish,M,0,Teodoro,0.00450081,8861384,8867036
spanish,M,0,Teodosio,0.021301,8867036,8893781
spanish,M,0,Teofilo,0.00792486,8893781,8903732
spanish,M,0,Tiburcio,0.00812835,8903732,8913938
spanish,M,0,Timoteo,0.00699832,8913938,8922726
spanish,M,0,Tito,0.00773183,8922726,8932435
spanish,M,0,Tomas,0.00465631,8932435,8938282
spanish,M,0,Toni,0.00728998,8938282,8947436
spanish,M,0,Tono,0.0144281,8947436,8965552
spanish,M,0,Toribio,0.00598632,8965552,8973069
spanish,M,0,Trinidad,0.00429156,8973069,8978458
spanish,M,0,Tristan,0.0134505,8978458,8995346
spanish,M,0,Ulises,0.00743123,8995346,9004677
spanish,M,0,Urbano,0.0250994,9004677,9036191
spanish,M,0,Valentin,0.00625409,9036191,9044044
spanish,M,0,Valerio,0.00587882,9044044,9051426
spanish,M,0,Valero,0.0121788,9051426,9066718
spanish,M,0,Vasco,0.0210382,9066718,9093133
spanish,M,0,Venceslas,0.00490611,9093133,9099294
spanish,M,0,Vicente,0.00431888,9099294,9104717
spanish,M,0,Victor,0.0411084,9104717,9156331
spanish,M,0,Victoriano,0.0119385,9156331,9171321
spanish,M,0,Victorino,0.0369864,9171321,9217759
spanish,M,0,Vidal,0.0619184,9217759,9295500
spanish,M,0,Vinicio,0.00644003,9295500,9303587
spanish,M,0,Virgilio,0.00906647,9303587,9314971
spanish,M,0,Vito,0.372041,9314971,9782079
spanish,M,0,Walter,0.0105005,9782079,9795264
spanish,M,0,Wilfredo,0.00766967,9795264,9804894
spanish,M,0,Xavier,0.138415,9804894,9978678
spanish,M,0,Yago,0.00754846,9978678,9988156
spanish,M,0,Zacarias,0.0094324,9988156,10000000
portuguese,M,0,Alexandre,0.019374,0,34917
portuguese,M,0,Andre,0.0150392,34917,62022
portuguese,M,0,Anthony,0.0262853,62022,109395
portuguese,M,0,Antonio,0.0158489,109395,137959
portuguese,M,0,Antony,0.234924,137959,561345
portuguese,M,0,Apollo,0.125893,561345,788232
portuguese,M,0,Arthur,0.0230362,788232,829749
portuguese,M,0,Asafe,0.0532751,829749,925764
portuguese,M,0,Augusto,0.0674641,925764,1047350
portuguese,M,0,Benicio,0.0902461,1047350,1209995
portuguese,M,0,Benjamim,0.287175,1209995,1727548
portuguese,M,0,Benjamin,0.0250994,1727548,1772784
portuguese,M,0,Bento,0.0285494,1772784,1824237
portuguese,M,0,Bernardo,0.025482,1824237,1870162
portuguese,M,0,Brayan,0.0247288,1870162,1914730
portuguese,M,0,Breno,0.0780901,1914730,2055467
portuguese,M,0,Bruno,0.0619184,2055467,2167059
portuguese,M,0,Bryan,0.0874013,2167059,2324577
portuguese,M,0,Caio,0.0162894,2324577,2353935
portuguese,M,0,Caleb,0.0346,2353935,2416293
portuguese,M,0,Calebe,0.0170841,2416293,2447083
portuguese,M,0,Caua,0.0994148,2447083,2626252
portuguese,M,0,Caue,0.0572545,2626252,2729438
portuguese,M,0,Daniel,0.0338749,2729438,2790489
portuguese,M,0,Danilo,0.0147883,2790489,2817142
portuguese,M,0,Dante,0.0165977,2817142,2847056
portuguese,M,0,Davi,0.106841,2847056,3039608
portuguese,M,0,Diego,0.0174254,3039608,3071013
portuguese,M,0,Diogo,0.0149126,3071013,3097890
portuguese,M,0,Dom,0.0202893,3097890,3134457
portuguese,M,0,Eduardo,0.173545,3134457,3447224
portuguese,M,0,Emanuel,0.020052,3447224,3483363
portuguese,M,0,Enrico,0.0468372,3483363,3567775
portuguese,M,0,Enzo,0.0191586,3567775,3602304
portuguese,M,0,Erick,0.0280641,3602304,3652883
portuguese,M,0,Felipe,0.027144,3652883,3701804
portuguese,M,0,Fernando,0.115544,3701804,3910041
portuguese,M,0,Francisco,0.0236831,3910041,3952724
portuguese,M,0,Gabriel,0.0185417,3952724,3986141
portuguese,M,0,Gael,0.0233549,3986141,4028233
portuguese,M,0,Guilherme,0.0295752,4028233,4081535
portuguese,M,0,Gustavo,0.0551892,4081535,4180999
portuguese,M,0,Heitor,0.0224255,4180999,4221416
portuguese,M,0,Henrique,0.0301178,4221416,4275696
portuguese,M,0,Henry,0.0824692,4275696,4424325
portuguese,M,0,Ian,0.0498377,4424325,4514145
portuguese,M,0,Igor,0.0353586,4514145,4577870
portuguese,M,0,Isaac,0.0152992,4577870,4605444
portuguese,M,0,Isaque,0.0331812,4605444,4665245
portuguese,M,0,Joao,0.0397491,4665245,4736883
portuguese,M,0,Joaquim,0.0267073,4736883,4785017
portuguese,M,0,Jose,0.0240211,4785017,4828309
portuguese,M,0,Josue,0.0290527,4828309,4880669
portuguese,M,0,Juan,0.0205326,4880669,4917674
portuguese,M,0,Kaique,0.0221328,4917674,4957563
portuguese,M,0,Kevin,0.015569,4957563,4985623
portuguese,M,0,Leandro,0.0169186,4985623,5016115
portuguese,M,0,Leo,0.0161397,5016115,5045203
portuguese,M,0,Leonardo,0.0741745,5045203,5178883
portuguese,M,0,Levi,0.0157076,5178883,5207193
portuguese,M,0,Liam,0.0154329,5207193,5235007
portuguese,M,0,Lorenzo,0.535887,5235007,6200795
portuguese,M,0,Luan,0.0514959,6200795,6293603
portuguese,M,0,Lucas,0.021301,6293603,6331993
portuguese,M,0,Lucca,0.0167566,6331993,6362193
portuguese,M,0,Luigi,0.0176015,6362193,6393916
portuguese,M,0,Marcelo,0.027596,6393916,6443651
portuguese,M,0,Mateus,0.0177814,6443651,6475698
portuguese,M,0,Matheus,0.0187426,6475698,6509477
portuguese,M,0,Mathias,0.0407698,6509477,6582954
portuguese,M,0,Matteo,0.0418474,6582954,6658373
portuguese,M,0,Miguel,0.0325169,6658373,6716977
portuguese,M,0,Murilo,0.0172529,6716977,6748072
portuguese,M,0,Nathan,0.0930004,6748072,6915680
portuguese,M,0,Nicolas,0.153893,6915680,7193031
portuguese,M,0,Noah,0.372041,7193031,7863533
portuguese,M,0,Oliver,0.0378612,7863533,7931768
portuguese,M,0,Otavio,0.0594901,7931768,8038983
portuguese,M,0,Otto,0.0369864,8038983,8105642
portuguese,M,0,Paulo,0.0207822,8105642,8143097
portuguese,M,0,Pedro,0.0441942,8143097,8222746
portuguese,M,0,Pietro,0.015168,8222746,8250083
portuguese,M,0,Rael,0.0210382,8250083,8288000
portuguese,M,0,Rafael,0.021848,8288000,8327376
portuguese,M,0,Raul,0.138415,8327376,8576831
portuguese,M,0,Ravi,0.199372,8576831,8936144
portuguese,M,0,Ravy,0.0258771,8936144,8982781
portuguese,M,0,Renan,0.038781,8982781,9052674
portuguese,M,0,Rhavi,0.0215709,9052674,9091550
portuguese,M,0,Rodrigo,0.0227265,9091550,9132509
portuguese,M,0,Ryan,0.0361531,9132509,9197666
portuguese,M,0,Samuel,0.016442,9197666,9227299
portuguese,M,0,Thales,0.0189482,9227299,9261449
portuguese,M,0,Theo,0.0726578,9261449,9392396
portuguese,M,0,Theodoro,0.0159929,9392396,9421220
portuguese,M,0,Thiago,0.0645658,9421220,9537583
portuguese,M,0,Thomas,0.0181531,9537583,9570300
portuguese,M,0,Valentim,0.0198205,9570300,9606022
portuguese,M,0,Vicente,0.0454752,9606022,9687979
portuguese,M,0,Vinicius,0.0609523,9687979,9797830
portuguese,M,0,Vitor,0.0183452,9797830,9830893
portuguese,M,0,Yago,0.03188,9830893,9888349
portuguese,M,0,Yan,0.0306819,9888349,9943646
portuguese,M,0,Yuri,0.0312689,9943646,10000000
french,M,0,Adrien,0.0645658,0,123124
french,M,0,Aime,0.0185417,123124,158483
french,M,0,Alain,0.0780901,158483,307396
french,M,0,Alexandre,0.106841,307396,511135
french,M,0,Alfred,0.153893,511135,804599
french,M,0,Alphonse,0.0306819,804599,863108
french,M,0,Andre,0.0994148,863108,1052686
french,M,0,Antoine,0.0346,1052686,1118667
french,M,0,Arthur,0.0179652,1118667,1152926
french,M,0,Auguste,0.0572545,1152926,1262107
french,M,0,Augustin,0.0187426,1262107,1297849
french,M,0,Benjamin,0.0325169,1297849,1359857
french,M,0,Benoit,0.0361531,1359857,1428800
french,M,0,Bernard,0.115544,1428800,1649135
french,M,0,Bertrand,0.0285494,1649135,1703578
french,M,0,Charles,0.0202893,1703578,1742269
french,M,0,Christophe,0.0243695,1742269,1788741
french,M,0,Daniel,0.0240211,1788741,1834549
french,M,0,David,0.0181531,1834549,1869167
french,M,0,Denis,0.027144,1869167,1920930
french,M,0,Edouard,0.0532751,1920930,2022523
french,M,0,Emile,0.0454752,2022523,2109242
french,M,0,Emmanuel,0.0250994,2109242,2157106
french,M,0,Eric,0.0233549,2157106,2201643
french,M,0,Etienne,0.0551892,2201643,2306886
french,M,0,Eugene,0.0295752,2306886,2363285
french,M,0,Franck,0.0468372,2363285,2452601
french,M,0,Francois,0.038781,2452601,2526555
french,M,0,Frederic,0.0674641,2526555,2655205
french,M,0,Gabriel,0.0353586,2655205,2722632
french,M,0,Georges,0.0930004,2722632,2899978
french,M,0,Gerard,0.0198205,2899978,2937775
french,M,0,Gilbert,0.020052,2937775,2976014
french,M,0,Gilles,0.019374,2976014,3012960
french,M,0,Gregoire,0.0177814,3012960,3046869
french,M,0,Guillaume,0.021848,3046869,3088533
french,M,0,Guy,0.199372,3088533,3468722
french,M,0,Henri,0.0290527,3468722,3524125
french,M,0,Honore,0.0210382,3524125,3564245
french,M,0,Hugues,0.0706516,3564245,3698974
french,M,0,Isaac,0.234924,3698974,4146958
french,M,0,Jacques,0.138415,4146958,4410906
french,M,0,Jean,0.03188,4410906,4471700
french,M,0,Jerome,0.0224255,4471700,4514465
french,M,0,Joseph,0.0874013,4514465,4681134
french,M,0,Jules,0.0280641,4681134,4734651
french,M,0,Julien,0.0418474,4734651,4814452
french,M,0,Laurent,0.0407698,4814452,4892198
french,M,0,Leon,0.021301,4892198,4932819
french,M,0,Louis,0.0514959,4932819,5031019
french,M,0,Luc,0.0236831,5031019,5076182
french,M,0,Lucas,0.0195946,5076182,5113549
french,M,0,Marc,0.0338749,5113549,5178147
french,M,0,Marcel,0.287175,5178147,5725770
french,M,0,Martin,0.0258771,5725770,5775117
french,M,0,Matthieu,0.0498377,5775117,5870155
french,M,0,Maurice,0.173545,5870155,6201094
french,M,0,Michel,0.0215709,6201094,6242229
french,M,0,Nicolas,0.0191586,6242229,6278764
french,M,0,Noel,0.0312689,6278764,6338393
french,M,0,Olivier,0.0397491,6338393,6414193
french,M,0,Patrick,0.0824692,6414193,6571457
french,M,0,Paul,0.0441942,6571457,6655733
french,M,0,Philippe,0.025482,6655733,6704326
french,M,0,Pierre,0.042987,6704326,6786300
french,M,0,Raymond,0.0594901,6786300,6899745
french,M,0,Remy,0.0176015,6899745,6933311
french,M,0,Rene,0.0369864,6933311,7003843
french,M,0,Richard,0.0331812,7003843,7067118
french,M,0,Robert,0.0207822,7067118,7106749
french,M,0,Roger,0.027596,7106749,7159374
french,M,0,Roland,0.0262853,7159374,7209499
french,M,0,Sebastien,0.535887,7209499,8231399
french,M,0,Stephane,0.0205326,8231399,8270554
french,M,0,Theodore,0.0378612,8270554,8342754
french,M,0,Theophile,0.0230362,8342754,8386683
french,M,0,Thibault,0.0227265,8386683,8430022
french,M,0,Thibaut,0.0619184,8430022,8548097
french,M,0,Thierry,0.0482883,8548097,8640180
french,M,0,Thomas,0.0189482,8640180,8676314
french,M,0,Timothee,0.372041,8676314,9385772
french,M,0,Tristan,0.0301178,9385772,9443206
french,M,0,Victor,0.0267073,9443206,9494136
french,M,0,Vincent,0.0741745,9494136,9635583
french,M,0,William,0.0183452,9635583,9670567
french,M,0,Xavier,0.125893,9670567,9910636
french,M,0,Yves,0.0247288,9910636,9957793
french,M,0,Zacharie,0.0221328,9957793,10000000
indonesian,M,0,Abyasa,0.00565931,0,6944
indonesian,M,0,Ade,0.0117081,6944,21309
indonesian,M,0,Adhiarja,0.0059142,21309,28566
indonesian,M,0,Adiarja,0.00737404,28566,37614
indonesian,M,0,Adika,0.00453103,37614,43174
indonesian,M,0,Adikara,0.00868898,43174,53835
indonesian,M,0,Adinata,0.00593206,53835,61114
indonesian,M,0,Aditya,0.00635597,61114,68913
indonesian,M,0,Agus,0.00422921,68913,74103
indonesian,M,0,Ajiman,0.0129653,74103,90010
indonesian,M,0,Ajimat,0.0312689,90010,128373
indonesian,M,0,Ajimin,0.00469971,128373,134140
indonesian,M,0,Ajiono,0.00433729,134140,139462
indonesian,M,0,Akarsana,0.00541175,139462,146102
indonesian,M,0,Alambana,0.00659293,146102,154191
indonesian,M,0,Among,0.020052,154191,178792
indonesian,M,0,Anggabaya,0.0224255,178792,206305
indonesian,M,0,Anom,0.007181,206305,215116
indonesian,M,0,Argono,0.00860955,215116,225679
indonesian,M,0,Aris,0.0144281,225679,243381
indonesian,M,0,Arsipatra,0.00411835,243381,248435
indonesian,M,0,Arta,0.0133504,248435,264815
indonesian,M,0,Artanto,0.0083432,264815,275052
indonesian,M,0,Artawan,0.0095778,275052,286803
indonesian,M,0,Asirwada,0.00897962,286803,297820
indonesian,M,0,Asirwanda,0.0126029,297820,313283
indonesian,M,0,Aslijan,0.00406116,313283,318266
indonesian,M,0,Asmadi,0.0098833,318266,330392
indonesian,M,0,Asman,0.00639771,330392,338242
indonesian,M,0,Asmianto,0.00445138,338242,343704
indonesian,M,0,Asmuni,0.0061363,343704,351233
indonesian,M,0,Aswani,0.00497923,351233,357343
indonesian,M,0,Atma,0.00948034,357343,368975
indonesian,M,0,Atmaja,0.0117838,368975,383433
indonesian,M,0,Bagas,0.00712778,383433,392179
indonesian,M,0,Bagiya,0.0124296,392179,407429
indonesian,M,0,Bagus,0.0169186,407429,428186
indonesian,M,0,Bagya,0.00699832,428186,436773
indonesian,M,0,Bahuraksa,0.00812835,436773,446746
indonesian,M,0,Bahuwarna,0.0280641,446746,481177
indonesian,M,0,Bahuwirya,0.0221328,481177,508331
indonesian,M,0,Bajragin,0.00687372,508331,516765
indonesian,M,0,Bakda,0.0126914,516765,532336
indonesian,M,0,Bakiadi,0.00589645,532336,539571
indonesian,M,0,Bakianto,0.0189482,539571,562818
indonesian,M,0,Bakidin,0.00650464,562818,570799
indonesian,M,0,Bakijan,0.00381968,570799,575486
indonesian,M,0,Bakiman,0.00432806,575486,580797
indonesian,M,0,Bakiono,0.00406922,580797,585790
indonesian,M,0,Bakti,0.0295752,585790,622075
indonesian,M,0,Baktiadi,0.00478914,622075,627951
indonesian,M,0,Baktianto,0.0706516,627951,714630
indonesian,M,0,Baktiono,0.0115595,714630,728813
indonesian,M,0,Bala,0.00710148,728813,737526
indonesian,M,0,Balamantri,0.00467791,737526,743266
indonesian,M,0,Balangga,0.0161397,743266,763068
indonesian,M,0,Balapati,0.0073458,763068,772081
indonesian,M,0,Balidin,0.0551892,772081,839790
indonesian,M,0,Balijan,0.0110032,839790,853290
indonesian,M,0,Bambang,0.00556372,853290,860117
indonesian,M,0,Banara,0.0167566,860117,880676
indonesian,M,0,Banawa,0.00606033,880676,888112
indonesian,M,0,Banawi,0.00872928,888112,898822
indonesian,M,0,Bancar,0.00881107,898822,909633
indonesian,M,0,Budi,0.00521312,909633,916030
indonesian,M,0,Cagak,0.00692299,916030,924524
indonesian,M,0,Cager,0.00582658,924524,931673
indonesian,M,0,Cahya,0.0039823,931673,936560
indonesian,M,0,Cahyadi,0.00499164,936560,942685
indonesian,M,0,Cahyanto,0.0100439,942685,955008
indonesian,M,0,Cahyo,0.00827027,955008,965155
indonesian,M,0,Cahyono,0.0064188,965155,973031
indonesian,M,0,Caket,0.00513262,973031,979329
indonesian,M,0,Cakrabirawa,0.00760856,979329,988664
indonesian,M,0,Cakrabuana,0.00396691,988664,993532
indonesian,M,0,Cakrajiya,0.0120175,993532,1008276
indonesian,M,0,Cakrawala,0.00902283,1008276,1019346
indonesian,M,0,Cakrawangsa,0.00416874,1019346,1024461
indonesian,M,0,Candra,0.0236831,1024461,1053517
indonesian,M,0,Candrakanta,0.0210382,1053517,1079328
indonesian,M,0,Capa,0.00393652,1079328,1084158
indonesian,M,0,Caraka,0.00508039,1084158,1090392
indonesian,M,0,Carub,0.00522679,1090392,1096805
indonesian,M,0,Catur,0.0325169,1096805,1136699
indonesian,M,0,Caturangga,0.0397491,1136699,1185466
indonesian,M,0,Cawisadi,0.0145461,1185466,1203313
indonesian,M,0,Cawisono,0.00484688,1203313,1209260
indonesian,M,0,Cawuk,0.00483521,1209260,1215193
indonesian,M,0,Cayadi,0.0185417,1215193,1237942
indonesian,M,0,Cecep,0.0070495,1237942,1246592
indonesian,M,0,Cemani,0.00575843,1246592,1253658
indonesian,M,0,Cemeti,0.00401345,1253658,1258583
indonesian,M,0,Cemplunk,0.00524055,1258583,1265013
indonesian,M,0,Cengkal,0.0338749,1265013,1306573
indonesian,M,0,Cengkir,0.0250994,1306573,1337367
indonesian,M,0,Chandra,0.00816335,1337367,1347383
indonesian,M,0,Dacin,0.0258771,1347383,1379131
indonesian,M,0,Dadap,0.00751879,1379131,1388356
indonesian,M,0,Dadi,0.00547147,1388356,1395070
indonesian,M,0,Dagel,0.0062143,1395070,1402695
indonesian,M,0,Daliman,0.0138672,1402695,1419709
indonesian,M,0,Dalimin,0.00382677,1419709,1424405
indonesian,M,0,Daliono,0.0176015,1424405,1446000
indonesian,M,0,Damar,0.00602309,1446000,1453390
indonesian,M,0,Damu,0.00457199,1453390,1459000
indonesian,M,0,Danang,0.00383389,1459000,1463705
indonesian,M,0,Daniswara,0.038781,1463705,1511284
indonesian,M,0,Danu,0.00404512,1511284,1516248
indonesian,M,0,Danuja,0.00387717,1516248,1521006
indonesian,M,0,Dariati,0.0994148,1521006,1642972
indonesian,M,0,Darijan,0.00748936,1642972,1652161
indonesian,M,0,Darimin,0.00805931,1652161,1662049
indonesian,M,0,Darmaji,0.00474398,1662049,1667870
indonesian,M,0,Darman,0.00386988,1667870,1672619
indonesian,M,0,Darmana,0.00515916,1672619,1678949
indonesian,M,0,Darmanto,0.0181531,1678949,1701221
indonesian,M,0,Darsirah,0.0121788,1701221,1716163
indonesian,M,0,Dartono,0.015168,1716163,1734773
indonesian,M,0,Daru,0.00444163,1734773,1740223
indonesian,M,0,Daruna,0.00437463,1740223,1745591
indonesian,M,0,Daryani,0.00442227,1745591,1751017
indonesian,M,0,Dasa,0.234924,1751017,2039230
indonesian,M,0,Digdaya,0.00570842,2039230,2046234
indonesian,M,0,Dimas,0.00511945,2046234,2052516
indonesian,M,0,Dimaz,0.00819866,2052516,2062575
indonesian,M,0,Dipa,0.00394407,2062575,2067415
indonesian,M,0,Dirja,0.00830657,2067415,2077607
indonesian,M,0,Dodo,0.0082343,2077607,2087710
indonesian,M,0,Dono,0.00770062,2087710,2097158
indonesian,M,0,Drajat,0.0053824,2097158,2103762
indonesian,M,0,Dwi,0.00465631,2103762,2109476
indonesian,M,0,Edi,0.004238,2109476,2114676
indonesian,M,0,Edison,0.0195946,2114676,2138716
indonesian,M,0,Edward,0.173545,2138716,2351628
indonesian,M,0,Ega,0.00577531,2351628,2358714
indonesian,M,0,Eja,0.0230362,2358714,2386977
indonesian,M,0,Eka,0.0369864,2386977,2432354
indonesian,M,0,Eko,0.00920013,2432354,2443642
indonesian,M,0,Elon,0.00419443,2443642,2448789
indonesian,M,0,Eluh,0.00425569,2448789,2454011
indonesian,M,0,Elvin,0.0191586,2454011,2477516
indonesian,M,0,Eman,0.00853163,2477516,2487984
indonesian,M,0,Emas,0.0048586,2487984,2493946
indonesian,M,0,Embuh,0.0532751,2493946,2559307
indonesian,M,0,Emil,0.0468372,2559307,2616769
indonesian,M,0,Emin,0.00544144,2616769,2623446
indonesian,M,0,Emong,0.00519951,2623446,2629826
indonesian,M,0,Empluk,0.0111369,2629826,2643490
indonesian,M,0,Endra,0.005339,2643490,2650041
indonesian,M,0,Enteng,0.0149126,2650041,2668337
indonesian,M,0,Erik,0.0061946,2668337,2675938
indonesian,M,0,Estiawan,0.00395927,2675938,2680796
indonesian,M,0,Estiono,0.00466708,2680796,2686523
indonesian,M,0,Gada,0.0157076,2686523,2705795
indonesian,M,0,Gadang,0.00646142,2705795,2713723
indonesian,M,0,Gading,0.00625409,2713723,2721397
indonesian,M,0,Gaduh,0.00450081,2721397,2726920
indonesian,M,0,Gaiman,0.00962733,2726920,2738732
indonesian,M,0,Galak,0.0105005,2738732,2751615
indonesian,M,0,Galang,0.00799149,2751615,2761420
indonesian,M,0,Galar,0.0039066,2761420,2766214
indonesian,M,0,Galih,0.00411008,2766214,2771257
indonesian,M,0,Galiono,0.0930004,2771257,2885354
indonesian,M,0,Galuh,0.00421175,2885354,2890522
indonesian,M,0,Galur,0.287175,2890522,3242838
indonesian,M,0,Gaman,0.00885258,3242838,3253700
indonesian,M,0,Gamani,0.00491814,3253700,3259735
indonesian,M,0,Gamanto,0.115544,3259735,3401489
indonesian,M,0,Gambira,0.0514959,3401489,3464667
indonesian,M,0,Gamblang,0.0215709,3464667,3491132
indonesian,M,0,Ganda,0.00428253,3491132,3496387
indonesian,M,0,Gandewa,0.00434656,3496387,3501721
indonesian,M,0,Gandi,0.00482361,3501721,3507640
indonesian,M,0,Ganep,0.00689826,3507640,3516104
indonesian,M,0,Gangsa,0.00446117,3516104,3521578
indonesian,M,0,Gangsar,0.00526828,3521578,3528042
indonesian,M,0,Ganjaran,0.0346,3528042,3570491
indonesian,M,0,Gantar,0.00587882,3570491,3577704
indonesian,M,0,Gara,0.0240211,3577704,3607175
indonesian,M,0,Garan,0.00972802,3607175,3619111
indonesian,M,0,Garang,0.00420307,3619111,3624268
indonesian,M,0,Garda,0.0407698,3624268,3674287
indonesian,M,0,Gatot,0.00609806,3674287,3681769
indonesian,M,0,Gatra,0.0139756,3681769,3698916
indonesian,M,0,Ghani,0.0127813,3698916,3714598
indonesian,M,0,Gilang,0.00673023,3714598,3722856
indonesian,M,0,Hadi,0.0482883,3722856,3782099
indonesian,M,0,Hairyanto,0.00567558,3782099,3789063
indonesian,M,0,Halim,0.0061556,3789063,3796616
indonesian,M,0,Hamzah,0.00792486,3796616,3806339
indonesian,M,0,Hardana,0.00441265,3806339,3811754
indonesian,M,0,Hardi,0.0361531,3811754,3856109
indonesian,M,0,Hari,0.0187426,3856109,3879104
indonesian,M,0,Harimurti,0.00535338,3879104,3885673
indonesian,M,0,Harja,0.00929157,3885673,3897073
indonesian,M,0,Harjasa,0.00550186,3897073,3903824
indonesian,M,0,Harjaya,0.0645658,3903824,3983037
indonesian,M,0,Harjo,0.0172529,3983037,4004204
indonesian,M,0,Harsana,0.0106832,4004204,4017312
indonesian,M,0,Harsanto,0.00402922,4017312,4022256
indonesian,M,0,Harsaya,0.00414339,4022256,4027340
indonesian,M,0,Hartaka,0.00809368,4027340,4037271
indonesian,M,0,Hartana,0.00838018,4037271,4047553
indonesian,M,0,Harto,0.00627419,4047553,4055251
indonesian,M,0,Hasan,0.00580938,4055251,4062379
indonesian,M,0,Hasim,0.010441,4062379,4075189
indonesian,M,0,Hasta,0.00379859,4075189,4079850
indonesian,M,0,Hendra,0.00464559,4079850,4085550
indonesian,M,0,Hendri,0.00536785,4085550,4092136
indonesian,M,0,Heru,0.0136555,4092136,4108890
indonesian,M,0,Heryanto,0.00557941,4108890,4115736
indonesian,M,0,Himawan,0.0498377,4115736,4176880
indonesian,M,0,Ian,0.004135,4176880,4181954
indonesian,M,0,Ibrahim,0.00757839,4181954,4191252
indonesian,M,0,Ibrani,0.00779506,4191252,4200816
indonesian,M,0,Ibun,0.00431888,4200816,4206116
indonesian,M,0,Ihsan,0.0159929,4206116,4225738
indonesian,M,0,Ikhsan,0.00644003,4225738,4233640
indonesian,M,0,Ikin,0.0177814,4233640,4255456
indonesian,M,0,Ilyas,0.00670693,4255456,4263685
indonesian,M,0,Imam,0.0058613,4263685,4270877
indonesian,M,0,Indra,0.00723506,4270877,4279754
indonesian,M,0,Irfan,0.00416026,4279754,4284859
indonesian,M,0,Irnanto,0.0109376,4284859,4298279
indonesian,M,0,Irsad,0.00525437,4298279,4304726
indonesian,M,0,Irwan,0.0140859,4304726,4322008
indonesian,M,0,Ismail,0.00864907,4322008,4332620
indonesian,M,0,Ivan,0.0331812,4332620,4373329
indonesian,M,0,Jabal,0.0118607,4373329,4387881
indonesian,M,0,Jaeman,0.0741745,4387881,4478882
indonesian,M,0,Jaga,0.0103823,4478882,4491620
indonesian,M,0,Jagapati,0.00998976,4491620,4503877
indonesian,M,0,Jagaraga,0.0205326,4503877,4529068
indonesian,M,0,Jail,0.00572499,4529068,4536093
indonesian,M,0,Jaiman,0.00663804,4536093,4544238
indonesian,M,0,Jais,0.00598632,4544238,4551583
indonesian,M,0,Jaka,0.042987,4551583,4604322
indonesian,M,0,Jamal,0.00933802,4604322,4615779
indonesian,M,0,Jamil,0.00399781,4615779,4620685
indonesian,M,0,Jarwa,0.0085704,4620685,4631200
indonesian,M,0,Jarwadi,0.0123448,4631200,4646346
indonesian,M,0,Jarwi,0.0063148,4646346,4654094
indonesian,M,0,Jasmani,0.0202893,4654094,4678987
indonesian,M,0,Jaswadi,0.00532469,4678987,4685521
indonesian,M,0,Jati,0.00743123,4685521,4694639
indonesian,M,0,Jatmiko,0.00435588,4694639,4699984
indonesian,M,0,Jaya,0.0125156,4699984,4715340
indonesian,M,0,Jayadi,0.0128726,4715340,4731134
indonesian,M,0,Jayeng,0.00459277,4731134,4736770
indonesian,M,0,Jefri,0.0106215,4736770,4749802
indonesian,M,0,Jinawi,0.00403715,4749802,4754756
indonesian,M,0,Jindra,0.0102668,4754756,4767353
indonesian,M,0,Johan,0.016442,4767353,4787526
indonesian,M,0,Joko,0.00694791,4787526,4796051
indonesian,M,0,Jono,0.0594901,4796051,4869037
indonesian,M,0,Jumadi,0.00422046,4869037,4874216
indonesian,M,0,Jumari,0.00773183,4874216,4883703
indonesian,M,0,Kacung,0.00893685,4883703,4894668
indonesian,M,0,Kadir,0.00405312,4894668,4899641
indonesian,M,0,Kairav,0.00456168,4899641,4905238
indonesian,M,0,Kajen,0.00675371,4905238,4913525
indonesian,M,0,Kala,0.0094324,4913525,4925098
indonesian,M,0,Kalim,0.00529633,4925098,4931597
indonesian,M,0,Kamal,0.00518599,4931597,4937960
indonesian,M,0,Kambali,0.00402132,4937960,4942894
indonesian,M,0,Kamidin,0.00379161,4942894,4947547
indonesian,M,0,Kanda,0.00849323,4947547,4957968
indonesian,M,0,Kardi,0.00384103,4957968,4962681
indonesian,M,0,Kariman,0.0243695,4962681,4992579
indonesian,M,0,Karja,0.0233549,4992579,5021233
indonesian,M,0,Karma,0.00702381,5021233,5029851
indonesian,M,0,Karman,0.00476645,5029851,5035700
indonesian,M,0,Karna,0.00564314,5035700,5042624
indonesian,M,0,Karsa,0.00728998,5042624,5051569
indonesian,M,0,Karsana,0.0107456,5051569,5064753
indonesian,M,0,Karta,0.00652648,5064753,5072761
indonesian,M,0,Karya,0.0454752,5072761,5128552
indonesian,M,0,Kasim,0.00409363,5128552,5133575
indonesian,M,0,Kasiran,0.0141981,5133575,5150995
indonesian,M,0,Kasusra,0.00427355,5150995,5156239
indonesian,M,0,Kawaca,0.025482,5156239,5187502
indonesian,M,0,Kawaya,0.00517254,5187502,5193849
indonesian,M,0,Kayun,0.00412666,5193849,5198913
indonesian,M,0,Kemal,0.0102101,5198913,5211440
indonesian,M,0,Kemba,0.00392899,5211440,5216261
indonesian,M,0,Kenari,0.00501666,5216261,5222417
indonesian,M,0,Kenes,0.00502927,5222417,5228588
indonesian,M,0,Kenzie,0.0041518,5228588,5233683
indonesian,M,0,Koko,0.00440308,5233683,5239086
indonesian,M,0,Kuncara,0.0267073,5239086,5271852
indonesian,M,0,Kunthara,0.00493023,5271852,5277902
indonesian,M,0,Kurnia,0.0112051,5277902,5291650
indonesian,M,0,Kusuma,0.0183452,5291650,5314158
indonesian,M,0,Labuh,0.00496688,5314158,5320253
indonesian,M,0,Laksana,0.0285494,5320253,5355279
indonesian,M,0,Lamar,0.00480057,5355279,5361169
indonesian,M,0,Lanang,0.0143121,5361169,5378729
indonesian,M,0,Langgeng,0.00454119,5378729,5384301
indonesian,M,0,Lanjar,0.00731778,5384301,5393280
indonesian,M,0,Lantar,0.019374,5393280,5417050
indonesian,M,0,Lasmanto,0.00391404,5417050,5421853
indonesian,M,0,Lasmono,0.0179652,5421853,5443894
indonesian,M,0,Laswi,0.0112741,5443894,5457726
indonesian,M,0,Latif,0.00684935,5457726,5466130
indonesian,M,0,Lega,0.0131548,5466130,5482270
indonesian,M,0,Legawa,0.535887,5482270,6139715
indonesian,M,0,Lembah,0.00424683,6139715,6144926
indonesian,M,0,Leo,0.00595003,6144926,6152227
indonesian,M,0,Liman,0.00629443,6152227,6159950
indonesian,M,0,Limar,0.00504195,6159950,6166137
indonesian,M,0,Luhung,0.021848,6166137,6192942
indonesian,M,0,Luis,0.00400561,6192942,6197857
indonesian,M,0,Lukita,0.00542655,6197857,6204515
indonesian,M,0,Lukman,0.00715428,6204515,6213293
indonesian,M,0,Luluh,0.0147883,6213293,6231437
indonesian,M,0,Lulut,0.00481206,6231437,6237342
indonesian,M,0,Lurhur,0.00397459,6237342,6242219
indonesian,M,0,Lutfan,0.00418583,6242219,6247355
indonesian,M,0,Luthfi,0.0134505,6247355,6263857
indonesian,M,0,Luwar,0.00395165,6263857,6268706
indonesian,M,0,Luwes,0.00993623,6268706,6280897
indonesian,M,0,Mahdi,0.0619184,6280897,6356862
indonesian,M,0,Mahesa,0.0103242,6356862,6369529
indonesian,M,0,Mahfud,0.0049546,6369529,6375608
indonesian,M,0,Mahmud,0.00569195,6375608,6382592
indonesian,M,0,Makara,0.138415,6382592,6552405
indonesian,M,0,Makuta,0.00746018,6552405,6561558
indonesian,M,0,Malik,0.0101541,6561558,6574016
indonesian,M,0,Maman,0.0353586,6574016,6617396
indonesian,M,0,Manah,0.00661541,6617396,6625513
indonesian,M,0,Maras,0.00509334,6625513,6631763
indonesian,M,0,Margana,0.372041,6631763,7088197
indonesian,M,0,Mariadi,0.0301178,7088197,7125148
indonesian,M,0,Marsito,0.00726241,7125148,7134059
indonesian,M,0,Marsudi,0.00548662,7134059,7140791
indonesian,M,0,Martaka,0.00553261,7140791,7147580
indonesian,M,0,Martana,0.00443193,7147580,7153018
indonesian,M,0,Martani,0.00607914,7153018,7160477
indonesian,M,0,Marwata,0.00389183,7160477,7165253
indonesian,M,0,Maryadi,0.00633531,7165253,7173026
indonesian,M,0,Maryanto,0.00458235,7173026,7178649
indonesian,M,0,Mitra,0.0290527,7178649,7214293
indonesian,M,0,Muhammad,0.00463492,7214293,7219980
indonesian,M,0,Mujur,0.0207822,7219980,7245477
indonesian,M,0,Mulya,0.0227265,7245477,7273360
indonesian,M,0,Mulyanto,0.00654847,7273360,7281395
indonesian,M,0,Mulyono,0.0137605,7281395,7298278
indonesian,M,0,Mumpuni,0.00380559,7298278,7302948
indonesian,M,0,Muni,0.0105606,7302948,7315905
indonesian,M,0,Mursinin,0.00388449,7315905,7320672
indonesian,M,0,Mursita,0.0146662,7320672,7338666
indonesian,M,0,Murti,0.00677735,7338666,7346982
indonesian,M,0,Mustika,0.00600465,7346982,7354350
indonesian,M,0,Mustofa,0.00531047,7354350,7360866
indonesian,M,0,Najam,0.106841,7360866,7491943
indonesian,M,0,Najib,0.0306819,7491943,7529586
indonesian,M,0,Nalar,0.0096774,7529586,7541460
indonesian,M,0,Naradi,0.00911057,7541460,7552638
indonesian,M,0,Nardi,0.199372,7552638,7797235
indonesian,M,0,Narji,0.00506751,7797235,7803453
indonesian,M,0,Nasab,0.0674641,7803453,7886221
indonesian,M,0,Nasim,0.00451083,7886221,7891756
indonesian,M,0,Nasrullah,0.0122612,7891756,7906799
indonesian,M,0,Niyaga,0.0057923,7906799,7913906
indonesian,M,0,Nrima,0.00845519,7913906,7924280
indonesian,M,0,Nugraha,0.00740252,7924280,7933363
indonesian,M,0,Nyana,0.0120976,7933363,7948206
indonesian,M,0,Nyoman,0.0100987,7948206,7960596
indonesian,M,0,Okta,0.00381262,7960596,7965274
indonesian,M,0,Okto,0.00551719,7965274,7972044
indonesian,M,0,Olga,0.00648295,7972044,7979998
indonesian,M,0,Oman,0.00802525,7979998,7989845
indonesian,M,0,Omar,0.0132518,7989845,8006104
indonesian,M,0,Opan,0.00983096,8006104,8018166
indonesian,M,0,Opung,0.015569,8018166,8037268
indonesian,M,0,Oskar,0.0165977,8037268,8057632
indonesian,M,0,Ozy,0.00488223,8057632,8063623
indonesian,M,0,Paiman,0.0780901,8063623,8159428
indonesian,M,0,Panca,0.00475519,8159428,8165263
indonesian,M,0,Pandu,0.00561108,8165263,8172148
indonesian,M,0,Pangeran,0.00436523,8172148,8177504
indonesian,M,0,Pangestu,0.0247288,8177504,8207843
indonesian,M,0,Panji,0.00776331,8207843,8217368
indonesian,M,0,Pardi,0.0108728,8217368,8230708
indonesian,M,0,Parman,0.00682518,8230708,8239082
indonesian,M,0,Perkasa,0.00462431,8239082,8244756
indonesian,M,0,Praba,0.0110696,8244756,8258338
indonesian,M,0,Prabawa,0.00545641,8258338,8265033
indonesian,M,0,Prabowo,0.00795803,8265033,8274797
indonesian,M,0,Prabu,0.00477776,8274797,8280660
indonesian,M,0,Prakosa,0.00494238,8280660,8286724
indonesian,M,0,Pranata,0.00410184,8286724,8291757
indonesian,M,0,Pranawa,0.00438407,8291757,8297137
indonesian,M,0,Prasetya,0.00574166,8297137,8304182
indonesian,M,0,Prasetyo,0.00489414,8304182,8310187
indonesian,M,0,Prayitna,0.0038482,8310187,8314909
indonesian,M,0,Prayoga,0.021301,8314909,8341043
indonesian,M,0,Prayogo,0.0874013,8341043,8448271
indonesian,M,0,Prima,0.00584388,8448271,8455441
indonesian,M,0,Purwa,0.00510636,8455441,8461707
indonesian,M,0,Purwadi,0.0113441,8461707,8475625
indonesian,M,0,Purwanto,0.00460323,8475625,8481273
indonesian,M,0,Putu,0.00386263,8481273,8486013
indonesian,M,0,Raden,0.00697301,8486013,8494569
indonesian,M,0,Radika,0.0170841,8494569,8515529
indonesian,M,0,Radit,0.00399004,8515529,8520425
indonesian,M,0,Raditya,0.00611712,8520425,8527931
indonesian,M,0,Rafi,0.0572545,8527931,8598174
indonesian,M,0,Rafid,0.0116333,8598174,8612447
indonesian,M,0,Raharja,0.00876998,8612447,8623207
indonesian,M,0,Rahman,0.0039215,8623207,8628019
indonesian,M,0,Rahmat,0.00430062,8628019,8633296
indonesian,M,0,Raihan,0.00637677,8633296,8641120
indonesian,M,0,Rama,0.00452091,8641120,8646667
indonesian,M,0,Rangga,0.027144,8646667,8679969
indonesian,M,0,Reksa,0.0078594,8679969,8689612
indonesian,M,0,Rendy,0.00472174,8689612,8695406
indonesian,M,0,Respati,0.00528227,8695406,8701887
indonesian,M,0,Reza,0.0097792,8701887,8713885
indonesian,M,0,Ridwan,0.027596,8713885,8747742
indonesian,M,0,Rizki,0.0055952,8747742,8754607
indonesian,M,0,Rosman,0.00666084,8754607,8762780
indonesian,M,0,Rudi,0.00952881,8762780,8774471
indonesian,M,0,Rusman,0.125893,8774471,8928921
indonesian,M,0,Saadat,0.03188,8928921,8968033
indonesian,M,0,Sabar,0.00554812,8968033,8974841
indonesian,M,0,Sabri,0.0047107,8974841,8980621
indonesian,M,0,Saiful,0.00455141,8980621,8986206
indonesian,M,0,Saka,0.00500412,8986206,8992346
indonesian,M,0,Sakti,0.0042646,8992346,8997579
indonesian,M,0,Salman,0.00461374,8997579,9003240
indonesian,M,0,Samsul,0.0050547,9003240,9009442
indonesian,M,0,Satya,0.00430973,9009442,9014730
indonesian,M,0,Setya,0.0198205,9014730,9039047
indonesian,M,0,Sidiq,0.0044809,9039047,9044545
indonesian,M,0,Simon,0.00657062,9044545,9052607
indonesian,M,0,Slamet,0.00514585,9052607,9058921
indonesian,M,0,Soleh,0.00429156,9058921,9064187
indonesian,M,0,Surya,0.00915512,9064187,9075420
indonesian,M,0,Tasdik,0.00938496,9075420,9086935
indonesian,M,0,Tasnim,0.00924561,9086935,9098279
indonesian,M,0,Taswir,0.00789198,9098279,9107962
indonesian,M,0,Taufan,0.00680118,9107962,9116307
indonesian,M,0,Taufik,0.0114868,9116307,9130400
indonesian,M,0,Teddy,0.00623413,9130400,9138049
indonesian,M,0,Tedi,0.0130593,9138049,9154072
indonesian,M,0,Teguh,0.00539703,9154072,9160694
indonesian,M,0,Timbul,0.0066838,9160694,9168895
indonesian,M,0,Tirta,0.0088945,9168895,9179808
indonesian,M,0,Tirtayasa,0.0119385,9179808,9194456
indonesian,M,0,Tomi,0.00449083,9194456,9199966
indonesian,M,0,Tri,0.00487039,9199966,9205942
indonesian,M,0,Tugiman,0.0114149,9205942,9219947
indonesian,M,0,Uda,0.0441942,9219947,9274167
indonesian,M,0,Umar,0.00754846,9274167,9283429
indonesian,M,0,Umay,0.0418474,9283429,9334770
indonesian,M,0,Umaya,0.00617504,9334770,9342347
indonesian,M,0,Unggul,0.00562706,9342347,9349251
indonesian,M,0,Upik,0.00766967,9349251,9358661
indonesian,M,0,Usman,0.0174254,9358661,9380040
indonesian,M,0,Utama,0.00439355,9380040,9385431
indonesian,M,0,Vega,0.00417727,9385431,9390557
indonesian,M,0,Vero,0.00596812,9390557,9397880
indonesian,M,0,Viktor,0.00841751,9397880,9408208
indonesian,M,0,Viman,0.0262853,9408208,9440457
indonesian,M,0,Vino,0.0154329,9440457,9459392
indonesian,M,0,Vinsen,0.00407733,9459392,9464395
indonesian,M,0,Virman,0.0150392,9464395,9482847
indonesian,M,0,Wadi,0.00906647,9482847,9493971
indonesian,M,0,Wage,0.00604165,9493971,9501384
indonesian,M,0,Wahyu,0.153893,9501384,9690186
indonesian,M,0,Wakiman,0.0152992,9690186,9708957
indonesian,M,0,Waluyo,0.0038992,9708957,9713742
indonesian,M,0,Wardaya,0.00408546,9713742,9718755
indonesian,M,0,Wardi,0.00490611,9718755,9724775
indonesian,M,0,Warji,0.0378612,9724775,9771225
indonesian,M,0,Warsa,0.0108088,9771225,9784487
indonesian,M,0,Warsita,0.0038554,9784487,9789218
indonesian,M,0,Warta,0.00707539,9789218,9797899
indonesian,M,0,Wasis,0.0824692,9797899,9899076
indonesian,M,0,Wawan,0.00473283,9899076,9904883
indonesian,M,0,Wira,0.00447101,9904883,9910369
indonesian,M,0,Wisnu,0.00468878,9910369,9916122
indonesian,M,0,Xanana,0.00782709,9916122,9925726
indonesian,M,0,Yahya,0.00763899,9925726,9935099
indonesian,M,0,Yoga,0.0162894,9935099,9955084
indonesian,M,0,Yono,0.0135521,9955084,9971711
indonesian,M,0,Yosef,0.0158489,9971711,9991156
indonesian,M,0,Yusuf,0.00720792,9991156,10000000
chinese,F,0,Chang,0.00256326,0,25633
chinese,F,0,Chia-Jung,0.00097561,25633,35390
chinese,F,0,Chia-Ling,0.00097561,35390,45147
chinese,F,0,Chia-Ying,0.000243902,45147,47587
chinese,F,0,Chin-Feng,0.000731707,47587,54905
chinese,F,0,Chin-Lien,0.00097561,54905,64662
chinese,F,0,Ching-I,0.00097561,64662,74419
chinese,F,0,Chiu-Hsiang,0.00121951,74419,86615
chinese,F,0,Chiu-Yueh,0.00097561,86615,96372
chinese,F,0,Chun-Mei,0.00097561,96372,106129
chinese,F,0,Chunmei,0.00264454,106129,132575
chinese,F,0,Dan,0.00442292,132575,176804
chinese,F,0,Dandan,0.00258976,176804,202702
chinese,F,0,Dongmei,0.00292479,202702,231950
chinese,F,0,Fang,0.00696095,231950,301559
chinese,F,0,Fenglan,0.00323272,301559,333886
chinese,F,0,Fengying,0.00373028,333886,371189
chinese,F,0,Guifang,0.0033667,371189,404856
chinese,F,0,Guihua,0.00279284,404856,432785
chinese,F,0,Guilan,0.00246273,432785,457413
chinese,F,0,Guirong,0.00391291,457413,496542
chinese,F,0,Guixiang,0.00248708,496542,521413
chinese,F,0,Guiying,0.00356476,521413,557061
chinese,F,0,Guizhen,0.00289058,557061,585967
chinese,F,0,Guizhi,0.00314948,585967,617462
chinese,F,0,Haiyan,0.00243889,617462,641851
chinese,F,0,Hoi Yan,0.0132441,641851,774289
chinese,F,0,Hong,0.00237019,774289,797991
chinese,F,0,Hongmei,0.0134064,797991,932053
chinese,F,0,Hsin-I,0.00097561,932053,941810
chinese,F,0,Hsin-Yu,0.000243902,941810,944250
chinese,F,0,Hsiu-Chen,0.00121951,944250,956446
chinese,F,0,Hsiu-Chih,0.00097561,956446,966203
chinese,F,0,Hsiu-Chin,0.00243902,966203,990594
chinese,F,0,Hsiu-Chu,0.00146341,990594,1005229
chinese,F,0,Hsiu-Chuan,0.00097561,1005229,1014986
chinese,F,0,Hsiu-Feng,0.00195122,1014986,1034499
chinese,F,0,Hsiu-Hsia,0.00097561,1034499,1044256
chinese,F,0,Hsiu-Hua,0.000731707,1044256,1051574
chinese,F,0,Hsiu-Lan,0.00195122,1051574,1071087
chinese,F,0,Hsiu-Lien,0.000731707,1071087,1078405
chinese,F,0,Hsiu-Ling,0.00121951,1078405,1090601
chinese,F,0,Hsiu-Mei,0.00121951,1090601,1102797
chinese,F,0,Hsiu-Ying,0.00243902,1102797,1127188
chinese,F,0,Hsiu-Yu,0.00121951,1127188,1139384
chinese,F,0,Hsiu-Yun,0.00097561,1139384,1149141
chinese,F,0,Hui,0.00972522,1149141,1246392
chinese,F,0,Hui-Chen,0.00097561,1246392,1256149
chinese,F,0,Hui-Ling,0.00097561,1256149,1265906
chinese,F,0,Hui-Mei,0.00146341,1265906,1280541
chinese,F,0,Huiling,0.00488321,1280541,1329373
chinese,F,0,I-An,0.000243902,1329373,1331813
chinese,F,0,I-Chen,0.00097561,1331813,1341570
chinese,F,0,I-Ching,0.000243902,1341570,1344010
chinese,F,0,I-Chun,0.00219512,1344010,1365962
chinese,F,0,I-Fei,0.000243902,1365962,1368402
chinese,F,0,I-Hsuan,0.000243902,1368402,1370842
chinese,F,0,I-Ting,0.000243902,1370842,1373282
chinese,F,0,Jiahui,0.0181479,1373282,1554758
chinese,F,0,Jiaxin,0.0338652,1554758,1893403
chinese,F,0,Jiayi,0.00533173,1893403,1946720
chinese,F,0,Jie,0.00332076,1946720,1979928
chinese,F,0,Jinfeng,0.00351297,1979928,2015058
chinese,F,0,Jing,0.0106926,2015058,2121982
chinese,F,0,Juan,0.0043416,2121982,2165398
chinese,F,0,Ka Man,0.00533373,2165398,2218735
chinese,F,0,Ka Yan,0.00731875,2218735,2291922
chinese,F,0,Keyi,0.00573,2291922,2349222
chinese,F,0,Lai Kuen,0.00613813,2349222,2410603
chinese,F,0,Lanying,0.00367333,2410603,2447336
chinese,F,0,Li,0.00767981,2447336,2524133
chinese,F,0,Li-Chen,0.000731707,2524133,2531451
chinese,F,0,Li-Chin,0.000731707,2531451,2538769
chinese,F,0,Li-Ching,0.00146341,2538769,2553404
chinese,F,0,Li-Chu,0.00170732,2553404,2570478
chinese,F,0,Li-Chuan,0.00170732,2570478,2587552
chinese,F,0,Li-Hsiang,0.00097561,2587552,2597309
chinese,F,0,Li-Hsueh,0.00097561,2597309,2607066
chinese,F,0,Li-Hua,0.00268293,2607066,2633896
chinese,F,0,Li-Ling,0.00121951,2633896,2646092
chinese,F,0,Li-Mei,0.00146341,2646092,2660727
chinese,F,0,Li-Yu,0.00121951,2660727,2672923
chinese,F,0,Li-Yun,0.00121951,2672923,2685119
chinese,F,0,Lihua,0.00241552,2685119,2709275
chinese,F,0,Lijuan,0.014331,2709275,2852583
chinese,F,0,Lili,0.00341401,2852583,2886723
chinese,F,0,Lin,0.00675177,2886723,2954240
chinese,F,0,Ling,0.00251193,2954240,2979360
chinese,F,0,Liu,0.00411551,2979360,3020515
chinese,F,0,Lu,0.00450753,3020515,3065590
chinese,F,0,Man Yee,0.0108284,3065590,3173872
chinese,F,0,Mei,0.00299584,3173872,3203831
chinese,F,0,Mei Ling,0.0175908,3203831,3379736
chinese,F,0,Mei-Chen,0.00097561,3379736,3389493
chinese,F,0,Mei-Chu,0.00170732,3389493,3406567
chinese,F,0,Mei-Chuan,0.00097561,3406567,3416324
chinese,F,0,Mei-Feng,0.00097561,3416324,3426081
chinese,F,0,Mei-Hua,0.00219512,3426081,3448033
chinese,F,0,Mei-Hui,0.00097561,3448033,3457790
chinese,F,0,Mei-Lan,0.00097561,3457790,3467547
chinese,F,0,Mei-Li,0.00146341,3467547,3482182
chinese,F,0,Mei-Ling,0.00292683,3482182,3511450
chinese,F,0,Mei-Ying,0.00097561,3511450,3521207
chinese,F,0,Mei-Yu,0.00219512,3521207,3543159
chinese,F,0,Mei-Yun,0.00170732,3543159,3560233
chinese,F,0,Meiling,0.0118883,3560233,3679114
chinese,F,0,Mengyao,0.00637077,3679114,3742821
chinese,F,0,Min,0.00857574,3742821,3828577
chinese,F,0,Ming-Chu,0.00121951,3828577,3840773
chinese,F,0,Na,0.00795574,3840773,3920329
chinese,F,0,Pao-Chu,0.00121951,3920329,3932525
chinese,F,0,Pei-Shan,0.000243902,3932525,3934965
chinese,F,0,Pi-Chu,0.00097561,3934965,3944722
chinese,F,0,Pi-Hsia,0.00097561,3944722,3954479
chinese,F,0,Pi-Yun,0.00097561,3954479,3964236
chinese,F,0,Pin-Yen,0.000243902,3964236,3966676
chinese,F,0,Pin-Yu,0.000243902,3966676,3969116
chinese,F,0,Ping,0.00303275,3969116,3999444
chinese,F,0,Pui Shan,0.00666565,3999444,4066100
chinese,F,0,Qian,0.00825347,4066100,4148634
chinese,F,0,Qin,0.00327612,4148634,4181395
chinese,F,0,Qing,0.00459562,4181395,4227351
chinese,F,0,Rong,0.00426338,4227351,4269985
chinese,F,0,Ruoxi,0.0221843,4269985,4491824
chinese,F,0,Shih-Han,0.00097561,4491824,4501581
chinese,F,0,Shiyu,0.00509708,4501581,4552551
chinese,F,0,Shu-Chen,0.00121951,4552551,4564747
chinese,F,0,Shu-Ching,0.00097561,4564747,4574504
chinese,F,0,Shu-Chuan,0.00243902,4574504,4598895
chinese,F,0,Shu-Fang,0.00097561,4598895,4608652
chinese,F,0,Shu-Fen,0.00341463,4608652,4642798
chinese,F,0,Shu-Hua,0.00219512,4642798,4664750
chinese,F,0,Shu-Hui,0.00121951,4664750,4676946
chinese,F,0,Shu-Ling,0.00170732,4676946,4694020
chinese,F,0,Shu-Mei,0.00195122,4694020,4713533
chinese,F,0,Shu-Min,0.00097561,4713533,4723290
chinese,F,0,Shuang,0.0071843,4723290,4795132
chinese,F,0,Shuhua,0.00276179,4795132,4822750
chinese,F,0,Shulan,0.00239263,4822750,4846677
chinese,F,0,Shuyi,0.0250172,4846677,5096844
chinese,F,0,Shuying,0.00234818,5096844,5120326
chinese,F,0,Shuzhen,0.00261684,5120326,5146495
chinese,F,0,Siu Wai,0.0047451,5146495,5193946
chinese,F,0,Siyu,0.0413974,5193946,5607911
chinese,F,0,Ssu-Yu,0.000243902,5607911,5610351
chinese,F,0,Su-Chen,0.00121951,5610351,5622547
chinese,F,0,Su-Chin,0.00097561,5622547,5632304
chinese,F,0,Su-Ching,0.00097561,5632304,5642061
chinese,F,0,Su-Chu,0.00097561,5642061,5651818
chinese,F,0,Su-Lan,0.000731707,5651818,5659136
chinese,F,0,Suet Ying,0.00570172,5659136,5716153
chinese,F,0,Ting,0.00892578,5716153,5805410
chinese,F,0,Tingting,0.00253732,5805410,5830784
chinese,F,0,Tzu-Ching,0.000243902,5830784,5833224
chinese,F,0,Tzu-Han,0.000243902,5833224,5835664
chinese,F,0,Wai Ling,0.00926247,5835664,5928288
chinese,F,0,Wan-Ting,0.000243902,5928288,5930728
chinese,F,0,Wanting,0.00498772,5930728,5980605
chinese,F,0,Wenjing,0.0166561,5980605,6147163
chinese,F,0,Wing Yan,0.00501856,6147163,6197348
chinese,F,0,Xia,0.00378913,6197348,6235239
chinese,F,0,Xiaohong,0.0154015,6235239,6389252
chinese,F,0,Xiaolin,0.00478321,6389252,6437084
chinese,F,0,Xiaoyu,0.019953,6437084,6636611
chinese,F,0,Xin,0.00285721,6636611,6665183
chinese,F,0,Xinyi,0.0536312,6665183,7201484
chinese,F,0,Xinyue,0.00545785,7201484,7256062
chinese,F,0,Xiufang,0.00282463,7256062,7284309
chinese,F,0,Xiuhua,0.00267285,7284309,7311038
chinese,F,0,Xiulan,0.00307063,7311038,7341744
chinese,F,0,Xiumei,0.00346274,7341744,7376371
chinese,F,0,Xiurong,0.00295986,7376371,7405970
chinese,F,0,Xiuying,0.011257,7405970,7518538
chinese,F,0,Xiuyun,0.00232661,7518538,7541804
chinese,F,0,Xiuzhen,0.00273146,7541804,7569119
chinese,F,0,Xue,0.00655543,7569119,7634673
chinese,F,0,Xuemei,0.00404556,7634673,7675129
chinese,F,0,Ya-Chu,0.000243902,7675129,7677569
chinese,F,0,Ya-Hui,0.00097561,7677569,7687326
chinese,F,0,Ya-Ling,0.00170732,7687326,7704400
chinese,F,0,Ya-Ping,0.00097561,7704400,7714157
chinese,F,0,Ya-Ting,0.00243902,7714157,7738548
chinese,F,0,Ya-Wen,0.00170732,7738548,7755622
chinese,F,0,Yan,0.00930742,7755622,7848695
chinese,F,0,Yanling,0.0125992,7848695,7974686
chinese,F,0,Yao,0.00418807,7974686,8016567
chinese,F,0,Ying,0.0101847,8016567,8118413
chinese,F,0,Yiran,0.00559043,8118413,8174317
chinese,F,0,Yu,0.00310953,8174317,8205412
chinese,F,0,Yu-Chen,0.000243902,8205412,8207852
chinese,F,0,Yu-Chin,0.000731707,8207852,8215170
chinese,F,0,Yu-Fei,0.000243902,8215170,8217610
chinese,F,0,Yu-Feng,0.000731707,8217610,8224928
chinese,F,0,Yu-Lan,0.00146341,8224928,8239563
chinese,F,0,Yu-Ling,0.00097561,8239563,8249320
chinese,F,0,Yu-Mei,0.00097561,8249320,8259077
chinese,F,0,Yu-Ting,0.000243902,8259077,8261517
chinese,F,0,Yu-Tung,0.000243902,8261517,8263957
chinese,F,0,Yu-Ying,0.00121951,8263957,8276153
chinese,F,0,Yue,0.00742334,8276153,8350386
chinese,F,0,Yueh-O,0.00146341,8350386,8365021
chinese,F,0,Yueh-Tung,0.000243902,8365021,8367461
chinese,F,0,Yueh-Ying,0.00097561,8367461,8377218
chinese,F,0,Yuhua,0.00230545,8377218,8400273
chinese,F,0,Yuk Ling,0.00815267,8400273,8481799
chinese,F,0,Yulan,0.00361818,8481799,8517981
chinese,F,0,Yumei,0.00384997,8517981,8556481
chinese,F,0,Yun,0.00319053,8556481,8588386
chinese,F,0,Yun-Fei,0.000243902,8588386,8590826
chinese,F,0,Yung-Ching,0.000243902,8590826,8593266
chinese,F,0,Yunxi,0.00468744,8593266,8640140
chinese,F,0,Yuqi,0.00603248,8640140,8700464
chinese,F,0,Yuting,0.0287402,8700464,8987861
chinese,F,0,Yutong,0.0772502,8987861,9760347
chinese,F,0,Yuxin,0.00521162,9760347,9812463
chinese,F,0,Yuying,0.00270182,9812463,9839481
chinese,F,0,Yuzhen,0.00397807,9839481,9879262
chinese,F,0,Zixin,0.00619675,9879262,9941229
chinese,F,0,Ziyi,0.00587713,9941229,10000000
vietnamese,F,0,Anh,0.16605,0,253149
vietnamese,F,0,Chau,0.0743107,253149,366438
vietnamese,F,0,Dao,0.0730677,366438,477832
vietnamese,F,0,Diem,0.0970486,477832,625786
vietnamese,F,0,Giang,0.0946938,625786,770150
vietnamese,F,0,Ha,0.092473,770150,911128
vietnamese,F,0,Hang,0.118699,911128,1092088
vietnamese,F,0,Hanh,0.17562,1092088,1359825
vietnamese,F,0,Hien,0.122823,1359825,1547072
vietnamese,F,0,Hoa,0.233258,1547072,1902681
vietnamese,F,0,Hue,0.071874,1902681,2012256
vietnamese,F,0,Huong,0.157656,2012256,2252607
vietnamese,F,0,Kim,0.0903747,2252607,2390386
vietnamese,F,0,Lan,0.285295,2390386,2825326
vietnamese,F,0,Linh,0.615572,2825326,3763782
vietnamese,F,0,Loan,0.0883883,3763782,3898533
vietnamese,F,0,Ly,0.0865048,3898533,4030413
vietnamese,F,0,Mai,0.256113,4030413,4420864
vietnamese,F,0,My,0.186649,4420864,4705415
vietnamese,F,0,Nga,0.114896,4705415,4880577
vietnamese,F,0,Ngoc,0.214798,4880577,5208043
vietnamese,F,0,Nhi,0.0847159,5208043,5337195
vietnamese,F,0,Nhu,0.0830142,5337195,5463753
vietnamese,F,0,Nhung,0.143587,5463753,5682656
vietnamese,F,0,Oanh,0.111376,5682656,5852452
vietnamese,F,0,Phuong,0.324131,5852452,6346599
vietnamese,F,0,Quynh,0.108107,6346599,6511411
vietnamese,F,0,Tam,0.0813932,6511411,6635498
vietnamese,F,0,Thao,0.378929,6635498,7213186
vietnamese,F,0,Thu,0.079847,7213186,7334916
vietnamese,F,0,Thuy,0.150223,7334916,7563935
vietnamese,F,0,Tien,0.0783703,7563935,7683413
vietnamese,F,0,Tram,0.137621,7683413,7893221
vietnamese,F,0,Trang,0.463463,7893221,8599783
vietnamese,F,0,Trinh,0.0769582,8599783,8717109
vietnamese,F,0,Tuyet,0.105061,8717109,8877278
vietnamese,F,0,Uyen,0.132224,8877278,9078857
vietnamese,F,0,Van,0.102216,9078857,9234689
vietnamese,F,0,Vi,0.0756063,9234689,9349954
vietnamese,F,0,Vy,0.199526,9349954,9654138
vietnamese,F,0,Xuan,0.0995509,9654138,9805907
vietnamese,F,0,Yen,0.127313,9805907,10000000
lebanese,F,0,Amal,0.079847,0,112517
lebanese,F,0,Aya,0.0813932,112517,227213
lebanese,F,0,Bassima,0.0783703,227213,337650
lebanese,F,0,Carla,0.143587,337650,539987
lebanese,F,0,Christine,0.137621,539987,733917
lebanese,F,0,Dalia,0.0769582,733917,842364
lebanese,F,0,Dina,0.0970486,842364,979121
lebanese,F,0,Eliane,0.0756063,979121,1085663
lebanese,F,0,Fatima,0.285295,1085663,1487688
lebanese,F,0,Georgette,0.0743107,1487688,1592404
lebanese,F,0,Grace,0.132224,1592404,1778728
lebanese,F,0,Hala,0.17562,1778728,2026204
lebanese,F,0,Hanan,0.0730677,2026204,2129168
lebanese,F,0,Hiba,0.0946938,2129168,2262607
lebanese,F,0,Jana,0.092473,2262607,2392916
lebanese,F,0,Joelle,0.127313,2392916,2572320
lebanese,F,0,Joumana,0.071874,2572320,2673602
lebanese,F,0,Lara,0.0903747,2673602,2800955
lebanese,F,0,Layla,0.214798,2800955,3103639
lebanese,F,0,Leila,0.0707267,3103639,3203305
lebanese,F,0,Lina,0.199526,3203305,3484468
lebanese,F,0,Maha,0.0883883,3484468,3609021
lebanese,F,0,Maria,0.122823,3609021,3782098
lebanese,F,0,Mariam,0.233258,3782098,4110795
lebanese,F,0,Maya,0.463463,4110795,4763885
lebanese,F,0,Mireille,0.0696228,4763885,4861995
lebanese,F,0,Mona,0.118699,4861995,5029261
lebanese,F,0,Nada,0.114896,5029261,5191167
lebanese,F,0,Nadia,0.378929,5191167,5725136
lebanese,F,0,Nayla,0.0685598,5725136,5821748
lebanese,F,0,Nisrine,0.0865048,5821748,5943647
lebanese,F,0,Nour,0.16605,5943647,6177638
lebanese,F,0,Rana,0.186649,6177638,6440655
lebanese,F,0,Randa,0.0675354,6440655,6535824
lebanese,F,0,Rania,0.324131,6535824,6992575
lebanese,F,0,Rima,0.111376,6992575,7149521
lebanese,F,0,Rita,0.615572,7149521,8016956
lebanese,F,0,Rola,0.0847159,8016956,8136334
lebanese,F,0,Sahar,0.0665474,8136334,8230110
lebanese,F,0,Samar,0.108107,8230110,8382449
lebanese,F,0,Sara,0.150223,8382449,8594137
lebanese,F,0,Sawsan,0.0830142,8594137,8711117
lebanese,F,0,Siham,0.0655938,8711117,8803550
lebanese,F,0,Souad,0.105061,8803550,8951598
lebanese,F,0,Tania,0.102216,8951598,9095637
lebanese,F,0,Yara,0.0646727,9095637,9186772
lebanese,F,0,Yasmine,0.157656,9186772,9408934
lebanese,F,0,Zahra,0.0637824,9408934,9498814
lebanese,F,0,Zeina,0.0995509,9498814,9639097
lebanese,F,0,Zeinab,0.256113,9639097,10000000
filipino,F,0,Aileen,0.199526,0,311057
filipino,F,0,Analyn,0.114896,311057,490178
filipino,F,0,Angelica,0.463463,490178,1212705
filipino,F,0,Charmaine,0.186649,1212705,1503686
filipino,F,0,Cristina,0.111376,1503686,1677319
filipino,F,0,Czarina,0.079847,1677319,1801799
filipino,F,0,Divina,0.108107,1801799,1970335
filipino,F,0,Evangeline,0.105061,1970335,2134124
filipino,F,0,Gemma,0.102216,2134124,2293477
filipino,F,0,Grace,0.17562,2293477,2567264
filipino,F,0,Hazel,0.0743107,2567264,2683113
filipino,F,0,Imelda,0.0995509,2683113,2838311
filipino,F,0,Jasmin,0.0970486,2838311,2989608
filipino,F,0,Jennifer,0.16605,2989608,3248477
filipino,F,0,Jocelyn,0.256113,3248477,3647751
filipino,F,0,Joy,0.157656,3647751,3893533
filipino,F,0,Katrina,0.0756063,3893533,4011402
filipino,F,0,Kristine,0.378929,4011402,4602143
filipino,F,0,Leah,0.0946938,4602143,4749769
filipino,F,0,Liza,0.150223,4749769,4983963
filipino,F,0,Lorna,0.214798,4983963,5318828
filipino,F,0,Lourdes,0.143587,5318828,5542678
filipino,F,0,Mae,0.0783703,5542678,5664856
filipino,F,0,Maria,0.615572,5664856,6624517
filipino,F,0,Maricel,0.285295,6624517,7069285
filipino,F,0,Marites,0.137621,7069285,7283834
filipino,F,0,Marivic,0.324131,7283834,7789147
filipino,F,0,Michelle,0.092473,7789147,7933311
filipino,F,0,Nerissa,0.132224,7933311,8139445
filipino,F,0,Precious,0.0769582,8139445,8259422
filipino,F,0,Princess,0.0903747,8259422,8400315
filipino,F,0,Rachelle,0.0883883,8400315,8538111
filipino,F,0,Rhea,0.0865048,8538111,8672971
filipino,F,0,Rosalie,0.127313,8672971,8871449
filipino,F,0,Rosario,0.0847159,8871449,9003520
filipino,F,0,Rowena,0.233258,9003520,9367164
filipino,F,0,Sheila,0.122823,9367164,9558642
filipino,F,0,Shiela,0.0830142,9558642,9688060
filipino,F,0,Teresita,0.118699,9688060,9873109
filipino,F,0,Vilma,0.0813932,9873109,10000000
korean,F,0,Areum,0.287175,0,274906
korean,F,0,Boram,0.0903197,274906,361368
korean,F,0,Chaewon,0.0832522,361368,441064
korean,F,0,Chunja,0.160942,441064,595130
korean,F,0,Eungyeong,0.144956,595130,733894
korean,F,0,Eunjeong,0.0913195,733894,821313
korean,F,0,Eunji,0.0980066,821313,915133
korean,F,0,Eunju,0.176537,915133,1084129
korean,F,0,Eunseo,0.205269,1084129,1280629
korean,F,0,Eunyeong,0.127404,1280629,1402591
korean,F,0,Gyeonghui,0.0968016,1402591,1495258
korean,F,0,Gyeongja,0.132605,1495258,1622199
korean,F,0,Gyeongsuk,0.196945,1622199,1810731
korean,F,0,Haeun,0.112753,1810731,1918668
korean,F,0,Hayun,0.118457,1918668,2032064
korean,F,0,Hyejin,0.165723,2032064,2190707
korean,F,0,Hyeonjeong,0.435275,2190707,2607386
korean,F,0,Hyeonji,0.141585,2607386,2742922
korean,F,0,Hyeonju,0.380731,2742922,3107387
korean,F,0,Hyeonsuk,0.114572,3107387,3217065
korean,F,0,Jeonghui,0.103259,3217065,3315913
korean,F,0,Jeongja,0.106182,3315913,3417559
korean,F,0,Jeongsuk,0.129935,3417559,3541944
korean,F,0,Jeongsun,0.0865942,3541944,3624839
korean,F,0,Jia,0.341279,3624839,3951537
korean,F,0,Jieun,0.0874869,3951537,4035287
korean,F,0,Jihye,0.138415,4035287,4167789
korean,F,0,Jihyeon,0.116471,4167789,4279285
korean,F,0,Jimin,0.170902,4279285,4442886
korean,F,0,Jiu,0.214602,4442886,4648320
korean,F,0,Jiwon,0.104693,4648320,4748541
korean,F,0,Jiyeon,0.152392,4748541,4894423
korean,F,0,Jiyeong,0.101876,4894423,4991947
korean,F,0,Migyeong,0.517282,4991947,5487129
korean,F,0,Mijeong,0.0992525,5487129,5582142
korean,F,0,Minji,0.107728,5582142,5685269
korean,F,0,Minseo,0.0857253,5685269,5767333
korean,F,0,Misuk,0.182697,5767333,5942225
korean,F,0,Miyeong,0.0809606,5942225,6019727
korean,F,0,Myeongja,0.22516,6019727,6235268
korean,F,0,Myeongsuk,0.237227,6235268,6462361
korean,F,0,Okja,0.0923495,6462361,6550766
korean,F,0,Oksun,0.311129,6550766,6848603
korean,F,0,Seohyeon,0.189465,6848603,7029974
korean,F,0,Seonyeong,0.0824692,7029974,7108921
korean,F,0,Seoyeon,0.0945057,7108921,7199390
korean,F,0,Seoyeong,0.0956352,7199390,7290940
korean,F,0,Seoyun,0.120535,7290940,7406326
korean,F,0,Subin,0.251189,7406326,7646784
korean,F,0,Sujin,0.0884046,7646784,7731412
korean,F,0,Sukja,0.0893485,7731412,7816944
korean,F,0,Sumin,0.14855,7816944,7959148
korean,F,0,Sunja,0.0848794,7959148,8040402
korean,F,0,Sunok,0.11101,8040402,8146670
korean,F,0,Yeeun,0.100541,8146670,8242917
korean,F,0,Yeji,0.156512,8242917,8392743
korean,F,0,Yejin,0.093411,8392743,8482164
korean,F,0,Yeonghui,0.109336,8482164,8586830
korean,F,0,Yeongja,0.267581,8586830,8842979
korean,F,0,Yeongmi,0.135427,8842979,8972621
korean,F,0,Yeongsuk,0.0840553,8972621,9053086
korean,F,0,Yeongsun,0.0817056,9053086,9131302
korean,F,0,Yewon,0.125,9131302,9250962
korean,F,0,Yujin,0.659754,9250962,9882529
korean,F,0,Yunseo,0.122713,9882529,10000000
greek,F,0,Achilleia,6.74323e-05,0,675
greek,F,0,Adamantia,5.54287e-05,675,1230
greek,F,0,Afentra,0.000119626,1230,2427
greek,F,0,Afroditi,0.00014704,2427,3898
greek,F,0,Agapi,8.78579e-05,3898,4778
greek,F,0,Agathi,5.29344e-05,4778,5308
greek,F,0,Aglaia,0.000189051,5308,7199
greek,F,0,Agni,7.03447e-05,7199,7903
greek,F,0,Agoro,6.89699e-05,7903,8594
greek,F,0,Aidona,8.17519e-05,8594,9412
greek,F,0,Aikaterini,0.00235264,9412,32938
greek,F,0,Aimilia,5.78518e-05,32938,33517
greek,F,0,Akrivi,0.000102785,33517,34546
greek,F,0,Alexandra,0.0137589,34546,172130
greek,F,0,Alexia,4.97036e-05,172130,172628
greek,F,0,Aliki,0.000192489,172628,174554
greek,F,0,Alkinoi,0.000232679,174554,176882
greek,F,0,Alkistis,6.91953e-05,176882,177575
greek,F,0,Alkmini,0.000161632,177575,179192
greek,F,0,Amalia,5.38772e-05,179192,179732
greek,F,0,Amfithea,0.000117632,179732,180909
greek,F,0,Amfitriti,5.99823e-05,180909,181510
greek,F,0,Amvrosia,0.000516433,181510,186675
greek,F,0,Anargyri,0.000162875,186675,188305
greek,F,0,Anastasia,0.0335427,188305,523717
greek,F,0,Anatoli,0.000352896,523717,527247
greek,F,0,Andriani,5.11443e-05,527247,527759
greek,F,0,Andromachi,0.000243376,527759,530194
greek,F,0,Andromeda,5.36044e-05,530194,530731
greek,F,0,Androniki,8.64235e-05,530731,531596
greek,F,0,Angela,0.0249532,531596,781118
greek,F,0,Angeliki,0.000115704,781118,782276
greek,F,0,Anna,0.015331,782276,935580
greek,F,0,Annika,5.47125e-05,935580,936128
greek,F,0,Anthi,0.000470528,936128,940834
greek,F,0,Anthoula,0.000278602,940834,943621
greek,F,0,Antigoni,0.000213876,943621,945761
greek,F,0,Antonia,0.000149111,945761,947253
greek,F,0,Apollonia,9.84826e-05,947253,948239
greek,F,0,Apostolia,5.16433e-05,948239,948756
greek,F,0,Archontia,0.000258217,948756,951339
greek,F,0,Aretha,4.87874e-05,951339,951828
greek,F,0,Areti,0.000572264,951828,957551
greek,F,0,Argyro,8.11255e-05,957551,958363
greek,F,0,Argyroula,0.000129108,958363,959655
greek,F,0,Ariadni,0.000392107,959655,963577
greek,F,0,Aristea,0.000159201,963577,965170
greek,F,0,Artemis,0.000271458,965170,967885
greek,F,0,Artemisia,4.95872e-05,967885,968382
greek,F,0,Asimina,5.94768e-05,968382,968978
greek,F,0,Asimoula,9.71273e-05,968978,969950
greek,F,0,Aspasia,7.75595e-05,969950,970727
greek,F,0,Astero,0.000114453,970727,971872
greek,F,0,Atalanti,5.01748e-05,971872,972375
greek,F,0,Athanasia,7.10529e-05,972375,973086
greek,F,0,Athena,0.0143318,973086,1116399
greek,F,0,Athina,7.01118e-05,1116399,1117101
greek,F,0,Athinodora,0.00111441,1117101,1128246
greek,F,0,Avgi,0.000133168,1128246,1129579
greek,F,0,Avgoustina,0.00211738,1129579,1150753
greek,F,0,Chaido,0.000216059,1150753,1152914
greek,F,0,Chara,0.000112626,1152914,1154041
greek,F,0,Charalampia,7.25129e-05,1154041,1154767
greek,F,0,Chari,0.000134865,1154767,1156117
greek,F,0,Charikleia,7.50842e-05,1156117,1156869
greek,F,0,Chionia,0.00088224,1156869,1165692
greek,F,0,Chloi,5.96444e-05,1165692,1166289
greek,F,0,Christiana,8.8224e-05,1166289,1167172
greek,F,0,Christina,0.0160768,1167172,1327934
greek,F,0,Christodoula,6.17311e-05,1327934,1328552
greek,F,0,Christofili,9.24618e-05,1328552,1329478
greek,F,0,Christofora,0.000246206,1329478,1331941
greek,F,0,Chrysafenia,6.32052e-05,1331941,1332574
greek,F,0,Chrysanthi,7.22654e-05,1332574,1333298
greek,F,0,Chrysavgi,8.40228e-05,1333298,1334139
greek,F,0,Chrysi,0.000156843,1334139,1335708
greek,F,0,Chrysostomi,7.56205e-05,1335708,1336465
greek,F,0,Chrysoula,0.0236428,1336465,1572884
greek,F,0,Chrysovalanto,9.62443e-05,1572884,1573847
greek,F,0,Chrysovalantou,7.352e-05,1573847,1574583
greek,F,0,Dafni,0.000298222,1574583,1577566
greek,F,0,Daizi,0.000131514,1577566,1578882
greek,F,0,Damaskini,0.000365065,1578882,1582533
greek,F,0,Damiani,7.40341e-05,1582533,1583274
greek,F,0,Danai,5.55742e-05,1583274,1583831
greek,F,0,Daniela,0.000103287,1583831,1584865
greek,F,0,Davidoula,6.6168e-05,1584865,1585528
greek,F,0,Despina,0.0307809,1585528,1893324
greek,F,0,Despoina,0.00423475,1893324,1935671
greek,F,0,Dialekti,6.22757e-05,1935671,1936295
greek,F,0,Diamanto,0.000173555,1936295,1938031
greek,F,0,Diamantoula,5.0294e-05,1938031,1938535
greek,F,0,Dido,0.000110857,1938535,1939645
greek,F,0,Dikaia,4.83419e-05,1939645,1940129
greek,F,0,Dimitra,0.0266699,1940129,2206817
greek,F,0,Dimoula,7.20196e-05,2206817,2207538
greek,F,0,Dionysia,6.78646e-05,2207538,2208218
greek,F,0,Domna,0.000124551,2208218,2209464
greek,F,0,Dorothea,0.000104821,2209464,2210513
greek,F,0,Doukissa,0.00022056,2210513,2212719
greek,F,0,Drosia,7.17754e-05,2212719,2213438
greek,F,0,Effie,0.017679,2213438,2390221
greek,F,0,Effrosyni,0.000139301,2390221,2391615
greek,F,0,Efkleia,0.000127553,2391615,2392891
greek,F,0,Efpraxia,7.2762e-05,2392891,2393620
greek,F,0,Efseveia,8.67777e-05,2393620,2394489
greek,F,0,Efsevia,0.000113837,2394489,2395628
greek,F,0,Efstathia,6.45541e-05,2395628,2396275
greek,F,0,Efstratia,6.08441e-05,2396275,2396884
greek,F,0,Efterpi,5.12682e-05,2396884,2397398
greek,F,0,Efthalia,8.05086e-05,2397398,2398204
greek,F,0,Efthymia,0.000113229,2398204,2399337
greek,F,0,Eftychia,9.28673e-05,2399337,2400267
greek,F,0,Eirini,0.000179439,2400267,2402062
greek,F,0,Eleftheria,0.000784213,2402062,2409905
greek,F,0,Eleni,0.0641782,2409905,3051659
greek,F,0,Eleonora,0.000218286,3051659,3053843
greek,F,0,Elessa,0.00162875,3053843,3070131
greek,F,0,Elisavet,5.8491e-05,3070131,3070717
greek,F,0,Elli,0.000123103,3070717,3071949
greek,F,0,Elpida,0.000203594,3071949,3073986
greek,F,0,Elpis,0.000108029,3073986,3075067
greek,F,0,Emmanouela,0.000320814,3075067,3078276
greek,F,0,Epistimi,6.49502e-05,3078276,3078926
greek,F,0,Erasmia,4.99381e-05,3078926,3079426
greek,F,0,Erato,5.08984e-05,3079426,3079936
greek,F,0,Erieta,0.000962443,3079936,3089561
greek,F,0,Erifyli,6.26442e-05,3089561,3090188
greek,F,0,Ermioni,0.000137492,3090188,3091564
greek,F,0,Erofili,6.55534e-05,3091564,3092221
greek,F,0,Eva,9.80266e-05,3092221,3093202
greek,F,0,Evangelia,0.0132732,3093202,3225929
greek,F,0,Evanthia,0.000347111,3225929,3229401
greek,F,0,Evdokia,9.16613e-05,3229401,3230319
greek,F,0,Evdoxia,0.000384977,3230319,3234170
greek,F,0,Evgenia,0.00029408,3234170,3237112
greek,F,0,Evlampia,0.00176448,3237112,3254757
greek,F,0,Evmorfia,4.89001e-05,3254757,3255247
greek,F,0,Evrydiki,0.00302482,3255247,3285495
greek,F,0,Evrykleia,0.00033084,3285495,3288804
greek,F,0,Faidra,0.000371469,3288804,3292520
greek,F,0,Fani,0.000286132,3292520,3295382
greek,F,0,Fanouria,5.37405e-05,3295382,3295920
greek,F,0,Fereniki,5.25403e-05,3295920,3296446
greek,F,0,Fevronia,9.66838e-05,3296446,3297414
greek,F,0,Filareti,8.85931e-05,3297414,3298301
greek,F,0,Filio,0.000176448,3298301,3300066
greek,F,0,Filippa,0.000302482,3300066,3303092
greek,F,0,Filippia,0.000106938,3303092,3304162
greek,F,0,Filomila,0.000144039,3304162,3305603
greek,F,0,Filothei,0.00017499,3305603,3307354
greek,F,0,Flora,7.64395e-05,3307354,3308119
greek,F,0,Florentia,5.17696e-05,3308119,3308638
greek,F,0,Florina,4.98206e-05,3308638,3309137
greek,F,0,Foivi,5.81697e-05,3309137,3309720
greek,F,0,Foteini,6.94221e-05,3309720,3310415
greek,F,0,Frantzeska,0.000100827,3310415,3311424
greek,F,0,Freideriki,4.85637e-05,3311424,3311911
greek,F,0,Fryni,0.000138391,3311911,3313296
greek,F,0,Galateia,0.000177931,3313296,3315076
greek,F,0,Galini,0.000104304,3315076,3316120
greek,F,0,Garyfallia,0.000168046,3316120,3317801
greek,F,0,Gavriella,0.00018412,3317801,3319643
greek,F,0,Genovefa,6.13732e-05,3319643,3320258
greek,F,0,Georgia,0.0378554,3320258,3698796
greek,F,0,Gerakina,0.00011028,3698796,3699900
greek,F,0,Gerasimoula,6.83024e-05,3699900,3700584
greek,F,0,Gesthimani,5.10211e-05,3700584,3701095
greek,F,0,Giannoula,4.86753e-05,3701095,3701583
greek,F,0,Giasemi,0.000557204,3701583,3707156
greek,F,0,Giolanta,0.000170756,3707156,3708864
greek,F,0,Glafki,0.000153433,3708864,3710399
greek,F,0,Glykeria,7.48189e-05,3710399,3711148
greek,F,0,Golfo,5.24103e-05,3711148,3711673
greek,F,0,Grammatiki,6.8746e-05,3711673,3712361
greek,F,0,Helen,0.0806462,3712361,4518787
greek,F,0,Iakovina,6.67942e-05,4518787,4519456
greek,F,0,Ifigeneia,8.08159e-05,4519456,4520265
greek,F,0,Ignatia,8.02036e-05,4520265,4521068
greek,F,0,Ilektra,0.000222882,4521068,4523298
greek,F,0,Ilia,5.76942e-05,4523298,4523876
greek,F,0,Iliana,0.000399505,4523876,4527872
greek,F,0,Ino,0.000146026,4527872,4529333
greek,F,0,Io,6.76478e-05,4529333,4530010
greek,F,0,Ioanna,0.000130702,4530010,4531318
greek,F,0,Iokasti,0.000125288,4531318,4532572
greek,F,0,Iordania,6.5757e-05,4532572,4533231
greek,F,0,Iosifina,6.70055e-05,4533231,4533902
greek,F,0,Ioulia,6.11958e-05,4533902,4534515
greek,F,0,Iouliani,7.87128e-05,4534515,4535303
greek,F,0,Ippolyti,0.00151241,4535303,4550427
greek,F,0,Ira,4.9127e-05,4550427,4550919
greek,F,0,Irakleia,0.000105342,4550919,4551973
greek,F,0,Irene,0.0192337,4551973,4744302
greek,F,0,Iris,8.43576e-05,4744302,4745147
greek,F,0,Isavella,7.42939e-05,4745147,4745891
greek,F,0,Isidora,0.000423475,4745891,4750127
greek,F,0,Ismini,5.67661e-05,4750127,4750696
greek,F,0,Ivi,0.00141158,4750696,4764812
greek,F,0,Joanna,0.0170022,4764812,4934827
greek,F,0,Kali,0.00066168,4934827,4941444
greek,F,0,Kalliniki,0.000187378,4941444,4943319
greek,F,0,Kalliopi,8.74948e-05,4943319,4944195
greek,F,0,Kalliroi,0.000121688,4944195,4945413
greek,F,0,Kallirroi,5.98129e-05,4945413,4946012
greek,F,0,Kalomoira,7.61646e-05,4946012,4946775
greek,F,0,Kalypso,0.000142106,4946775,4948197
greek,F,0,Kanella,8.93407e-05,4948197,4949091
greek,F,0,Karyofyllia,5.89798e-05,4949091,4949682
greek,F,0,Kassandra,0.000920598,4949682,4958889
greek,F,0,Kassiani,0.000290051,4958889,4961790
greek,F,0,Katerina,0.0202693,4961790,5164475
greek,F,0,Kathy,0.0535926,5164475,5700378
greek,F,0,Kerasia,6.80828e-05,5700378,5701060
greek,F,0,Kikilia,9.12662e-05,5701060,5701974
greek,F,0,Klairi,0.00044112,5701974,5706386
greek,F,0,Kleio,6.24594e-05,5706386,5707012
greek,F,0,Kleoniki,5.8816e-05,5707012,5707601
greek,F,0,Kleopatra,5.93102e-05,5707601,5708195
greek,F,0,Klimentini,4.82318e-05,5708195,5708678
greek,F,0,Klytaimnistra,9.94073e-05,5708678,5709673
greek,F,0,Kokkona,9.49496e-05,5709673,5710623
greek,F,0,Komnini,8.14375e-05,5710623,5711438
greek,F,0,Kondylia,0.000756205,5711438,5719001
greek,F,0,Konstantia,0.00032575,5719001,5722259
greek,F,0,Konstantina,0.0212625,5722259,5934875
greek,F,0,Koralia,8.97193e-05,5934875,5935773
greek,F,0,Kornilia,8.36907e-05,5935773,5936611
greek,F,0,Kosmia,6.72183e-05,5936611,5937284
greek,F,0,Kostoula,6.10195e-05,5937284,5937895
greek,F,0,Krinio,6.01527e-05,5937895,5938497
greek,F,0,Krystallenia,5.61638e-05,5938497,5939060
greek,F,0,Kydonia,0.000432117,5939060,5943382
greek,F,0,Kyparissia,0.000529344,5943382,5948676
greek,F,0,Kypriani,0.00529344,5948676,6001609
greek,F,0,Kyratsa,9.01011e-05,6001609,6002511
greek,F,0,Kyriaki,0.000145026,6002511,6003962
greek,F,0,Kyveli,8.4695e-05,6003962,6004810
greek,F,0,Lamprini,5.5284e-05,6004810,6005364
greek,F,0,Laskarina,0.00010131,6005364,6006378
greek,F,0,Lavrentia,0.000126789,6006378,6007647
greek,F,0,Lazaria,5.86531e-05,6007647,6008235
greek,F,0,Lefkothea,7.12921e-05,6008235,6008949
greek,F,0,Lemonia,9.75749e-05,6008949,6009926
greek,F,0,Leoni,8.271e-05,6009926,6010754
greek,F,0,Leonidia,0.000150168,6010754,6012257
greek,F,0,Lida,5.57204e-05,6012257,6012815
greek,F,0,Lito,0.000264672,6012815,6015463
greek,F,0,Louiza,0.00016542,6015463,6017118
greek,F,0,Loukia,8.5378e-05,6017118,6017973
greek,F,0,Louloudenia,6.37764e-05,6017973,6018612
greek,F,0,Lydia,0.000227675,6018612,6020890
greek,F,0,Lygeri,6.53511e-05,6020890,6021544
greek,F,0,Magdalini,5.64633e-05,6021544,6022110
greek,F,0,Makrina,0.00705792,6022110,6092687
greek,F,0,Malamatenia,5.04137e-05,6092687,6093192
greek,F,0,Malamati,0.000152329,6093192,6094716
greek,F,0,Malvina,9.32764e-05,6094716,6095650
greek,F,0,Mantha,0.000109709,6095650,6096748
greek,F,0,Manto,0.000504137,6096748,6101790
greek,F,0,Margarita,6.43579e-05,6101790,6102435
greek,F,0,Margietta,0.000115075,6102435,6103587
greek,F,0,Maria,0.112188,6103587,7225421
greek,F,0,Marianna,0.000134011,7225421,7226762
greek,F,0,Marianthi,6.47515e-05,7226762,7227410
greek,F,0,Marigo,7.9901e-05,7227410,7228210
greek,F,0,Marilena,0.000209641,7228210,7230307
greek,F,0,Marina,0.00352896,7230307,7265596
greek,F,0,Markella,5.75374e-05,7265596,7266172
greek,F,0,Marotesa,6.19116e-05,7266172,7266792
greek,F,0,Martha,0.000141158,7266792,7268205
greek,F,0,Matina,5.70721e-05,7268205,7268777
greek,F,0,Matroni,8.71348e-05,7268777,7269649
greek,F,0,Matthildi,7.90065e-05,7269649,7270440
greek,F,0,Mavra,5.63132e-05,7270440,7271004
greek,F,0,Melenia,8.89653e-05,7271004,7271895
greek,F,0,Meletia,0.000160407,7271895,7273500
greek,F,0,Melina,4.8013e-05,7273500,7273981
greek,F,0,Melpomeni,0.000211738,7273981,7276099
greek,F,0,Meropi,0.000237907,7276099,7278479
greek,F,0,Metaxia,5.73814e-05,7278479,7279054
greek,F,0,Michaela,4.94714e-05,7279054,7279550
greek,F,0,Milia,7.78447e-05,7279550,7280329
greek,F,0,Minerva,7.53514e-05,7280329,7281083
greek,F,0,Miranta,5.28024e-05,7281083,7281612
greek,F,0,Moscha,0.000196053,7281612,7283573
greek,F,0,Myrsini,0.000197886,7283573,7285553
greek,F,0,Myrto,0.00264672,7285553,7312020
greek,F,0,Nafsika,0.000604964,7312020,7318070
greek,F,0,Natalia,5.34691e-05,7318070,7318606
greek,F,0,Natalina,9.20598e-05,7318606,7319528
greek,F,0,Nefeli,5.514e-05,7319528,7320080
greek,F,0,Nektaria,0.000154553,7320080,7321626
greek,F,0,Neokleia,0.000683024,7321626,7328457
greek,F,0,Neratzia,7.84213e-05,7328457,7329242
greek,F,0,Niki,0.000240611,7329242,7331649
greek,F,0,Nikitia,0.000282317,7331649,7334473
greek,F,0,Nikki,0.0163811,7334473,7498277
greek,F,0,Nikoleta,5.58674e-05,7498277,7498837
greek,F,0,Nikolitsa,7.05792e-05,7498837,7499544
greek,F,0,Nomiki,0.000201655,7499544,7501561
greek,F,0,Odysseia,0.000306866,7501561,7504631
greek,F,0,Olga,0.0125239,7504631,7629865
greek,F,0,Olympia,7.81319e-05,7629865,7630647
greek,F,0,Ourania,0.000101797,7630647,7631666
greek,F,0,Pagona,0.000103793,7631666,7632705
greek,F,0,Panagia,5.00562e-05,7632705,7633207
greek,F,0,Panagiota,7.58916e-05,7633207,7633967
greek,F,0,Pandora,6.33945e-05,7633967,7634602
greek,F,0,Panoraia,5.45715e-05,7634602,7635149
greek,F,0,Pantelia,4.81222e-05,7635149,7635631
greek,F,0,Pantoula,0.00020557,7635631,7637688
greek,F,0,Paraskevi,0.0140271,7637688,7777953
greek,F,0,Paressa,0.000120993,7777953,7779164
greek,F,0,Parthena,0.000151241,7779164,7780677
greek,F,0,Paschalia,6.15516e-05,7780677,7781293
greek,F,0,Patapia,8.20688e-05,7781293,7782115
greek,F,0,Pavlina,0.000106401,7782115,7783180
greek,F,0,Pelagia,5.69187e-05,7783180,7783750
greek,F,0,Penny,0.0147887,7783750,7931631
greek,F,0,Perikleia,0.000336091,7931631,7934993
greek,F,0,Peristera,5.91446e-05,7934993,7935585
greek,F,0,Persefoni,9.89428e-05,7935585,7936575
greek,F,0,Petra,4.90133e-05,7936575,7937066
greek,F,0,Pierrina,7.30129e-05,7937066,7937797
greek,F,0,Pigi,7.37761e-05,7937797,7938536
greek,F,0,Pinelopi,6.03241e-05,7938536,7939140
greek,F,0,Polina,0.000123823,7939140,7940379
greek,F,0,Polychronia,0.000207586,7940379,7942456
greek,F,0,Polydora,9.04861e-05,7942456,7943362
greek,F,0,Polymnia,0.0105869,7943362,8049227
greek,F,0,Polyniki,0.000180972,8049227,8051038
greek,F,0,Polytimi,5.18965e-05,8051038,8051558
greek,F,0,Polyvia,5.66143e-05,8051558,8052125
greek,F,0,Polyxeni,5.2671e-05,8052125,8052653
greek,F,0,Pothiti,0.000492413,8052653,8057578
greek,F,0,Poulcheria,0.000185735,8057578,8059436
greek,F,0,Poulia,0.00010035,8059436,8060440
greek,F,0,Prodromia,8.60722e-05,8060440,8061302
greek,F,0,Rallia,5.80103e-05,8061302,8061883
greek,F,0,Rea,0.000316026,8061883,8065044
greek,F,0,Rengina,0.000450505,8065044,8069550
greek,F,0,Reveka,0.000415172,8069550,8073703
greek,F,0,Revekka,0.000358877,8073703,8077293
greek,F,0,Rigoula,6.98804e-05,8077293,8077993
greek,F,0,Rodamanthi,0.000194255,8077993,8079936
greek,F,0,Rodanthi,4.92413e-05,8079936,8080429
greek,F,0,Rodia,5.21521e-05,8080429,8080951
greek,F,0,Rodokleia,0.000249103,8080951,8083443
greek,F,0,Roumpini,5.30671e-05,8083443,8083975
greek,F,0,Rousa,6.30171e-05,8083975,8084606
greek,F,0,Roxani,0.00132336,8084606,8097840
greek,F,0,Roza,0.000622757,8097840,8104068
greek,F,0,Salomi,9.45257e-05,8104068,8105014
greek,F,0,Sapfo,0.000172144,8105014,8106736
greek,F,0,Sarra,0.00016939,8106736,8108431
greek,F,0,Savvoula,0.00192489,8108431,8127680
greek,F,0,Selini,0.000155689,8127680,8129238
greek,F,0,Semina,0.000108583,8129238,8130325
greek,F,0,Serafeia,7.96006e-05,8130325,8131122
greek,F,0,Sevasti,7.93024e-05,8131122,8131916
greek,F,0,Sevastiani,7.1533e-05,8131916,8132632
greek,F,0,Smaragda,0.000164138,8132632,8134274
greek,F,0,Sofia,0.0410111,8134274,8544367
greek,F,0,Sofronia,6.35848e-05,8544367,8545004
greek,F,0,Sophie,0.0184195,8545004,8729192
greek,F,0,Sotiria,5.40147e-05,8729192,8729733
greek,F,0,Soultana,5.60152e-05,8729733,8730294
greek,F,0,Soumela,0.000261404,8730294,8732909
greek,F,0,Sozousa,4.93561e-05,8732909,8733404
greek,F,0,Sparti,0.00084695,8733404,8741874
greek,F,0,Spyranna,8.23881e-05,8741874,8742699
greek,F,0,Spyridoula,0.000143066,8742699,8744131
greek,F,0,Stamatina,0.000116982,8744131,8745302
greek,F,0,Stavroula,0.0223123,8745302,8968416
greek,F,0,Stefania,0.00058816,8968416,8974298
greek,F,0,Stella,8.30343e-05,8974298,8975129
greek,F,0,Stergiani,0.000105869,8975129,8976189
greek,F,0,Stergianno,5.33344e-05,8976189,8976723
greek,F,0,Styliani,0.000730129,8976723,8984025
greek,F,0,Symela,0.00117632,8984025,8995789
greek,F,0,Symeoni,6.41629e-05,8995789,8996432
greek,F,0,Symeonia,7.08152e-05,8996432,8997141
greek,F,0,Tatiana,6.28301e-05,8997141,8997770
greek,F,0,Taxiarchia,0.00100827,8997770,9007853
greek,F,0,Terpsichori,0.000120305,9007853,9009057
greek,F,0,Thalassini,6.06698e-05,9009057,9009665
greek,F,0,Thaleia,5.32004e-05,9009665,9010198
greek,F,0,Theano,0.000705792,9010198,9017257
greek,F,0,Thekla,5.44312e-05,9017257,9017802
greek,F,0,Themis,8.57237e-05,9017802,9018660
greek,F,0,Themistokleia,0.000107481,9018660,9019736
greek,F,0,Theocharoula,0.000166722,9019736,9021404
greek,F,0,Theodora,5.49968e-05,9021404,9021955
greek,F,0,Theodosia,0.000182532,9021955,9023781
greek,F,0,Theodoti,9.98762e-05,9023781,9024781
greek,F,0,Theodouli,9.41056e-05,9024781,9025723
greek,F,0,Theofania,6.04964e-05,9025723,9026329
greek,F,0,Theofili,0.000132336,9026329,9027653
greek,F,0,Theofylakti,8.33612e-05,9027653,9028488
greek,F,0,Theokleia,0.000235264,9028488,9030842
greek,F,0,Theologia,0.000255105,9030842,9033394
greek,F,0,Theoni,0.000542917,9033394,9038824
greek,F,0,Theopisti,0.000407188,9038824,9042897
greek,F,0,Thetis,0.000122392,9042897,9044122
greek,F,0,Thiresia,7.67165e-05,9044122,9044890
greek,F,0,Thomais,0.000341512,9044890,9048306
greek,F,0,Timothea,5.72264e-05,9048306,9048879
greek,F,0,Triantafylli,9.58088e-05,9048879,9049838
greek,F,0,Triantafyllia,0.000109143,9049838,9050930
greek,F,0,Trisevgeni,0.000118289,9050930,9052114
greek,F,0,Tryfonia,7.72765e-05,9052114,9052888
greek,F,0,Tsampika,0.000158013,9052888,9054469
greek,F,0,Tzeni,7.45555e-05,9054469,9055216
greek,F,0,Vagia,9.08745e-05,9055216,9056126
greek,F,0,Vagiani,5.22809e-05,9056126,9056650
greek,F,0,Valanto,6.63754e-05,9056650,9057315
greek,F,0,Valentina,5.42917e-05,9057315,9057859
greek,F,0,Valeria,5.15176e-05,9057859,9058375
greek,F,0,Varsamia,0.000311379,9058375,9061490
greek,F,0,Varvara,6.96505e-05,9061490,9062187
greek,F,0,Vasileia,7.69955e-05,9062187,9062958
greek,F,0,Vasiliki,6.85235e-05,9062958,9063644
greek,F,0,Veatriki,0.000814375,9063644,9071788
greek,F,0,Velissaria,0.000460299,9071788,9076392
greek,F,0,Venetia,0.000136605,9076392,9077759
greek,F,0,Vera,9.53773e-05,9077759,9078714
greek,F,0,Veronika,6.3969e-05,9078714,9079355
greek,F,0,Veroniki,0.000148068,9079355,9080837
greek,F,0,Vicki,0.0463191,9080837,9544008
greek,F,0,Vikentia,5.07764e-05,9544008,9544517
greek,F,0,Viktoria,4.84525e-05,9544517,9545003
greek,F,0,Violeta,5.41528e-05,9545003,9545546
greek,F,0,Virginia,8.50352e-05,9545546,9546397
greek,F,0,Vissaria,0.000199752,9546397,9548395
greek,F,0,Vlasia,0.000102289,9548395,9549419
greek,F,0,Voula,0.0285211,9549419,9834618
greek,F,0,Vrysiis,0.000230149,9834618,9836920
greek,F,0,Xanthi,6.20931e-05,9836920,9837542
greek,F,0,Xanthippi,6.515e-05,9837542,9838194
greek,F,0,Xeni,0.000274984,9838194,9840945
greek,F,0,Yakinthi,5.06549e-05,9840945,9841453
greek,F,0,Ypapanti,5.0534e-05,9841453,9841959
greek,F,0,Yvonni,0.000190755,9841959,9843867
greek,F,0,Zacharenia,0.000116339,9843867,9845031
greek,F,0,Zacharoula,0.000225253,9845031,9847284
greek,F,0,Zafeiria,0.00011203,9847284,9848405
greek,F,0,Zampeta,0.000118954,9848405,9849595
greek,F,0,Zampia,5.2024e-05,9849595,9850116
greek,F,0,Zinais,0.000378103,9850116,9853898
greek,F,0,Zinovia,0.0001299,9853898,9855198
greek,F,0,Zisoula,0.000481222,9855198,9860011
greek,F,0,Zoe,0.0139056,9860011,9999062
greek,F,0,Zoi,9.36892e-05,9999062,10000000
italian,F,0,Adelasia,0.00127401,0,12741
italian,F,0,Adele,0.00215264,12741,34268
italian,F,0,Adriana,0.000524593,34268,39515
italian,F,0,Alessandra,0.000360847,39515,43124
italian,F,0,Alessia,0.0208088,43124,251210
italian,F,0,Alina,0.000421801,251210,255429
italian,F,0,Allegra,0.000459019,255429,260020
italian,F,0,Amalia,0.00208088,260020,280829
italian,F,0,Amanda,0.00120051,280829,292835
italian,F,0,Angela,0.0352012,292835,644841
italian,F,0,Angelica,0.00124853,644841,657327
italian,F,0,Angelina,0.000709393,657327,664422
italian,F,0,Anita,0.00183607,664422,682783
italian,F,0,Anna,0.0398212,682783,1080989
italian,F,0,Annalisa,0.000637006,1080989,1087360
italian,F,0,Annamaria,0.000567514,1087360,1093036
italian,F,0,Annetta,0.000339275,1093036,1096430
italian,F,0,Annunziata,0.00567514,1096430,1153181
italian,F,0,Antonella,0.000348752,1153181,1156669
italian,F,0,Antonia,0.000562401,1156669,1162294
italian,F,0,Antonietta,0.0261569,1162294,1423859
italian,F,0,Antonina,0.00132822,1423859,1437142
italian,F,0,Aria,0.0312133,1437142,1749270
italian,F,0,Aurora,0.00367215,1749270,1785992
italian,F,0,Barbara,0.000346814,1785992,1789461
italian,F,0,Beatrice,0.000365068,1789461,1793113
italian,F,0,Berenice,0.00042467,1793113,1797361
italian,F,0,Bettina,0.000483927,1797361,1802201
italian,F,0,Bianca,0.00693628,1802201,1871564
italian,F,0,Camilla,0.000480204,1871564,1876367
italian,F,0,Carla,0.000491548,1876367,1881283
italian,F,0,Carmela,0.0460744,1881283,2342019
italian,F,0,Carolina,0.00040017,2342019,2346022
italian,F,0,Cassandra,0.00260111,2346022,2372034
italian,F,0,Caterina,0.000343003,2372034,2375465
italian,F,0,Cecilia,0.000879247,2375465,2384258
italian,F,0,Chiara,0.0144958,2384258,2529214
italian,F,0,Claudia,0.0165968,2529214,2695180
italian,F,0,Clelia,0.000843602,2695180,2703617
italian,F,0,Concetta,0.0262073,2703617,2965686
italian,F,0,Cristina,0.00055738,2965686,2971261
italian,F,0,Daria,0.000867035,2971261,2979932
italian,F,0,Diana,0.000337441,2979932,2983307
italian,F,0,Dina,0.000495449,2983307,2988262
italian,F,0,Dolores,0.000390166,2988262,2992165
italian,F,0,Donatella,0.00160068,2992165,3008173
italian,F,0,Donna,0.000352692,3008173,3011701
italian,F,0,Eleanora,0.000362945,3011701,3015331
italian,F,0,Elena,0.0141942,3015331,3157271
italian,F,0,Eliana,0.0010952,3157271,3168224
italian,F,0,Elisa,0.000367215,3168224,3171897
italian,F,0,Elvira,0.00041897,3171897,3176088
italian,F,0,Emma,0.00046587,3176088,3180748
italian,F,0,Erika,0.00102339,3180748,3190983
italian,F,0,Etta,0.00050344,3190983,3196018
italian,F,0,Eugenia,0.000373812,3196018,3199757
italian,F,0,Eva,0.00240102,3199757,3223768
italian,F,0,Evangelista,0.00416177,3223768,3265386
italian,F,0,Fabia,0.0156066,3265386,3421450
italian,F,0,Fabrizia,0.000433518,3421450,3425786
italian,F,0,Federica,0.000520221,3425786,3430989
italian,F,0,Fernanda,0.00195083,3430989,3450498
italian,F,0,Fiamma,0.00111476,3450498,3461646
italian,F,0,Filippa,0.000358773,3461646,3465235
italian,F,0,Flavia,0.000583426,3465235,3471070
italian,F,0,Flora,0.000790209,3471070,3478973
italian,F,0,Fortunata,0.000821402,3478973,3487188
italian,F,0,Francesca,0.032235,3487188,3809532
italian,F,0,Gabriella,0.000507533,3809532,3814608
italian,F,0,Gelsomina,0.000476538,3814608,3819374
italian,F,0,Gemma,0.000630571,3819374,3825681
italian,F,0,Germana,0.000413421,3825681,3829816
italian,F,0,Giada,0.000693628,3829816,3836753
italian,F,0,Gianna,0.000975415,3836753,3846508
italian,F,0,Gina,0.0191321,3846508,4037826
italian,F,0,Giorgia,0.000487707,4037826,4042704
italian,F,0,Giovanna,0.000855158,4042704,4051256
italian,F,0,Giulia,0.0155629,4051256,4206883
italian,F,0,Giuliana,0.00053816,4206883,4212266
italian,F,0,Giulietta,0.00390166,4212266,4251283
italian,F,0,Giuseppina,0.0554599,4251283,4805872
italian,F,0,Gloria,0.000770698,4805872,4813580
italian,F,0,Grazia,0.0202178,4813580,5015755
italian,F,0,Graziella,0.000643573,5015755,5022192
italian,F,0,Greca,0.00624265,5022192,5084618
italian,F,0,Griselda,0.00122405,5084618,5096859
italian,F,0,Ida,0.000931739,5096859,5106177
italian,F,0,Ilaria,0.00312133,5106177,5137391
italian,F,0,Imelda,0.00780332,5137391,5215424
italian,F,0,Iolanda,0.000678549,5215424,5222210
italian,F,0,Irma,0.000529039,5222210,5227501
italian,F,0,Isa,0.000780332,5227501,5235305
italian,F,0,Isabella,0.000410701,5235305,5239413
italian,F,0,Jolanda,0.000455668,5239413,5243971
italian,F,0,Lara,0.000686006,5243971,5250832
italian,F,0,Laura,0.000442741,5250832,5255260
italian,F,0,Lauretta,0.000552447,5255260,5260785
italian,F,0,Letizia,0.000664112,5260785,5267427
italian,F,0,Liana,0.000416177,5267427,5271590
italian,F,0,Licia,0.000436549,5271590,5275956
italian,F,0,Lidia,0.000462419,5275956,5280581
italian,F,0,Liliana,0.000402752,5280581,5284609
italian,F,0,Lilla,0.000341129,5284609,5288021
italian,F,0,Lina,0.000618085,5288021,5294203
italian,F,0,Lisa,0.000378343,5294203,5297987
italian,F,0,Livia,0.0015226,5297987,5313214
italian,F,0,Lolita,0.00222952,5313214,5335510
italian,F,0,Loredana,0.00053356,5335510,5340847
italian,F,0,Loretta,0.000469373,5340847,5345542
italian,F,0,Lucia,0.0291778,5345542,5637315
italian,F,0,Luciana,0.000354696,5637315,5640863
italian,F,0,Lucrezia,0.000369388,5640863,5644558
italian,F,0,Ludovica,0.000472928,5644558,5649288
italian,F,0,Luigina,0.000452366,5649288,5653813
italian,F,0,Luisa,0.00297269,5653813,5683540
italian,F,0,Marcella,0.00231209,5683540,5706662
italian,F,0,Margherita,0.00145178,5706662,5721181
italian,F,0,Maria,0.0963261,5721181,6684424
italian,F,0,Mariana,0.000350711,6684424,6687932
italian,F,0,Marina,0.000376064,6687932,6691694
italian,F,0,Marisa,0.000511693,6691694,6696812
italian,F,0,Marissa,0.000397621,6696812,6700789
italian,F,0,Marta,0.000335627,6700789,6704146
italian,F,0,Martina,0.00445904,6704146,6748737
italian,F,0,Matilda,0.00073443,6748737,6756082
italian,F,0,Maura,0.000356723,6756082,6759650
italian,F,0,Melania,0.00173407,6759650,6776991
italian,F,0,Melina,0.000515922,6776991,6782151
italian,F,0,Melissa,0.000701422,6782151,6789166
italian,F,0,Mercedes,0.000717546,6789166,6796342
italian,F,0,Michela,0.000382985,6796342,6800173
italian,F,0,Milena,0.000430528,6800173,6804479
italian,F,0,Monica,0.000832354,6804479,6812803
italian,F,0,Morena,0.000578024,6812803,6818584
italian,F,0,Nadia,0.0179163,6818584,6997744
italian,F,0,Natalia,0.00148635,6997744,7012608
italian,F,0,Nedda,0.00249706,7012608,7037579
italian,F,0,Nicoletta,0.000449112,7037579,7042071
italian,F,0,Nina,0.00054284,7042071,7047500
italian,F,0,Ninetta,0.00104044,7047500,7057905
italian,F,0,Olga,0.000439624,7057905,7062302
italian,F,0,Ornella,0.0016428,7062302,7078731
italian,F,0,Paloma,0.0104044,7078731,7182774
italian,F,0,Paola,0.0158232,7182774,7341004
italian,F,0,Paoletta,0.00130055,7341004,7354010
italian,F,0,Patrizia,0.000371587,7354010,7357727
italian,F,0,Paulina,0.000752127,7357727,7365249
italian,F,0,Pierina,0.000405367,7365249,7369304
italian,F,0,Pina,0.00201376,7369304,7389442
italian,F,0,Priscilla,0.000344898,7389442,7392892
italian,F,0,Raffaella,0.000650276,7392892,7399396
italian,F,0,Ramona,0.000960408,7399396,7409001
italian,F,0,Renata,0.000594539,7409001,7414947
italian,F,0,Rita,0.0129333,7414947,7544279
italian,F,0,Roberta,0.00138726,7544279,7558152
italian,F,0,Romana,0.00107632,7558152,7568916
italian,F,0,Romina,0.000499412,7568916,7573911
italian,F,0,Rosa,0.072047,7573911,8294368
italian,F,0,Rosalia,0.00058893,8294368,8300258
italian,F,0,Rosaria,0.0224436,8300258,8524690
italian,F,0,Rosina,0.00178362,8524690,8542527
italian,F,0,Rossana,0.00480204,8542527,8590548
italian,F,0,Sandra,0.000810734,8590548,8598656
italian,F,0,Serafina,0.000743173,8598656,8606089
italian,F,0,Serena,0.00156066,8606089,8621696
italian,F,0,Silvana,0.0165355,8621696,8787049
italian,F,0,Silvia,0.000606083,8787049,8793111
italian,F,0,Simonetta,0.000891808,8793111,8802030
italian,F,0,Sofia,0.0140831,8802030,8942859
italian,F,0,Sole,0.00141879,8942859,8957048
italian,F,0,Sonia,0.0179804,8957048,9136850
italian,F,0,Sophia,0.000385349,9136850,9140704
italian,F,0,Stefani,0.00039262,9140704,9144631
italian,F,0,Stefania,0.00115605,9144631,9156192
italian,F,0,Stella,0.000657122,9156192,9162764
italian,F,0,Susanna,0.0124853,9162764,9287616
italian,F,0,Sylvia,0.000918037,9287616,9296797
italian,F,0,Tatiana,0.000572721,9296797,9302525
italian,F,0,Teresa,0.0268579,9302525,9571100
italian,F,0,Tina,0.0189697,9571100,9760794
italian,F,0,Tiziana,0.00189171,9760794,9779712
italian,F,0,Tonia,0.000408017,9779712,9783793
italian,F,0,Valentina,0.000445904,9783793,9788253
italian,F,0,Valeria,0.000547601,9788253,9793730
italian,F,0,Vanessa,0.00072589,9793730,9800990
italian,F,0,Veronica,0.00283757,9800990,9829366
italian,F,0,Victoria,0.00891808,9829366,9918546
italian,F,0,Vincenza,0.00346814,9918546,9953228
italian,F,0,Virginia,0.00113503,9953228,9964579
italian,F,0,Viridiana,0.00117786,9964579,9976358
italian,F,0,Vittoria,0.00100688,9976358,9986428
italian,F,0,Zaira,0.0013571,9986428,10000000
indian,F,0,Aachal,0.00227464,0,22747
indian,F,0,Aadhya,0.000640521,22747,29153
indian,F,0,Aahana,0.00166303,29153,45784
indian,F,0,Aarini,0.000596093,45784,51746
indian,F,0,Aarna,0.000647167,51746,58218
indian,F,0,Aashi,0.00145373,58218,72756
indian,F,0,Abha,0.000690561,72756,79662
indian,F,0,Advika,0.000571235,79662,85375
indian,F,0,Adweta,0.00141348,85375,99510
indian,F,0,Adya,0.00203993,99510,119910
indian,F,0,Aishani,0.00182993,119910,138210
indian,F,0,Aishwarya,0.0226995,138210,365200
indian,F,0,Alka,0.000714828,365200,372349
indian,F,0,Amaira,0.00306969,372349,403046
indian,F,0,Amara,0.00521851,403046,455231
indian,F,0,Amrita,0.000924052,455231,464472
indian,F,0,Amruta,0.000649417,464472,470967
indian,F,0,Anamika,0.000617409,470967,477142
indian,F,0,Ananya,0.0208646,477142,685784
indian,F,0,Anika,0.000613406,685784,691919
indian,F,0,Anita,0.00547785,691919,746697
indian,F,0,Anjali,0.036935,746697,1116037
indian,F,0,Anusha,0.000834946,1116037,1124387
indian,F,0,Anvi,0.000763097,1124387,1132019
indian,F,0,Anya,0.00424588,1132019,1174478
indian,F,0,Aradhana,0.000772981,1174478,1182209
indian,F,0,Arunima,0.000619433,1182209,1188404
indian,F,0,Arya,0.00152688,1188404,1203673
indian,F,0,Ati,0.000830991,1203673,1211984
indian,F,0,Avni,0.00458228,1211984,1257807
indian,F,0,Baghyawati,0.000695793,1257807,1264766
indian,F,0,Barkha,0.00498526,1264766,1314618
indian,F,0,Bhanumati,0.000574643,1314618,1320365
indian,F,0,Bhavani,0.000729161,1320365,1327657
indian,F,0,Bhavika,0.00058694,1327657,1333527
indian,F,0,Bhavini,0.00231328,1333527,1356660
indian,F,0,Bhavna,0.00360425,1356660,1392702
indian,F,0,Bhavya,0.000939316,1392702,1402096
indian,F,0,Bimala,0.000682878,1402096,1408926
indian,F,0,Bina,0.00110019,1408926,1419929
indian,F,0,Bishakha,0.000779731,1419929,1427727
indian,F,0,Brinda,0.00164452,1427727,1444173
indian,F,0,Chaaya,0.00125444,1444173,1456718
indian,F,0,Chaitaly,0.000576364,1456718,1462482
indian,F,0,Chakrika,0.000599845,1462482,1468481
indian,F,0,Chaman,0.000842984,1468481,1476912
indian,F,0,Chameli,0.00396038,1476912,1516516
indian,F,0,Chanchal,0.000753493,1516516,1524052
indian,F,0,Chandani,0.000583366,1524052,1529887
indian,F,0,Charita,0.00138801,1529887,1543768
indian,F,0,Charvi,0.00118896,1543768,1555658
indian,F,0,Chasmum,0.00867984,1555658,1642455
indian,F,0,Chavvi,0.00129565,1642455,1655412
indian,F,0,Daksha,0.00102506,1655412,1665663
indian,F,0,Dalaja,0.00477423,1665663,1713405
indian,F,0,Damini,0.00113863,1713405,1724792
indian,F,0,Damyanti,0.00132863,1724792,1738079
indian,F,0,Darika,0.000720485,1738079,1745285
indian,F,0,Dayamai,0.0031462,1745285,1776747
indian,F,0,Dayita,0.000851198,1776747,1785260
indian,F,0,Deepa,0.0202054,1785260,1987310
indian,F,0,Devika,0.000895137,1987310,1996262
indian,F,0,Dhriti,0.00160887,1996262,2012351
indian,F,0,Dipta,0.00137566,2012351,2026108
indian,F,0,Divya,0.0320851,2026108,2346951
indian,F,0,Diya,0.00292854,2346951,2376237
indian,F,0,Edhitha,0.00105774,2376237,2386815
indian,F,0,Eesha,0.000590563,2386815,2392721
indian,F,0,Eiravati,0.000759865,2392721,2400320
indian,F,0,Ekaja,0.000581598,2400320,2406137
indian,F,0,Ekani,0.00107147,2406137,2416852
indian,F,0,Ekanta,0.000899814,2416852,2425851
indian,F,0,Ekantika,0.00104439,2425851,2436296
indian,F,0,Ekiya,0.000601741,2436296,2442314
indian,F,0,Ekta,0.000847069,2442314,2450785
indian,F,0,Eshana,0.00253108,2450785,2476096
indian,F,0,Eta,0.00162648,2476096,2492361
indian,F,0,Falak,0.000625594,2492361,2498618
indian,F,0,Falguni,0.0057681,2498618,2556298
indian,F,0,Forum,0.000804444,2556298,2564343
indian,F,0,Ganga,0.00210129,2564343,2585356
indian,F,0,Garima,0.000811833,2585356,2593475
indian,F,0,Gaurangi,0.000914183,2593475,2602618
indian,F,0,Gauri,0.000982946,2602618,2612448
indian,F,0,Gaurika,0.00148202,2612448,2627269
indian,F,0,Gautami,0.000680359,2627269,2634073
indian,F,0,Gayathri,0.00120687,2634073,2646142
indian,F,0,Geetika,0.00178474,2646142,2663990
indian,F,0,Hamsini,0.000750352,2663990,2671494
indian,F,0,Harinakshi,0.0289123,2671494,2960609
indian,F,0,Harini,0.00128506,2960609,2973460
indian,F,0,Harita,0.00953749,2973460,3068833
indian,F,0,Harleen,0.0143257,3068833,3212087
indian,F,0,Hema,0.000863864,3212087,3220726
indian,F,0,Hemal,0.0020701,3220726,3241427
indian,F,0,Hemangini,0.000732106,3241427,3248749
indian,F,0,Hemani,0.00268568,3248749,3275606
indian,F,0,Hiral,0.00126446,3275606,3288251
indian,F,0,Idika,0.000790111,3288251,3296153
indian,F,0,Ijaya,0.000738076,3296153,3303535
indian,F,0,Ikshita,0.000949811,3303535,3313034
indian,F,0,Inaya,0.00149664,3313034,3328001
indian,F,0,Indali,0.000929078,3328001,3337293
indian,F,0,Indira,0.00100653,3337293,3347359
indian,F,0,Ira,0.00106456,3347359,3358005
indian,F,0,Irya,0.000594237,3358005,3363948
indian,F,0,Isha,0.0131385,3363948,3495330
indian,F,0,Ishani,0.00094453,3495330,3504776
indian,F,0,Ishanvi,0.00609542,3504776,3565729
indian,F,0,Ishita,0.00176307,3565729,3583360
indian,F,0,Jagrati,0.000966059,3583360,3593021
indian,F,0,Jagvi,0.00114668,3593021,3604489
indian,F,0,Jalsa,0.00146772,3604489,3619167
indian,F,0,Janaki,0.000955158,3619167,3628719
indian,F,0,Janani,0.000592393,3628719,3634644
indian,F,0,Januja,0.000744157,3634644,3642086
indian,F,0,Janya,0.000611427,3642086,3648201
indian,F,0,Jasmit,0.00739251,3648201,3722125
indian,F,0,Jaspreet,0.0136475,3722125,3858597
indian,F,0,Jeevika,0.0106127,3858597,3964722
indian,F,0,Jhalak,0.000631894,3964722,3971042
indian,F,0,Jyoti,0.00322713,3971042,4003313
indian,F,0,Kala,0.000988723,4003313,4013201
indian,F,0,Kamala,0.000717644,4013201,4020378
indian,F,0,Kamya,0.000960574,4020378,4029984
indian,F,0,Kashish,0.00646772,4029984,4094660
indian,F,0,Kashvi,0.000621471,4094660,4100876
indian,F,0,Kavya,0.025914,4100876,4360010
indian,F,0,Keya,0.000800806,4360010,4368019
indian,F,0,Krisha,0.00119784,4368019,4379998
indian,F,0,Krishna,0.00111521,4379998,4391151
indian,F,0,Kritika,0.00154252,4391151,4406577
indian,F,0,Ladli,0.000698442,4406577,4413562
indian,F,0,Lajita,0.00135169,4413562,4427079
indian,F,0,Lakshmi,0.00157491,4427079,4442829
indian,F,0,Lavanya,0.000644934,4442829,4449279
indian,F,0,Leela,0.00108562,4449279,4460136
indian,F,0,Leena,0.000668072,4460136,4466818
indian,F,0,Lekha,0.000769654,4466818,4474515
indian,F,0,Libni,0.00180702,4474515,4492586
indian,F,0,Lila,0.000636175,4492586,4498949
indian,F,0,Lipika,0.000735077,4498949,4506301
indian,F,0,Lopa,0.000665675,4506301,4512959
indian,F,0,Madhavi,0.00101262,4512959,4523086
indian,F,0,Mahika,0.00371473,4523086,4560233
indian,F,0,Manya,0.0035009,4560233,4595242
indian,F,0,Maya,0.00065397,4595242,4601783
indian,F,0,Meera,0.0177958,4601783,4779737
indian,F,0,Megha,0.000564554,4779737,4785383
indian,F,0,Meghana,0.00263183,4785383,4811702
indian,F,0,Mekhala,0.000808119,4811702,4819784
indian,F,0,Mitali,0.0011229,4819784,4831014
indian,F,0,Mohini,0.00109285,4831014,4841943
indian,F,0,Mugdha,0.00213355,4841943,4863279
indian,F,0,Nandini,0.0010188,4863279,4873468
indian,F,0,Navneet,0.0130375,4873468,5003840
indian,F,0,Neelima,0.000567872,5003840,5009520
indian,F,0,Neha,0.0554592,5009520,5564097
indian,F,0,Netra,0.000977243,5564097,5573870
indian,F,0,Nidhi,0.000572933,5573870,5579600
indian,F,0,Nidra,0.00070381,5579600,5586639
indian,F,0,Niharika,0.0006154,5586639,5592794
indian,F,0,Nikita,0.000597962,5592794,5598774
indian,F,0,Nilima,0.000838944,5598774,5607164
indian,F,0,Nimrat,0.000797205,5607164,5615137
indian,F,0,Nirja,0.00170148,5615137,5632152
indian,F,0,Nisha,0.0123012,5632152,5755161
indian,F,0,Nitara,0.000677861,5755161,5761940
indian,F,0,Odika,0.00243862,5761940,5786327
indian,F,0,Oeshi,0.00195508,5786327,5805878
indian,F,0,Ojasvi,0.00797822,5805878,5885659
indian,F,0,Omaja,0.000566208,5885659,5891322
indian,F,0,Omisha,0.00409754,5891322,5932297
indian,F,0,Omya,0.00192852,5932297,5951583
indian,F,0,Oni,0.00134005,5951583,5964984
indian,F,0,Osha,0.000712037,5964984,5972105
indian,F,0,Oviya,0.00299725,5972105,6002078
indian,F,0,Pahal,0.00121606,6002078,6014239
indian,F,0,Pallavi,0.00689542,6014239,6083192
indian,F,0,Panini,0.000890514,6083192,6092098
indian,F,0,Pavani,0.00340398,6092098,6126138
indian,F,0,Pooja,0.0441745,6126138,6567872
indian,F,0,Prisha,0.020903,6567872,6776897
indian,F,0,Priya,0.0766427,6776897,7543304
indian,F,0,Pushti,0.00144003,7543304,7557705
indian,F,0,Qushi,0.000823207,7557705,7565938
indian,F,0,Raagini,0.00117163,7565938,7577655
indian,F,0,Rachana,0.00060365,7577655,7583692
indian,F,0,Rachita,0.000609462,7583692,7589787
indian,F,0,Radha,0.000701114,7589787,7596799
indian,F,0,Radhika,0.000726243,7596799,7604062
indian,F,0,Rajata,0.00131743,7604062,7617237
indian,F,0,Rajeshri,0.000623525,7617237,7623473
indian,F,0,Raksha,0.000627678,7623473,7629751
indian,F,0,Reva,0.000859595,7629751,7638348
indian,F,0,Ria,0.00223743,7638348,7660723
indian,F,0,Ridhi,0.00105102,7660723,7671234
indian,F,0,Riya,0.0139971,7671234,7811203
indian,F,0,Saanvi,0.00440687,7811203,7855271
indian,F,0,Sachi,0.00124459,7855271,7867718
indian,F,0,Sai,0.00116318,7867718,7879350
indian,F,0,Sanaya,0.00076636,7879350,7887014
indian,F,0,Sanya,0.000904547,7887014,7896060
indian,F,0,Sara,0.00187777,7896060,7914838
indian,F,0,Saumya,0.0028012,7914838,7942850
indian,F,0,Shivani,0.0166057,7942850,8108904
indian,F,0,Shravya,0.000663296,8108904,8115538
indian,F,0,Shreya,0.0159407,8115538,8274942
indian,F,0,Simran,0.0150847,8274942,8425786
indian,F,0,Siya,0.000723351,8425786,8433020
indian,F,0,Sneha,0.0283325,8433020,8716338
indian,F,0,Sudiksha,0.0018535,8716338,8734873
indian,F,0,Suhani,0.00086818,8734873,8743556
indian,F,0,Sunita,0.0180329,8743556,8923881
indian,F,0,Tamanna,0.00201074,8923881,8943989
indian,F,0,Tanmayi,0.000605574,8943989,8950046
indian,F,0,Tanvi,0.000706528,8950046,8957112
indian,F,0,Tara,0.00172147,8957112,8974327
indian,F,0,Tripti,0.00274207,8974327,9001748
indian,F,0,Triveni,0.000919088,9001748,9010940
indian,F,0,Triya,0.000827079,9010940,9019212
indian,F,0,Turvi,0.000569548,9019212,9024908
indian,F,0,Ubika,0.000585147,9024908,9030760
indian,F,0,Ucchal,0.000819376,9030760,9038955
indian,F,0,Udyati,0.00286328,9038955,9067588
indian,F,0,Unnati,0.000815585,9067588,9075745
indian,F,0,Unni,0.000693166,9075745,9082677
indian,F,0,Upadhriti,0.000656274,9082677,9089241
indian,F,0,Upasna,0.0120056,9089241,9209295
indian,F,0,Upma,0.00155852,9209295,9224881
indian,F,0,Urishilla,0.00127467,9224881,9237628
indian,F,0,Urmi,0.00190276,9237628,9256656
indian,F,0,Urvashi,0.00174199,9256656,9274076
indian,F,0,Urvi,0.00235342,9274076,9297611
indian,F,0,Vaishnavi,0.000629778,9297611,9303910
indian,F,0,Vamakshi,0.0012254,9303910,9316165
indian,F,0,Vansha,0.00248388,9316165,9341004
indian,F,0,Vanya,0.00159168,9341004,9356921
indian,F,0,Varenya,0.000638339,9356921,9363305
indian,F,0,Varsha,0.000651685,9363305,9369823
indian,F,0,Vasana,0.000579841,9369823,9375622
indian,F,0,Vasatika,0.000634026,9375622,9381963
indian,F,0,Vasudha,0.000642719,9381963,9388391
indian,F,0,Veda,0.000660937,9388391,9395001
indian,F,0,Vedhika,0.00239517,9395001,9418953
indian,F,0,Vedika,0.00216695,9418953,9440623
indian,F,0,Vidhi,0.000885944,9440623,9449483
indian,F,0,Vinaya,0.00103786,9449483,9459862
indian,F,0,Vrinda,0.000685417,9459862,9466717
indian,F,0,Vrishti,0.00136356,9466717,9480353
indian,F,0,Vritti,0.000756664,9480353,9487920
indian,F,0,Vyanjana,0.0011307,9487920,9499228
indian,F,0,Waida,0.000675384,9499228,9505983
indian,F,0,Wakeeta,0.000876961,9505983,9514753
indian,F,0,Warda,0.000994578,9514753,9524700
indian,F,0,Warhi,0.000709271,9524700,9531794
indian,F,0,Watika,0.0033129,9531794,9564923
indian,F,0,Widisha,0.000783157,9564923,9572755
indian,F,0,Wishi,0.000855374,9572755,9581310
indian,F,0,Xalak,0.000786617,9581310,9589177
indian,F,0,Xiti,0.0138909,9589177,9728083
indian,F,0,Yachana,0.00140062,9728083,9742090
indian,F,0,Yadavi,0.000909336,9742090,9751184
indian,F,0,Yahvi,0.00110764,9751184,9762261
indian,F,0,Yamini,0.00168201,9762261,9779082
indian,F,0,Yashasvi,0.000672927,9779082,9785812
indian,F,0,Yashawini,0.00130644,9785812,9798877
indian,F,0,Yashica,0.000658596,9798877,9805464
indian,F,0,Yashoda,0.00383313,9805464,9843795
indian,F,0,Yashodhara,0.000588745,9843795,9849683
indian,F,0,Yashvi,0.00220156,9849683,9871699
indian,F,0,Yasti,0.000934165,9871699,9881041
indian,F,0,Yauvani,0.00198247,9881041,9900866
indian,F,0,Yochana,0.00258035,9900866,9926670
indian,F,0,Yoshita,0.00142662,9926670,9940937
indian,F,0,Yutika,0.00123491,9940937,9953287
indian,F,0,Zaitra,0.000741102,9953287,9960699
indian,F,0,Zansi,0.00067049,9960699,9967405
indian,F,0,Zarna,0.00100051,9967405,9977411
indian,F,0,Zilmil,0.00107849,9977411,9988197
indian,F,0,Zinal,0.00118022,9988197,10000000
japanese,F,0,Akemi,0.170902,0,185012
japanese,F,0,Akira,0.0992525,185012,292459
japanese,F,0,Asuka,0.107728,292459,409082
japanese,F,0,Atsushi,0.287175,409082,719965
japanese,F,0,Chiyo,0.101876,719965,830252
japanese,F,0,Hanako,0.182697,830252,1028032
japanese,F,0,Haruka,0.165723,1028032,1207437
japanese,F,0,Hideki,0.214602,1207437,1439756
japanese,F,0,Hiroshi,0.517282,1439756,1999742
japanese,F,0,Jun,0.196945,1999742,2212946
japanese,F,0,Kana,0.11101,2212946,2333121
japanese,F,0,Kaori,0.103259,2333121,2444905
japanese,F,0,Kazuya,0.120535,2444905,2575391
japanese,F,0,Kenichi,0.14855,2575391,2736205
japanese,F,0,Kumiko,0.127404,2736205,2874127
japanese,F,0,Kyosuke,0.125,2874127,3009447
japanese,F,0,Maaya,0.152392,3009447,3174421
japanese,F,0,Mai,0.129935,3174421,3315084
japanese,F,0,Manabu,0.341279,3315084,3684537
japanese,F,0,Mikako,0.205269,3684537,3906752
japanese,F,0,Miki,0.122713,3906752,4039597
japanese,F,0,Minoru,0.176537,4039597,4230709
japanese,F,0,Mituru,0.118457,4230709,4358945
japanese,F,0,Momoko,0.251189,4358945,4630871
japanese,F,0,Nanami,0.144956,4630871,4787794
japanese,F,0,Naoki,0.116471,4787794,4913881
japanese,F,0,Naoko,0.0956352,4913881,5017412
japanese,F,0,Naoto,0.0980066,5017412,5123510
japanese,F,0,Osamu,0.141585,5123510,5276784
japanese,F,0,Rei,0.135427,5276784,5423392
japanese,F,0,Rika,0.138415,5423392,5573234
japanese,F,0,Ryohei,0.106182,5573234,5688182
japanese,F,0,Ryosuke,0.380731,5688182,6100344
japanese,F,0,Satomi,0.267581,6100344,6390015
japanese,F,0,Sayuri,0.659754,6390015,7104234
japanese,F,0,Shohei,0.435275,7104234,7575443
japanese,F,0,Shota,0.112753,7575443,7697506
japanese,F,0,Sotaro,0.104693,7697506,7810843
japanese,F,0,Taichi,0.100541,7810843,7919685
japanese,F,0,Takuma,0.160942,7919685,8093914
japanese,F,0,Taro,0.237227,8093914,8350726
japanese,F,0,Tomoya,0.132605,8350726,8494279
japanese,F,0,Tsubasa,0.114572,8494279,8618310
japanese,F,0,Yasuhiro,0.156512,8618310,8787743
japanese,F,0,Yoichi,0.093411,8787743,8888866
japanese,F,0,Yoko,0.109336,8888866,9007229
japanese,F,0,Yosuke,0.0968016,9007229,9112023
japanese,F,0,Yui,0.0945057,9112023,9214331
japanese,F,0,Yuki,0.22516,9214331,9458079
japanese,F,0,Yumiko,0.189465,9458079,9663185
japanese,F,0,Yuta,0.311129,9663185,10000000
turkish,F,0,Asli,0.118699,0,246477
turkish,F,0,Aylin,0.17562,246477,611149
turkish,F,0,Ayse,0.615572,611149,1889376
turkish,F,0,Burcu,0.114896,1889376,2127956
turkish,F,0,Derya,0.16605,2127956,2472758
turkish,F,0,Ebru,0.143587,2472758,2770916
turkish,F,0,Elif,0.256113,2770916,3302731
turkish,F,0,Emine,0.378929,3302731,4089572
turkish,F,0,Esra,0.199526,4089572,4503886
turkish,F,0,Fatma,0.463463,4503886,5466261
turkish,F,0,Gul,0.157656,5466261,5793632
turkish,F,0,Hatice,0.324131,5793632,6466687
turkish,F,0,Melek,0.111376,6466687,6697958
turkish,F,0,Merve,0.233258,6697958,7182316
turkish,F,0,Nur,0.137621,7182316,7468086
turkish,F,0,Ozlem,0.214798,7468086,7914112
turkish,F,0,Seda,0.132224,7914112,8188673
turkish,F,0,Selin,0.186649,8188673,8576247
turkish,F,0,Sibel,0.150223,8576247,8888183
turkish,F,0,Tugba,0.127313,8888183,9152547
turkish,F,0,Yasemin,0.122823,9152547,9407588
turkish,F,0,Zeynep,0.285295,9407588,10000000
german,F,0,Adele,0.00458235,0,4808
german,F,0,Adelgunde,0.00611712,4808,11226
german,F,0,Adelheid,0.00328836,11226,14677
german,F,0,Adelinde,0.0037503,14677,18612
german,F,0,Adeline,0.0117081,18612,30895
german,F,0,Adina,0.0179652,30895,49742
german,F,0,Adolfine,0.00304585,49742,52938
german,F,0,Adriana,0.00317891,52938,56274
german,F,0,Adriane,0.00542655,56274,61968
german,F,0,Aenne,0.0026453,61968,64744
german,F,0,Agata,0.00221366,64744,67067
german,F,0,Agatha,0.00291599,67067,70127
german,F,0,Agathe,0.00306794,70127,73346
german,F,0,Agnes,0.002464,73346,75932
german,F,0,Agnieszka,0.00633531,75932,82579
german,F,0,Albertine,0.00335686,82579,86102
german,F,0,Albina,0.00220475,86102,88416
german,F,0,Aleksandra,0.00222264,88416,90749
german,F,0,Alena,0.00412666,90749,95079
german,F,0,Alexa,0.00983096,95079,105393
german,F,0,Alexandra,0.00639771,105393,112106
german,F,0,Alice,0.0532751,112106,167995
german,F,0,Alicia,0.00429156,167995,172498
german,F,0,Alicja,0.00319824,172498,175854
german,F,0,Alida,0.0036901,175854,179726
german,F,0,Alina,0.00260998,179726,182465
german,F,0,Aline,0.0024612,182465,185048
german,F,0,Alla,0.0083432,185048,193801
german,F,0,Alma,0.00317412,193801,197132
german,F,0,Almut,0.0100439,197132,207670
german,F,0,Almuth,0.00253032,207670,210325
german,F,0,Aloisia,0.00439355,210325,214935
german,F,0,Alwina,0.00723506,214935,222526
german,F,0,Alwine,0.00265839,222526,225316
german,F,0,Amalia,0.0026388,225316,228085
german,F,0,Amalie,0.00347993,228085,231737
german,F,0,Amanda,0.00536785,231737,237369
german,F,0,Amelie,0.0874013,237369,329058
german,F,0,Ana,0.0594901,329058,391467
german,F,0,Anastasia,0.00219372,391467,393769
german,F,0,Andrea,0.00305024,393769,396970
german,F,0,Aneta,0.00292805,396970,400043
german,F,0,Anett,0.00223626,400043,402390
german,F,0,Anette,0.00201706,402390,404507
german,F,0,Angela,0.00386263,404507,408560
german,F,0,Angelica,0.00746018,408560,416387
german,F,0,Angelika,0.00243357,416387,418941
german,F,0,Angelina,0.00699832,418941,426284
german,F,0,Angelique,0.00198811,426284,428371
german,F,0,Anica,0.00251266,428371,431008
german,F,0,Anika,0.00454119,431008,435773
german,F,0,Anita,0.00312702,435773,439054
german,F,0,Anja,0.00203749,439054,441192
german,F,0,Anka,0.00248095,441192,443796
german,F,0,Anke,0.00881107,443796,453040
german,F,0,Ann,0.00214237,453040,455288
german,F,0,Ann-Kathrin,0.00261951,455288,458037
german,F,0,Anna,0.00779506,458037,466215
german,F,0,Anna-Lena,0.00290008,466215,469258
german,F,0,Anna-Luise,0.00248951,469258,471871
german,F,0,Anna-Maria,0.00280465,471871,474814
german,F,0,Anna-Marie,0.00648295,474814,481616
german,F,0,Annaliese,0.00567558,481616,487571
german,F,0,Annamaria,0.00226169,487571,489945
german,F,0,Anne,0.0147294,489945,505398
german,F,0,Anne-Kathrin,0.00356333,505398,509137
german,F,0,Anne-Katrin,0.00238543,509137,511640
german,F,0,Anne-Marie,0.0124296,511640,524680
german,F,0,Anne-Rose,0.0134505,524680,538791
german,F,0,Annedore,0.0221328,538791,562010
german,F,0,Annegret,0.00234431,562010,564470
german,F,0,Annegrete,0.00268164,564470,567284
german,F,0,Annekatrin,0.00737404,567284,575021
german,F,0,Anneke,0.0050547,575021,580325
german,F,0,Annelene,0.00760856,580325,588308
german,F,0,Anneli,0.00297316,588308,591428
german,F,0,Annelie,0.00501666,591428,596692
german,F,0,Annelies,0.0258771,596692,623839
german,F,0,Anneliese,0.00754846,623839,631759
german,F,0,Annelise,0.0378612,631759,671478
german,F,0,Annelore,0.00309491,671478,674726
german,F,0,Annemarie,0.00872928,674726,683884
german,F,0,Annemie,0.0498377,683884,736167
german,F,0,Annerose,0.0306819,736167,768355
german,F,0,Annett,0.00652648,768355,775203
german,F,0,Annette,0.00972802,775203,785409
german,F,0,Anni,0.00353908,785409,789123
german,F,0,Annie,0.021301,789123,811470
german,F,0,Annika,0.00205453,811470,813626
german,F,0,Annita,0.0132518,813626,827529
german,F,0,Anny,0.0100987,827529,838124
german,F,0,Antje,0.0183452,838124,857370
german,F,0,Antoinette,0.00256034,857370,860057
german,F,0,Antonia,0.00404512,860057,864302
german,F,0,Antonie,0.00289613,864302,867341
german,F,0,Antonietta,0.00209948,867341,869544
german,F,0,Antonina,0.00226403,869544,871920
german,F,0,Apollonia,0.00350924,871920,875602
german,F,0,Ariane,0.00354511,875602,879322
german,F,0,Arzu,0.00238282,879322,881823
german,F,0,Asta,0.00720792,881823,889385
german,F,0,Astrid,0.00602309,889385,895705
german,F,0,Augusta,0.0397491,895705,937405
german,F,0,Auguste,0.00217632,937405,939689
german,F,0,Aurelia,0.0295752,939689,970716
german,F,0,Aynur,0.00240391,970716,973239
german,F,0,Ayse,0.0280641,973239,1002681
german,F,0,Aysel,0.027596,1002681,1031632
german,F,0,Ayten,0.0706516,1031632,1105750
german,F,0,Babett,0.00199347,1105750,1107842
german,F,0,Babette,0.00802525,1107842,1116262
german,F,0,Barbara,0.0102668,1116262,1127033
german,F,0,Barbel,0.00933802,1127033,1136830
german,F,0,Beata,0.00346835,1136830,1140469
german,F,0,Beate,0.0285494,1140469,1170420
german,F,0,Beatrice,0.00234179,1170420,1172878
german,F,0,Beatrix,0.00539703,1172878,1178541
german,F,0,Belinda,0.00377084,1178541,1182498
german,F,0,Benita,0.0116333,1182498,1194703
german,F,0,Berit,0.00304147,1194703,1197895
german,F,0,Bernadette,0.00468878,1197895,1202815
german,F,0,Bernhardine,0.0301178,1202815,1234411
german,F,0,Berta,0.00223397,1234411,1236756
german,F,0,Bertha,0.00210549,1236756,1238966
german,F,0,Betina,0.00213406,1238966,1241206
german,F,0,Betti,0.00670693,1241206,1248243
german,F,0,Bettina,0.00266499,1248243,1251040
german,F,0,Betty,0.0106215,1251040,1262184
german,F,0,Bianca,0.00515916,1262184,1267597
german,F,0,Bianka,0.00430973,1267597,1272119
german,F,0,Birgid,0.00442227,1272119,1276759
german,F,0,Birgit,0.0126914,1276759,1290074
german,F,0,Birgitt,0.0037166,1290074,1293974
german,F,0,Birgitta,0.0325169,1293974,1328087
german,F,0,Birte,0.0028307,1328087,1331058
german,F,0,Birthe,0.0110696,1331058,1342672
german,F,0,Blanka,0.00298993,1342672,1345810
german,F,0,Bozena,0.00864907,1345810,1354884
german,F,0,Branka,0.0115595,1354884,1367012
german,F,0,Brigitta,0.0572545,1367012,1427076
german,F,0,Brigitte,0.00514585,1427076,1432475
german,F,0,Brit,0.00239596,1432475,1434989
german,F,0,Brita,0.0185417,1434989,1454441
german,F,0,Britt,0.00338402,1454441,1457992
german,F,0,Britta,0.0117838,1457992,1470355
german,F,0,Brunhild,0.0202893,1470355,1491641
german,F,0,Brunhilde,0.00428253,1491641,1496135
german,F,0,Bruni,0.0020622,1496135,1498299
german,F,0,Cacilia,0.00218934,1498299,1500597
german,F,0,Cacilie,0.00411835,1500597,1504918
german,F,0,Camilla,0.00215497,1504918,1507180
german,F,0,Canan,0.00271906,1507180,1510033
german,F,0,Caren,0.00253329,1510033,1512692
german,F,0,Carin,0.00478914,1512692,1517717
german,F,0,Carina,0.00437463,1517717,1522307
german,F,0,Carla,0.00248665,1522307,1524917
german,F,0,Carmela,0.0133504,1524917,1538923
german,F,0,Carmen,0.0224255,1538923,1562449
german,F,0,Carmine,0.0119385,1562449,1574974
german,F,0,Carola,0.00202815,1574974,1577103
german,F,0,Carolin,0.00266169,1577103,1579896
german,F,0,Carolina,0.027144,1579896,1608372
german,F,0,Caroline,0.00399004,1608372,1612559
german,F,0,Caterina,0.0023519,1612559,1615027
german,F,0,Catharina,0.00220253,1615027,1617339
german,F,0,Catherine,0.00199168,1617339,1619429
german,F,0,Cathleen,0.00644003,1619429,1626186
german,F,0,Cathrin,0.00208164,1626186,1628371
german,F,0,Catrin,0.00535338,1628371,1633988
german,F,0,Cecilia,0.00657062,1633988,1640882
german,F,0,Centa,0.0037033,1640882,1644768
german,F,0,Chantal,0.038781,1644768,1685452
german,F,0,Charlotte,0.00338951,1685452,1689009
german,F,0,Christa,0.00374351,1689009,1692937
german,F,0,Christa-Maria,0.00386988,1692937,1696998
german,F,0,Christel,0.00911057,1696998,1706556
german,F,0,Christiana,0.00305906,1706556,1709766
german,F,0,Christiane,0.00673023,1709766,1716827
german,F,0,Christin,0.00227109,1716827,1719210
german,F,0,Christina,0.00365752,1719210,1723048
german,F,0,Christine,0.0024363,1723048,1725605
german,F,0,Christl,0.0215709,1725605,1748235
german,F,0,Cilli,0.00584388,1748235,1754367
german,F,0,Cilly,0.00360664,1754367,1758152
german,F,0,Cindy,0.234924,1758152,2004600
german,F,0,Claire,0.00493023,2004600,2009773
german,F,0,Clara,0.00296071,2009773,2012880
german,F,0,Clare,0.00334079,2012880,2016386
german,F,0,Clarissa,0.00255125,2016386,2019063
german,F,0,Claudia,0.00331435,2019063,2022541
german,F,0,Concetta,0.00218498,2022541,2024834
german,F,0,Conny,0.00242269,2024834,2027377
german,F,0,Constance,0.00763899,2027377,2035392
german,F,0,Constanze,0.0028922,2035392,2038427
german,F,0,Cora,0.00203937,2038427,2040567
german,F,0,Cordula,0.00219592,2040567,2042872
german,F,0,Corina,0.00464559,2042872,2047746
german,F,0,Corinna,0.00319338,2047746,2051097
german,F,0,Corinne,0.00244454,2051097,2053662
german,F,0,Cornelia,0.03188,2053662,2087107
german,F,0,Cosima,0.0162894,2087107,2104196
german,F,0,Cristina,0.00827027,2104196,2112873
german,F,0,Cynthia,0.00483521,2112873,2117946
german,F,0,Dagmar,0.00309946,2117946,2121198
german,F,0,Dajana,0.00431888,2121198,2125730
german,F,0,Damaris,0.0126029,2125730,2138952
german,F,0,Dana,0.00258181,2138952,2141661
german,F,0,Danica,0.00715428,2141661,2149167
german,F,0,Daniela,0.00402132,2149167,2153387
german,F,0,Danielle,0.015569,2153387,2169721
german,F,0,Danuta,0.00743123,2169721,2177518
german,F,0,Daria,0.00481206,2177518,2182567
german,F,0,Deborah,0.00245841,2182567,2185147
german,F,0,Delia,0.00666084,2185147,2192136
german,F,0,Denise,0.00229737,2192136,2194547
german,F,0,Desiree,0.00280097,2194547,2197486
german,F,0,Diana,0.0108088,2197486,2208826
german,F,0,Diane,0.00308587,2208826,2212064
german,F,0,Dietlind,0.0033039,2212064,2215531
german,F,0,Dietlinde,0.00323266,2215531,2218923
german,F,0,Dina,0.0418474,2218923,2262824
german,F,0,Dolores,0.0361531,2262824,2300751
german,F,0,Donata,0.00417727,2300751,2305134
german,F,0,Dora,0.00301977,2305134,2308303
german,F,0,Doreen,0.00562706,2308303,2314207
german,F,0,Dorina,0.00550186,2314207,2319980
german,F,0,Doris,0.00368353,2319980,2323845
german,F,0,Dorit,0.00219812,2323845,2326152
german,F,0,Dorle,0.0064188,2326152,2332887
german,F,0,Dorota,0.0227265,2332887,2356729
german,F,0,Dorothe,0.0038554,2356729,2360775
german,F,0,Dorothea,0.0030724,2360775,2363999
german,F,0,Dorothee,0.00208953,2363999,2366192
german,F,0,Dorte,0.00216773,2366192,2368467
german,F,0,Dorthe,0.00227819,2368467,2370858
german,F,0,Dragica,0.00308137,2370858,2374092
german,F,0,Dunja,0.00600465,2374092,2380392
german,F,0,Edda,0.00609806,2380392,2386790
german,F,0,Edelgard,0.00702381,2386790,2394159
german,F,0,Edeltraud,0.00259113,2394159,2396878
german,F,0,Edeltraut,0.00392899,2396878,2401001
german,F,0,Edeltrud,0.00482361,2401001,2406062
german,F,0,Edit,0.00208755,2406062,2408253
german,F,0,Edith,0.00348575,2408253,2411911
german,F,0,Editha,0.00206028,2411911,2414073
german,F,0,Ehrentraud,0.00416026,2414073,2418438
german,F,0,Eileen,0.00469971,2418438,2423369
german,F,0,Ekaterina,0.00414339,2423369,2427717
german,F,0,Elena,0.535887,2427717,2989891
german,F,0,Eleni,0.00235955,2989891,2992367
german,F,0,Elenore,0.00230465,2992367,2994786
german,F,0,Eleonora,0.00924561,2994786,3004486
german,F,0,Eleonore,0.00565931,3004486,3010424
german,F,0,Elfi,0.00528227,3010424,3015966
german,F,0,Elfie,0.00461374,3015966,3020807
german,F,0,Elfriede,0.00284962,3020807,3023797
german,F,0,Elif,0.00474398,3023797,3028775
german,F,0,Elisa,0.00379161,3028775,3032754
german,F,0,Elisabet,0.00307688,3032754,3035983
german,F,0,Elisabeth,0.00213821,3035983,3038227
german,F,0,Elise,0.00221814,3038227,3040555
german,F,0,Elizabeth,0.00377773,3040555,3044519
german,F,0,Elke,0.00561108,3044519,3050406
german,F,0,Ella,0.00224774,3050406,3052765
german,F,0,Ellen,0.00504195,3052765,3058055
german,F,0,Elli,0.00217417,3058055,3060337
german,F,0,Ellinor,0.00241999,3060337,3062877
german,F,0,Elly,0.00366399,3062877,3066722
german,F,0,Elma,0.00273294,3066722,3069590
german,F,0,Elsa,0.0176015,3069590,3088056
german,F,0,Elsbeth,0.00324765,3088056,3091464
german,F,0,Else,0.00993623,3091464,3101889
german,F,0,Elvira,0.00432806,3101889,3106430
german,F,0,Elwira,0.00249814,3106430,3109052
german,F,0,Elzbieta,0.00288045,3109052,3112075
german,F,0,Emilia,0.00587882,3112075,3118243
german,F,0,Emilie,0.0095778,3118243,3128292
german,F,0,Emine,0.00257564,3128292,3130995
german,F,0,Emma,0.00213613,3130995,3133237
german,F,0,Emmi,0.00240925,3133237,3135765
german,F,0,Emmy,0.0078594,3135765,3144011
german,F,0,Erdmute,0.0198205,3144011,3164805
german,F,0,Erica,0.00215286,3164805,3167064
german,F,0,Erika,0.00204125,3167064,3169206
german,F,0,Erna,0.0250994,3169206,3195538
german,F,0,Ernestine,0.00548662,3195538,3201295
german,F,0,Ester,0.00326787,3201295,3204724
german,F,0,Esther,0.00885258,3204724,3214012
german,F,0,Etta,0.00444163,3214012,3218672
german,F,0,Eugenia,0.00250103,3218672,3221297
german,F,0,Eugenie,0.00263234,3221297,3224059
german,F,0,Eva,0.00441265,3224059,3228689
german,F,0,Eva-Maria,0.0137605,3228689,3243125
german,F,0,Eva-Marie,0.00288827,3243125,3246156
german,F,0,Evamaria,0.00199706,3246156,3248252
german,F,0,Evangelia,0.00256949,3248252,3250949
german,F,0,Evelin,0.00272598,3250949,3253810
german,F,0,Eveline,0.00205836,3253810,3255970
german,F,0,Evelyn,0.00216133,3255970,3258238
german,F,0,Evelyne,0.00252736,3258238,3260890
german,F,0,Evi,0.00261632,3260890,3263636
german,F,0,Ewa,0.00617504,3263636,3270115
german,F,0,Fabienne,0.00365108,3270115,3273946
german,F,0,Fadime,0.0111369,3273946,3285630
german,F,0,Fanny,0.00264204,3285630,3288403
german,F,0,Fatima,0.00635597,3288403,3295072
german,F,0,Fatma,0.0127813,3295072,3308481
german,F,0,Felicia,0.0338749,3308481,3344019
german,F,0,Felicitas,0.00245007,3344019,3346590
german,F,0,Felizitas,0.00237242,3346590,3349080
german,F,0,Filiz,0.00251851,3349080,3351723
german,F,0,Flora,0.00220032,3351723,3354032
german,F,0,Florence,0.00407733,3354032,3358310
german,F,0,Florentine,0.00204881,3358310,3360460
german,F,0,Franca,0.00198989,3360460,3362548
german,F,0,Francesca,0.00920013,3362548,3372200
german,F,0,Francoise,0.00218716,3372200,3374495
german,F,0,Franka,0.00260366,3374495,3377227
german,F,0,Franziska,0.00299839,3377227,3380373
german,F,0,Frauke,0.00522679,3380373,3385857
german,F,0,Frederike,0.0082343,3385857,3394496
german,F,0,Freia,0.00269851,3394496,3397328
german,F,0,Freya,0.00207968,3397328,3399511
german,F,0,Frida,0.0165977,3399511,3416924
german,F,0,Frieda,0.00204692,3416924,3419072
german,F,0,Friedericke,0.00684935,3419072,3426258
german,F,0,Friederike,0.0994148,3426258,3530550
german,F,0,Friedhilde,0.00694791,3530550,3537840
german,F,0,Friedl,0.00403715,3537840,3542076
german,F,0,Friedlinde,0.00212582,3542076,3544307
german,F,0,Gabi,0.0143121,3544307,3559322
german,F,0,Gabriela,0.00330912,3559322,3562794
german,F,0,Gabriele,0.00349745,3562794,3566464
german,F,0,Gabriella,0.00675371,3566464,3573550
german,F,0,Gaby,0.00433729,3573550,3578101
german,F,0,Galina,0.00237761,3578101,3580596
german,F,0,Genoveva,0.00341723,3580596,3584182
german,F,0,Georgia,0.0187426,3584182,3603845
german,F,0,Georgine,0.0048586,3603845,3608943
german,F,0,Geraldine,0.115544,3608943,3730155
german,F,0,Gerda,0.00213199,3730155,3732393
german,F,0,Gerdi,0.00230221,3732393,3734809
german,F,0,Gerhild,0.00238806,3734809,3737315
german,F,0,Gerlind,0.00361922,3737315,3741113
german,F,0,Gerlinde,0.00258801,3741113,3743829
german,F,0,Gerta,0.0233549,3743829,3768330
german,F,0,Gerti,0.0061946,3768330,3774829
german,F,0,Gertraud,0.00228774,3774829,3777230
german,F,0,Gertraude,0.106841,3777230,3889312
german,F,0,Gertraut,0.00264856,3889312,3892091
german,F,0,Gertrud,0.00207772,3892091,3894272
german,F,0,Gertrude,0.00551719,3894272,3900061
german,F,0,Gesa,0.0114868,3900061,3912112
german,F,0,Gesche,0.00208361,3912112,3914299
german,F,0,Gesine,0.00245284,3914299,3916873
german,F,0,Geza,0.00575843,3916873,3922915
german,F,0,Giesela,0.00295659,3922915,3926018
german,F,0,Gilda,0.00238021,3926018,3928516
german,F,0,Gina,0.00211968,3928516,3930741
german,F,0,Giovanna,0.00812835,3930741,3939269
german,F,0,Gisa,0.00211357,3939269,3941487
german,F,0,Gisela,0.00233426,3941487,3943937
german,F,0,Gislinde,0.00320799,3943937,3947303
german,F,0,Gitta,0.00258491,3947303,3950016
german,F,0,Gitte,0.0674641,3950016,4020790
german,F,0,Giuseppina,0.00205262,4020790,4022944
german,F,0,Gloria,0.0152992,4022944,4038995
german,F,0,Gonul,0.00445138,4038995,4043666
german,F,0,Gordana,0.00335149,4043666,4047183
german,F,0,Grazyna,0.00285726,4047183,4050181
german,F,0,Greta,0.00450081,4050181,4054904
german,F,0,Gretchen,0.00203374,4054904,4057038
german,F,0,Grete,0.0468372,4057038,4106174
german,F,0,Gretel,0.00216559,4106174,4108447
german,F,0,Gretl,0.0454752,4108447,4156154
german,F,0,Grit,0.00286495,4156154,4159160
german,F,0,Gudrun,0.00250392,4159160,4161788
german,F,0,Gudula,0.00270532,4161788,4164627
german,F,0,Gulay,0.00411008,4164627,4168940
german,F,0,Gulsen,0.0023986,4168940,4171457
german,F,0,Gulten,0.00251558,4171457,4174097
german,F,0,Gunda,0.00302408,4174097,4177270
german,F,0,Gundel,0.00467791,4177270,4182178
german,F,0,Gundi,0.00682518,4182178,4189339
german,F,0,Gundula,0.0122612,4189339,4202203
german,F,0,Gunhild,0.00544144,4202203,4207912
german,F,0,Gusti,0.0147883,4207912,4223427
german,F,0,Halina,0.00697301,4223427,4230743
german,F,0,Hanife,0.00263556,4230743,4233509
german,F,0,Hanna,0.00352708,4233509,4237210
german,F,0,Hannah,0.002912,4237210,4240266
german,F,0,Hannchen,0.00200792,4240266,4242373
german,F,0,Hanne,0.00473283,4242373,4247339
german,F,0,Hanne-Lore,0.00728998,4247339,4254988
german,F,0,Hannelore,0.00427355,4254988,4259472
german,F,0,Hanny,0.00254824,4259472,4262146
german,F,0,Harriet,0.00508039,4262146,4267477
german,F,0,Hatice,0.00247811,4267477,4270078
german,F,0,Hedda,0.0353586,4270078,4307172
german,F,0,Hedi,0.010441,4307172,4318126
german,F,0,Hedwig,0.00265183,4318126,4320909
german,F,0,Hedy,0.00782709,4320909,4329121
german,F,0,Heide,0.00271217,4329121,4331967
german,F,0,Heide-Marie,0.125893,4331967,4464036
german,F,0,Heidelinde,0.00200247,4464036,4466138
german,F,0,Heidelore,0.0033731,4466138,4469678
german,F,0,Heidemarie,0.0028232,4469678,4472641
german,F,0,Heiderose,0.00209748,4472641,4474842
german,F,0,Heidi,0.00334613,4474842,4478353
german,F,0,Heidrun,0.005339,4478353,4483955
german,F,0,Heike,0.00893685,4483955,4493331
german,F,0,Helen,0.00285343,4493331,4496325
german,F,0,Helena,0.00740252,4496325,4504092
german,F,0,Helene,0.00344543,4504092,4507707
german,F,0,Helga,0.00210751,4507707,4509919
german,F,0,Hella,0.00224084,4509919,4512271
german,F,0,Helma,0.00358795,4512271,4516036
german,F,0,Helmtrud,0.00336767,4516036,4519570
german,F,0,Henni,0.00214656,4519570,4521823
german,F,0,Henny,0.0049546,4521823,4527022
german,F,0,Henri,0.00929157,4527022,4536770
german,F,0,Henriette,0.004238,4536770,4541217
german,F,0,Henrike,0.00207577,4541217,4543396
german,F,0,Herlinde,0.0103823,4543396,4554289
german,F,0,Herma,0.00210953,4554289,4556503
german,F,0,Hermine,0.00279364,4556503,4559435
german,F,0,Herta,0.00372329,4559435,4563342
german,F,0,Hertha,0.00841751,4563342,4572173
german,F,0,Hilda,0.0107456,4572173,4583447
german,F,0,Hildburg,0.00231443,4583447,4585876
german,F,0,Hilde,0.00316934,4585876,4589202
german,F,0,Hildegard,0.0120976,4589202,4601894
german,F,0,Hildegart,0.0138672,4601894,4616442
german,F,0,Hildegund,0.0059142,4616442,4622647
german,F,0,Hildegunde,0.00484688,4622647,4627733
german,F,0,Hilma,0.00384103,4627733,4631763
german,F,0,Hiltraud,0.00239068,4631763,4634272
german,F,0,Hiltrud,0.00373001,4634272,4638186
german,F,0,Hubertine,0.00209151,4638186,4640381
german,F,0,Hulda,0.138415,4640381,4785586
german,F,0,Hulya,0.00207382,4785586,4787763
german,F,0,Ida,0.00236468,4787763,4790245
german,F,0,Ildiko,0.00302841,4790245,4793423
german,F,0,Ilka,0.00420307,4793423,4797833
german,F,0,Ilona,0.00226638,4797833,4800212
german,F,0,Ilonka,0.00201339,4800212,4802325
german,F,0,Ilse,0.00364466,4802325,4806149
german,F,0,Imelda,0.00400561,4806149,4810352
german,F,0,Imke,0.0267073,4810352,4838370
german,F,0,Ina,0.00199886,4838370,4840468
german,F,0,Ines,0.0930004,4840468,4938031
german,F,0,Inga,0.00455141,4938031,4942807
german,F,0,Inge,0.00329352,4942807,4946263
german,F,0,Ingeborg,0.0097792,4946263,4956523
german,F,0,Ingeburg,0.0058613,4956523,4962673
german,F,0,Ingelore,0.00376397,4962673,4966623
german,F,0,Ingetraud,0.0191586,4966623,4986722
german,F,0,Ingetraut,0.00208558,4986722,4988911
german,F,0,Ingrid,0.00410184,4988911,4993215
german,F,0,Ingried,0.00225005,4993215,4995576
german,F,0,Inka,0.0157076,4995576,5012055
german,F,0,Inken,0.0061363,5012055,5018493
german,F,0,Inna,0.00595003,5018493,5024736
german,F,0,Insa,0.00460323,5024736,5029566
german,F,0,Ira,0.00278999,5029566,5032494
german,F,0,Irena,0.00313166,5032494,5035780
german,F,0,Irene,0.00526828,5035780,5041308
german,F,0,Irina,0.0230362,5041308,5065475
german,F,0,Iris,0.00316458,5065475,5068796
german,F,0,Irma,0.0135521,5068796,5083014
german,F,0,Irmela,0.0154329,5083014,5099205
german,F,0,Irmengard,0.0158489,5099205,5115832
german,F,0,Irmgard,0.00860955,5115832,5124865
german,F,0,Irmhild,0.00228295,5124865,5127261
german,F,0,Irmi,0.00876998,5127261,5136462
german,F,0,Irmingard,0.00462431,5136462,5141314
german,F,0,Irmtraud,0.0144281,5141314,5156451
german,F,0,Irmtraut,0.00225702,5156451,5158820
german,F,0,Irmtrud,0.00220919,5158820,5161139
german,F,0,Isa,0.00311777,5161139,5164411
german,F,0,Isabel,0.00387717,5164411,5168479
german,F,0,Isabell,0.00216987,5168479,5170756
german,F,0,Isabella,0.00500412,5170756,5176007
german,F,0,Isabelle,0.0035756,5176007,5179759
german,F,0,Isolde,0.00409363,5179759,5184054
german,F,0,Ivana,0.00604165,5184054,5190393
german,F,0,Ivanka,0.0824692,5190393,5276908
german,F,0,Ivonne,0.00465631,5276908,5281794
german,F,0,Iwona,0.00816335,5281794,5290359
german,F,0,Jacqueline,0.00397459,5290359,5294530
german,F,0,Jadwiga,0.00541175,5294530,5300208
german,F,0,Jana,0.00261315,5300208,5302950
german,F,0,Jane,0.00227582,5302950,5305338
german,F,0,Janet,0.00497923,5305338,5310562
german,F,0,Janett,0.00236725,5310562,5313046
german,F,0,Janette,0.00405312,5313046,5317299
german,F,0,Janin,0.00270191,5317299,5320134
german,F,0,Janina,0.0039823,5320134,5324313
german,F,0,Janine,0.00710148,5324313,5331764
german,F,0,Janna,0.00340054,5331764,5335332
german,F,0,Jaqueline,0.0130593,5335332,5349033
german,F,0,Jasmin,0.00259738,5349033,5351759
german,F,0,Jasmina,0.00343975,5351759,5355368
german,F,0,Jeanette,0.00270874,5355368,5358211
german,F,0,Jeannette,0.00202074,5358211,5360332
german,F,0,Jeannine,0.00757839,5360332,5368283
german,F,0,Jelena,0.00341164,5368283,5371863
german,F,0,Jennifer,0.00331961,5371863,5375346
german,F,0,Jenny,0.00257256,5375346,5378046
german,F,0,Jessica,0.00257872,5378046,5380752
german,F,0,Jessika,0.00938496,5380752,5390598
german,F,0,Jo,0.00231935,5390598,5393032
german,F,0,Joana,0.0027791,5393032,5395948
german,F,0,Joanna,0.00217848,5395948,5398234
german,F,0,Johanna,0.00499164,5398234,5403471
german,F,0,Johanne,0.00206993,5403471,5405643
german,F,0,Jolanda,0.00281204,5405643,5408594
german,F,0,Jolanta,0.00236211,5408594,5411073
german,F,0,Jolanthe,0.0038992,5411073,5415164
german,F,0,Josefa,0.0167566,5415164,5432743
german,F,0,Josefine,0.00247527,5432743,5435341
german,F,0,Josephine,0.00393652,5435341,5439472
german,F,0,Judith,0.004135,5439472,5443811
german,F,0,Julia,0.00422921,5443811,5448249
german,F,0,Juliana,0.0096774,5448249,5458402
german,F,0,Juliane,0.00480057,5458402,5463439
german,F,0,Julie,0.00475519,5463439,5468428
german,F,0,Justina,0.0195946,5468428,5488985
german,F,0,Justine,0.00218281,5488985,5491276
german,F,0,Jutta,0.00267163,5491276,5494080
german,F,0,Karen,0.00766967,5494080,5502127
german,F,0,Karin,0.00795803,5502127,5510476
german,F,0,Karina,0.00776331,5510476,5518621
german,F,0,Karla,0.0027683,5518621,5521526
german,F,0,Karola,0.00203187,5521526,5523659
german,F,0,Karolin,0.0551892,5523659,5581556
german,F,0,Karolina,0.00212993,5581556,5583791
german,F,0,Karoline,0.00342845,5583791,5587389
german,F,0,Kata,0.0150392,5587389,5603167
german,F,0,Katalin,0.00421175,5603167,5607586
german,F,0,Katarina,0.00494238,5607586,5612772
german,F,0,Katarzyna,0.00224313,5612772,5615126
german,F,0,Kate,0.00677735,5615126,5622237
german,F,0,Katerina,0.00202259,5622237,5624360
german,F,0,Katharina,0.00629443,5624360,5630964
german,F,0,Katharine,0.00353307,5630964,5634671
german,F,0,Kathe,0.00394407,5634671,5638810
german,F,0,Katherina,0.0026683,5638810,5641610
german,F,0,Kathi,0.00696531,5641610,5648918
german,F,0,Kathleen,0.00389183,5648918,5653002
german,F,0,Kathrin,0.00252145,5653002,5655648
german,F,0,Kathy,0.0140859,5655648,5670426
german,F,0,Kati,0.00325773,5670426,5673845
german,F,0,Katja,0.00250974,5673845,5676479
german,F,0,Katrin,0.0088945,5676479,5685811
german,F,0,Katy,0.00336226,5685811,5689339
german,F,0,Kerstin,0.0125156,5689339,5702469
german,F,0,Kira,0.00233176,5702469,5704916
german,F,0,Kirsten,0.0094324,5704916,5714812
german,F,0,Kirstin,0.0170841,5714812,5732735
german,F,0,Klara,0.00298572,5732735,5735868
german,F,0,Klare,0.00327297,5735868,5739303
german,F,0,Klaudia,0.00337855,5739303,5742848
german,F,0,Klothilde,0.00262591,5742848,5745604
german,F,0,Konstanze,0.00310401,5745604,5748861
german,F,0,Kordula,0.00574166,5748861,5754885
german,F,0,Korinna,0.00845519,5754885,5763756
german,F,0,Kornelia,0.00902283,5763756,5773222
german,F,0,Kreszentia,0.00216346,5773222,5775493
german,F,0,Kreszenz,0.00283823,5775493,5778471
german,F,0,Kriemhild,0.00253626,5778471,5781133
german,F,0,Krista,0.00367048,5781133,5784985
german,F,0,Kristiane,0.00233676,5784985,5787437
german,F,0,Kristin,0.00243904,5787437,5789997
german,F,0,Kristina,0.00214029,5789997,5792243
german,F,0,Kristine,0.00199526,5792243,5794337
german,F,0,Krystyna,0.00320311,5794337,5797698
german,F,0,Kunigunda,0.00399781,5797698,5801893
german,F,0,Kunigunde,0.0105005,5801893,5812910
german,F,0,Laila,0.00222039,5812910,5815240
german,F,0,Lara,0.00296485,5815240,5818351
german,F,0,Larissa,0.00496688,5818351,5823563
german,F,0,Laura,0.00361292,5823563,5827354
german,F,0,Lea,0.287175,5827354,6128616
german,F,0,Leila,0.00246681,6128616,6131205
german,F,0,Lena,0.00314099,6131205,6134501
german,F,0,Lene,0.00506751,6134501,6139818
german,F,0,Leni,0.00248379,6139818,6142425
german,F,0,Leokadia,0.00297734,6142425,6145549
german,F,0,Leonie,0.00256644,6145549,6148242
german,F,0,Leonore,0.00327808,6148242,6151682
german,F,0,Leopoldine,0.00359416,6151682,6155453
german,F,0,Leyla,0.0044809,6155453,6160155
german,F,0,Lia,0.020052,6160155,6181192
german,F,0,Liane,0.00275759,6181192,6184086
german,F,0,Lidia,0.00476645,6184086,6189087
german,F,0,Lidija,0.00383389,6189087,6193110
german,F,0,Lidwina,0.00557941,6193110,6198964
german,F,0,Liesa,0.199372,6198964,6408116
german,F,0,Liesbeth,0.00315983,6408116,6411432
german,F,0,Lieschen,0.00249525,6411432,6414051
german,F,0,Liesel,0.00225237,6414051,6416415
german,F,0,Lieselotte,0.00240658,6416415,6418941
german,F,0,Lili,0.0038482,6418941,6422979
german,F,0,Lilian,0.00379859,6422979,6426965
german,F,0,Liliana,0.00792486,6426965,6435280
german,F,0,Liliane,0.00288436,6435280,6438307
german,F,0,Lilija,0.00203561,6438307,6440443
german,F,0,Lilli,0.00731778,6440443,6448121
german,F,0,Lilly,0.00545641,6448121,6453846
german,F,0,Lilo,0.00554812,6453846,6459667
german,F,0,Lina,0.0025573,6459667,6462351
german,F,0,Linda,0.00267829,6462351,6465162
german,F,0,Lioba,0.0020935,6465162,6467359
german,F,0,Lisa,0.00206799,6467359,6469529
german,F,0,Lisbeth,0.372041,6469529,6859820
german,F,0,Liselotte,0.0098833,6859820,6870189
german,F,0,Lisette,0.00276472,6870189,6873090
german,F,0,Lissi,0.0023243,6873090,6875529
german,F,0,Lissy,0.00830657,6875529,6884244
german,F,0,Ljiljana,0.00253925,6884244,6886909
german,F,0,Ljubica,0.00232678,6886909,6889351
german,F,0,Ljudmila,0.0022317,6889351,6891693
german,F,0,Loni,0.00254224,6891693,6894361
german,F,0,Lore,0.00295247,6894361,6897459
german,F,0,Loretta,0.00246962,6897459,6900051
german,F,0,Lotte,0.00352111,6900051,6903746
german,F,0,Lotti,0.00214446,6903746,6905997
german,F,0,Louise,0.0112051,6905997,6917753
german,F,0,Lucia,0.00277189,6917753,6920662
german,F,0,Lucie,0.00838018,6920662,6929454
german,F,0,Ludmila,0.0022249,6929454,6931789
german,F,0,Ludmilla,0.0619184,6931789,6996746
german,F,0,Ludwina,0.00456168,6996746,7001532
german,F,0,Luisa,0.00287656,7001532,7004551
german,F,0,Luise,0.00260681,7004551,7007287
german,F,0,Luitgard,0.00424683,7007287,7011743
german,F,0,Luka,0.00311317,7011743,7015010
german,F,0,Luzia,0.00625409,7015010,7021572
german,F,0,Luzie,0.00627419,7021572,7028155
german,F,0,Lydia,0.00222716,7028155,7030492
german,F,0,Madeleine,0.00517254,7030492,7035919
german,F,0,Madlen,0.00286881,7035919,7038930
german,F,0,Magarete,0.00290802,7038930,7041982
german,F,0,Magda,0.0146662,7041982,7057369
german,F,0,Magdalena,0.00805931,7057369,7065825
german,F,0,Magdalene,0.0101541,7065825,7076478
german,F,0,Magret,0.00868898,7076478,7085594
german,F,0,Magrit,0.00362555,7085594,7089398
german,F,0,Maike,0.00547147,7089398,7095139
german,F,0,Maja,0.00224543,7095139,7097496
german,F,0,Malgorzata,0.00294428,7097496,7100586
german,F,0,Mandy,0.00236983,7100586,7103073
german,F,0,Manja,0.00315038,7103073,7106379
german,F,0,Manuela,0.00519951,7106379,7111835
german,F,0,Mara,0.00369669,7111835,7115714
german,F,0,Marcella,0.00680118,7115714,7122850
german,F,0,Mareen,0.00268836,7122850,7125671
german,F,0,Mareike,0.0169186,7125671,7143421
german,F,0,Mareile,0.0145461,7143421,7158682
german,F,0,Maren,0.00607914,7158682,7165060
german,F,0,Marga,0.00510636,7165060,7170418
german,F,0,Margaret,0.00273643,7170418,7173290
german,F,0,Margareta,0.00453103,7173290,7178044
german,F,0,Margarete,0.00228534,7178044,7180442
german,F,0,Margaretha,0.00381262,7180442,7184443
german,F,0,Margarethe,0.00211764,7184443,7186666
german,F,0,Margarita,0.00244179,7186666,7189229
german,F,0,Margit,0.00278635,7189229,7192153
german,F,0,Margita,0.00663804,7192153,7199118
german,F,0,Margitta,0.00419443,7199118,7203519
german,F,0,Margot,0.00283446,7203519,7206493
german,F,0,Margret,0.019374,7206493,7226818
german,F,0,Margrit,0.00395165,7226818,7230964
german,F,0,Maria,0.00326279,7230964,7234388
german,F,0,Maria-Luise,0.0041518,7234388,7238744
german,F,0,Maria-Theresia,0.00241461,7238744,7241278
german,F,0,Mariana,0.00451083,7241278,7246011
german,F,0,Marianna,0.00294021,7246011,7249096
german,F,0,Marianne,0.00333016,7249096,7252591
german,F,0,Marica,0.00380559,7252591,7256584
german,F,0,Marie,0.00358176,7256584,7260342
german,F,0,Marie-Louise,0.0021156,7260342,7262562
german,F,0,Marie-Luise,0.00770062,7262562,7270641
german,F,0,Marie-Theres,0.00225935,7270641,7273012
german,F,0,Marie-Therese,0.0177814,7273012,7291667
german,F,0,Mariechen,0.0139756,7291667,7306329
german,F,0,Mariele,0.0020061,7306329,7308435
german,F,0,Marieluise,0.0030635,7308435,7311650
german,F,0,Marietta,0.00509334,7311650,7316994
german,F,0,Marija,0.0030371,7316994,7320181
german,F,0,Marika,0.0031551,7320181,7323492
german,F,0,Marina,0.0407698,7323492,7366263
german,F,0,Mariola,0.00355116,7366263,7369989
german,F,0,Marion,0.00254524,7369989,7372660
german,F,0,Marisa,0.00367699,7372660,7376518
german,F,0,Marit,0.00406922,7376518,7380788
german,F,0,Marita,0.0120175,7380788,7393396
german,F,0,Maritta,0.0062143,7393396,7399916
german,F,0,Marjan,0.00577531,7399916,7405976
german,F,0,Marleen,0.00217201,7405976,7408256
german,F,0,Marlen,0.00223854,7408256,7410605
german,F,0,Marlene,0.0028611,7410605,7413607
german,F,0,Marlies,0.00231689,7413607,7416039
german,F,0,Marliese,0.00301547,7416039,7419203
german,F,0,Marlis,0.0131548,7419203,7433004
german,F,0,Marta,0.00532469,7433004,7438591
german,F,0,Martha,0.00321289,7438591,7441962
german,F,0,Martina,0.00237501,7441962,7444455
german,F,0,Martine,0.00206606,7444455,7446623
german,F,0,Mary,0.00214865,7446623,7448878
german,F,0,Marzena,0.0136555,7448878,7463204
german,F,0,Mathilde,0.00459277,7463204,7468023
german,F,0,Maya,0.00661541,7468023,7474964
german,F,0,Mechthild,0.00324264,7474964,7478367
german,F,0,Mechthilde,0.00312239,7478367,7481644
german,F,0,Mechtild,0.00401345,7481644,7485855
german,F,0,Meike,0.00345113,7485855,7489476
german,F,0,Melanie,0.0027973,7489476,7492412
german,F,0,Melissa,0.00229979,7492412,7494826
german,F,0,Melita,0.00274697,7494826,7497709
german,F,0,Melitta,0.00363827,7497709,7501527
german,F,0,Meral,0.00345685,7501527,7505154
german,F,0,Mercedes,0.00436523,7505154,7509734
german,F,0,Meryem,0.00318372,7509734,7513075
german,F,0,Meta,0.00322274,7513075,7516457
german,F,0,Mia,0.00206413,7516457,7518623
german,F,0,Michaela,0.00300264,7518623,7521774
german,F,0,Michaele,0.00402922,7521774,7526002
german,F,0,Michelle,0.00637677,7526002,7532693
german,F,0,Milena,0.00489414,7532693,7537828
german,F,0,Milica,0.00443193,7537828,7542478
german,F,0,Milka,0.0025244,7542478,7545127
german,F,0,Mina,0.00339501,7545127,7548690
german,F,0,Minna,0.025482,7548690,7575423
german,F,0,Mira,0.0055952,7575423,7581294
german,F,0,Mirella,0.00707539,7581294,7588717
german,F,0,Miriam,0.173545,7588717,7770775
german,F,0,Mirja,0.00346259,7770775,7774408
german,F,0,Mirjam,0.00521312,7774408,7779878
german,F,0,Mirjana,0.00998976,7779878,7790359
german,F,0,Miroslawa,0.00242812,7790359,7792907
german,F,0,Mona,0.0042646,7792907,7797382
german,F,0,Monica,0.00446117,7797382,7802063
german,F,0,Monika,0.0113441,7802063,7813965
german,F,0,Monique,0.00233927,7813965,7816420
german,F,0,Monja,0.00218064,7816420,7818709
german,F,0,Myriam,0.00322769,7818709,7822096
german,F,0,Nada,0.0103242,7822096,7832928
german,F,0,Nadeschda,0.00221589,7832928,7835254
german,F,0,Nadeshda,0.00325268,7835254,7838667
german,F,0,Nadia,0.00363189,7838667,7842478
german,F,0,Nadin,0.00202444,7842478,7844603
german,F,0,Nadine,0.00269512,7844603,7847431
german,F,0,Nadja,0.00948034,7847431,7857377
german,F,0,Nancy,0.00281575,7857377,7860332
german,F,0,Natali,0.00488223,7860332,7865455
german,F,0,Natalia,0.00205644,7865455,7867613
german,F,0,Natalie,0.00569195,7867613,7873585
german,F,0,Natalija,0.0073458,7873585,7881292
german,F,0,Natalja,0.00260051,7881292,7884021
german,F,0,Natascha,0.0061556,7884021,7890480
german,F,0,Nathalie,0.00215921,7890480,7892746
german,F,0,Nelli,0.00529633,7892746,7898303
german,F,0,Nelly,0.00272251,7898303,7901160
german,F,0,Nermin,0.00434656,7901160,7905721
german,F,0,Nevenka,0.00204313,7905721,7907865
german,F,0,Nicole,0.00430062,7907865,7912378
german,F,0,Nina,0.00202629,7912378,7914505
german,F,0,Nora,0.00906647,7914505,7924017
german,F,0,Norma,0.00799149,7924017,7932401
german,F,0,Notburga,0.00267496,7932401,7935208
german,F,0,Nuran,0.0172529,7935208,7953308
german,F,0,Nuray,0.00284202,7953308,7956290
german,F,0,Nurten,0.0312689,7956290,7989094
german,F,0,Oda,0.0141981,7989094,8003990
german,F,0,Olav,0.016442,8003990,8021240
german,F,0,Olena,0.00298152,8021240,8024369
german,F,0,Olga,0.0159929,8024369,8041147
german,F,0,Olivia,0.0110032,8041147,8052691
german,F,0,Ortrud,0.0243695,8052691,8078257
german,F,0,Ortrun,0.00646142,8078257,8085036
german,F,0,Ottilie,0.00333547,8085036,8088536
german,F,0,Oxana,0.0149126,8088536,8104181
german,F,0,Pamela,0.00225469,8104181,8106547
german,F,0,Paola,0.00751879,8106547,8114436
german,F,0,Pascale,0.00303275,8114436,8117619
german,F,0,Patricia,0.00200428,8117619,8119723
german,F,0,Patrizia,0.0247288,8119723,8145666
german,F,0,Paula,0.0181531,8145666,8164711
german,F,0,Paulina,0.042987,8164711,8209808
german,F,0,Pauline,0.00210148,8209808,8212014
german,F,0,Peggy,0.00435588,8212014,8216585
german,F,0,Petra,0.00388449,8216585,8220661
german,F,0,Philomena,0.00235445,8220661,8223132
german,F,0,Pia,0.0645658,8223132,8290866
german,F,0,Polina,0.0020189,8290866,8292985
german,F,0,Priska,0.00406116,8292985,8297246
german,F,0,Rabea,0.00564314,8297246,8303167
german,F,0,Radmila,0.00593206,8303167,8309391
german,F,0,Rahel,0.00570842,8309391,8315380
german,F,0,Raisa,0.00342283,8315380,8318972
german,F,0,Raissa,0.00215076,8318972,8321229
german,F,0,Ramona,0.00203001,8321229,8323360
german,F,0,Raphaela,0.00606033,8323360,8329719
german,F,0,Rebecca,0.00228057,8329719,8332112
german,F,0,Rebekka,0.00232927,8332112,8334557
german,F,0,Regina,0.00962733,8334557,8344658
german,F,0,Regine,0.00623413,8344658,8351199
german,F,0,Reingard,0.00347413,8351199,8354845
german,F,0,Reinhild,0.00234937,8354845,8357311
german,F,0,Reinhilde,0.0057923,8357311,8363388
german,F,0,Rena,0.00582658,8363388,8369501
german,F,0,Renata,0.0174254,8369501,8387782
german,F,0,Renate,0.00259425,8387782,8390504
german,F,0,Reni,0.00227345,8390504,8392890
german,F,0,Resi,0.00201522,8392890,8395005
german,F,0,Ria,0.00654847,8395005,8401876
german,F,0,Ricarda,0.0189482,8401876,8421755
german,F,0,Rita,0.0207822,8421755,8443558
german,F,0,Romana,0.0129653,8443558,8457160
german,F,0,Romy,0.00280834,8457160,8460107
german,F,0,Rosa,0.0369864,8460107,8498909
german,F,0,Rosa-Maria,0.00687372,8498909,8506121
german,F,0,Rosalia,0.00265511,8506121,8508907
german,F,0,Rosalie,0.0112741,8508907,8520735
german,F,0,Rosalinde,0.0741745,8520735,8598549
german,F,0,Rose,0.0047107,8598549,8603492
german,F,0,Rose-Marie,0.00277549,8603492,8606405
german,F,0,Rosel,0.00370994,8606405,8610298
german,F,0,Roselinde,0.00281947,8610298,8613257
german,F,0,Rosemarie,0.00650464,8613257,8620082
german,F,0,Rosi,0.00232182,8620082,8622519
german,F,0,Rosina,0.00282694,8622519,8625486
german,F,0,Rosita,0.0039066,8625486,8629585
german,F,0,Rosl,0.0039215,8629585,8633700
german,F,0,Rosmarie,0.00349159,8633700,8637364
german,F,0,Roswita,0.00271561,8637364,8640214
german,F,0,Roswitha,0.00418583,8640214,8644606
german,F,0,Rotraud,0.0128726,8644606,8658111
german,F,0,Rotraut,0.00284581,8658111,8661097
german,F,0,Ruth,0.00226873,8661097,8663478
german,F,0,Ruthild,0.002685,8663478,8666296
german,F,0,Sabina,0.00689826,8666296,8673534
german,F,0,Sabine,0.00477776,8673534,8678547
german,F,0,Sabrina,0.00292,8678547,8681611
german,F,0,Samira,0.00221142,8681611,8683932
german,F,0,Sandra,0.00318854,8683932,8687278
german,F,0,Sandy,0.00351516,8687278,8690967
german,F,0,Sara,0.00299416,8690967,8694109
german,F,0,Sarah,0.007181,8694109,8701643
german,F,0,Sarina,0.00220697,8701643,8703959
german,F,0,Saskia,0.00440308,8703959,8708579
german,F,0,Selma,0.00222943,8708579,8710919
german,F,0,Semra,0.0030069,8710919,8714074
german,F,0,Senta,0.0346,8714074,8750372
german,F,0,Serpil,0.00692299,8750372,8757636
german,F,0,Sevim,0.00276115,8757636,8760534
german,F,0,Sibel,0.00395927,8760534,8764688
german,F,0,Sibilla,0.00490611,8764688,8769836
german,F,0,Sibille,0.00809368,8769836,8778328
german,F,0,Sibylla,0.0290527,8778328,8808807
german,F,0,Sibylle,0.00209549,8808807,8811006
german,F,0,Sieglinde,0.00262912,8811006,8813765
german,F,0,Siegrid,0.0262853,8813765,8841341
german,F,0,Siegried,0.0085704,8841341,8850333
german,F,0,Siegrun,0.0114149,8850333,8862309
german,F,0,Siglinde,0.00200066,8862309,8864409
german,F,0,Sigrid,0.00247244,8864409,8867004
german,F,0,Sigrun,0.0331812,8867004,8901814
german,F,0,Silja,0.00381968,8901814,8905822
german,F,0,Silke,0.0024173,8905822,8908359
german,F,0,Silva,0.0210382,8908359,8930430
german,F,0,Silvana,0.00200974,8930430,8932539
german,F,0,Silvia,0.00596812,8932539,8938801
german,F,0,Simona,0.00375712,8938801,8942743
german,F,0,Simone,0.00230708,8942743,8945164
german,F,0,Sina,0.00556372,8945164,8951002
german,F,0,Sinaida,0.00332487,8951002,8954491
german,F,0,Slavica,0.00525437,8954491,8960004
german,F,0,Sofia,0.00356945,8960004,8963750
german,F,0,Sofie,0.00511945,8963750,8969122
german,F,0,Solveig,0.00212172,8969122,8971349
german,F,0,Songul,0.00748936,8971349,8979207
german,F,0,Sonia,0.00487039,8979207,8984317
german,F,0,Sonja,0.00243084,8984317,8986868
german,F,0,Sophia,0.015168,8986868,9002781
german,F,0,Sophie,0.00340608,9002781,9006355
german,F,0,Stefani,0.00293209,9006355,9009432
german,F,0,Stefania,0.00313632,9009432,9012723
german,F,0,Stefanie,0.0123448,9012723,9025674
german,F,0,Steffi,0.00531047,9025674,9031246
german,F,0,Stella,0.00205072,9031246,9033398
german,F,0,Stephanie,0.00466708,9033398,9038295
german,F,0,Stilla,0.00472174,9038295,9043249
german,F,0,Susan,0.00355724,9043249,9046982
german,F,0,Susana,0.00305465,9046982,9050187
german,F,0,Susann,0.00329871,9050187,9053649
german,F,0,Susanna,0.00293614,9053649,9056730
german,F,0,Susanne,0.00250683,9056730,9059361
german,F,0,Suse,0.0780901,9059361,9141283
german,F,0,Susi,0.00524055,9141283,9146782
german,F,0,Suzanne,0.0118607,9146782,9159225
german,F,0,Svea,0.00849323,9159225,9168136
german,F,0,Svenja,0.00463492,9168136,9172999
german,F,0,Svetlana,0.00853163,9172999,9181950
german,F,0,Swantje,0.00210349,9181950,9184158
german,F,0,Swetlana,0.00897962,9184158,9193579
german,F,0,Sybilla,0.00207187,9193579,9195754
german,F,0,Sybille,0.00373675,9195754,9199675
german,F,0,Sylke,0.0070495,9199675,9207071
german,F,0,Sylvana,0.0240211,9207071,9232271
german,F,0,Sylvia,0.00201156,9232271,9234382
german,F,0,Sylvie,0.0106832,9234382,9245590
german,F,0,Sylwia,0.0066838,9245590,9252603
german,F,0,Tabea,0.00292402,9252603,9255671
german,F,0,Tamara,0.00301118,9255671,9258831
german,F,0,Tania,0.00310859,9258831,9262093
german,F,0,Tanja,0.00343409,9262093,9265697
german,F,0,Tatiana,0.00230953,9265697,9268121
german,F,0,Tatjana,0.00229495,9268121,9270530
german,F,0,Telse,0.00553261,9270530,9276335
german,F,0,Teresa,0.00952881,9276335,9286332
german,F,0,Thea,0.00274345,9286332,9289211
german,F,0,Theda,0.00219153,9289211,9291511
german,F,0,Thekla,0.002969,9291511,9294627
german,F,0,Theodora,0.00350333,9294627,9298303
german,F,0,Theres,0.00240125,9298303,9300823
german,F,0,Theresa,0.00382677,9300823,9304838
german,F,0,Therese,0.0121788,9304838,9317615
german,F,0,Theresia,0.0236831,9317615,9342461
german,F,0,Tilly,0.00323764,9342461,9345858
german,F,0,Tina,0.0109376,9345858,9357333
german,F,0,Traude,0.0026227,9357333,9360085
german,F,0,Traudel,0.00256338,9360085,9362775
german,F,0,Traudl,0.00425569,9362775,9367240
german,F,0,Traute,0.00273993,9367240,9370115
german,F,0,Trude,0.00249238,9370115,9372731
german,F,0,Trudel,0.00659293,9372731,9379648
german,F,0,Trudi,0.00272945,9379648,9382512
german,F,0,Tulay,0.00360039,9382512,9386290
german,F,0,Turkan,0.0027505,9386290,9389176
german,F,0,Ulla,0.00580938,9389176,9395271
german,F,0,Ulrike,0.0514959,9395271,9449294
german,F,0,Undine,0.00915512,9449294,9458899
german,F,0,Ursel,0.00328321,9458899,9462344
german,F,0,Ursula,0.00229254,9462344,9464750
german,F,0,Urszula,0.0108728,9464750,9476157
german,F,0,Urte,0.0441942,9476157,9522520
german,F,0,Uschi,0.0053824,9522520,9528167
german,F,0,Uta,0.0024473,9528167,9530735
german,F,0,Ute,0.00598632,9530735,9537016
german,F,0,Valentina,0.00290404,9537016,9540063
german,F,0,Valentine,0.00211155,9540063,9542279
german,F,0,Valeri,0.00229014,9542279,9544682
german,F,0,Valeria,0.00204502,9544682,9546828
german,F,0,Valerie,0.00241192,9546828,9549359
german,F,0,Valeska,0.00215709,9549359,9551623
german,F,0,Vanessa,0.00212377,9551623,9553852
german,F,0,Vera,0.00378466,9553852,9557823
german,F,0,Verena,0.00789198,9557823,9566103
german,F,0,Veronica,0.00773183,9566103,9574215
german,F,0,Veronika,0.00491814,9574215,9579375
german,F,0,Veronique,0.002357,9579375,9581849
german,F,0,Vesna,0.00275404,9581849,9584739
german,F,0,Victoria,0.00449083,9584739,9589451
german,F,0,Viktoria,0.021848,9589451,9612372
german,F,0,Viola,0.00438407,9612372,9616972
german,F,0,Violetta,0.00309038,9616972,9620215
german,F,0,Virginia,0.00294837,9620215,9623309
german,F,0,Viviane,0.00231197,9623309,9625735
german,F,0,Walburga,0.00422046,9625735,9630163
german,F,0,Waldtraut,0.00278272,9630163,9633083
german,F,0,Walentina,0.00452091,9633083,9637827
german,F,0,Walli,0.0161397,9637827,9654759
german,F,0,Wally,0.00819866,9654759,9663361
german,F,0,Waltraud,0.0482883,9663361,9714019
german,F,0,Waltraut,0.0205326,9714019,9735560
german,F,0,Waltrud,0.00447101,9735560,9740251
german,F,0,Wanda,0.00513262,9740251,9745636
german,F,0,Wencke,0.0063148,9745636,9752262
german,F,0,Wendelin,0.00269174,9752262,9755087
german,F,0,Wenke,0.00518599,9755087,9760528
german,F,0,Wera,0.00212787,9760528,9762761
german,F,0,Wibke,0.00589645,9762761,9768948
german,F,0,Wiebke,0.00408546,9768948,9773235
german,F,0,Wilfriede,0.00245562,9773235,9775812
german,F,0,Wilhelmine,0.00712778,9775812,9783290
german,F,0,Wilma,0.0102101,9783290,9794002
german,F,0,Wiltrud,0.00502927,9794002,9799279
german,F,0,Xenia,0.00314568,9799279,9802580
german,F,0,Yasemin,0.00726241,9802580,9810200
german,F,0,Yasmin,0.153893,9810200,9971643
german,F,0,Yvette,0.00255428,9971643,9974324
german,F,0,Yvonne,0.00287268,9974324,9977339
german,F,0,Zdenka,0.00234683,9977339,9979802
german,F,0,Zehra,0.00321781,9979802,9983179
german,F,0,Zenta,0.00572499,9983179,9989186
german,F,0,Zeynep,0.00396691,9989186,9993348
german,F,0,Zita,0.0024254,9993348,9995893
german,F,0,Zofia,0.00391404,9995893,10000000
dutch,F,0,Aaliyah,0.00737404,0,10600
dutch,F,0,Adriana,0.00972802,10600,24584
dutch,F,0,Aimee,0.0179652,24584,50408
dutch,F,0,Alicia,0.0126029,50408,68524
dutch,F,0,Alyssa,0.00805931,68524,80109
dutch,F,0,Amber,0.0114868,80109,96621
dutch,F,0,Amelia,0.287175,96621,509400
dutch,F,0,Amelie,0.0111369,509400,525409
dutch,F,0,Amina,0.00760856,525409,536346
dutch,F,0,Amira,0.173545,536346,785796
dutch,F,0,Amy,0.0147883,785796,807053
dutch,F,0,Angelina,0.00726241,807053,817493
dutch,F,0,Anna,0.0183452,817493,843863
dutch,F,0,Annabel,0.0994148,843863,986761
dutch,F,0,Anne,0.00699832,986761,996821
dutch,F,0,Annemijn,0.0154329,996821,1019005
dutch,F,0,Anouk,0.0085704,1019005,1031325
dutch,F,0,Ashley,0.0132518,1031325,1050374
dutch,F,0,Aya,0.0172529,1050374,1075174
dutch,F,0,Aylin,0.0082343,1075174,1087011
dutch,F,0,Azra,0.0115595,1087011,1103627
dutch,F,0,Bente,0.00962733,1103627,1117466
dutch,F,0,Benthe,0.00776331,1117466,1128626
dutch,F,0,Bibi,0.0824692,1128626,1247166
dutch,F,0,Bo,0.0418474,1247166,1307318
dutch,F,0,Britt,0.0152992,1307318,1329310
dutch,F,0,Carlijn,0.0112741,1329310,1345516
dutch,F,0,Catharina,0.0106215,1345516,1360784
dutch,F,0,Cato,0.00795803,1360784,1372224
dutch,F,0,Ceylin,0.00830657,1372224,1384165
dutch,F,0,Charlotte,0.0149126,1384165,1405601
dutch,F,0,Chloe,0.0190264,1405601,1432950
dutch,F,0,Cornelia,0.00993623,1432950,1447233
dutch,F,0,Dana,0.0301178,1447233,1490525
dutch,F,0,Danique,0.0133504,1490525,1509716
dutch,F,0,Daphne,0.042987,1509716,1571506
dutch,F,0,Demi,0.0095778,1571506,1585274
dutch,F,0,Dewi,0.0290527,1585274,1627035
dutch,F,0,Dina,0.0165977,1627035,1650893
dutch,F,0,Ecrin,0.027596,1650893,1690560
dutch,F,0,Elena,0.0454752,1690560,1755926
dutch,F,0,Elif,0.00868898,1755926,1768416
dutch,F,0,Elin,0.0167566,1768416,1792502
dutch,F,0,Eline,0.138415,1792502,1991457
dutch,F,0,Elisa,0.0126914,1991457,2009700
dutch,F,0,Elisabeth,0.0100987,2009700,2024217
dutch,F,0,Elise,0.0227265,2024217,2056885
dutch,F,0,Eliza,0.00911057,2056885,2069981
dutch,F,0,Elizabeth,0.00770062,2069981,2081051
dutch,F,0,Elize,0.0124296,2081051,2098918
dutch,F,0,Ella,0.0594901,2098918,2184429
dutch,F,0,Emily,0.0185417,2184429,2211081
dutch,F,0,Emma,0.0353586,2211081,2261906
dutch,F,0,Esila,0.00746018,2261906,2272630
dutch,F,0,Esmee,0.0839062,2272630,2393236
dutch,F,0,Esther,0.0114149,2393236,2409645
dutch,F,0,Eva,0.00802525,2409645,2421181
dutch,F,0,Evelien,0.0116333,2421181,2437903
dutch,F,0,Evi,0.0468372,2437903,2505227
dutch,F,0,Evie,0.00720792,2505227,2515588
dutch,F,0,Evy,0.027144,2515588,2554605
dutch,F,0,Fabienne,0.0103242,2554605,2569446
dutch,F,0,Fatima,0.0240211,2569446,2603974
dutch,F,0,Fay,0.00872928,2603974,2616522
dutch,F,0,Faye,0.0157076,2616522,2639101
dutch,F,0,Feline,0.0747759,2639101,2746583
dutch,F,0,Fem,0.0361531,2746583,2798550
dutch,F,0,Femke,0.0741745,2798550,2905168
dutch,F,0,Fenna,0.0107456,2905168,2920614
dutch,F,0,Fenne,0.0112051,2920614,2936721
dutch,F,0,Fien,0.007181,2936721,2947044
dutch,F,0,Fiene,0.0130593,2947044,2965816
dutch,F,0,Fleur,0.0101541,2965816,2980412
dutch,F,0,Floor,0.00983096,2980412,2994544
dutch,F,0,Floortje,0.020052,2994544,3023367
dutch,F,0,Frederique,0.0369864,3023367,3076531
dutch,F,0,Guusje,0.0131548,3076531,3095440
dutch,F,0,Hailey,0.0110032,3095440,3111257
dutch,F,0,Hanna,0.0127813,3111257,3129630
dutch,F,0,Hannah,0.0306819,3129630,3173733
dutch,F,0,Helena,0.03188,3173733,3219558
dutch,F,0,Ilse,0.0078594,3219558,3230856
dutch,F,0,Imke,0.0145461,3230856,3251765
dutch,F,0,Inaya,0.0118607,3251765,3268814
dutch,F,0,Indy,0.00885258,3268814,3281539
dutch,F,0,Iris,0.0170841,3281539,3306096
dutch,F,0,Isa,0.00876998,3306096,3318703
dutch,F,0,Isabel,0.0088945,3318703,3331489
dutch,F,0,Isabella,0.00766967,3331489,3342514
dutch,F,0,Isabelle,0.00763899,3342514,3353495
dutch,F,0,Ise,0.0103823,3353495,3368419
dutch,F,0,Isis,0.00748936,3368419,3379185
dutch,F,0,Ivy,0.0113441,3379185,3395492
dutch,F,0,Ize,0.010441,3395492,3410501
dutch,F,0,Jade,0.0129653,3410501,3429138
dutch,F,0,Janna,0.0780901,3429138,3541384
dutch,F,0,Janne,0.0397491,3541384,3598519
dutch,F,0,Jasmijn,0.0108088,3598519,3614056
dutch,F,0,Jayda,0.0312689,3614056,3659002
dutch,F,0,Jaylinn,0.00702381,3659002,3669099
dutch,F,0,Jenna,0.0221328,3669099,3700913
dutch,F,0,Jennifer,0.0233549,3700913,3734484
dutch,F,0,Jente,0.00697301,3734484,3744508
dutch,F,0,Jet,0.0207822,3744508,3774381
dutch,F,0,Jill,0.0094324,3774381,3787940
dutch,F,0,Jinthe,0.0331812,3787940,3835635
dutch,F,0,Joelle,0.0215709,3835635,3866641
dutch,F,0,Johanna,0.0338749,3866641,3915333
dutch,F,0,Jolie,0.00723506,3915333,3925734
dutch,F,0,Jolijn,0.0250994,3925734,3961812
dutch,F,0,Josephine,0.0105005,3961812,3976906
dutch,F,0,Joy,0.0551892,3976906,4056235
dutch,F,0,Julia,0.125893,4056235,4237191
dutch,F,0,Julie,0.00812835,4237191,4248876
dutch,F,0,Juliette,0.0198205,4248876,4277367
dutch,F,0,Juul,0.0262853,4277367,4315150
dutch,F,0,Karlijn,0.00853163,4315150,4327414
dutch,F,0,Kate,0.00827027,4327414,4339302
dutch,F,0,Kaylee,0.00692299,4339302,4349254
dutch,F,0,Kayleigh,0.0325169,4349254,4395994
dutch,F,0,Kiki,0.372041,4395994,4930758
dutch,F,0,Kim,0.00897962,4930758,4943666
dutch,F,0,Kyara,0.0138672,4943666,4963599
dutch,F,0,Kyra,0.00819866,4963599,4975385
dutch,F,0,Lana,0.015168,4975385,4997188
dutch,F,0,Lara,0.0105606,4997188,5012369
dutch,F,0,Laura,0.0117081,5012369,5029199
dutch,F,0,Lauren,0.00998976,5029199,5043559
dutch,F,0,Leah,0.0482883,5043559,5112968
dutch,F,0,Lena,0.0181531,5112968,5139062
dutch,F,0,Lieke,0.00902283,5139062,5152032
dutch,F,0,Lieve,0.00929157,5152032,5165388
dutch,F,0,Lily,0.0224255,5165388,5197623
dutch,F,0,Lina,0.00792486,5197623,5209015
dutch,F,0,Linde,0.0498377,5209015,5280652
dutch,F,0,Lindsey,0.0119385,5280652,5297813
dutch,F,0,Linn,0.0532751,5297813,5374390
dutch,F,0,Lisa,0.00893685,5374390,5387237
dutch,F,0,Lisanne,0.0187426,5387237,5414178
dutch,F,0,Lise,0.00689826,5414178,5424094
dutch,F,0,Liv,0.0267073,5424094,5462484
dutch,F,0,Livia,0.0120976,5462484,5479874
dutch,F,0,Liz,0.0098833,5479874,5494081
dutch,F,0,Liza,0.00864907,5494081,5506514
dutch,F,0,Lize,0.00799149,5506514,5518002
dutch,F,0,Lizz,0.00952881,5518002,5531699
dutch,F,0,Lizzy,0.0514959,5531699,5605719
dutch,F,0,Loes,0.00773183,5605719,5616834
dutch,F,0,Lois,0.0252126,5616834,5653075
dutch,F,0,Lola,0.0230362,5653075,5686188
dutch,F,0,Lot,0.0100439,5686188,5700626
dutch,F,0,Lotte,0.0441942,5700626,5764151
dutch,F,0,Louise,0.0123448,5764151,5781896
dutch,F,0,Lucy,0.0144281,5781896,5802636
dutch,F,0,Luna,0.0117838,5802636,5819575
dutch,F,0,Lynn,0.0295752,5819575,5862087
dutch,F,0,Maaike,0.0378612,5862087,5916509
dutch,F,0,Maartje,0.0258771,5916509,5953705
dutch,F,0,Madelief,0.0143121,5953705,5974278
dutch,F,0,Maja,0.021848,5974278,6005683
dutch,F,0,Mara,0.0122612,6005683,6023308
dutch,F,0,Mare,0.0108728,6023308,6038937
dutch,F,0,Maria,0.00710148,6038937,6049146
dutch,F,0,Marit,0.0619184,6049146,6138147
dutch,F,0,Maryam,0.0285494,6138147,6179184
dutch,F,0,Maud,0.0073458,6179184,6189744
dutch,F,0,Maya,0.00731778,6189744,6200263
dutch,F,0,Megan,0.00754846,6200263,6211114
dutch,F,0,Meike,0.0162894,6211114,6234529
dutch,F,0,Melissa,0.025482,6234529,6271157
dutch,F,0,Merel,0.0205326,6271157,6300671
dutch,F,0,Merle,0.0096774,6300671,6314582
dutch,F,0,Mette,0.00707539,6314582,6324753
dutch,F,0,Mia,0.0243695,6324753,6359782
dutch,F,0,Michelle,0.00809368,6359782,6371417
dutch,F,0,Mila,0.00920013,6371417,6384642
dutch,F,0,Milou,0.00789198,6384642,6395987
dutch,F,0,Mirte,0.00757839,6395987,6406881
dutch,F,0,Mirthe,0.00933802,6406881,6420304
dutch,F,0,Myrthe,0.153893,6420304,6641507
dutch,F,0,Nadia,0.0121788,6641507,6659014
dutch,F,0,Nadine,0.106841,6659014,6812585
dutch,F,0,Naomi,0.0140859,6812585,6832833
dutch,F,0,Nienke,0.199372,6832833,7119406
dutch,F,0,Nikki,0.0110696,7119406,7135318
dutch,F,0,Nina,0.234924,7135318,7472993
dutch,F,0,Ninthe,0.0134505,7472993,7492327
dutch,F,0,Nisa,0.0874013,7492327,7617957
dutch,F,0,Noa,0.00715428,7617957,7628241
dutch,F,0,Noelle,0.0128726,7628241,7646745
dutch,F,0,Noor,0.00938496,7646745,7660236
dutch,F,0,Noortje,0.0202893,7660236,7689400
dutch,F,0,Nora,0.0097792,7689400,7703457
dutch,F,0,Norah,0.00841751,7703457,7715557
dutch,F,0,Nova,0.00782709,7715557,7726808
dutch,F,0,Nynke,0.0137605,7726808,7746588
dutch,F,0,Olivia,0.00751879,7746588,7757396
dutch,F,0,Phileine,0.00849323,7757396,7769605
dutch,F,0,Pien,0.00881107,7769605,7782271
dutch,F,0,Pippa,0.00915512,7782271,7795431
dutch,F,0,Pleun,0.0930004,7795431,7929109
dutch,F,0,Puck,0.00845519,7929109,7941263
dutch,F,0,Puk,0.0572545,7941263,8023560
dutch,F,0,Quinty,0.0150392,8023560,8045178
dutch,F,0,Renske,0.00948034,8045178,8058806
dutch,F,0,Robin,0.0136555,8058806,8078435
dutch,F,0,Romy,0.115544,8078435,8244516
dutch,F,0,Roos,0.0189482,8244516,8271753
dutch,F,0,Rosa,0.0120175,8271753,8289028
dutch,F,0,Rosalie,0.00779506,8289028,8300233
dutch,F,0,Saar,0.0176015,8300233,8325534
dutch,F,0,Sam,0.0169186,8325534,8349853
dutch,F,0,Sanne,0.019374,8349853,8377702
dutch,F,0,Sara,0.00712778,8377702,8387948
dutch,F,0,Sarah,0.535887,8387948,9158220
dutch,F,0,Selena,0.0139756,9158220,9178309
dutch,F,0,Selina,0.00816335,9178309,9190044
dutch,F,0,Senna,0.00740252,9190044,9200685
dutch,F,0,Sienna,0.0125156,9200685,9218676
dutch,F,0,Silke,0.0346,9218676,9268410
dutch,F,0,Sofia,0.0102668,9268410,9283168
dutch,F,0,Sofie,0.0109376,9283168,9298890
dutch,F,0,Sophia,0.0146662,9298890,9319972
dutch,F,0,Sophie,0.0236831,9319972,9354014
dutch,F,0,Stella,0.0174254,9354014,9379062
dutch,F,0,Sterre,0.0141981,9379062,9399471
dutch,F,0,Suus,0.0247288,9399471,9435017
dutch,F,0,Suze,0.00728998,9435017,9445496
dutch,F,0,Sylvie,0.015569,9445496,9467875
dutch,F,0,Tara,0.0158489,9467875,9490657
dutch,F,0,Tess,0.0070495,9490657,9500791
dutch,F,0,Tessa,0.0195946,9500791,9528957
dutch,F,0,Tirza,0.00906647,9528957,9541990
dutch,F,0,Vajen,0.0210382,9541990,9572231
dutch,F,0,Valerie,0.0407698,9572231,9630834
dutch,F,0,Veerle,0.0706516,9630834,9732388
dutch,F,0,Vera,0.021301,9732388,9763007
dutch,F,0,Victoria,0.0161397,9763007,9786207
dutch,F,0,Yara,0.00924561,9786207,9799497
dutch,F,0,Yasmin,0.00838018,9799497,9811543
dutch,F,0,Yasmine,0.038781,9811543,9867287
dutch,F,0,Yfke,0.0159929,9867287,9890276
dutch,F,0,Yinthe,0.00860955,9890276,9902652
dutch,F,0,Zara,0.0191586,9902652,9930191
dutch,F,0,Zeynep,0.0280641,9930191,9970531
dutch,F,0,Zoe,0.0135521,9970531,9990012
dutch,F,0,Zoey,0.00694791,9990012,10000000
croatian,F,0,Albina,0.021301,0,37897
croatian,F,0,Ana,0.0149126,37897,64429
croatian,F,0,Anda,0.0930004,64429,229886
croatian,F,0,Andela,0.0150392,229886,256643
croatian,F,0,Andrea,0.0594901,256643,362482
croatian,F,0,Ane,0.0169186,362482,392583
croatian,F,0,Anica,0.0161397,392583,421298
croatian,F,0,Anita,0.0325169,421298,479149
croatian,F,0,Anka,0.0290527,479149,530837
croatian,F,0,Ankica,0.0227265,530837,571270
croatian,F,0,Antonija,0.0181531,571270,603567
croatian,F,0,Bara,0.0176015,603567,634883
croatian,F,0,Barbara,0.199372,634883,989584
croatian,F,0,Barica,0.0312689,989584,1045215
croatian,F,0,Biljana,0.0295752,1045215,1097833
croatian,F,0,Biserka,0.0207822,1097833,1134807
croatian,F,0,Bozena,0.0202893,1134807,1170904
croatian,F,0,Bozica,0.0262853,1170904,1217669
croatian,F,0,Branka,0.0280641,1217669,1267599
croatian,F,0,Danica,0.0267073,1267599,1315115
croatian,F,0,Danijela,0.038781,1315115,1384111
croatian,F,0,Dora,0.0250994,1384111,1428766
croatian,F,0,Draga,0.0498377,1428766,1517433
croatian,F,0,Dragica,0.372041,1517433,2179327
croatian,F,0,Durdica,0.03188,2179327,2236045
croatian,F,0,Elizabeta,0.0780901,2236045,2374975
croatian,F,0,Ema,0.0572545,2374975,2476837
croatian,F,0,Eva,0.0397491,2476837,2547555
croatian,F,0,Franciska,0.138415,2547555,2793808
croatian,F,0,Fuma,0.042987,2793808,2870287
croatian,F,0,Gordana,0.0441942,2870287,2948913
croatian,F,0,Hana,0.173545,2948913,3257665
croatian,F,0,Ika,0.0170841,3257665,3288060
croatian,F,0,Iva,0.0674641,3288060,3408086
croatian,F,0,Ivana,0.0185417,3408086,3441074
croatian,F,0,Ivanka,0.535887,3441074,4394464
croatian,F,0,Ivka,0.0353586,4394464,4457371
croatian,F,0,Jadranka,0.0240211,4457371,4500108
croatian,F,0,Jana,0.0306819,4500108,4554695
croatian,F,0,Janja,0.025482,4554695,4600031
croatian,F,0,Jasminka,0.0236831,4600031,4642166
croatian,F,0,Jasna,0.0198205,4642166,4677429
croatian,F,0,Jele,0.0233549,4677429,4718980
croatian,F,0,Jelena,0.0407698,4718980,4791514
croatian,F,0,Josipa,0.0532751,4791514,4886296
croatian,F,0,Julijana,0.016442,4886296,4915549
croatian,F,0,Karla,0.0338749,4915549,4975816
croatian,F,0,Kata,0.0346,4975816,5037373
croatian,F,0,Katarina,0.0165977,5037373,5066903
croatian,F,0,Kate,0.0378612,5066903,5134262
croatian,F,0,Katica,0.0706516,5134262,5259958
croatian,F,0,Kristina,0.0645658,5259958,5374827
croatian,F,0,Lana,0.0418474,5374827,5449278
croatian,F,0,Lara,0.0147883,5449278,5475589
croatian,F,0,Laura,0.0454752,5475589,5556494
croatian,F,0,Lea,0.0482883,5556494,5642404
croatian,F,0,Lidija,0.0301178,5642404,5695987
croatian,F,0,Ljiljana,0.0183452,5695987,5728626
croatian,F,0,Ljubica,0.0514959,5728626,5820243
croatian,F,0,Lorena,0.153893,5820243,6094033
croatian,F,0,Lucija,0.0824692,6094033,6240754
croatian,F,0,Maja,0.0230362,6240754,6281738
croatian,F,0,Manda,0.0146662,6281738,6307831
croatian,F,0,Mara,0.0143121,6307831,6333294
croatian,F,0,Mare,0.0179652,6333294,6365257
croatian,F,0,Maria,0.0468372,6365257,6448585
croatian,F,0,Marica,0.0551892,6448585,6546772
croatian,F,0,Marija,0.0331812,6546772,6605805
croatian,F,0,Marijana,0.0221328,6605805,6645182
croatian,F,0,Marina,0.0144281,6645182,6670852
croatian,F,0,Marta,0.0874013,6670852,6826348
croatian,F,0,Martina,0.0174254,6826348,6857350
croatian,F,0,Matea,0.0141981,6857350,6882611
croatian,F,0,Mateja,0.0177814,6882611,6914247
croatian,F,0,Matija,0.027144,6914247,6962540
croatian,F,0,Mia,0.0210382,6962540,6999970
croatian,F,0,Milena,0.021848,6999970,7038841
croatian,F,0,Milica,0.0154329,7038841,7066298
croatian,F,0,Milka,0.0994148,7066298,7243167
croatian,F,0,Mira,0.125893,7243167,7467142
croatian,F,0,Mirjana,0.0369864,7467142,7532945
croatian,F,0,Nada,0.015168,7532945,7559931
croatian,F,0,Natasa,0.027596,7559931,7609028
croatian,F,0,Nevenka,0.106841,7609028,7799108
croatian,F,0,Nika,0.0187426,7799108,7832454
croatian,F,0,Nikolina,0.0215709,7832454,7870831
croatian,F,0,Nina,0.0258771,7870831,7916870
croatian,F,0,Petra,0.0224255,7916870,7956768
croatian,F,0,Renata,0.287175,7956768,8467678
croatian,F,0,Rozalija,0.0167566,8467678,8497490
croatian,F,0,Ruza,0.0205326,8497490,8534020
croatian,F,0,Ruzica,0.0741745,8534020,8665984
croatian,F,0,Sandra,0.0162894,8665984,8694965
croatian,F,0,Sanja,0.0619184,8694965,8805124
croatian,F,0,Sara,0.0172529,8805124,8835819
croatian,F,0,Slavica,0.115544,8835819,9041382
croatian,F,0,Snjezana,0.0361531,9041382,9105703
croatian,F,0,Stana,0.0189482,9105703,9139414
croatian,F,0,Stefanija,0.0285494,9139414,9190207
croatian,F,0,Stefica,0.0243695,9190207,9233564
croatian,F,0,Suzana,0.0152992,9233564,9260784
croatian,F,0,Tatjana,0.234924,9260784,9678735
croatian,F,0,Tea,0.015569,9678735,9706435
croatian,F,0,Terezija,0.019374,9706435,9740904
croatian,F,0,Valentina,0.0191586,9740904,9774990
croatian,F,0,Vera,0.0195946,9774990,9809851
croatian,F,0,Veronika,0.0158489,9809851,9838049
croatian,F,0,Vesna,0.0159929,9838049,9866503
croatian,F,0,Zdenka,0.0157076,9866503,9894449
croatian,F,0,Zeljka,0.0247288,9894449,9938445
croatian,F,0,Zora,0.0145461,9938445,9964325
croatian,F,0,Zorka,0.020052,9964325,10000000
spanish,F,0,Abigail,0.0101541,0,12627
spanish,F,0,Abril,0.00694791,12627,21267
spanish,F,0,Adela,0.0468372,21267,79508
spanish,F,0,Adelaida,0.00740252,79508,88714
spanish,F,0,Adelia,0.00434656,88714,94120
spanish,F,0,Adelina,0.0102101,94120,106817
spanish,F,0,Adora,0.00770062,106817,116393
spanish,F,0,Adoracion,0.00513262,116393,122776
spanish,F,0,Adriana,0.0128726,122776,138783
spanish,F,0,Africa,0.0146662,138783,157021
spanish,F,0,Agata,0.00684935,157021,165539
spanish,F,0,Agueda,0.00442227,165539,171039
spanish,F,0,Agustina,0.0095778,171039,182950
spanish,F,0,Ainara,0.0176015,182950,204838
spanish,F,0,Ainoa,0.287175,204838,561926
spanish,F,0,Aitana,0.00472174,561926,567798
spanish,F,0,Alba,0.00408546,567798,572879
spanish,F,0,Albina,0.0240211,572879,602749
spanish,F,0,Ale,0.0108728,602749,616270
spanish,F,0,Alejandra,0.0594901,616270,690244
spanish,F,0,Alexandra,0.00920013,690244,701685
spanish,F,0,Alicia,0.00474398,701685,707585
spanish,F,0,Alma,0.00746018,707585,716862
spanish,F,0,Almudena,0.00580938,716862,724087
spanish,F,0,Alondra,0.0741745,724087,816320
spanish,F,0,Amada,0.00789198,816320,826134
spanish,F,0,Amalia,0.00402922,826134,831145
spanish,F,0,Amanda,0.00407733,831145,836216
spanish,F,0,Amarilis,0.00484688,836216,842244
spanish,F,0,Amaya,0.00481206,842244,848229
spanish,F,0,Ambar,0.00677735,848229,856657
spanish,F,0,Amelia,0.00673023,856657,865027
spanish,F,0,America,0.0122612,865027,880274
spanish,F,0,Amor,0.00782709,880274,890008
spanish,F,0,Amparo,0.00450081,890008,895606
spanish,F,0,Ana,0.015569,895606,914966
spanish,F,0,Anabel,0.00401345,914966,919958
spanish,F,0,Anastasia,0.00572499,919958,927078
spanish,F,0,Andrea,0.00841751,927078,937546
spanish,F,0,Angela,0.00463492,937546,943310
spanish,F,0,Angeles,0.00491814,943310,949426
spanish,F,0,Angelica,0.00933802,949426,961038
spanish,F,0,Angelina,0.0369864,961038,1007030
spanish,F,0,Angelita,0.00429156,1007030,1012367
spanish,F,0,Ani,0.0215709,1012367,1039190
spanish,F,0,Anita,0.00766967,1039190,1048728
spanish,F,0,Anna,0.00952881,1048728,1060578
spanish,F,0,Anselma,0.115544,1060578,1204252
spanish,F,0,Antonia,0.00399781,1204252,1209224
spanish,F,0,Anunciacion,0.00526828,1209224,1215776
spanish,F,0,Apolonia,0.00754846,1215776,1225163
spanish,F,0,Araceli,0.0202893,1225163,1250393
spanish,F,0,Aranzazu,0.0361531,1250393,1295349
spanish,F,0,Arcelia,0.00682518,1295349,1303837
spanish,F,0,Ariadna,0.0111369,1303837,1317686
spanish,F,0,Ariel,0.00412666,1317686,1322818
spanish,F,0,Armida,0.0233549,1322818,1351860
spanish,F,0,Aroa,0.00483521,1351860,1357873
spanish,F,0,Ascension,0.00458235,1357873,1363572
spanish,F,0,Asuncion,0.0047107,1363572,1369431
spanish,F,0,Aura,0.00418583,1369431,1374637
spanish,F,0,Aurea,0.0125156,1374637,1390201
spanish,F,0,Aurelia,0.0062143,1390201,1397929
spanish,F,0,Aurora,0.00582658,1397929,1405175
spanish,F,0,Azahar,0.0061363,1405175,1412806
spanish,F,0,Azahara,0.00596812,1412806,1420228
spanish,F,0,Azeneth,0.0137605,1420228,1437339
spanish,F,0,Azucena,0.00490611,1437339,1443441
spanish,F,0,Barbara,0.00428253,1443441,1448767
spanish,F,0,Beatriz,0.0161397,1448767,1468837
spanish,F,0,Begona,0.00459277,1468837,1474549
spanish,F,0,Belen,0.0104423,1474549,1487534
spanish,F,0,Benigna,0.00466708,1487534,1493338
spanish,F,0,Benita,0.00710148,1493338,1502169
spanish,F,0,Bernarda,0.0112051,1502169,1516103
spanish,F,0,Bernardita,0.00430062,1516103,1521452
spanish,F,0,Berta,0.00455141,1521452,1527112
spanish,F,0,Bibiana,0.0172529,1527112,1548566
spanish,F,0,Bienvenida,0.00461374,1548566,1554304
spanish,F,0,Blanca,0.0236831,1554304,1583754
spanish,F,0,Brigida,0.0306819,1583754,1621906
spanish,F,0,Brunilda,0.00511945,1621906,1628273
spanish,F,0,Calista,0.00666084,1628273,1636556
spanish,F,0,Calixta,0.00902283,1636556,1647776
spanish,F,0,Camila,0.0042646,1647776,1653080
spanish,F,0,Candela,0.0143121,1653080,1670877
spanish,F,0,Candelaria,0.00539703,1670877,1677589
spanish,F,0,Candelas,0.00451083,1677589,1683199
spanish,F,0,Candida,0.00464559,1683199,1688977
spanish,F,0,Caridad,0.00439355,1688977,1694441
spanish,F,0,Carina,0.00497923,1694441,1700633
spanish,F,0,Carla,0.00476645,1700633,1706561
spanish,F,0,Carlota,0.00420307,1706561,1711788
spanish,F,0,Carmela,0.021301,1711788,1738276
spanish,F,0,Carmelita,0.00623413,1738276,1746029
spanish,F,0,Carmen,0.0157076,1746029,1765562
spanish,F,0,Carmina,0.0930004,1765562,1881204
spanish,F,0,Carolina,0.00915512,1881204,1892589
spanish,F,0,Casandra,0.00436523,1892589,1898018
spanish,F,0,Catalina,0.019374,1898018,1922110
spanish,F,0,Cayetana,0.00556372,1922110,1929029
spanish,F,0,Cecilia,0.0181531,1929029,1951603
spanish,F,0,Celestina,0.00575843,1951603,1958764
spanish,F,0,Celia,0.0103242,1958764,1971603
spanish,F,0,Charo,0.0174254,1971603,1993272
spanish,F,0,Chelo,0.00654847,1993272,2001416
spanish,F,0,Chita,0.0114868,2001416,2015700
spanish,F,0,Chus,0.00453103,2015700,2021335
spanish,F,0,Cintia,0.00496688,2021335,2027512
spanish,F,0,Clara,0.0119385,2027512,2042358
spanish,F,0,Clarisa,0.00502927,2042358,2048613
spanish,F,0,Claudia,0.00403715,2048613,2053634
spanish,F,0,Clementina,0.0130593,2053634,2069874
spanish,F,0,Cloe,0.00467791,2069874,2075692
spanish,F,0,Clotilde,0.00849323,2075692,2086254
spanish,F,0,Concepcion,0.00948034,2086254,2098043
spanish,F,0,Concha,0.00409363,2098043,2103134
spanish,F,0,Constanza,0.0243695,2103134,2133437
spanish,F,0,Consuela,0.015168,2133437,2152299
spanish,F,0,Consuelo,0.00795803,2152299,2162195
spanish,F,0,Coral,0.00449083,2162195,2167780
spanish,F,0,Corona,0.042987,2167780,2221233
spanish,F,0,Crescencia,0.00897962,2221233,2232400
spanish,F,0,Cristina,0.0994148,2232400,2356018
spanish,F,0,Cruz,0.0078594,2356018,2365792
spanish,F,0,Custodia,0.0105005,2365792,2378850
spanish,F,0,Dafne,0.00853163,2378850,2389460
spanish,F,0,Dalila,0.00525437,2389460,2395995
spanish,F,0,Daniela,0.0126914,2395995,2411777
spanish,F,0,Debora,0.0100439,2411777,2424267
spanish,F,0,Delfina,0.0109376,2424267,2437868
spanish,F,0,Delia,0.0098833,2437868,2450158
spanish,F,0,Diana,0.00983096,2450158,2462383
spanish,F,0,Dionisia,0.00456168,2462383,2468056
spanish,F,0,Dolores,0.00760856,2468056,2477518
spanish,F,0,Dominga,0.00751879,2477518,2486868
spanish,F,0,Domitila,0.0874013,2486868,2595548
spanish,F,0,Dora,0.00510636,2595548,2601899
spanish,F,0,Dorita,0.0247288,2601899,2632649
spanish,F,0,Dorotea,0.0498377,2632649,2694621
spanish,F,0,Dulce,0.00541175,2694621,2701351
spanish,F,0,Edelmira,0.027596,2701351,2735666
spanish,F,0,Elba,0.00845519,2735666,2746181
spanish,F,0,Elena,0.00639771,2746181,2754137
spanish,F,0,Eli,0.00699832,2754137,2762840
spanish,F,0,Eliana,0.00635597,2762840,2770744
spanish,F,0,Eligia,0.00521312,2770744,2777227
spanish,F,0,Elisa,0.00881107,2777227,2788184
spanish,F,0,Elisabet,0.0224255,2788184,2816070
spanish,F,0,Elodia,0.00405312,2816070,2821111
spanish,F,0,Eloisa,0.0136555,2821111,2838092
spanish,F,0,Elvira,0.0116333,2838092,2852558
spanish,F,0,Ema,0.00689826,2852558,2861137
spanish,F,0,Emelina,0.00929157,2861137,2872692
spanish,F,0,Emilia,0.00763899,2872692,2882192
spanish,F,0,Emiliana,0.00535338,2882192,2888850
spanish,F,0,Emma,0.00477776,2888850,2894792
spanish,F,0,Emperatriz,0.00404512,2894792,2899823
spanish,F,0,Encarna,0.0230362,2899823,2928468
spanish,F,0,Encarnacion,0.377955,2928468,3398438
spanish,F,0,Encarnita,0.00402132,3398438,3403439
spanish,F,0,Esmeralda,0.0073458,3403439,3412574
spanish,F,0,Esperanza,0.00617504,3412574,3420253
spanish,F,0,Estefania,0.00522679,3420253,3426753
spanish,F,0,Estela,0.0706516,3426753,3514606
spanish,F,0,Ester,0.00410184,3514606,3519707
spanish,F,0,Esther,0.00625409,3519707,3527485
spanish,F,0,Estrella,0.00938496,3527485,3539156
spanish,F,0,Etelvina,0.00860955,3539156,3549863
spanish,F,0,Eufemia,0.00830657,3549863,3560193
spanish,F,0,Eugenia,0.00652648,3560193,3568309
spanish,F,0,Eulalia,0.025482,3568309,3599996
spanish,F,0,Eusebia,0.00663804,3599996,3608251
spanish,F,0,Eva,0.00417727,3608251,3613446
spanish,F,0,Evangelina,0.00528227,3613446,3620015
spanish,F,0,Evelia,0.0572545,3620015,3691209
spanish,F,0,Evita,0.0207822,3691209,3717052
spanish,F,0,Fabiana,0.00779506,3717052,3726746
spanish,F,0,Fabiola,0.00637677,3726746,3734676
spanish,F,0,Fanny,0.00697301,3734676,3743348
spanish,F,0,Fatima,0.00416026,3743348,3748522
spanish,F,0,Febe,0.00519951,3748522,3754988
spanish,F,0,Felicia,0.0107456,3754988,3768351
spanish,F,0,Feliciana,0.00427355,3768351,3773666
spanish,F,0,Felicidad,0.00421175,3773666,3778904
spanish,F,0,Felipa,0.0112741,3778904,3792924
spanish,F,0,Felisa,0.0267073,3792924,3826134
spanish,F,0,Fernanda,0.00406922,3826134,3831195
spanish,F,0,Fidela,0.00589645,3831195,3838528
spanish,F,0,Filomena,0.0418474,3838528,3890564
spanish,F,0,Flavia,0.00646142,3890564,3898599
spanish,F,0,Flor,0.0096774,3898599,3910633
spanish,F,0,Flora,0.00500412,3910633,3916856
spanish,F,0,Florencia,0.00465631,3916856,3922647
spanish,F,0,Florentina,0.00687372,3922647,3931195
spanish,F,0,Florina,0.00570842,3931195,3938294
spanish,F,0,Florinda,0.0120976,3938294,3953338
spanish,F,0,Fortunata,0.00659293,3953338,3961537
spanish,F,0,Francisca,0.00425569,3961537,3966830
spanish,F,0,Gabriela,0.0325169,3966830,4007264
spanish,F,0,Gala,0.00726241,4007264,4016295
spanish,F,0,Gema,0.0053824,4016295,4022989
spanish,F,0,Genoveva,0.00757839,4022989,4032413
spanish,F,0,Georgina,0.00562706,4032413,4039411
spanish,F,0,Gertrudis,0.00675371,4039411,4047810
spanish,F,0,Gisela,0.106841,4047810,4180662
spanish,F,0,Gloria,0.0121788,4180662,4195807
spanish,F,0,Gracia,0.0117081,4195807,4210366
spanish,F,0,Graciana,0.00462431,4210366,4216117
spanish,F,0,Graciela,0.00542655,4216117,4222866
spanish,F,0,Griselda,0.00680118,4222866,4231324
spanish,F,0,Guadalupe,0.0134505,4231324,4248050
spanish,F,0,Guiomar,0.00488223,4248050,4254122
spanish,F,0,Haydee,0.00536785,4254122,4260798
spanish,F,0,Herminia,0.0044809,4260798,4266371
spanish,F,0,Hilda,0.00506751,4266371,4272673
spanish,F,0,Hortensia,0.00692299,4272673,4281282
spanish,F,0,Ignacia,0.00550186,4281282,4288124
spanish,F,0,Ileana,0.0532751,4288124,4354370
spanish,F,0,Imelda,0.0158489,4354370,4374078
spanish,F,0,Ines,0.00604165,4374078,4381592
spanish,F,0,Ingrid,0.0147883,4381592,4399982
spanish,F,0,Inmaculada,0.0198205,4399982,4424629
spanish,F,0,Irene,0.00819866,4424629,4434825
spanish,F,0,Iris,0.00446117,4434825,4440373
spanish,F,0,Irma,0.0115595,4440373,4454748
spanish,F,0,Isa,0.00487039,4454748,4460805
spanish,F,0,Isabel,0.0221328,4460805,4488327
spanish,F,0,Isabela,0.0114149,4488327,4502522
spanish,F,0,Isaura,0.005339,4502522,4509162
spanish,F,0,Isidora,0.0674641,4509162,4593051
spanish,F,0,Itziar,0.00602309,4593051,4600541
spanish,F,0,Jacinta,0.00707539,4600541,4609340
spanish,F,0,Javiera,0.00737404,4609340,4618510
spanish,F,0,Jennifer,0.020052,4618510,4643445
spanish,F,0,Jenny,0.0205326,4643445,4668977
spanish,F,0,Jessica,0.0055952,4668977,4675935
spanish,F,0,Jesusa,0.00430973,4675935,4681295
spanish,F,0,Jimena,0.0083432,4681295,4691670
spanish,F,0,Joaquina,0.00911057,4691670,4703000
spanish,F,0,Jordana,0.0152992,4703000,4722025
spanish,F,0,Jose,0.00544144,4722025,4728792
spanish,F,0,Josefa,0.004238,4728792,4734063
spanish,F,0,Josefina,0.00400561,4734063,4739045
spanish,F,0,Jovita,0.00561108,4739045,4746023
spanish,F,0,Juana,0.0141981,4746023,4763679
spanish,F,0,Juanita,0.00584388,4763679,4770947
spanish,F,0,Judith,0.0050547,4770947,4777233
spanish,F,0,Julia,0.00414339,4777233,4782386
spanish,F,0,Juliana,0.0301178,4782386,4819837
spanish,F,0,Julie,0.0057923,4819837,4827040
spanish,F,0,Julieta,0.00702381,4827040,4835775
spanish,F,0,Lara,0.0123448,4835775,4851126
spanish,F,0,Laura,0.00494238,4851126,4857273
spanish,F,0,Leandra,0.00893685,4857273,4868387
spanish,F,0,Leire,0.00876998,4868387,4879293
spanish,F,0,Leocadia,0.199372,4879293,5127203
spanish,F,0,Leonor,0.00627419,5127203,5135006
spanish,F,0,Leticia,0.00611712,5135006,5142613
spanish,F,0,Leyre,0.00416874,5142613,5147798
spanish,F,0,Lidia,0.00629443,5147798,5155626
spanish,F,0,Ligia,0.00493023,5155626,5161758
spanish,F,0,Lilia,0.00435588,5161758,5167175
spanish,F,0,Liliana,0.0551892,5167175,5235801
spanish,F,0,Lina,0.00468878,5235801,5241632
spanish,F,0,Loida,0.00454119,5241632,5247280
spanish,F,0,Lola,0.0061946,5247280,5254984
spanish,F,0,Lorena,0.00567558,5254984,5262042
spanish,F,0,Lorenza,0.0129653,5262042,5278165
spanish,F,0,Loreto,0.0177814,5278165,5300276
spanish,F,0,Lourdes,0.0312689,5300276,5339158
spanish,F,0,Lucia,0.0150392,5339158,5357860
spanish,F,0,Luciana,0.00565931,5357860,5364898
spanish,F,0,Lucila,0.00441265,5364898,5370386
spanish,F,0,Luisa,0.0085704,5370386,5381044
spanish,F,0,Luisina,0.00809368,5381044,5391109
spanish,F,0,Luna,0.00792486,5391109,5400964
spanish,F,0,Lupe,0.173545,5400964,5616759
spanish,F,0,Lupita,0.0191586,5616759,5640583
spanish,F,0,Luz,0.00406116,5640583,5645634
spanish,F,0,Macarena,0.00802525,5645634,5655614
spanish,F,0,Macaria,0.00574166,5655614,5662754
spanish,F,0,Magdalena,0.0619184,5662754,5739747
spanish,F,0,Maite,0.00812835,5739747,5749855
spanish,F,0,Malena,0.00731778,5749855,5758955
spanish,F,0,Mamen,0.0058613,5758955,5766244
spanish,F,0,Manola,0.00657062,5766244,5774415
spanish,F,0,Manu,0.0105606,5774415,5787548
spanish,F,0,Manuela,0.0258771,5787548,5819726
spanish,F,0,Manuelita,0.0049546,5819726,5825888
spanish,F,0,Mar,0.00906647,5825888,5837163
spanish,F,0,Marcela,0.00424683,5837163,5842445
spanish,F,0,Marcia,0.0154329,5842445,5861636
spanish,F,0,Margarita,0.016442,5861636,5882082
spanish,F,0,Maria,0.00431888,5882082,5887453
spanish,F,0,Mariana,0.00545641,5887453,5894239
spanish,F,0,Marianela,0.0149126,5894239,5912783
spanish,F,0,Maribel,0.0097792,5912783,5924944
spanish,F,0,Maricela,0.00440308,5924944,5930420
spanish,F,0,Maricruz,0.0159929,5930420,5950307
spanish,F,0,Marina,0.0132518,5950307,5966786
spanish,F,0,Marisa,0.00518599,5966786,5973236
spanish,F,0,Marisela,0.00598632,5973236,5980681
spanish,F,0,Marisol,0.00547147,5980681,5987486
spanish,F,0,Maristela,0.0133504,5987486,6004088
spanish,F,0,Marita,0.535887,6004088,6670438
spanish,F,0,Marta,0.0162894,6670438,6690694
spanish,F,0,Martina,0.00445138,6690694,6696230
spanish,F,0,Martirio,0.00728998,6696230,6705296
spanish,F,0,Matilde,0.00508039,6705296,6711614
spanish,F,0,Maura,0.03188,6711614,6751256
spanish,F,0,Maxi,0.0124296,6751256,6766713
spanish,F,0,Maxima,0.0102668,6766713,6779480
spanish,F,0,Mayte,0.0353586,6779480,6823448
spanish,F,0,Melania,0.0041518,6823448,6828612
spanish,F,0,Melisa,0.0454752,6828612,6885159
spanish,F,0,Mercedes,0.0100987,6885159,6897717
spanish,F,0,Merche,0.00600465,6897717,6905184
spanish,F,0,Micaela,0.00776331,6905184,6914838
spanish,F,0,Miguela,0.038781,6914838,6963061
spanish,F,0,Milagros,0.0397491,6963061,7012488
spanish,F,0,Mireia,0.00972802,7012488,7024585
spanish,F,0,Miriam,0.00422921,7024585,7029845
spanish,F,0,Mirta,0.0064188,7029845,7037827
spanish,F,0,Modesta,0.00469971,7037827,7043672
spanish,F,0,Monica,0.00748936,7043672,7052986
spanish,F,0,Montserrat,0.00473283,7052986,7058872
spanish,F,0,Morena,0.0210382,7058872,7085033
spanish,F,0,Nadia,0.0127813,7085033,7100927
spanish,F,0,Narcisa,0.00838018,7100927,7111348
spanish,F,0,Natalia,0.0227265,7111348,7139608
spanish,F,0,Natividad,0.00504195,7139608,7145878
spanish,F,0,Nayara,0.00478914,7145878,7151834
spanish,F,0,Nazaret,0.0061556,7151834,7159489
spanish,F,0,Nelida,0.0645658,7159489,7239774
spanish,F,0,Nerea,0.0135521,7239774,7256626
spanish,F,0,Nereida,0.0285494,7256626,7292127
spanish,F,0,Nicolasa,0.0103823,7292127,7305038
spanish,F,0,Nidia,0.0120175,7305038,7319982
spanish,F,0,Nieves,0.00868898,7319982,7330787
spanish,F,0,Nilda,0.00419443,7330787,7336004
spanish,F,0,Noa,0.00480057,7336004,7341974
spanish,F,0,Noelia,0.00447101,7341974,7347534
spanish,F,0,Noemi,0.0106832,7347534,7360819
spanish,F,0,Nuria,0.0514959,7360819,7424853
spanish,F,0,Nydia,0.00799149,7424853,7434791
spanish,F,0,Obdulia,0.0048586,7434791,7440833
spanish,F,0,Octavia,0.0290527,7440833,7476960
spanish,F,0,Odalis,0.00452091,7476960,7482583
spanish,F,0,Odalys,0.0482883,7482583,7542628
spanish,F,0,Ofelia,0.00885258,7542628,7553637
spanish,F,0,Olalla,0.00962733,7553637,7565609
spanish,F,0,Olga,0.00569195,7565609,7572688
spanish,F,0,Olimpia,0.00633531,7572688,7580567
spanish,F,0,Olivia,0.00514585,7580567,7586967
spanish,F,0,Oriana,0.153893,7586967,7778326
spanish,F,0,Otilia,0.00557941,7778326,7785265
spanish,F,0,Paca,0.00509334,7785265,7791599
spanish,F,0,Pacifica,0.0824692,7791599,7894146
spanish,F,0,Palmira,0.00773183,7894146,7903761
spanish,F,0,Paloma,0.125893,7903761,8060303
spanish,F,0,Paola,0.0145461,8060303,8078391
spanish,F,0,Pascuala,0.00438407,8078391,8083843
spanish,F,0,Pastora,0.00993623,8083843,8096199
spanish,F,0,Patricia,0.00437463,8096199,8101640
spanish,F,0,Paula,0.0183452,8101640,8124452
spanish,F,0,Paulina,0.234924,8124452,8416569
spanish,F,0,Paz,0.021848,8416569,8443737
spanish,F,0,Pepita,0.0338749,8443737,8485860
spanish,F,0,Perla,0.0187426,8485860,8509166
spanish,F,0,Perlita,0.00460323,8509166,8514891
spanish,F,0,Petrona,0.00501666,8514891,8521130
spanish,F,0,Pia,0.0140859,8521130,8538646
spanish,F,0,Piedad,0.00670693,8538646,8546987
spanish,F,0,Pilar,0.010441,8546987,8559971
spanish,F,0,Pili,0.00422046,8559971,8565220
spanish,F,0,Primitiva,0.00648295,8565220,8573282
spanish,F,0,Priscila,0.0110032,8573282,8586965
spanish,F,0,Prudencia,0.0118607,8586965,8601714
spanish,F,0,Purificacion,0.0070495,8601714,8610481
spanish,F,0,Rafaela,0.0088945,8610481,8621542
spanish,F,0,Ramona,0.00564314,8621542,8628560
spanish,F,0,Raquel,0.0179652,8628560,8650900
spanish,F,0,Rebeca,0.138415,8650900,8823013
spanish,F,0,Regina,0.00715428,8823013,8831910
spanish,F,0,Reina,0.00553261,8831910,8838791
spanish,F,0,Remedios,0.0295752,8838791,8875567
spanish,F,0,Renata,0.00587882,8875567,8882878
spanish,F,0,Reyes,0.0167566,8882878,8903715
spanish,F,0,Reyna,0.00712778,8903715,8912579
spanish,F,0,Ricarda,0.00827027,8912579,8922864
spanish,F,0,Rita,0.00551719,8922864,8929725
spanish,F,0,Roberta,0.0106215,8929725,8942933
spanish,F,0,Rocio,0.00607914,8942933,8950493
spanish,F,0,Rosa,0.0250994,8950493,8981704
spanish,F,0,Rosalia,0.0082343,8981704,8991944
spanish,F,0,Rosalina,0.0441942,8991944,9046898
spanish,F,0,Rosalinda,0.00529633,9046898,9053485
spanish,F,0,Rosalva,0.00661541,9053485,9061712
spanish,F,0,Rosario,0.00457199,9061712,9067398
spanish,F,0,Rosaura,0.00548662,9067398,9074221
spanish,F,0,Rosenda,0.0195946,9074221,9098587
spanish,F,0,Roxana,0.0346,9098587,9141611
spanish,F,0,Rufina,0.0407698,9141611,9192307
spanish,F,0,Ruperta,0.00443193,9192307,9197819
spanish,F,0,Ruth,0.0189482,9197819,9221381
spanish,F,0,Sabina,0.00444163,9221381,9226905
spanish,F,0,Salome,0.0110696,9226905,9240671
spanish,F,0,Salud,0.0131548,9240671,9257029
spanish,F,0,Samanta,0.0108088,9257029,9270470
spanish,F,0,Sandra,0.00743123,9270470,9279711
spanish,F,0,Sara,0.0331812,9279711,9320971
spanish,F,0,Sarita,0.0063148,9320971,9328824
spanish,F,0,Saturnina,0.00872928,9328824,9339679
spanish,F,0,Selena,0.0126029,9339679,9355351
spanish,F,0,Serafina,0.00924561,9355351,9366848
spanish,F,0,Silvia,0.0170841,9366848,9388092
spanish,F,0,Socorro,0.0113441,9388092,9402199
spanish,F,0,Sofia,0.027144,9402199,9435952
spanish,F,0,Sol,0.00593206,9435952,9443329
spanish,F,0,Soledad,0.00524055,9443329,9449846
spanish,F,0,Sonia,0.00816335,9449846,9459998
spanish,F,0,Soraya,0.0066838,9459998,9468310
spanish,F,0,Susana,0.0144281,9468310,9486252
spanish,F,0,Susanita,0.00411835,9486252,9491374
spanish,F,0,Tamara,0.0165977,9491374,9512013
spanish,F,0,Tania,0.00650464,9512013,9520102
spanish,F,0,Tatiana,0.0094324,9520102,9531832
spanish,F,0,Tecla,0.00998976,9531832,9544255
spanish,F,0,Teodora,0.00532469,9544255,9550877
spanish,F,0,Teofila,0.0139756,9550877,9568256
spanish,F,0,Tere,0.00499164,9568256,9574464
spanish,F,0,Teresa,0.0138672,9574464,9591708
spanish,F,0,Teresita,0.007181,9591708,9600638
spanish,F,0,Tomasa,0.00606033,9600638,9608175
spanish,F,0,Trini,0.0185417,9608175,9631232
spanish,F,0,Trinidad,0.00723506,9631232,9640229
spanish,F,0,Ursula,0.004135,9640229,9645372
spanish,F,0,Valentina,0.00864907,9645372,9656128
spanish,F,0,Valeria,0.0378612,9656128,9703208
spanish,F,0,Vanesa,0.00517254,9703208,9709641
spanish,F,0,Vera,0.00720792,9709641,9718605
spanish,F,0,Veronica,0.00515916,9718605,9725021
spanish,F,0,Vicenta,0.00577531,9725021,9732203
spanish,F,0,Victoria,0.0780901,9732203,9829305
spanish,F,0,Vilma,0.00432806,9829305,9834688
spanish,F,0,Violeta,0.00482361,9834688,9840687
spanish,F,0,Virginia,0.00595003,9840687,9848087
spanish,F,0,Visitacion,0.00609806,9848087,9855671
spanish,F,0,Viviana,0.0262853,9855671,9888356
spanish,F,0,Ximena,0.00433729,9888356,9893750
spanish,F,0,Xiomara,0.00411008,9893750,9898862
spanish,F,0,Yaiza,0.00805931,9898862,9908884
spanish,F,0,Yesica,0.0169186,9908884,9929922
spanish,F,0,Yessica,0.00531047,9929922,9936526
spanish,F,0,Yolanda,0.0280641,9936526,9971423
spanish,F,0,Zaida,0.00644003,9971423,9979432
spanish,F,0,Zaira,0.00475519,9979432,9985346
spanish,F,0,Zoraida,0.0117838,9985346,10000000
portuguese,F,0,Agatha,0.216505,0,386157
portuguese,F,0,Alana,0.0177814,386157,417873
portuguese,F,0,Alexia,0.0198205,417873,453226
portuguese,F,0,Alice,0.0159929,453226,481752
portuguese,F,0,Alicia,0.015168,481752,508807
portuguese,F,0,Allana,0.0243695,508807,552273
portuguese,F,0,Amanda,0.0215709,552273,590748
portuguese,F,0,Ana,0.0706516,590748,716763
portuguese,F,0,Antonella,0.0418474,716763,791403
portuguese,F,0,Aurora,0.020052,791403,827169
portuguese,F,0,Ayla,0.0454752,827169,908279
portuguese,F,0,Aylla,0.0262853,908279,955162
portuguese,F,0,Barbara,0.372041,955162,1618733
portuguese,F,0,Beatriz,0.0143121,1618733,1644261
portuguese,F,0,Bella,0.0994148,1644261,1821578
portuguese,F,0,Bianca,0.0930004,1821578,1987454
portuguese,F,0,Brenda,0.0258771,1987454,2033609
portuguese,F,0,Bruna,0.0187426,2033609,2067039
portuguese,F,0,Camila,0.0145461,2067039,2092984
portuguese,F,0,Carolina,0.0189482,2092984,2126781
portuguese,F,0,Caroline,0.027144,2126781,2175196
portuguese,F,0,Catarina,0.0144281,2175196,2200931
portuguese,F,0,Cecilia,0.554428,2200931,3189807
portuguese,F,0,Clara,0.0645658,3189807,3304967
portuguese,F,0,Clarice,0.0158489,3304967,3333236
portuguese,F,0,Daniela,0.287175,3333236,3845440
portuguese,F,0,Eduarda,0.0174254,3845440,3876521
portuguese,F,0,Elisa,0.106841,3876521,4067082
portuguese,F,0,Eloa,0.0221328,4067082,4106559
portuguese,F,0,Eloah,0.0741745,4106559,4238857
portuguese,F,0,Emanuella,0.0306819,4238857,4293582
portuguese,F,0,Emanuelly,0.0353586,4293582,4356648
portuguese,F,0,Emilly,0.0169186,4356648,4386825
portuguese,F,0,Ester,0.0154329,4386825,4414352
portuguese,F,0,Esther,0.0331812,4414352,4473535
portuguese,F,0,Evelyn,0.0572545,4473535,4575655
portuguese,F,0,Fernanda,0.0514959,4575655,4667504
portuguese,F,0,Gabriela,0.0619184,4667504,4777942
portuguese,F,0,Gabrielly,0.0594901,4777942,4884049
portuguese,F,0,Giovanna,0.125893,4884049,5108591
portuguese,F,0,Hadassa,0.234924,5108591,5527601
portuguese,F,0,Helena,0.0290527,5527601,5579420
portuguese,F,0,Hellena,0.0267073,5579420,5627056
portuguese,F,0,Heloisa,0.0549132,5627056,5725000
portuguese,F,0,Isabel,0.021301,5725000,5762993
portuguese,F,0,Isabela,0.015569,5762993,5790763
portuguese,F,0,Isabella,0.0441942,5790763,5869588
portuguese,F,0,Isabelly,0.0407698,5869588,5942306
portuguese,F,0,Isadora,0.0397491,5942306,6013203
portuguese,F,0,Isis,0.0634349,6013203,6126346
portuguese,F,0,Jade,0.0149126,6126346,6152945
portuguese,F,0,Joana,0.0176015,6152945,6184340
portuguese,F,0,Julia,0.286773,6184340,6695828
portuguese,F,0,Juliana,0.027596,6695828,6745049
portuguese,F,0,Kamilly,0.173545,6745049,7054583
portuguese,F,0,Lais,0.016442,7054583,7083910
portuguese,F,0,Lara,0.0202893,7083910,7120099
portuguese,F,0,Larissa,0.0498377,7120099,7208990
portuguese,F,0,Laura,0.0162894,7208990,7238045
portuguese,F,0,Lavinia,0.0157076,7238045,7266062
portuguese,F,0,Leticia,0.0179652,7266062,7298106
portuguese,F,0,Livia,0.153893,7298106,7572590
portuguese,F,0,Liz,0.03188,7572590,7629452
portuguese,F,0,Lorena,0.0325169,7629452,7687450
portuguese,F,0,Luana,0.0233549,7687450,7729107
portuguese,F,0,Luara,0.0247288,7729107,7773214
portuguese,F,0,Luisa,0.0346,7773214,7834927
portuguese,F,0,Luiza,0.0312689,7834927,7890699
portuguese,F,0,Luna,0.0369864,7890699,7956669
portuguese,F,0,Lunna,0.0674641,7956669,8076999
portuguese,F,0,Maite,0.0150392,8076999,8103824
portuguese,F,0,Manuela,0.0161397,8103824,8132612
portuguese,F,0,Manuella,0.0146662,8132612,8158771
portuguese,F,0,Marcela,0.021848,8158771,8197740
portuguese,F,0,Maria,0.0152992,8197740,8225029
portuguese,F,0,Mariah,0.0482883,8225029,8311157
portuguese,F,0,Mariana,0.0207822,8311157,8348225
portuguese,F,0,Mariane,0.0181531,8348225,8380604
portuguese,F,0,Marina,0.0285494,8380604,8431525
portuguese,F,0,Maya,0.0301178,8431525,8485244
portuguese,F,0,Maysa,0.025482,8485244,8530694
portuguese,F,0,Melina,0.0195946,8530694,8565644
portuguese,F,0,Melissa,0.0378612,8565644,8633174
portuguese,F,0,Milena,0.0147883,8633174,8659551
portuguese,F,0,Mirella,0.0224255,8659551,8699550
portuguese,F,0,Natalia,0.0172529,8699550,8730323
portuguese,F,0,Nicole,0.042987,8730323,8806995
portuguese,F,0,Nina,0.0551892,8806995,8905431
portuguese,F,0,Olivia,0.0487337,8905431,8992353
portuguese,F,0,Pietra,0.019374,8992353,9026909
portuguese,F,0,Rafaela,0.0532751,9026909,9121931
portuguese,F,0,Raquel,0.0227265,9121931,9162467
portuguese,F,0,Rebeca,0.115544,9162467,9368551
portuguese,F,0,Sabrina,0.0280641,9368551,9418607
portuguese,F,0,Sara,0.0167566,9418607,9448495
portuguese,F,0,Sarah,0.038781,9448495,9517665
portuguese,F,0,Sofia,0.0170841,9517665,9548137
portuguese,F,0,Sophia,0.0240211,9548137,9590982
portuguese,F,0,Sophie,0.0236831,9590982,9633224
portuguese,F,0,Stella,0.0183452,9633224,9665945
portuguese,F,0,Stephany,0.0361531,9665945,9730428
portuguese,F,0,Valentina,0.0824692,9730428,9877521
portuguese,F,0,Vitoria,0.0205326,9877521,9914144
portuguese,F,0,Yasmin,0.0250994,9914144,9958912
portuguese,F,0,Zoe,0.0230362,9958912,10000000
french,F,0,Adelaide,0.025482,0,43774
french,F,0,Adele,0.0674641,43774,159666
french,F,0,Adrienne,0.0262853,159666,204820
french,F,0,Agathe,0.0280641,204820,253030
french,F,0,Agnes,0.0227265,253030,292071
french,F,0,Aimee,0.0741745,292071,419490
french,F,0,Alex,0.0139756,419490,443499
french,F,0,Alexandria,0.020052,443499,477946
french,F,0,Alexandrie,0.0258771,477946,522399
french,F,0,Alice,0.0706516,522399,643766
french,F,0,Alix,0.287175,643766,1137080
french,F,0,Amelie,0.0594901,1137080,1239274
french,F,0,Anais,0.0236831,1239274,1279958
french,F,0,Anastasie,0.038781,1279958,1346578
french,F,0,Andree,0.0645658,1346578,1457491
french,F,0,Anne,0.0161397,1457491,1485217
french,F,0,Anouk,0.0994148,1485217,1655994
french,F,0,Antoinette,0.0418474,1655994,1727881
french,F,0,Arnaude,0.0167566,1727881,1756667
french,F,0,Astrid,0.138415,1756667,1994439
french,F,0,Audrey,0.0454752,1994439,2072558
french,F,0,Aurelie,0.0191586,2072558,2105470
french,F,0,Aurore,0.016442,2105470,2133715
french,F,0,Bernadette,0.0824692,2133715,2275383
french,F,0,Brigitte,0.0205326,2275383,2310655
french,F,0,Camille,0.0135521,2310655,2333936
french,F,0,Capucine,0.0407698,2333936,2403972
french,F,0,Caroline,0.0145461,2403972,2428960
french,F,0,Catherine,0.234924,2428960,2832517
french,F,0,Cecile,0.0146662,2832517,2857712
french,F,0,Celina,0.0126914,2857712,2879515
french,F,0,Celine,0.115544,2879515,3077999
french,F,0,Chantal,0.0181531,3077999,3109184
french,F,0,Charlotte,0.0149126,3109184,3134802
french,F,0,Christelle,0.0183452,3134802,3166317
french,F,0,Christiane,0.0185417,3166317,3198169
french,F,0,Christine,0.0130593,3198169,3220603
french,F,0,Claire,0.0129653,3220603,3242876
french,F,0,Claude,0.0482883,3242876,3325827
french,F,0,Claudine,0.0147883,3325827,3351232
french,F,0,Clemence,0.0195946,3351232,3384893
french,F,0,Colette,0.0132518,3384893,3407658
french,F,0,Constance,0.0240211,3407658,3448923
french,F,0,Corinne,0.027596,3448923,3496329
french,F,0,Danielle,0.0224255,3496329,3534853
french,F,0,Denise,0.0159929,3534853,3562327
french,F,0,Diane,0.0176015,3562327,3592564
french,F,0,Dominique,0.0157076,3592564,3619548
french,F,0,Dorothee,0.0331812,3619548,3676548
french,F,0,Edith,0.0128726,3676548,3698662
french,F,0,Eleonore,0.0187426,3698662,3730859
french,F,0,Elisabeth,0.0165977,3730859,3759372
french,F,0,Elise,0.0230362,3759372,3798945
french,F,0,Elodie,0.0131548,3798945,3821544
french,F,0,Emilie,0.03188,3821544,3876309
french,F,0,Emmanuelle,0.0137605,3876309,3899948
french,F,0,Francoise,0.0325169,3899948,3955807
french,F,0,Frederique,0.153893,3955807,4220168
french,F,0,Gabrielle,0.0179652,4220168,4251030
french,F,0,Genevieve,0.0301178,4251030,4302768
french,F,0,Helene,0.0346,4302768,4362205
french,F,0,Henriette,0.0134505,4362205,4385311
french,F,0,Hortense,0.0233549,4385311,4425431
french,F,0,Ines,0.0174254,4425431,4455366
french,F,0,Isabelle,0.0353586,4455366,4516106
french,F,0,Jacqueline,0.0154329,4516106,4542618
french,F,0,Jeanne,0.372041,4542618,5181717
french,F,0,Jeannine,0.0177814,5181717,5212263
french,F,0,Josephine,0.0930004,5212263,5372022
french,F,0,Josette,0.0215709,5372022,5409078
french,F,0,Julie,0.0243695,5409078,5450941
french,F,0,Juliette,0.0514959,5450941,5539402
french,F,0,Laetitia,0.027144,5539402,5586031
french,F,0,Laure,0.0532751,5586031,5677549
french,F,0,Laurence,0.0267073,5677549,5723428
french,F,0,Lorraine,0.199372,5723428,6065913
french,F,0,Louise,0.0170841,6065913,6095261
french,F,0,Luce,0.0162894,6095261,6123244
french,F,0,Lucie,0.0189482,6123244,6155794
french,F,0,Lucy,0.0198205,6155794,6189843
french,F,0,Madeleine,0.535887,6189843,7110399
french,F,0,Maggie,0.0247288,7110399,7152880
french,F,0,Manon,0.0312689,7152880,7206595
french,F,0,Marcelle,0.0140859,7206595,7230793
french,F,0,Margaret,0.0369864,7230793,7294330
french,F,0,Margaud,0.021848,7294330,7331862
french,F,0,Margaux,0.0295752,7331862,7382668
french,F,0,Margot,0.0152992,7382668,7408950
french,F,0,Marguerite,0.0874013,7408950,7559090
french,F,0,Marianne,0.0143121,7559090,7583677
french,F,0,Marie,0.0150392,7583677,7609513
french,F,0,Marine,0.0141981,7609513,7633904
french,F,0,Marthe,0.042987,7633904,7707749
french,F,0,Martine,0.125893,7707749,7924010
french,F,0,Maryse,0.0378612,7924010,7989050
french,F,0,Mathilde,0.0285494,7989050,8038094
french,F,0,Michele,0.0441942,8038094,8114012
french,F,0,Michelle,0.015168,8114012,8140069
french,F,0,Monique,0.0619184,8140069,8246434
french,F,0,Nath,0.019374,8246434,8279716
french,F,0,Nathalie,0.0780901,8279716,8413861
french,F,0,Nicole,0.0572545,8413861,8512215
french,F,0,Noemi,0.021301,8512215,8548807
french,F,0,Oceane,0.0397491,8548807,8617090
french,F,0,Odette,0.0127813,8617090,8639047
french,F,0,Olivie,0.0207822,8639047,8674748
french,F,0,Patricia,0.0306819,8674748,8727455
french,F,0,Paulette,0.015569,8727455,8754201
french,F,0,Pauline,0.0169186,8754201,8783265
french,F,0,Penelope,0.0202893,8783265,8818119
french,F,0,Philippine,0.0338749,8818119,8876311
french,F,0,Renee,0.0138672,8876311,8900133
french,F,0,Sabine,0.0133504,8900133,8923067
french,F,0,Simone,0.173545,8923067,9221186
french,F,0,Sophie,0.0498377,9221186,9306799
french,F,0,Stephanie,0.0361531,9306799,9368904
french,F,0,Susan,0.0172529,9368904,9398542
french,F,0,Susanne,0.0158489,9398542,9425769
french,F,0,Suzanne,0.106841,9425769,9609303
french,F,0,Sylvie,0.0136555,9609303,9632762
french,F,0,Therese,0.0250994,9632762,9675879
french,F,0,Valentine,0.0221328,9675879,9713900
french,F,0,Valerie,0.0144281,9713900,9738686
french,F,0,Veronique,0.0290527,9738686,9788594
french,F,0,Victoire,0.0468372,9788594,9869053
french,F,0,Virginie,0.0210382,9869053,9905194
french,F,0,Zoe,0.0551892,9905194,10000000
indonesian,F,0,Ade,0.00782709,0,11630
indonesian,F,0,Agnes,0.00952881,11630,25788
indonesian,F,0,Aisyah,0.0131548,25788,45333
indonesian,F,0,Ajeng,0.00906647,45333,58804
indonesian,F,0,Alika,0.0140859,58804,79732
indonesian,F,0,Almira,0.0176015,79732,105884
indonesian,F,0,Amalia,0.0134505,105884,125868
indonesian,F,0,Amelia,0.0240211,125868,161557
indonesian,F,0,Ami,0.0674641,161557,261790
indonesian,F,0,Ana,0.00911057,261790,275327
indonesian,F,0,Anastasia,0.0132518,275327,295016
indonesian,F,0,Ani,0.0143121,295016,316281
indonesian,F,0,Anita,0.0110696,316281,332728
indonesian,F,0,Aurora,0.0110032,332728,349076
indonesian,F,0,Ayu,0.0129653,349076,368339
indonesian,F,0,Azalea,0.00792486,368339,380114
indonesian,F,0,Belinda,0.0136555,380114,400403
indonesian,F,0,Bella,0.0202893,400403,430548
indonesian,F,0,Betania,0.153893,430548,659188
indonesian,F,0,Calista,0.0159929,659188,682950
indonesian,F,0,Carla,0.0290527,682950,726115
indonesian,F,0,Chelsea,0.0441942,726115,791775
indonesian,F,0,Ciaobella,0.0183452,791775,819031
indonesian,F,0,Cici,0.0215709,819031,851080
indonesian,F,0,Cindy,0.0498377,851080,925125
indonesian,F,0,Cinta,0.0117081,925125,942521
indonesian,F,0,Cinthia,0.0331812,942521,991819
indonesian,F,0,Citra,0.042987,991819,1055686
indonesian,F,0,Clara,0.0262853,1055686,1094739
indonesian,F,0,Cornelia,0.0874013,1094739,1224592
indonesian,F,0,Dalima,0.0124296,1224592,1243060
indonesian,F,0,Devi,0.0741745,1243060,1353262
indonesian,F,0,Dewi,0.00802525,1353262,1365186
indonesian,F,0,Diah,0.027596,1365186,1406186
indonesian,F,0,Dian,0.125893,1406186,1593226
indonesian,F,0,Diana,0.020052,1593226,1623018
indonesian,F,0,Dina,0.0338749,1623018,1673347
indonesian,F,0,Dinda,0.0096774,1673347,1687726
indonesian,F,0,Eka,0.0227265,1687726,1721492
indonesian,F,0,Eli,0.0221328,1721492,1754376
indonesian,F,0,Elisa,0.0113441,1754376,1771231
indonesian,F,0,Ella,0.0619184,1771231,1863224
indonesian,F,0,Ellis,0.0150392,1863224,1885569
indonesian,F,0,Elma,0.0532751,1885569,1964721
indonesian,F,0,Elvina,0.535887,1964721,2760889
indonesian,F,0,Endah,0.00812835,2760889,2772966
indonesian,F,0,Eva,0.0187426,2772966,2800813
indonesian,F,0,Faizah,0.0198205,2800813,2830261
indonesian,F,0,Farah,0.0138672,2830261,2850864
indonesian,F,0,Farhunnisa,0.0250994,2850864,2888155
indonesian,F,0,Fathonah,0.00819866,2888155,2900337
indonesian,F,0,Febi,0.0468372,2900337,2969924
indonesian,F,0,Fitria,0.0102668,2969924,2985178
indonesian,F,0,Fitriani,0.106841,2985178,3143912
indonesian,F,0,Gabriella,0.0181531,3143912,3170883
indonesian,F,0,Gasti,0.00885258,3170883,3184036
indonesian,F,0,Gawati,0.0210382,3184036,3215294
indonesian,F,0,Genta,0.00915512,3215294,3228897
indonesian,F,0,Ghaliyati,0.0120175,3228897,3246752
indonesian,F,0,Gilda,0.0195946,3246752,3275865
indonesian,F,0,Gina,0.0082343,3275865,3288100
indonesian,F,0,Hafshah,0.0267073,3288100,3327780
indonesian,F,0,Halima,0.0105606,3327780,3343471
indonesian,F,0,Hamima,0.0158489,3343471,3367019
indonesian,F,0,Hana,0.0930004,3367019,3505191
indonesian,F,0,Hani,0.0083432,3505191,3517587
indonesian,F,0,Hasna,0.00948034,3517587,3531673
indonesian,F,0,Hesti,0.0103823,3531673,3547099
indonesian,F,0,Hilda,0.0418474,3547099,3609273
indonesian,F,0,Humaira,0.0346,3609273,3660679
indonesian,F,0,Icha,0.0126029,3660679,3679404
indonesian,F,0,Ida,0.00816335,3679404,3691533
indonesian,F,0,Ifa,0.0106832,3691533,3707406
indonesian,F,0,Ika,0.0224255,3707406,3740725
indonesian,F,0,Ilsa,0.0101541,3740725,3755812
indonesian,F,0,Ina,0.0361531,3755812,3809526
indonesian,F,0,Indah,0.0167566,3809526,3834422
indonesian,F,0,Intan,0.0097792,3834422,3848952
indonesian,F,0,Ira,0.00789198,3848952,3860678
indonesian,F,0,Iriana,0.0103242,3860678,3876018
indonesian,F,0,Irma,0.0353586,3876018,3928551
indonesian,F,0,Jamalia,0.015569,3928551,3951683
indonesian,F,0,Jane,0.0119385,3951683,3969421
indonesian,F,0,Janet,0.00799149,3969421,3981295
indonesian,F,0,Jasmin,0.0230362,3981295,4015521
indonesian,F,0,Jelita,0.0295752,4015521,4059462
indonesian,F,0,Jessica,0.199372,4059462,4355670
indonesian,F,0,Juli,0.0482883,4355670,4427413
indonesian,F,0,Julia,0.019374,4427413,4456198
indonesian,F,0,Kamaria,0.0115595,4456198,4473373
indonesian,F,0,Kamila,0.0301178,4473373,4518120
indonesian,F,0,Kani,0.0107456,4518120,4534086
indonesian,F,0,Kania,0.287175,4534086,4960743
indonesian,F,0,Karen,0.0109376,4960743,4976994
indonesian,F,0,Karimah,0.00841751,4976994,4989501
indonesian,F,0,Kartika,0.0137605,4989501,5009946
indonesian,F,0,Kasiyah,0.0088945,5009946,5023162
indonesian,F,0,Kayla,0.0100987,5023162,5038167
indonesian,F,0,Keisha,0.0258771,5038167,5076614
indonesian,F,0,Kezia,0.021301,5076614,5108262
indonesian,F,0,Kiandra,0.00998976,5108262,5123105
indonesian,F,0,Laila,0.010441,5123105,5138618
indonesian,F,0,Lala,0.0154329,5138618,5161548
indonesian,F,0,Lalita,0.0102101,5161548,5176718
indonesian,F,0,Laras,0.234924,5176718,5525746
indonesian,F,0,Latika,0.0170841,5525746,5551129
indonesian,F,0,Lidya,0.0454752,5551129,5618693
indonesian,F,0,Lili,0.0378612,5618693,5674944
indonesian,F,0,Lintang,0.0185417,5674944,5702492
indonesian,F,0,Maida,0.0121788,5702492,5720587
indonesian,F,0,Maimunah,0.00845519,5720587,5733150
indonesian,F,0,Mala,0.00962733,5733150,5747454
indonesian,F,0,Malika,0.00830657,5747454,5759796
indonesian,F,0,Maria,0.0112051,5759796,5776444
indonesian,F,0,Maya,0.0243695,5776444,5812651
indonesian,F,0,Melinda,0.00776331,5812651,5824186
indonesian,F,0,Michelle,0.0572545,5824186,5909250
indonesian,F,0,Mila,0.0189482,5909250,5937402
indonesian,F,0,Mutia,0.0645658,5937402,6033328
indonesian,F,0,Nabila,0.0236831,6033328,6068515
indonesian,F,0,Nadia,0.00827027,6068515,6080803
indonesian,F,0,Nadine,0.0108088,6080803,6096863
indonesian,F,0,Najwa,0.0172529,6096863,6122497
indonesian,F,0,Natalia,0.00993623,6122497,6137260
indonesian,F,0,Nilam,0.0191586,6137260,6165725
indonesian,F,0,Nova,0.0133504,6165725,6185561
indonesian,F,0,Novi,0.0145461,6185561,6207173
indonesian,F,0,Nurul,0.0207822,6207173,6238050
indonesian,F,0,Oliva,0.0706516,6238050,6343018
indonesian,F,0,Olivia,0.00779506,6343018,6354600
indonesian,F,0,Oni,0.0157076,6354600,6377938
indonesian,F,0,Ophelia,0.0085704,6377938,6390672
indonesian,F,0,Padma,0.0123448,6390672,6409014
indonesian,F,0,Padmi,0.0126914,6409014,6427871
indonesian,F,0,Paramita,0.00872928,6427871,6440841
indonesian,F,0,Paris,0.0247288,6440841,6477582
indonesian,F,0,Patricia,0.0144281,6477582,6499019
indonesian,F,0,Paulin,0.0139756,6499019,6519784
indonesian,F,0,Pia,0.00881107,6519784,6532876
indonesian,F,0,Puji,0.0116333,6532876,6550161
indonesian,F,0,Puput,0.00860955,6550161,6562953
indonesian,F,0,Puspa,0.173545,6562953,6820790
indonesian,F,0,Puti,0.0100439,6820790,6835713
indonesian,F,0,Putri,0.0824692,6835713,6958239
indonesian,F,0,Qori,0.0106215,6958239,6974020
indonesian,F,0,Queen,0.0994148,6974020,7121722
indonesian,F,0,Rachel,0.0111369,7121722,7138269
indonesian,F,0,Rahayu,0.0122612,7138269,7156486
indonesian,F,0,Rahmi,0.0161397,7156486,7180466
indonesian,F,0,Raina,0.016442,7180466,7204895
indonesian,F,0,Raisa,0.0118607,7204895,7222517
indonesian,F,0,Ratih,0.0147883,7222517,7244489
indonesian,F,0,Ratna,0.0205326,7244489,7274995
indonesian,F,0,Restu,0.0078594,7274995,7286673
indonesian,F,0,Rika,0.138415,7286673,7492317
indonesian,F,0,Rina,0.00805931,7492317,7504292
indonesian,F,0,Rini,0.0177814,7504292,7530711
indonesian,F,0,Sabrina,0.0112741,7530711,7547462
indonesian,F,0,Sadina,0.0094324,7547462,7561477
indonesian,F,0,Safina,0.0325169,7561477,7609788
indonesian,F,0,Sakura,0.0128726,7609788,7628914
indonesian,F,0,Salimah,0.0149126,7628914,7651071
indonesian,F,0,Salsabila,0.00876998,7651071,7664102
indonesian,F,0,Salwa,0.0179652,7664102,7690794
indonesian,F,0,Samiah,0.0312689,7690794,7737251
indonesian,F,0,Sarah,0.0306819,7737251,7782836
indonesian,F,0,Sari,0.00893685,7782836,7796114
indonesian,F,0,Septi,0.00868898,7796114,7809024
indonesian,F,0,Shakila,0.0169186,7809024,7834161
indonesian,F,0,Shania,0.0098833,7834161,7848846
indonesian,F,0,Silvia,0.0114149,7848846,7865806
indonesian,F,0,Siska,0.015168,7865806,7888342
indonesian,F,0,Siti,0.00809368,7888342,7900368
indonesian,F,0,Suci,0.0594901,7900368,7988754
indonesian,F,0,Syahrini,0.0130593,7988754,8008157
indonesian,F,0,Talia,0.0135521,8008157,8028292
indonesian,F,0,Tami,0.0108728,8028292,8044447
indonesian,F,0,Tania,0.00864907,8044447,8057298
indonesian,F,0,Tantri,0.00983096,8057298,8071905
indonesian,F,0,Tari,0.0114868,8071905,8088972
indonesian,F,0,Tiara,0.027144,8088972,8129301
indonesian,F,0,Tina,0.0514959,8129301,8205809
indonesian,F,0,Tira,0.025482,8205809,8243669
indonesian,F,0,Titi,0.0095778,8243669,8257900
indonesian,F,0,Titin,0.0280641,8257900,8299596
indonesian,F,0,Uchita,0.00849323,8299596,8312215
indonesian,F,0,Uli,0.00933802,8312215,8326089
indonesian,F,0,Ulva,0.00929157,8326089,8339894
indonesian,F,0,Ulya,0.00853163,8339894,8352570
indonesian,F,0,Umi,0.0146662,8352570,8374360
indonesian,F,0,Unjani,0.0162894,8374360,8398562
indonesian,F,0,Usyi,0.00795803,8398562,8410386
indonesian,F,0,Vanesa,0.0120976,8410386,8428360
indonesian,F,0,Vanya,0.03188,8428360,8475725
indonesian,F,0,Vera,0.0117838,8475725,8493233
indonesian,F,0,Vicky,0.0285494,8493233,8535650
indonesian,F,0,Victoria,0.0141981,8535650,8556745
indonesian,F,0,Violet,0.0152992,8556745,8579476
indonesian,F,0,Vivi,0.115544,8579476,8751141
indonesian,F,0,Wani,0.372041,8751141,9303884
indonesian,F,0,Widya,0.038781,9303884,9361502
indonesian,F,0,Winda,0.0233549,9361502,9396201
indonesian,F,0,Wirda,0.0105005,9396201,9411803
indonesian,F,0,Wulan,0.0407698,9411803,9472376
indonesian,F,0,Yance,0.00897962,9472376,9485718
indonesian,F,0,Yani,0.0165977,9485718,9510378
indonesian,F,0,Yessi,0.00902283,9510378,9523784
indonesian,F,0,Yulia,0.0174254,9523784,9549674
indonesian,F,0,Yuliana,0.021848,9549674,9582135
indonesian,F,0,Yuni,0.00924561,9582135,9595872
indonesian,F,0,Yunita,0.00920013,9595872,9609542
indonesian,F,0,Zaenab,0.00838018,9609542,9621993
indonesian,F,0,Zahra,0.0127813,9621993,9640983
indonesian,F,0,Zalindra,0.0780901,9640983,9757003
indonesian,F,0,Zamira,0.00938496,9757003,9770947
indonesian,F,0,Zelaya,0.0397491,9770947,9830003
indonesian,F,0,Zelda,0.0369864,9830003,9884955
indonesian,F,0,Zizi,0.00972802,9884955,9899409
indonesian,F,0,Zulaikha,0.0125156,9899409,9918004
indonesian,F,0,Zulfa,0.0551892,9918004,10000000
